# columns, left to right:
#
#   drive these into the design:
#    1  i_opsel        [2:0]
#    2  i_sub
#    3  i_unsigned
#    4  i_arith
#    5  i_op1          [31:0]
#    6  i_op2          [31:0]
#
#   compare these against the design's outputs:
#    7  o_result       [31:0]
#    8  o_eq
#    9  o_slt

# --- ADD ---
# i_opsel i_sub i_unsigned i_arith i_op1 i_op2 | o_result o_eq o_slt
0 0 0 0 37964ce9 12acf2fd 4a433fe6 0 0
0 0 0 0 7ffffffe fffffffe 7ffffffc 0 0
0 0 1 1 49ca5239 269f9362 7069e59b 0 0
0 0 0 0 00000003 0fffffff 10000002 0 1
0 0 0 0 00008000 99e3628e 99e3e28e 0 0
0 0 0 0 00000010 7ffffffe 8000000e 0 1
0 0 1 1 80000001 00000020 80000021 0 0
0 0 0 1 7fffffff 0000ffff 8000fffe 0 0
0 0 1 0 b2ddf8c3 4ba57b91 fe837454 0 0
0 0 1 1 ffff0000 381f1f59 381e1f59 0 0
0 0 0 0 00000001 fffffffe ffffffff 0 0
0 0 1 0 ffff0000 025055db 024f55db 0 0
0 0 0 1 80000000 00000010 80000010 0 1
0 0 0 1 c0000000 c95875f4 895875f4 0 1
0 0 0 0 00000020 7ac19f11 7ac19f31 0 1
0 0 1 0 aaaaaaaa deadbeef 89586999 0 1
0 0 0 1 0fffffff c0000000 cfffffff 0 0
0 0 0 0 80000000 80000001 00000001 0 1
0 0 0 0 ffff0000 00000002 ffff0002 0 1
0 0 0 0 deadbeef 000000ff deadbfee 0 1
0 0 0 1 f0151bd2 55555555 456a7127 0 1
0 0 0 0 ff70e79d 5da0d546 5d11bce3 0 1
0 0 0 0 861ba153 00000001 861ba154 0 1
0 0 1 0 0000001f f0f0f0f0 f0f0f10f 0 1
0 0 0 0 384306b7 0f0f0f0f 475215c6 0 0
0 0 1 1 9ce11169 00000001 9ce1116a 0 0
0 0 0 1 38d23a14 8a8170f1 c353ab05 0 0
0 0 1 1 f85daa12 18c9fd3c 1127a74e 0 0
0 0 0 0 6059ae8c 61a206c2 c1fbb54e 0 1
0 0 0 1 ffffffff 0000ffff 0000fffe 0 1
0 0 1 0 f5c738dd 8708ad48 7ccfe625 0 0
0 0 0 1 c0000000 000000ff c00000ff 0 1
0 0 1 1 0000fffe f0f0f0f0 f0f1f0ee 0 1
0 0 0 0 00000010 0000fffe 0001000e 0 1
0 0 0 0 edb2dc4a ee686193 dc1b3ddd 0 1
0 0 0 0 ffff0000 7fffffff 7ffeffff 0 1
0 0 0 1 00010000 1dcfe324 1dd0e324 0 1
0 0 1 0 0c23fa8a 4c7772d1 589b6d5b 0 1
0 0 1 0 0679847a b1fc45e6 b875ca60 0 1
0 0 1 0 6eedbbc6 9ac73be0 09b4f7a6 0 1
0 0 1 1 e30866b5 09580da4 ec607459 0 0
0 0 1 1 0f0f0f0f c0000000 cf0f0f0f 0 1
0 0 0 1 0000001f 7fffffff 8000001e 0 1
0 0 0 1 00000020 7ffffffe 8000001e 0 1
0 0 0 0 f5b1e6d0 00000020 f5b1e6f0 0 1
0 0 0 1 000000ff 00000004 00000103 0 0
0 0 1 1 00007fff 0000001f 0000801e 0 0
0 0 1 1 00000001 00008000 00008001 0 1
0 0 0 0 00000010 000000ff 0000010f 0 1
0 0 1 0 00000008 c0000000 c0000008 0 1
0 0 0 0 2d45ae0f 356658e3 62ac06f2 0 1
0 0 1 0 bf8302e9 0000000f bf8302f8 0 0
0 0 0 1 c367b630 00000001 c367b631 0 1
0 0 0 0 80000000 00000008 80000008 0 1
0 0 1 0 49219753 26c3fd7f 6fe594d2 0 0
0 0 0 0 00000001 80000000 80000001 0 0
0 0 0 0 00000001 000000ff 00000100 0 1
0 0 0 1 00000020 aaaaaaaa aaaaaaca 0 0
0 0 1 1 00010000 7ffffffe 8000fffe 0 1
0 0 0 1 55555555 80000000 d5555555 0 0
0 0 0 0 0000fffe c0000000 c000fffe 0 0
0 0 1 0 54090a5b 240318c4 780c231f 0 0
0 0 0 0 d63e59a8 781fe0e5 4e5e3a8d 0 1
0 0 0 1 000000ff 80000000 800000ff 0 0
0 0 0 0 0000ffff 7ffffffe 8000fffd 0 1
0 0 1 1 0fffffff 19f0c6e0 29f0c6df 0 1
0 0 0 0 29031023 eee24bb0 17e55bd3 0 0
0 0 0 1 00000020 0000fffe 0001001e 0 1
0 0 0 0 e8f9f06f 45a80730 2ea1f79f 0 1
0 0 1 1 5368913c 42245481 958ce5bd 0 0
0 0 1 0 67b656a2 f0f0f0f0 58a74792 0 1
0 0 0 0 b3fec84a effef6c0 a3fdbf0a 0 1
0 0 0 1 5c8d26f6 2b7f6266 880c895c 0 0
0 0 1 0 000000ff 00007fff 000080fe 0 1
0 0 1 1 c3d0c950 950dac25 58de7575 0 0
0 0 0 0 419940bf fc409e17 3dd9ded6 0 0
0 0 0 0 ffff0000 0000000f ffff000f 0 1
0 0 1 0 c932e18d c203ce3c 8b36afc9 0 0
0 0 1 0 00007fff 00000010 0000800f 0 0
0 0 1 1 80000000 80000001 00000001 0 1
0 0 1 0 fffffffe 00000004 00000002 0 0
0 0 0 0 c0000000 00000002 c0000002 0 1
0 0 1 0 932f3d14 0fffffff a32f3d13 0 0
0 0 1 0 00010000 00000008 00010008 0 0
0 0 0 0 7ffffffe 00000001 7fffffff 0 0
0 0 1 1 d7ddc573 3440885b 0c1e4dce 0 0
0 0 0 0 0f0f0f0f 00010000 0f100f0f 0 0
0 0 0 0 ffff0000 00000010 ffff0010 0 1
0 0 1 0 80000001 55555555 d5555556 0 0
0 0 1 0 00000002 e3c4a0e7 e3c4a0e9 0 1
0 0 0 0 0fffffff 0000fffe 1000fffd 0 0
0 0 1 1 80000001 00008000 80008001 0 0
0 0 0 1 c5da1fe5 00000004 c5da1fe9 0 1
0 0 0 0 00000004 00000002 00000006 0 0
0 0 0 0 80000000 00000003 80000003 0 1
0 0 1 0 00000010 00000001 00000011 0 0
0 0 1 1 b5e06b76 b06793fb 6647ff71 0 0
0 0 1 1 4e64b3ad fffffffe 4e64b3ab 0 1
0 0 1 1 fffffffe 0000001f 0000001d 0 0
0 0 0 0 55555555 80000001 d5555556 0 0
0 0 0 1 3df90b83 a0259633 de1ea1b6 0 0
0 0 0 0 00000002 00000002 00000004 1 0
0 0 1 1 00000002 55555555 55555557 0 1
0 0 1 0 c3f01072 aec7605a 72b770cc 0 0
0 0 1 0 00007fff 0fffffff 10007ffe 0 1
0 0 1 1 eabe1c26 b874aeb2 a332cad8 0 0
0 0 1 1 7ffffffe 4bbe8687 cbbe8685 0 0
0 0 1 0 deadbeef deadbeef bd5b7dde 1 0
0 0 1 1 7ffffffe f0f0f0f0 70f0f0ee 0 1
0 0 1 0 ffffffff aaaaaaaa aaaaaaa9 0 0
0 0 0 0 9031aae4 00000000 9031aae4 0 1
0 0 1 0 655bc352 475a06ea acb5ca3c 0 0
0 0 1 1 deadbeef 54fa076e 33a7c65d 0 0
0 0 0 1 0000000f 75d094cc 75d094db 0 1
0 0 0 0 ae6a47ed 0f0f0f0f bd7956fc 0 1
0 0 1 0 00000010 00010000 00010010 0 1
0 0 1 1 641cfc3c 51d73680 b5f432bc 0 0
0 0 0 0 00000008 00000003 0000000b 0 0
0 0 0 0 2374ca18 ffff0000 2373ca18 0 0
0 0 1 0 55555555 00000020 55555575 0 0
0 0 0 0 0000ffff 00008000 00017fff 0 0
0 0 0 1 5e897cc6 99430d1f f7cc89e5 0 0
0 0 0 0 00000000 ea2e367b ea2e367b 0 0
0 0 0 1 f44ec28e 1a198e61 0e6850ef 0 1
0 0 0 1 00000020 00000001 00000021 0 0
0 0 0 1 00008000 00000002 00008002 0 0
0 0 1 1 00010000 00000020 00010020 0 0
0 0 0 1 0000000f 00000020 0000002f 0 1
0 0 0 0 55555555 7ffffffe d5555553 0 1
0 0 1 0 e3293fc1 00000020 e3293fe1 0 0
0 0 1 1 8b56d2a7 10e01c5c 9c36ef03 0 0
0 0 1 1 521de562 b789fa64 09a7dfc6 0 1
0 0 1 0 79c14736 323a90ce abfbd804 0 0
0 0 1 1 0266ff13 b3b1b6d7 b618b5ea 0 1
0 0 0 1 0f0f0f0f 0fffffff 1f0f0f0e 0 1
0 0 1 0 8bc5007a 00000001 8bc5007b 0 0
0 0 1 0 00000020 e7fbdbdd e7fbdbfd 0 1
0 0 1 1 466dd708 b5998a76 fc07617e 0 1
0 0 0 0 a800ed79 edc9299e 95ca1717 0 1
0 0 0 1 00000004 0000001f 00000023 0 1
0 0 1 1 3a1e0835 4d727e23 87908658 0 1
0 0 0 1 a9728c7e 9ca667ba 4618f438 0 0
0 0 0 0 00000020 be5dd83b be5dd85b 0 0
0 0 1 1 7ffffffe 000000ff 800000fd 0 0
0 0 1 0 0000001f fffffffe 0000001d 0 1
0 0 1 1 436a50bd 00008000 436ad0bd 0 0
0 0 0 0 00000020 00007fff 0000801f 0 1
0 0 0 1 4fb10ff1 0f0f0f0f 5ec01f00 0 0
0 0 1 1 0fffffff 7ffffffe 8ffffffd 0 1
0 0 0 0 0000ffff 00000002 00010001 0 0
0 0 0 0 0000001f 00000004 00000023 0 0
0 0 1 0 00000020 80000001 80000021 0 1
0 0 0 0 27e68d75 e3df8edd 0bc61c52 0 0
0 0 0 0 ad836390 c0000000 6d836390 0 1
0 0 0 1 aa02c0a5 a5bec25e 4fc18303 0 0
0 0 0 0 1d7b4b96 b25f7f61 cfdacaf7 0 0
0 0 1 0 7fffffff c0000000 3fffffff 0 1
0 0 1 1 000000ff 7fffffff 800000fe 0 1
0 0 0 0 deadbeef 55555555 34031444 0 1
0 0 0 1 f0f0f0f0 00008000 f0f170f0 0 1
0 0 0 1 00010000 a54e9497 a54f9497 0 0
0 0 0 0 795eb9cf 29caa312 a3295ce1 0 0
0 0 1 0 80000000 aaaaaaaa 2aaaaaaa 0 1
0 0 0 0 9ee3dc16 00000000 9ee3dc16 0 1
0 0 1 1 ffffffff 0000fffe 0000fffd 0 0
0 0 1 0 00007fff 80000000 80007fff 0 1
0 0 1 1 00000004 00010000 00010004 0 1
0 0 0 0 000000ff 0000000f 0000010e 0 0
0 0 0 0 513bca36 ad2c01ec fe67cc22 0 0
0 0 1 1 83db8e56 64c6a928 e8a2377e 0 0
0 0 0 1 ffffffff ffffffff fffffffe 1 0
0 0 0 1 0000ffff 000000ff 000100fe 0 0
0 0 1 1 7660f0de 0f0f0f0f 856fffed 0 0
0 0 1 1 aaaaaaaa 44eaa3f1 ef954e9b 0 0
0 0 0 1 311da864 cc7bd5f9 fd997e5d 0 0
0 0 1 1 46ae8e95 55555555 9c03e3ea 0 1
0 0 0 1 25e73da5 1837a93b 3e1ee6e0 0 0
0 0 1 0 00000002 f0f0f0f0 f0f0f0f2 0 1
0 0 0 1 80000001 c0000000 40000001 0 1
0 0 1 0 65527f8c 6eb30647 d40585d3 0 1
0 0 1 0 55555555 7fffffff d5555554 0 1
0 0 1 1 250ecfe4 0fffffff 350ecfe3 0 0
0 0 1 0 deadbeef 0fffffff eeadbeee 0 0
0 0 0 0 e31dc333 1c77615d ff952490 0 1
0 0 0 1 7ffffffe 00000000 7ffffffe 0 0
0 0 1 0 00000002 ffffffff 00000001 0 1
0 0 0 1 6edc70d5 89c9e7fd f8a658d2 0 0
0 0 1 1 aaaaaaaa 7ffffffe 2aaaaaa8 0 0
0 0 0 1 00000002 00007fff 00008001 0 1
0 0 1 1 00010000 00008000 00018000 0 0
0 0 0 0 e197f631 4b594d5b 2cf1438c 0 1
0 0 1 1 7ffffffe 00000002 80000000 0 0
0 0 1 1 00007fff 80000001 80008000 0 1
0 0 0 0 2cd4b807 a1462ad8 ce1ae2df 0 0
0 0 1 0 00000003 7ffffffe 80000001 0 1
0 0 1 0 00010000 80000001 80010001 0 1
0 0 1 0 715a7b55 6680cf4c d7db4aa1 0 0
0 0 1 0 00000020 4e2210c2 4e2210e2 0 1
0 0 1 0 000000ff 43ee8422 43ee8521 0 1
0 0 0 0 00000000 ffffffff ffffffff 0 0
0 0 0 0 c0000000 ff52bace bf52bace 0 1
0 0 1 1 efe667b2 29936157 1979c909 0 0
0 0 1 1 deadbeef 80000000 5eadbeef 0 0
0 0 0 1 251239bf aa9868d4 cfaaa293 0 0
0 0 0 1 03c3f1f5 0380e334 0744d529 0 0
0 0 0 0 00000008 00000010 00000018 0 1
0 0 1 0 55555555 f0f0f0f0 46464645 0 1
0 0 0 0 80000000 8a4fdac8 0a4fdac8 0 1
0 0 1 0 00000008 00000001 00000009 0 0
0 0 1 1 bcbf3a7f 2ceaedb8 e9aa2837 0 0
0 0 1 1 aaaaaaaa 0f0f0f0f b9b9b9b9 0 0
0 0 0 0 80000001 0000000f 80000010 0 1
0 0 0 0 00000008 f0f0f0f0 f0f0f0f8 0 0
0 0 1 1 47eb7e98 fdf58f12 45e10daa 0 1
0 0 0 1 0000ffff 00000008 00010007 0 0
0 0 0 1 19cc7ed3 d107cdba ead44c8d 0 0
0 0 0 1 0000000f 00000004 00000013 0 0
0 0 0 1 271cb301 49911832 70adcb33 0 1
0 0 0 1 80000000 f0f0f0f0 70f0f0f0 0 1
0 0 0 0 fffffffe ffffffff fffffffd 0 1
0 0 0 1 000000ff 00000001 00000100 0 0
0 0 1 1 0000fffe 00007fff 00017ffd 0 0
0 0 0 1 deadbeef ffffffff deadbeee 0 1
0 0 1 0 80000001 1a0cd0f4 9a0cd0f5 0 0
0 0 0 0 0fffffff 0fffffff 1ffffffe 1 0
0 0 0 0 00007fff f0f0f0f0 f0f170ef 0 0
0 0 1 0 00000020 00000000 00000020 0 0
0 0 0 1 56a52132 ffff0000 56a42132 0 0
0 0 0 1 7fffffff 00000008 80000007 0 0
0 0 1 1 ffff0000 aaaaaaaa aaa9aaaa 0 0
0 0 1 0 00000008 94aa821a 94aa8222 0 1
0 0 1 0 d59150ae 465d9983 1beeea31 0 0
0 0 1 1 00000000 00000004 00000004 0 1
0 0 1 0 df54c6f2 0c37f66e eb8cbd60 0 0
0 0 0 0 00000010 00000010 00000020 1 0
0 0 1 1 0000001f b19b5dbc b19b5ddb 0 1
0 0 1 0 00010000 00000004 00010004 0 0
0 0 1 0 ffffffff 7fffffff 7ffffffe 0 0
0 0 0 1 ffff0000 00008000 ffff8000 0 1
0 0 1 1 83dfe2cb 65068ff4 e8e672bf 0 0
0 0 1 1 c0000000 00000004 c0000004 0 0
0 0 1 0 00000010 7fffffff 8000000f 0 1
0 0 0 0 d82c5e51 ce6269f1 a68ec842 0 0
0 0 1 0 0000ffff 0fffffff 1000fffe 0 1
0 0 0 0 d9650c8a 7ffffffe 59650c88 0 1
0 0 1 1 00000020 00008000 00008020 0 1
0 0 0 1 55555555 000000ff 55555654 0 0
0 0 0 1 00000002 00000020 00000022 0 1
0 0 0 1 42f6cdfa 0787c268 4a7e9062 0 0
0 0 0 1 051eb26e a0cd6e57 a5ec20c5 0 0
0 0 1 1 0000fffe 7ffffffe 8000fffc 0 1
0 0 1 1 0000fffe 80000000 8000fffe 0 1
0 0 1 1 00000000 80000001 80000001 0 1
0 0 1 0 3f740e4a a8966cd0 e80a7b1a 0 1
0 0 1 0 ccf11eb5 48fd054a 15ee23ff 0 0
0 0 1 1 218a3374 149128da 361b5c4e 0 0
0 0 0 0 000000ff fffffffe 000000fd 0 0
0 0 0 1 00000004 00000003 00000007 0 0
0 0 0 0 00000003 fffffffe 00000001 0 0
0 0 1 0 00010000 00000010 00010010 0 0
0 0 0 0 ec874002 8a955294 771c9296 0 0
0 0 0 0 80000000 00008000 80008000 0 1
0 0 1 0 00000003 42d02a85 42d02a88 0 1
0 0 1 0 0fffffff ffffffff 0ffffffe 0 1
0 0 1 1 00000010 80000001 80000011 0 1
0 0 0 1 bc391a06 7fc912e6 3c022cec 0 1
0 0 0 0 da671352 18bd499b f3245ced 0 1
0 0 1 0 5f87f5c5 fe86153c 5e0e0b01 0 1
0 0 1 0 7a6ada22 fffffffe 7a6ada20 0 1
0 0 0 1 deadbeef 00008000 deae3eef 0 1
0 0 1 0 0000fffe fffffffe 0000fffc 0 1
0 0 1 0 0f0f0f0f 00000003 0f0f0f12 0 0
0 0 1 0 000000ff 00000008 00000107 0 0
0 0 1 1 00000020 000000ff 0000011f 0 1
0 0 1 1 aaaaaaaa 0fffffff baaaaaa9 0 0
0 0 0 1 a6c7b75a 865d6d72 2d2524cc 0 0
0 0 1 1 00000003 0000000f 00000012 0 1
0 0 0 1 00010000 00000003 00010003 0 0
0 0 1 1 7fffffff 466a1443 c66a1442 0 0
0 0 0 1 0000001f 80000001 80000020 0 0
0 0 1 0 0000fffe 0000001f 0001001d 0 0
0 0 0 1 caf48d12 0fffffff daf48d11 0 1
0 0 0 0 702a934b 94ef0aaf 05199dfa 0 0
0 0 0 1 f9103ff6 0f0f0f0f 081f4f05 0 1
0 0 1 1 6a34446b 55555555 bf8999c0 0 0
0 0 0 0 8ffa66a8 7ffffffe 0ffa66a6 0 1
0 0 1 1 ffff0000 c0000000 bfff0000 0 0
0 0 1 1 00000001 bb95b138 bb95b139 0 1
0 0 1 1 d46b206a 80000000 546b206a 0 0
0 0 0 0 f0f0f0f0 fffffffe f0f0f0ee 0 1
0 0 1 1 8248885f fffffffe 8248885d 0 1
0 0 0 1 4b12acd5 741ff07d bf329d52 0 1
0 0 0 1 00000001 f0f0f0f0 f0f0f0f1 0 0
0 0 1 1 deadbeef 00000001 deadbef0 0 0
0 0 1 0 00000010 0000001f 0000002f 0 1
0 0 0 1 00000000 00000010 00000010 0 1
0 0 1 1 37d66419 fce40db4 34ba71cd 0 1
0 0 1 1 0000fffe 00000000 0000fffe 0 0
0 0 1 1 c0000000 00000010 c0000010 0 0
0 0 1 0 aaaaaaaa 00000020 aaaaaaca 0 0
0 0 1 1 00000000 17027284 17027284 0 1
0 0 0 0 040b7667 7621eabb 7a2d6122 0 1
0 0 1 1 00000020 b6a152a2 b6a152c2 0 1
0 0 0 0 aaaaaaaa ffff0000 aaa9aaaa 0 1
0 0 0 1 00000008 ffff0000 ffff0008 0 0
0 0 1 1 fffffffe c0000000 bffffffe 0 0
0 0 1 0 0fffffff 00000002 10000001 0 0
0 0 1 0 7ffffffe 80000001 ffffffff 0 1
0 0 0 1 69b63245 8e7a9a86 f830cccb 0 0
0 0 0 1 00000010 00007fff 0000800f 0 1
0 0 1 1 00000008 80000000 80000008 0 1
0 0 1 0 f0f0f0f0 00000001 f0f0f0f1 0 0
0 0 0 1 0000000f 00010000 0001000f 0 1
0 0 1 0 58bcc339 8b03f239 e3c0b572 0 1
0 0 1 1 00000008 4f99bf8f 4f99bf97 0 1
0 0 0 1 f0f0f0f0 0000ffff f0f1f0ef 0 1
0 0 1 1 0000fffe deadbeef deaebeed 0 1
0 0 0 0 deadbeef 475650f2 26040fe1 0 1
0 0 1 0 000000ff 0f0f0f0f 0f0f100e 0 1
0 0 0 1 00008000 aaaaaaaa aaab2aaa 0 0
0 0 1 1 7fffffff 0000fffe 8000fffd 0 0
0 0 0 1 00000001 00000003 00000004 0 1
0 0 1 0 8397f641 02e3895a 867b7f9b 0 0
0 0 1 0 00000008 7ffffffe 80000006 0 1
0 0 0 0 bfcb0650 bd4b6c63 7d1672b3 0 0
0 0 0 0 00000004 ffff0000 ffff0004 0 0
0 0 1 1 000000ff d7b55341 d7b55440 0 1
0 0 0 1 ef1b9dec 1c15daf8 0b3178e4 0 1
0 0 0 1 55555555 0fffffff 65555554 0 0
0 0 0 0 deadbeef 00010000 deaebeef 0 1
0 0 1 1 dbe0ea6f 00000008 dbe0ea77 0 0
0 0 0 1 c242dcf8 8ed8f192 511bce8a 0 0
0 0 1 1 bda700ac 0253d123 bffad1cf 0 0
0 0 0 1 00010000 c6cb1e55 c6cc1e55 0 0
0 0 1 1 7fffffff 00010000 8000ffff 0 0
0 0 1 0 000000ff 0000fffe 000100fd 0 1
0 0 0 1 6541d95b a1f75c5a 073935b5 0 0
0 0 1 0 deadbeef 00000004 deadbef3 0 0
0 0 0 0 00010000 ffffffff 0000ffff 0 0
0 0 0 1 54970752 61df259e b6762cf0 0 1
0 0 1 0 e5839332 80000001 65839333 0 0
0 0 0 1 d057b1cb 52b9329d 2310e468 0 1
0 0 1 1 03927b54 60a1fe29 6434797d 0 1
0 0 1 0 0000ffff 00000000 0000ffff 0 0
0 0 0 0 ff1a0f4b aa84f033 a99eff7e 0 0
0 0 1 0 6794c760 4c30f65c b3c5bdbc 0 0
0 0 1 0 0000000f ae10561e ae10562d 0 1
0 0 1 1 548fd034 c3796e88 18093ebc 0 1
0 0 1 1 6a866e41 c0000000 2a866e41 0 1
0 0 1 0 00000003 00000010 00000013 0 1
0 0 0 1 57da602f fe00f10e 55db513d 0 0
0 0 0 0 e4ca11d4 7fffffff 64ca11d3 0 1
0 0 1 0 8f611c1f 0fffffff 9f611c1e 0 0
0 0 1 0 ffffffff fa68266a fa682669 0 0
0 0 1 1 6803ee83 5799fd90 bf9dec13 0 0
0 0 0 0 0f0f0f0f 80000001 8f0f0f10 0 0
0 0 0 1 80000001 ffff0000 7fff0001 0 1
0 0 0 0 ffffffff 00000001 00000000 0 1
0 0 0 1 aaaaaaaa 00010000 aaabaaaa 0 1
0 0 1 1 4f421a53 80000000 cf421a53 0 1
0 0 0 1 00000004 deadbeef deadbef3 0 0
0 0 1 0 c0000000 80000000 40000000 0 0
0 0 0 1 10a33271 0000001f 10a33290 0 0
0 0 0 1 b495cdb3 3fa8fc21 f43ec9d4 0 1
0 0 0 1 461d85a0 37d493fe 7df2199e 0 0
0 0 0 1 7fffffff 7fffffff fffffffe 1 0
0 0 0 1 d5673aa4 2d91470c 02f881b0 0 1
0 0 1 1 0000ffff 00000004 00010003 0 0
0 0 1 0 00000008 ffffffff 00000007 0 1
0 0 0 0 ffff0000 ffffffff fffeffff 0 1
0 0 1 0 33bacafa f9ef43bf 2daa0eb9 0 1
0 0 1 1 00008000 bdaa69dd bdaae9dd 0 1
0 0 1 1 0000fffe 00010000 0001fffe 0 1
0 0 0 1 00010000 fffffffe 0000fffe 0 0
0 0 0 0 59fcd286 91b1736f ebae45f5 0 0
0 0 1 0 00000002 00010000 00010002 0 1
0 0 0 0 fffffffe aaaaaaaa aaaaaaa8 0 0
0 0 0 1 0000001f 7fffffff 8000001e 0 1
0 0 0 1 00000002 00000004 00000006 0 1
0 0 1 0 8fb4d3b3 fd569deb 8d0b719e 0 1
0 0 0 0 00000003 ffff0000 ffff0003 0 0
0 0 1 1 00000002 0000ffff 00010001 0 1
0 0 0 1 0000fffe 31e308c5 31e408c3 0 1
0 0 1 0 b8d55842 865283e6 3f27dc28 0 0
0 0 1 0 00000001 ffffffff 00000000 0 1
0 0 1 1 0000fffe 00000010 0001000e 0 0
0 0 1 0 0000001f ffffffff 0000001e 0 1
0 0 1 0 fffffffe ffff0000 fffefffe 0 0
0 0 0 0 2827c6c3 a5c289f3 cdea50b6 0 0
0 0 1 0 ffffffff 0f0f0f0f 0f0f0f0e 0 0
0 0 0 0 00000004 00000001 00000005 0 0
0 0 1 0 ffffffff 1196e70d 1196e70c 0 0
0 0 1 1 00000004 00000010 00000014 0 1
0 0 1 0 919a097d 8470e7c3 160af140 0 0
0 0 0 0 0000001f 00000020 0000003f 0 1
0 0 0 1 70b9d7c2 00010000 70bad7c2 0 0
0 0 0 1 00000001 00000020 00000021 0 1
0 0 1 0 0000000f 3c0b5f31 3c0b5f40 0 1
0 0 0 0 f10ffbc6 00000001 f10ffbc7 0 1
0 0 1 1 00000002 e40db696 e40db698 0 1
0 0 1 1 ffffffff 000000ff 000000fe 0 0
0 0 1 1 763bb428 f5622dd5 6b9de1fd 0 1
0 0 1 0 0000ffff 0000ffff 0001fffe 1 0
0 0 0 1 97d8fd3d 2a080058 c1e0fd95 0 1
0 0 1 0 ffffffff 9b7b20f4 9b7b20f3 0 0
0 0 1 0 2a4a78ba 1a63e8af 44ae6169 0 0
0 0 1 1 0fffffff 00000000 0fffffff 0 0
0 0 1 1 a437b82a fdea4a01 a222022b 0 1
0 0 0 1 00000000 00008000 00008000 0 1
0 0 1 0 00000004 a1d10029 a1d1002d 0 1
0 0 0 1 00000004 7fffffff 80000003 0 1
0 0 0 1 14d4f8fa a977f914 be4cf20e 0 0
0 0 1 0 8c09abb1 188ac40d a4946fbe 0 0
0 0 0 1 bff61e3f 00007fff bff69e3e 0 1
0 0 0 0 6fd461cb 392bd750 a900391b 0 0
0 0 0 0 61ed8f63 cb260e82 2d139de5 0 0
0 0 1 0 80000001 00000008 80000009 0 0
0 0 0 0 ffff0000 00000000 ffff0000 0 1
0 0 1 1 deadbeef 0000fffe deaebeed 0 0
0 0 0 0 00008000 00000020 00008020 0 0
0 0 1 0 f02fee9d 6dfc1b49 5e2c09e6 0 0
0 0 0 0 589faa70 b6ec82c4 0f8c2d34 0 0
0 0 0 0 928b9dfe 1e048256 b0902054 0 1
0 0 0 1 00000008 000000ff 00000107 0 1
0 0 0 1 956ba222 9ceb9159 3257337b 0 1
0 0 1 0 efd20071 fffffffe efd2006f 0 1
0 0 1 0 07cd7f13 b29fa1ce ba6d20e1 0 1
0 0 1 0 f0f4077f 2592b86d 1686bfec 0 0
0 0 1 1 c93dd06b 3f18f059 0856c0c4 0 0
0 0 1 1 e86ec48c 20ed498d 095c0e19 0 0
0 0 0 1 00000008 0fffffff 10000007 0 1
0 0 0 0 35dde4f5 a36cefb5 d94ad4aa 0 0
0 0 1 1 026de117 00708601 02de6718 0 0
0 0 1 1 ff29482c deadbeef ddd7071b 0 0
0 0 1 1 0f0f0f0f 00008000 0f0f8f0f 0 0
0 0 0 1 f0f0f0f0 00000003 f0f0f0f3 0 1
0 0 0 0 00000004 fd5cb09c fd5cb0a0 0 0
0 0 0 1 deadbeef c0000000 9eadbeef 0 0
0 0 0 0 00000001 7fffffff 80000000 0 1
0 0 0 0 d5ffb18f d604a072 ac045201 0 1
0 0 1 1 00007fff 00007fff 0000fffe 1 0
0 0 1 0 0000000f 0000001f 0000002e 0 1
0 0 1 1 deadbeef fffffffe deadbeed 0 1
0 0 1 1 00008000 00000001 00008001 0 0
0 0 1 0 2992e4b9 293f2959 52d20e12 0 0
0 0 1 1 000000ff 0fffffff 100000fe 0 1
0 0 1 0 0000fffe 000000ff 000100fd 0 0
0 0 0 0 a581515c 0da28dc6 b323df22 0 1
0 0 1 0 7fffffff 00000002 80000001 0 0
0 0 0 1 00000004 80000000 80000004 0 0
0 0 1 0 ffff0000 f0f0f0f0 f0eff0f0 0 0
0 0 0 1 00007fff 7ffffffe 80007ffd 0 1
0 0 0 0 aaaaaaaa fffffffe aaaaaaa8 0 1
0 0 1 1 00000010 f0f0f0f0 f0f0f100 0 1
0 0 1 0 80000000 55555555 d5555555 0 0
0 0 0 0 00000010 ef431eb3 ef431ec3 0 0
0 0 0 0 888f0739 7b8f33ed 041e3b26 0 1
0 0 0 0 d0af2e01 184ce0e4 e8fc0ee5 0 1
0 0 0 1 c1c60b6e fffcfbc8 c1c30736 0 1
0 0 0 0 0000001f 00000008 00000027 0 0
0 0 1 0 00000001 0f0f0f0f 0f0f0f10 0 1
0 0 1 1 0000ffff 0f0f0f0f 0f100f0e 0 1
0 0 1 0 80000001 0000001f 80000020 0 0
0 0 0 0 8c52a14e 80000001 0c52a14f 0 0
0 0 0 1 0f0f0f0f 00007fff 0f0f8f0e 0 0
0 0 1 1 00000020 00000002 00000022 0 0
0 0 0 0 00000010 00000002 00000012 0 0
0 0 1 1 3a82b449 c5d3bb89 00566fd2 0 1
0 0 1 0 e97f0952 3a900807 240f1159 0 0
0 0 1 1 a0a41fd3 f381b4c2 9425d495 0 1
0 0 1 0 f609e0b5 82517381 785b5436 0 0
0 0 1 0 980cf83c 7a87809b 129478d7 0 0
0 0 1 0 00007fff f0f0f0f0 f0f170ef 0 1
0 0 0 1 3375d1eb a25d29b5 d5d2fba0 0 0
0 0 0 0 d98d5baf 722c4fc8 4bb9ab77 0 1
0 0 1 0 9eb08edf 80228f4f 1ed31e2e 0 0
0 0 1 0 00000001 00008000 00008001 0 1
0 0 0 1 f0f0f0f0 0000ffff f0f1f0ef 0 1
0 0 0 1 00000010 0fffffff 1000000f 0 1
0 0 0 1 00010000 0fffffff 1000ffff 0 1
0 0 1 0 f6c313a0 21aba35b 186eb6fb 0 0
0 0 1 0 fffffffe 55555555 55555553 0 0
0 0 0 0 559988ec 0a3f173b 5fd8a027 0 0
0 0 1 1 79e3e452 ad660f4e 2749f3a0 0 1
0 0 1 1 185638af 00000000 185638af 0 0
0 0 1 0 bfd9dcd2 42477f7c 02215c4e 0 0
0 0 0 0 0f0f0f0f f0f0f0f0 ffffffff 0 0
0 0 1 0 f0853155 0000ffff f0863154 0 0
0 0 1 1 00000002 00000001 00000003 0 0
0 0 0 0 cca2b6ec 0000001f cca2b70b 0 1
0 0 1 1 cca194c2 fffffffe cca194c0 0 1
0 0 1 1 79cd8d4c 05532c88 7f20b9d4 0 0
0 0 0 0 0000ffff 0000000f 0001000e 0 0
0 0 0 0 7fffffff fffffffe 7ffffffd 0 0
0 0 1 0 80239e2c f8708122 78941f4e 0 1
0 0 0 0 2be41c1f 00000001 2be41c20 0 0
0 0 0 1 00008000 0000ffff 00017fff 0 1
0 0 0 0 00000001 00000001 00000002 1 0
0 0 0 1 deadbeef 0000ffff deaebeee 0 1
0 0 0 1 fffffffe 00010000 0000fffe 0 1
0 0 0 0 919d9efa 6c087991 fda6188b 0 1
0 0 0 0 00007fff 23178082 23180081 0 1
0 0 1 0 593a9eb9 84a611d5 dde0b08e 0 1
0 0 0 1 9f5a25d5 5243d4a9 f19dfa7e 0 1
0 0 1 1 00000000 00000002 00000002 0 1
0 0 0 1 c0000000 ffff0000 bfff0000 0 1
0 0 1 0 420ab51b bae90586 fcf3baa1 0 1
0 0 1 1 ffffffff 0000ffff 0000fffe 0 0
0 0 1 1 9988b22b 483e5a97 e1c70cc2 0 0
0 0 1 0 0000000f 7fffffff 8000000e 0 1
0 0 1 1 0f0f0f0f 00000001 0f0f0f10 0 0
0 0 1 0 c0000000 80000001 40000001 0 0
0 0 1 1 deadbeef f0f0f0f0 cf9eafdf 0 1
0 0 1 0 deadbeef 7ffffffe 5eadbeed 0 0
0 0 1 0 7ffffffe 00000004 80000002 0 0
0 0 0 0 0000ffff 80000001 80010000 0 0
0 0 1 1 ffff0000 7ffffffe 7ffefffe 0 0
0 0 1 1 7fffffff 0fffffff 8ffffffe 0 0
0 0 0 1 43bfd4ec 5db76463 a177394f 0 1
0 0 1 1 ffffffff 5b9d3ec0 5b9d3ebf 0 0
0 0 1 1 06603867 c9f03539 d0506da0 0 1
0 0 1 1 0000fffe 7fffffff 8000fffd 0 1
0 0 0 1 00010000 0000000f 0001000f 0 0
0 0 1 1 4eb788aa 0256c743 510e4fed 0 0
0 0 1 0 e0ff2d96 00000001 e0ff2d97 0 0
0 0 1 1 00000001 7ffffffe 7fffffff 0 1
0 0 1 1 566f3a2c 16d6485e 6d45828a 0 0
0 0 0 1 a9988833 8fa9fbaa 394283dd 0 0
0 0 1 1 ffff0000 deadbeef deacbeef 0 0
0 0 0 1 00000010 00000000 00000010 0 0
0 0 0 1 9f42f313 b7da2b13 571d1e26 0 1
0 0 0 1 ffffffff 000000ff 000000fe 0 1
0 0 0 0 00000003 f0f0f0f0 f0f0f0f3 0 0
0 0 0 1 00008000 0000fffe 00017ffe 0 1
0 0 0 1 ee28fadd aadf3f5d 99083a3a 0 0
0 0 0 1 00000002 0000000f 00000011 0 1
0 0 0 1 7fffffff ffffffff 7ffffffe 0 0
0 0 0 0 a10d09a5 00000008 a10d09ad 0 1
0 0 0 0 497106b9 3257e0ca 7bc8e783 0 0
0 0 1 0 15edd957 0000001f 15edd976 0 0
0 0 1 1 0000fffe 0000ffff 0001fffd 0 1
0 0 0 0 0000001f 00000001 00000020 0 0
0 0 1 0 99df0ca8 e5209065 7eff9d0d 0 1
0 0 1 0 0000001f 00007fff 0000801e 0 1
0 0 1 0 eb270634 00010000 eb280634 0 0
0 0 1 1 7ffffffe ffff0000 7ffefffe 0 1
0 0 0 0 2dfb4c6d 8093c8d5 ae8f1542 0 0
0 0 1 1 00000001 55555555 55555556 0 1
0 0 1 0 00010000 aaaaaaaa aaabaaaa 0 1
0 0 0 0 0fffffff 4e8c1caf 5e8c1cae 0 1
0 0 0 0 00007fff fffffffe 00007ffd 0 0
0 0 0 1 b5d2695c a88b6203 5e5dcb5f 0 0
0 0 1 0 d8cb5c77 97b14796 707ca40d 0 0
0 0 1 0 d47b3bc6 5ad40676 2f4f423c 0 0
0 0 0 1 ffffffff c7ca3355 c7ca3354 0 0
0 0 1 0 00000004 0000fffe 00010002 0 1
0 0 0 1 23f6562c 000000ff 23f6572b 0 0
0 0 1 0 9be08968 a4b13f1b 4091c883 0 1
0 0 1 0 00000001 0fffffff 10000000 0 1
0 0 1 0 9e1674b6 5e923573 fca8aa29 0 0
0 0 0 1 00000008 00010000 00010008 0 1
0 0 0 1 4d7e4f31 778c9089 c50adfba 0 1
0 0 0 1 52f108d7 4bfca46e 9eedad45 0 0
0 0 0 1 a33ac374 d230c7f7 756b8b6b 0 1
0 0 0 0 deadbeef ffff0000 deacbeef 0 1
0 0 1 0 d38ac440 532b7b63 26b63fa3 0 0
0 0 1 1 00000002 ffff0000 ffff0002 0 1
0 0 1 0 00000001 0000fffe 0000ffff 0 1
0 0 1 0 ad540c02 412b1f45 ee7f2b47 0 0
0 0 0 1 aaaaaaaa 00000002 aaaaaaac 0 1
0 0 0 0 00000000 0000fffe 0000fffe 0 1
0 0 0 0 00000008 00000008 00000010 1 0
0 0 1 1 7bcd8e50 d1b6667a 4d83f4ca 0 1
0 0 1 1 0000fffe 0000000f 0001000d 0 0
0 0 1 1 00000010 1ad5bc91 1ad5bca1 0 1
0 0 1 1 bd8c5b90 3ef6cec2 fc832a52 0 0
0 0 0 0 4cb4d3ac f072f18c 3d27c538 0 0
0 0 1 1 0000ffff c0000000 c000ffff 0 1
0 0 1 0 a542d0a4 487bac79 edbe7d1d 0 0
0 0 0 1 00007fff 4172f962 41737961 0 1
0 0 1 0 00000002 7fffffff 80000001 0 1
0 0 0 0 f3b57257 82d9c96c 768f3bc3 0 0
0 0 1 0 09bccd99 370f9b10 40cc68a9 0 1
0 0 0 0 00000004 00000004 00000008 1 0
0 0 0 1 0000001f 6079ed74 6079ed93 0 1
0 0 1 0 55555555 deadbeef 34031444 0 1
0 0 1 0 00000008 00000002 0000000a 0 0
0 0 1 0 ffffffff 0000000f 0000000e 0 0
0 0 0 0 0000000f 80000001 80000010 0 0
0 0 0 0 98dd0185 fd8436e4 96613869 0 1
0 0 1 1 00000000 44510f5a 44510f5a 0 1
0 0 1 1 00000004 00000008 0000000c 0 1
0 0 1 0 84961b43 c71f1bdd 4bb53720 0 1
0 0 1 1 0000000f ffff0000 ffff000f 0 1
0 0 1 1 fffffffe fffffffe fffffffc 1 0
0 0 1 0 746007a7 00000008 746007af 0 0
0 0 1 1 0f0f0f0f 4034d474 4f43e383 0 1
0 0 0 0 7fffffff 00008000 80007fff 0 0
0 0 1 0 5e2d9274 a78a4bf2 05b7de66 0 1
0 0 0 0 985bf617 93638c83 2bbf829a 0 0
0 0 0 1 80000000 ffffffff 7fffffff 0 1
0 0 1 0 00000008 deadbeef deadbef7 0 1
0 0 0 0 fffffffe deadbeef deadbeed 0 0
0 0 0 0 c7922e18 ffff0000 c7912e18 0 1
0 0 0 1 10961ccb 7fffffff 90961cca 0 1
0 0 1 1 e29d4d38 55555555 37f2a28d 0 0
0 0 1 0 0f0f0f0f 7ffffffe 8f0f0f0d 0 1
0 0 0 0 80000001 0000ffff 80010000 0 1
0 0 1 0 0fffffff 00007fff 10007ffe 0 0
0 0 0 1 00000001 503759a9 503759aa 0 1
0 0 0 1 00007fff c0000000 c0007fff 0 0
0 0 1 1 aaaaaaaa 80000000 2aaaaaaa 0 0
0 0 1 1 00007fff 00000002 00008001 0 0
0 0 1 1 7fffffff fd957a36 7d957a35 0 1
0 0 1 1 00000000 f0f0f0f0 f0f0f0f0 0 1
0 0 1 1 0000000f 0000ffff 0001000e 0 1
0 0 0 1 000000ff ffffffff 000000fe 0 0
0 0 1 0 b8262b71 3038090c e85e347d 0 0
0 0 0 0 0000fffe ef5f91a0 ef60919e 0 0
0 0 1 0 0000001f ffff0000 ffff001f 0 1
0 0 1 0 000000ff 00010000 000100ff 0 1
0 0 1 0 ab1d2528 050128f6 b01e4e1e 0 0
0 0 0 0 aaaaaaaa 55555555 ffffffff 0 1
0 0 0 1 5e7e6c52 0f0f0f0f 6d8d7b61 0 0
0 0 0 0 60a22303 c800e628 28a3092b 0 0
0 0 1 0 00000004 00000001 00000005 0 0
0 0 1 1 00000004 84c0826f 84c08273 0 1
0 0 0 1 9d175de4 094cd090 a6642e74 0 1
0 0 1 0 00000004 0fffffff 10000003 0 1
0 0 0 1 deadbeef ea6d007c c91abf6b 0 1
0 0 0 1 00010000 80000000 80010000 0 0
0 0 1 0 84185dfd 9c3c6e3e 2054cc3b 0 1
0 0 1 1 e522e893 424adb8c 276dc41f 0 0
0 0 0 1 5be32dfc 00000004 5be32e00 0 0
0 0 1 0 fd36107f 35409a25 3276aaa4 0 0
0 0 0 0 d1564b03 37db060b 0931510e 0 1
0 0 1 0 00010000 00000002 00010002 0 0
0 0 1 0 c40761e4 a682cadc 6a8a2cc0 0 0
0 0 1 1 0000001f 80000000 8000001f 0 1
0 0 1 1 00000010 ffff0000 ffff0010 0 1
0 0 0 1 0000000f 00000010 0000001f 0 1
0 0 0 0 ffffffff 00000008 00000007 0 1
0 0 0 1 f0f0f0f0 0f0f0f0f ffffffff 0 1
0 0 1 1 aaaaaaaa 50aa81e0 fb552c8a 0 0
0 0 0 0 b126307e e10546c4 922b7742 0 1
0 0 1 0 0f0f0f0f 0000001f 0f0f0f2e 0 0
0 0 1 0 000000ff c0000000 c00000ff 0 1
0 0 0 1 0000ffff 00000010 0001000f 0 0
0 0 0 0 80000000 00000000 80000000 0 1
0 0 0 1 00000020 0000001f 0000003f 0 0
0 0 1 1 0000000f 726f05e0 726f05ef 0 1
0 0 0 1 7ffffffe 0fffffff 8ffffffd 0 0
0 0 0 0 00000004 085c6357 085c635b 0 1
0 0 1 1 294ea868 7dfc250a a74acd72 0 1
0 0 1 0 00008000 0000001f 0000801f 0 0
0 0 1 0 000000ff 00000020 0000011f 0 0
0 0 0 1 80000000 6ac8bad0 eac8bad0 0 1
0 0 1 1 0000fffe 0fffffff 1000fffd 0 1
0 0 0 1 fffffffe 0f0f0f0f 0f0f0f0d 0 1
0 0 1 1 d0631922 0000ffff d0641921 0 0
0 0 0 1 bef04785 a7ac5deb 669ca570 0 0
0 0 1 0 7fffffff 00008000 80007fff 0 0
0 0 0 0 ffff0000 00000004 ffff0004 0 1
0 0 1 1 523074b2 00bfdfaa 52f0545c 0 0
0 0 0 1 c0000000 00000020 c0000020 0 1
0 0 0 0 2b1b5f9f d786a71e 02a206bd 0 0
0 0 1 1 fffffffe 00000020 0000001e 0 0
0 0 1 1 fd0fd648 d7961a80 d4a5f0c8 0 0
0 0 0 0 000000ff 00000000 000000ff 0 0
0 0 0 0 00007fff 32434c2c 3243cc2b 0 1
0 0 0 0 80000001 00000010 80000011 0 1
0 0 0 1 37bd33a0 2c68e968 64261d08 0 0
0 0 0 0 0f0f0f0f 00000020 0f0f0f2f 0 0
0 0 1 0 00000000 c0000000 c0000000 0 1
0 0 1 1 355a704d f467ace8 29c21d35 0 1
0 0 1 1 c0000000 00007fff c0007fff 0 0
0 0 1 1 00000008 0000001f 00000027 0 1
0 0 1 1 c0000000 00008000 c0008000 0 0
0 0 0 1 00000010 0f0f0f0f 0f0f0f1f 0 1
0 0 0 1 00000003 deadbeef deadbef2 0 0
0 0 1 0 28537fb9 80000000 a8537fb9 0 1
0 0 1 1 55555555 0fffffff 65555554 0 0
0 0 0 0 c0000000 00000008 c0000008 0 1
0 0 0 0 00000010 00000008 00000018 0 0
0 0 1 0 0000000f cccd85e6 cccd85f5 0 1
0 0 0 1 ffff0000 80000001 7fff0001 0 0
0 0 0 0 0000001f 00010000 0001001f 0 1
0 0 1 0 7fffffff deadbeef 5eadbeee 0 1
0 0 0 1 c0000000 0000fffe c000fffe 0 1
0 0 0 1 00010000 c0000000 c0010000 0 0
0 0 1 1 00000008 80000001 80000009 0 1
0 0 0 0 00008000 9ced692b 9cede92b 0 0
0 0 0 1 483aaac4 6eced66c b7098130 0 1
0 0 1 1 a1af3434 da7ec72f 7c2dfb63 0 1
0 0 0 1 00000001 00000000 00000001 0 0
0 0 0 0 5ae43c7d 4f022d24 a9e669a1 0 0
0 0 0 0 b8c7cca5 b4d2a388 6d9a702d 0 0
0 0 0 1 dc45e19c 53305d49 2f763ee5 0 1
0 0 0 0 00000004 711e3703 711e3707 0 1
0 0 0 1 00010000 00000000 00010000 0 0
0 0 0 0 fffffffe 7fffffff 7ffffffd 0 1
0 0 0 1 00000000 00007fff 00007fff 0 1
0 0 1 0 aaaaaaaa c3be9998 6e694442 0 1
0 0 1 1 00000000 80000000 80000000 0 1
0 0 1 0 ffff0000 00010000 00000000 0 0
0 0 1 1 07931736 765401ca 7de71900 0 1
0 0 0 0 dbdef47e 18821e57 f46112d5 0 1
0 0 1 0 aaaaaaaa 80000000 2aaaaaaa 0 0
0 0 0 0 00008000 0000000f 0000800f 0 0
0 0 1 1 0fffffff 80000000 8fffffff 0 1
0 0 1 0 aaaaaaaa cf3829bf 79e2d469 0 1
0 0 1 0 55555555 0000fffe 55565553 0 0
0 0 1 1 00000000 7ffffffe 7ffffffe 0 1
0 0 0 1 deadbeef 0000001f deadbf0e 0 1
0 0 1 1 ffffffff f0f0f0f0 f0f0f0ef 0 0
0 0 0 1 a53665bc 00008000 a536e5bc 0 1
0 0 1 1 2389f27d ffff0000 2388f27d 0 1
0 0 0 0 00008000 0fffffff 10007fff 0 1
0 0 1 1 d1874c5c 64d5d69e 365d22fa 0 0
0 0 1 0 ecdf01c8 29e718c4 16c61a8c 0 0
0 0 0 0 00008000 80000001 80008001 0 0
0 0 0 0 a9d67e8d 4c05c504 f5dc4391 0 1
0 0 1 1 00000001 80000001 80000002 0 1
0 0 1 1 5a097528 3dbeef57 97c8647f 0 0
0 0 0 1 00000001 00007fff 00008000 0 1
0 0 0 1 00000004 00000000 00000004 0 0
0 0 1 1 00007fff 0000fffe 00017ffd 0 1
0 0 1 1 00000003 0000fffe 00010001 0 1
0 0 0 1 0000ffff ffffffff 0000fffe 0 0
0 0 1 0 ad39743b 484ca0cc f5861507 0 0
0 0 0 1 00000010 deadbeef deadbeff 0 0
0 0 1 0 569f8380 a439dbb7 fad95f37 0 1
0 0 0 0 fffffffe 000000ff 000000fd 0 1
0 0 0 0 f6b0f22f 66ed38b6 5d9e2ae5 0 1
0 0 1 1 00000010 ffffffff 0000000f 0 1
0 0 1 1 0000000f 00000000 0000000f 0 0
0 0 0 1 fffffffe 00000008 00000006 0 1
0 0 0 0 6d89b55f 80000001 ed89b560 0 0
0 0 1 1 000000ff 0000ffff 000100fe 0 1
0 0 1 1 ffffffff 55555555 55555554 0 0
0 0 0 0 2b5fc676 87ba4fbe b31a1634 0 0
0 0 1 0 0000001f 662cc8d6 662cc8f5 0 1
0 0 1 0 192e41be 0001659f 192fa75d 0 0
0 0 1 1 dd25d574 3a1c81f4 17425768 0 0
0 0 1 0 00000020 0f0f0f0f 0f0f0f2f 0 1
0 0 1 0 14d1b578 00000008 14d1b580 0 0
0 0 0 1 d4f65458 0bb23a65 e0a88ebd 0 1
0 0 1 1 5ba9aea1 03afdb03 5f5989a4 0 0
0 0 0 1 00000003 00000004 00000007 0 1
0 0 1 1 0ef691c2 9856b985 a74d4b47 0 1
0 0 0 1 0000ffff 72323ddc 72333ddb 0 1
0 0 0 0 00000020 d0cb16ca d0cb16ea 0 0
0 0 1 0 55555555 c0000000 15555555 0 1
0 0 0 1 0fffffff 00008000 10007fff 0 0
0 0 0 1 80000000 000000ff 800000ff 0 1
0 0 1 0 55555555 00000003 55555558 0 0
0 0 0 0 00000001 deadbeef deadbef0 0 0
0 0 1 0 c0000000 fffffffe bffffffe 0 1
0 0 0 1 f0c05f0e 601eaf4b 50df0e59 0 1
0 0 0 1 aaaaaaaa 00000004 aaaaaaae 0 1
0 0 0 0 55555555 00008000 5555d555 0 0
0 0 1 1 fffffffe 7ffffffe 7ffffffc 0 0
0 0 0 1 e13ce2af 3ebf39e7 1ffc1c96 0 1
0 0 1 1 8060f10e 9c1b2526 1c7c1634 0 1
0 0 1 0 0fffffff f0f0f0f0 00f0f0ef 0 1
0 0 1 0 0000000f 0000000f 0000001e 1 0
0 0 1 1 7a04659e b9a64a6a 33aab008 0 1
0 0 0 1 35b976ef 9ec7b508 d4812bf7 0 0
0 0 1 1 ffff0000 74b04e73 74af4e73 0 0
0 0 1 0 80000000 0000fffe 8000fffe 0 0
0 0 1 1 00000000 0f0f0f0f 0f0f0f0f 0 1
0 0 1 1 f0f0f0f0 00000008 f0f0f0f8 0 0
0 0 1 1 0000001f 000000ff 0000011e 0 1
0 0 0 1 706d58d9 930f2c36 037c850f 0 0
0 0 0 1 dbae1d40 00008000 dbae9d40 0 1
0 0 1 1 00000008 0000fffe 00010006 0 1
0 0 1 0 00000004 19a4c701 19a4c705 0 1
0 0 0 1 fe00e1a5 d1c964c8 cfca466d 0 0
0 0 1 1 64a91aa0 2096d1fc 853fec9c 0 0
0 0 1 0 00000003 c0000000 c0000003 0 1
0 0 0 1 55555555 00000010 55555565 0 0
0 0 0 1 deadbeef 0f0f0f0f edbccdfe 0 1
0 0 1 1 fffffffe caf92698 caf92696 0 0
0 0 0 0 ffffffff c0000000 bfffffff 0 0
0 0 1 1 a3a6d516 873e8977 2ae55e8d 0 0
0 0 1 0 55555555 0000ffff 55565554 0 0
0 0 0 0 0f0f0f0f 0000ffff 0f100f0e 0 0
0 0 0 0 00000000 d60ea942 d60ea942 0 0
0 0 0 1 00000000 ac22060e ac22060e 0 0
0 0 1 1 7ffffffe 7fffffff fffffffd 0 1
0 0 1 0 00000001 00000004 00000005 0 1
0 0 0 1 0000001f 00000010 0000002f 0 0
0 0 1 0 7ffffffe 00010000 8000fffe 0 0
0 0 1 1 0fffffff 3504ce10 4504ce0f 0 1
0 0 0 0 4bc4bc7b 7ffffffe cbc4bc79 0 1
0 0 1 1 00000020 00000020 00000040 1 0
0 0 0 1 00000002 00000002 00000004 1 0
0 0 1 0 00007fff 0000000f 0000800e 0 0
0 0 0 1 00000008 aaaaaaaa aaaaaab2 0 0
0 0 1 0 0f0f0f0f ffff0000 0f0e0f0f 0 1
0 0 1 0 0f0f0f0f 0000000f 0f0f0f1e 0 0
0 0 0 0 00008000 0f0f0f0f 0f0f8f0f 0 1
0 0 0 0 0bec6b8b adf9142d b9e57fb8 0 0
0 0 1 1 4669fdc1 e304bdc5 296ebb86 0 1
0 0 1 1 0f0f0f0f 00000010 0f0f0f1f 0 0
0 0 0 1 deadbeef aaaaaaaa 89586999 0 0
0 0 0 0 0d243846 1819f7fa 253e3040 0 1
0 0 1 1 00000008 55555555 5555555d 0 1
0 0 1 1 fffffffe 00000000 fffffffe 0 0
0 0 0 0 0fffffff 0000000f 1000000e 0 0
0 0 0 1 0bd82fff c697b558 d26fe557 0 0
0 0 0 0 a642f388 d20a0149 784cf4d1 0 1
0 0 0 1 22b379e7 0fffffff 32b379e6 0 0
0 0 0 1 c57a7233 55555555 1acfc788 0 1
0 0 0 0 0f0f0f0f fffffffe 0f0f0f0d 0 0
0 0 0 0 00008000 00000004 00008004 0 0
0 0 1 1 00007fff aaaaaaaa aaab2aa9 0 1
0 0 1 0 aaaaaaaa 000000ff aaaaaba9 0 0
0 0 0 1 00000001 aaaaaaaa aaaaaaab 0 0
0 0 0 0 0000001f c0000000 c000001f 0 0
0 0 0 0 7ffffffe deadbeef 5eadbeed 0 0
0 0 0 0 23b12dc5 e5383d7d 08e96b42 0 0
0 0 0 1 00000008 723662de 723662e6 0 1
0 0 1 0 b65175ce 73f31d00 2a4492ce 0 0
0 0 1 1 0149d553 ada28b85 aeec60d8 0 1
0 0 1 1 0c4f9a52 235f28ff 2faec351 0 1
0 0 1 1 caf945b8 e01c6688 ab15ac40 0 1
0 0 0 0 a155f7d5 b20e0750 5363ff25 0 1
0 0 0 1 80000001 00000003 80000004 0 1
0 0 1 1 e732ee4c 0000ffff e733ee4b 0 0
0 0 1 0 c0000000 aaaaaaaa 6aaaaaaa 0 0
0 0 1 0 87dfe3d6 168e461e 9e6e29f4 0 0
0 0 0 1 00000000 0000ffff 0000ffff 0 1
0 0 0 1 7ffffffe 55555555 d5555553 0 0
0 0 0 0 80000001 deadbeef 5eadbef0 0 1
0 0 1 1 0000ffff 0000fffe 0001fffd 0 0
0 0 1 0 0000000f 6f4b5f38 6f4b5f47 0 1
0 0 1 0 ffffffff 80c53060 80c5305f 0 0
0 0 1 1 00000010 00000004 00000014 0 0
0 0 0 0 f0f0f0f0 7fffffff 70f0f0ef 0 1
0 0 0 0 fc180ab2 3c0f37a3 38274255 0 1
0 0 1 0 65c4c444 fd06a320 62cb6764 0 1
0 0 0 1 ffff0000 00000001 ffff0001 0 1
0 0 1 0 fffffffe 80000000 7ffffffe 0 0
0 0 1 1 595d3756 ffffffff 595d3755 0 1
0 0 1 1 373506bc ab112bc3 e246327f 0 1
0 0 0 1 0000000f 0000fffe 0001000d 0 1
0 0 1 1 39ec0d47 7fffffff b9ec0d46 0 1
0 0 1 1 f0f0f0f0 000000ff f0f0f1ef 0 0
0 0 0 1 56ccf41f 29f08fb9 80bd83d8 0 0
0 0 1 1 00008000 00008000 00010000 1 0
0 0 0 1 000000ff deadbeef deadbfee 0 0
0 0 1 0 0000000f 0fffffff 1000000e 0 1
0 0 0 0 00007fff 0f0f0f0f 0f0f8f0e 0 1
0 0 0 0 c0000000 55555555 15555555 0 1
0 0 0 1 65c9d774 80000000 e5c9d774 0 0
0 0 0 0 00000003 00000001 00000004 0 0
0 0 0 1 00008000 00000003 00008003 0 0
0 0 1 1 00008000 00000008 00008008 0 0
0 0 0 1 00000002 deadbeef deadbef1 0 0
0 0 1 0 00010000 0f0f0f0f 0f100f0f 0 1
0 0 1 1 02969d4b 0e0540a6 109bddf1 0 1
0 0 1 0 00000002 00008000 00008002 0 1
0 0 1 0 00000000 00000003 00000003 0 1
0 0 0 0 661b0a00 82f4bc88 e90fc688 0 0
0 0 0 0 00008000 aaaaaaaa aaab2aaa 0 0
0 0 0 1 b254535e 7fffffff 3254535d 0 1
0 0 1 0 00000008 00007fff 00008007 0 1
0 0 1 1 ea816f6b 69920d3f 54137caa 0 0
0 0 0 0 00000020 00010000 00010020 0 1
0 0 0 1 281d4fcc eb374dfb 13549dc7 0 0
0 0 0 1 93515c6a 80000000 13515c6a 0 0
0 0 0 0 9f4ef18b 80000001 1f4ef18c 0 0
0 0 1 1 f0f0f0f0 00000004 f0f0f0f4 0 0
0 0 1 1 0000000f 00000008 00000017 0 0
0 0 0 1 00007fff 00000004 00008003 0 0
0 0 1 0 f810e8dc 042ae412 fc3bccee 0 0
0 0 0 1 e1c39d69 e77e69ec c9420755 0 1
0 0 0 0 3cf9b048 6d0202ce a9fbb316 0 1
0 0 0 1 ffff0000 0fffffff 0ffeffff 0 1
0 0 0 0 d265b16b 8ee56ab3 614b1c1e 0 0
0 0 0 1 deadbeef 80000001 5eadbef0 0 0
0 0 1 0 00000004 fffffffe 00000002 0 1
0 0 1 0 795bf488 df6b6767 58c75bef 0 1
0 0 1 0 00000001 4bfc5713 4bfc5714 0 1
0 0 0 0 00007fff d6d6e7f2 d6d767f1 0 0
0 0 0 1 6088201d 0d3f55e7 6dc77604 0 0
0 0 1 0 8db56d7c 00000004 8db56d80 0 0
0 0 1 0 6614f2fd ee88d193 549dc490 0 1
0 0 1 0 db0bb757 1dd0786a f8dc2fc1 0 0
0 0 1 0 b31f4826 e1e26838 9501b05e 0 1
0 0 1 1 2e2516f4 ed2c1ed5 1b5135c9 0 1
0 0 0 0 7a942336 55555555 cfe9788b 0 0
0 0 0 1 0000fffe 55555555 55565553 0 1
0 0 0 1 deadbeef 00000003 deadbef2 0 1
0 0 0 1 f5eef909 3ef523c6 34e41ccf 0 1
0 0 0 0 00000003 ffffffff 00000002 0 0
0 0 0 1 afe75550 ee5e4f40 9e45a490 0 1
0 0 0 1 80000001 80000000 00000001 0 0
0 0 1 1 0aa0b6af 0e2d36a0 18cded4f 0 1
0 0 1 0 55c10836 55555555 ab165d8b 0 0
0 0 1 0 7ffffffe 00000003 80000001 0 0
0 0 1 0 00000002 aaaaaaaa aaaaaaac 0 1
0 0 0 1 55555555 00010000 55565555 0 0
0 0 0 0 00000003 00000000 00000003 0 0
0 0 0 1 7ffffffe 5c7bf6eb dc7bf6e9 0 0
0 0 0 1 bfeac42e 97261423 5710d851 0 0
0 0 1 1 2b8053d5 01059545 2c85e91a 0 0
0 0 1 0 00007fff 00008000 0000ffff 0 1
0 0 0 1 fe747670 61a92099 601d9709 0 1
0 0 0 1 d717897b 4d49af72 246138ed 0 1
0 0 0 1 c2a67d65 48a8172d 0b4e9492 0 1
0 0 0 0 00000020 0fffffff 1000001f 0 1
0 0 0 1 10f8a067 7fffffff 90f8a066 0 1
0 0 0 0 00008000 b4ead5f1 b4eb55f1 0 0
0 0 0 0 cd561601 00000001 cd561602 0 1
0 0 1 1 48775ad0 121861b3 5a8fbc83 0 0
0 0 0 1 2dbb290f c0a6387f ee61618e 0 0
0 0 0 1 00008000 deadbeef deae3eef 0 0
0 0 1 1 000000ff 00000010 0000010f 0 0
0 0 1 1 00000020 c0000000 c0000020 0 1
0 0 0 1 80000000 0000ffff 8000ffff 0 1
0 0 1 1 deadbeef 0000000f deadbefe 0 0
0 0 1 0 7fffffff 0000000f 8000000e 0 0
0 0 1 1 00000004 80000001 80000005 0 1
0 0 0 0 7fffffff 00000010 8000000f 0 0
0 0 0 0 00000020 92e9a71c 92e9a73c 0 0
0 0 0 0 0f0f0f0f 55555555 64646464 0 1
0 0 1 0 0fffffff 000000ff 100000fe 0 0
0 0 1 0 c0000000 00000003 c0000003 0 0
0 0 1 1 00000000 00000008 00000008 0 1
0 0 0 1 7fffffff 80000000 ffffffff 0 0
0 0 1 0 deadbeef 00007fff deae3eee 0 0
0 0 1 0 00000001 00000003 00000004 0 1
0 0 1 1 00010000 00000003 00010003 0 0
0 0 1 1 eb4d3916 03e68cb9 ef33c5cf 0 0
0 0 0 1 f650c4cc 6597de63 5be8a32f 0 1
0 0 0 0 f42b1d85 7ffffffe 742b1d83 0 1
0 0 1 0 1ae985b3 80000001 9ae985b4 0 1
0 0 0 1 00007fff deadbeef deae3eee 0 0
0 0 0 1 00000002 18af68aa 18af68ac 0 1
0 0 1 0 3e865008 f2330fa4 30b95fac 0 1
0 0 0 1 8c0d759c 91e72610 1df49bac 0 1
0 0 0 1 ffffffff 00007fff 00007ffe 0 1
0 0 0 0 00000003 00010000 00010003 0 1
0 0 0 1 80000000 deadbeef 5eadbeef 0 1
0 0 1 1 4b7926fe aaaaaaaa f623d1a8 0 1
0 0 1 1 0000ffff 00000008 00010007 0 0
0 0 1 1 00000010 55555555 55555565 0 1
0 0 0 0 00000010 0000ffff 0001000f 0 1
0 0 0 1 80000000 80000000 00000000 1 0
0 0 0 0 80000001 00000000 80000001 0 1
0 0 1 1 00008000 7fffffff 80007fff 0 1
0 0 0 0 52817c7b 0000fffe 52827c79 0 0
0 0 1 0 00000002 aaaaaaaa aaaaaaac 0 1
0 0 1 0 f25b2aa6 8c09998f 7e64c435 0 0
0 0 0 0 0f0f0f0f 0000fffe 0f100f0d 0 0
0 0 1 1 34958520 03e1dbd2 387760f2 0 0
0 0 1 1 d226cce5 b88bd239 8ab29f1e 0 0
0 0 1 1 3421b380 00007fff 3422337f 0 0
0 0 1 0 1922d09a 943ab11d ad5d81b7 0 1
0 0 1 1 80000001 e3f19a59 63f19a5a 0 1
0 0 1 1 0f0f0f0f 00000004 0f0f0f13 0 0
0 0 1 0 ffffffff 80000000 7fffffff 0 0
0 0 1 0 ffffffff 7ffffffe 7ffffffd 0 0
0 0 1 0 80000001 e75333ae 675333af 0 1
0 0 0 0 e5d21bc8 7ffffffe 65d21bc6 0 1
0 0 1 0 0000fffe 00000002 00010000 0 0
0 0 1 1 93249930 4c740d47 df98a677 0 0
0 0 0 1 0000fffe 00000008 00010006 0 0
0 0 0 1 c8b14b4d 95900e5c 5e4159a9 0 0
0 0 0 1 8804a319 86e0dbc5 0ee57ede 0 0
0 0 0 1 00008000 00000000 00008000 0 0
0 0 0 1 7fffffff 0f0f0f0f 8f0f0f0e 0 0
0 0 1 0 7ffffffe 0000000f 8000000d 0 0
0 0 0 1 00000002 68f02987 68f02989 0 1
0 0 1 1 ffffffff 00000003 00000002 0 0
0 0 1 1 00000001 00000008 00000009 0 1
0 0 0 0 7210b4db f36f3fb0 657ff48b 0 0
0 0 0 1 80000000 00000001 80000001 0 1
0 0 1 1 7fffffff 00000003 80000002 0 0
0 0 0 1 7fffffff 7fffffff fffffffe 1 0
0 0 0 1 9fbd10dd 7cac8133 1c699210 0 1
0 0 1 0 505575c5 38b97b2a 890ef0ef 0 0
0 0 1 1 deadbeef 56d643f5 358402e4 0 0
0 0 1 1 1e3b4ca1 00000003 1e3b4ca4 0 0
0 0 0 0 de7d4ae9 5ea46a6c 3d21b555 0 1
0 0 1 1 000000ff f0f0f0f0 f0f0f1ef 0 1
0 0 1 1 55555555 00000008 5555555d 0 0
0 0 1 0 0000000f 1e90dad4 1e90dae3 0 1
0 0 0 0 aaf150b0 52b68ea1 fda7df51 0 1
0 0 0 0 deadbeef 00000010 deadbeff 0 1
0 0 0 1 2b8d40ed 415a662e 6ce7a71b 0 1
0 0 0 1 80000000 00010000 80010000 0 1
0 0 1 1 a5c183d7 8de04c44 33a1d01b 0 0
0 0 0 0 00008000 c0000000 c0008000 0 0
0 0 1 1 00007fff 0000ffff 00017ffe 0 1
0 0 0 1 c0000000 0000001f c000001f 0 1
0 0 0 1 80000000 0f0f0f0f 8f0f0f0f 0 1
0 0 0 0 00000004 00007fff 00008003 0 1
# --- SUB ---
# i_opsel i_sub i_unsigned i_arith i_op1 i_op2 | o_result o_eq o_slt
0 1 1 1 aaaaaaaa 00000002 aaaaaaa8 0 0
0 1 0 0 00000008 0fffffff f0000009 0 1
0 1 0 1 8088e9f6 f0f0f0f0 8f97f906 0 1
0 1 1 0 00000000 0000000f fffffff1 0 1
0 1 0 0 00000002 00000008 fffffffa 0 1
0 1 1 1 b7a7a43a 81d1d9b5 35d5ca85 0 0
0 1 0 1 00000020 aaaaaaaa 55555576 0 0
0 1 1 1 00000002 00000003 ffffffff 0 1
0 1 1 1 0000001f ffffffff 00000020 0 1
0 1 0 0 deadbeef 848f5007 5a1e6ee8 0 0
0 1 0 0 7fffffff ffffffff 80000000 0 0
0 1 1 1 0fffffff 00000004 0ffffffb 0 0
0 1 0 0 989afa02 859051b4 130aa84e 0 0
0 1 1 1 0000000f aa17a136 55e85ed9 0 1
0 1 0 1 31f89cf4 00000020 31f89cd4 0 0
0 1 1 1 0000fffe 00000001 0000fffd 0 0
0 1 0 1 7ffffffe 19ba53c1 6645ac3d 0 0
0 1 0 1 58d729f0 5a5982e7 fe7da709 0 1
0 1 0 1 8109e13c dc77cce8 a4921454 0 1
0 1 1 1 3fbabb53 0000001f 3fbabb34 0 0
0 1 0 1 4de8dc71 1c715836 3177843b 0 0
0 1 1 1 e5fce325 54da5af4 91228831 0 0
0 1 1 0 aaaaaaaa fffffffe aaaaaaac 0 1
0 1 0 0 fffffffe 80000000 7ffffffe 0 0
0 1 1 1 7ffffffe 00010000 7ffefffe 0 0
0 1 0 0 00000004 80000001 80000003 0 0
0 1 1 1 7fffffff 0a76cc9b 75893364 0 0
0 1 1 0 deadbeef 00000001 deadbeee 0 0
0 1 1 0 2a8021c2 95db8ea5 94a4931d 0 1
0 1 1 1 48bbc9ac 7e5c2075 ca5fa937 0 1
0 1 1 1 00000003 99bc59bc 6643a647 0 1
0 1 1 1 0000fffe 00000002 0000fffc 0 0
0 1 1 1 000000ff fb2cf2c0 04d30e3f 0 1
0 1 0 0 00000020 00000010 00000010 0 0
0 1 0 1 d011a562 f4ce97d2 db430d90 0 1
0 1 1 0 7fffffff 00008000 7fff7fff 0 0
0 1 1 1 00008000 00010000 ffff8000 0 1
0 1 0 1 aaaaaaaa 2ea1bb4b 7c08ef5f 0 1
0 1 0 0 7fffffff ffff0000 8000ffff 0 0
0 1 1 0 deadbeef 7ffffffe 5eadbef1 0 0
0 1 1 0 aaaaaaaa 0fffffff 9aaaaaab 0 0
0 1 1 1 0000000f f4e8b9b7 0b174658 0 1
0 1 0 1 4e345d09 24d20893 29625476 0 0
0 1 0 1 f0f0f0f0 80000000 70f0f0f0 0 0
0 1 0 0 00000002 00010000 ffff0002 0 1
0 1 1 1 aadb6754 14d05e78 960b08dc 0 0
0 1 1 0 93ea558d ffff0000 93eb558d 0 1
0 1 0 1 28792cb3 7fffffff a8792cb4 0 1
0 1 1 0 00000004 f0f0f0f0 0f0f0f14 0 1
0 1 0 0 55555555 7455222f e1003326 0 1
0 1 0 1 f0f0f0f0 55555555 9b9b9b9b 0 1
0 1 1 0 f0f0f0f0 00000001 f0f0f0ef 0 0
0 1 1 0 ffffffff deadbeef 21524110 0 0
0 1 0 0 0000000f 7fffffff 80000010 0 1
0 1 1 1 d87670f1 836d5ba8 55091549 0 0
0 1 1 1 80000001 ca2d4576 b5d2ba8b 0 1
0 1 0 1 17715f28 7ec287d0 98aed758 0 1
0 1 1 1 00000002 0f0f0f0f f0f0f0f3 0 1
0 1 0 1 11935930 738a4bcb 9e090d65 0 1
0 1 0 1 00000001 deadbeef 21524112 0 0
0 1 0 0 50cd879d 88b297dd c81aefc0 0 0
0 1 0 1 7ffffffe 00000004 7ffffffa 0 0
0 1 0 0 00010000 7ffffffe 80010002 0 1
0 1 1 0 00000003 0000ffff ffff0004 0 1
0 1 0 1 0000fffe 00010000 fffffffe 0 1
0 1 0 1 00007fff 80000001 80007ffe 0 0
0 1 1 0 80000001 00000003 7ffffffe 0 0
0 1 1 1 c0000000 80000001 3fffffff 0 0
0 1 0 1 0000fffe 80000000 8000fffe 0 0
0 1 0 0 00000002 00000020 ffffffe2 0 1
0 1 1 0 ffff0000 00000001 fffeffff 0 0
0 1 0 1 c0000000 deadbeef e1524111 0 1
0 1 1 1 cff47894 14d7087c bb1d7018 0 0
0 1 0 0 aaaaaaaa 00010000 aaa9aaaa 0 1
0 1 0 1 00000020 def7df4c 210820d4 0 0
0 1 1 1 048f35aa 00010000 048e35aa 0 0
0 1 1 0 00000010 7fffffff 80000011 0 1
0 1 0 1 00000003 00000002 00000001 0 0
0 1 1 1 00000002 00000008 fffffffa 0 1
0 1 1 0 c82c8a91 b3dca7f6 144fe29b 0 0
0 1 0 1 de4468df 9f2e2e1b 3f163ac4 0 0
0 1 1 1 c0000000 00000001 bfffffff 0 0
0 1 0 0 00000020 ffff0000 00010020 0 0
0 1 1 0 0000000f 0000fffe ffff0011 0 1
0 1 0 1 aaaaaaaa 80000000 2aaaaaaa 0 0
0 1 1 0 00000000 80000001 7fffffff 0 1
0 1 1 1 aaaaaaaa f0f0f0f0 b9b9b9ba 0 1
0 1 0 1 17911207 978198a1 800f7966 0 0
0 1 0 1 7fffffff 00007fff 7fff8000 0 0
0 1 0 0 00000003 e9c9f5c6 16360a3d 0 0
0 1 0 0 0000ffff f0f0f0f0 0f100f0f 0 0
0 1 1 1 fffffffe 00000004 fffffffa 0 0
0 1 0 0 00000002 00000000 00000002 0 0
0 1 1 1 00000002 e8ee35b8 1711ca4a 0 1
0 1 1 1 b47643ff f7b749be bcbefa41 0 1
0 1 0 1 00000020 0f0f0f0f f0f0f111 0 1
0 1 1 1 50d4e655 a7766ea0 a95e77b5 0 1
0 1 1 0 3a581f0b 0000001f 3a581eec 0 0
0 1 1 0 0fffffff 0000ffff 0fff0000 0 0
0 1 0 0 e5303db3 2cba254f b8761864 0 1
0 1 0 1 00008000 0f0f0f0f f0f170f1 0 1
0 1 1 1 00000003 f7bb86bc 08447947 0 1
0 1 1 0 0000000f 574c371b a8b3c8f4 0 1
0 1 1 1 c4d5f736 db1ffaba e9b5fc7c 0 1
0 1 0 1 21e26d1f c01919b9 61c95366 0 0
0 1 1 1 deadbeef 55555555 8958699a 0 0
0 1 0 1 7fffffff 0000fffe 7fff0001 0 0
0 1 1 1 00007fff 0fea1359 f0166ca6 0 1
0 1 0 1 c0000000 09af1254 b650edac 0 1
0 1 1 0 55555555 00008000 5554d555 0 0
0 1 1 0 00000004 00000004 00000000 1 0
0 1 1 1 0000000f 00000008 00000007 0 0
0 1 1 0 55555555 00000010 55555545 0 0
0 1 1 1 00000000 00007fff ffff8001 0 1
0 1 0 0 0fffffff 00000003 0ffffffc 0 0
0 1 0 1 55555555 f5406144 6014f411 0 0
0 1 1 1 00007fff c0000000 40007fff 0 1
0 1 1 1 80000001 00000020 7fffffe1 0 0
0 1 1 1 00000004 7ffffffe 80000006 0 1
0 1 1 1 c1df8036 bba9d668 0635a9ce 0 0
0 1 1 1 c0000000 00000004 bffffffc 0 0
0 1 1 1 d1426254 7fffffff 51426255 0 0
0 1 0 1 c0edfeba 0fffffff b0edfebb 0 1
0 1 0 1 0000ffff c0000000 4000ffff 0 0
0 1 1 1 bceec8e5 0fffffff aceec8e6 0 0
0 1 1 1 3f8d4691 87241360 b8693331 0 1
0 1 0 1 0000ffff 7cd470d1 832c8f2e 0 1
0 1 1 1 00000003 00000001 00000002 0 0
0 1 1 1 d4d2504c 5f17ef51 75ba60fb 0 0
0 1 1 1 0000ffff 00000010 0000ffef 0 0
0 1 0 1 ba1bdccf 02ed1d7b b72ebf54 0 1
0 1 0 0 deadbeef 00008000 dead3eef 0 1
0 1 1 1 c0000000 0f0f0f0f b0f0f0f1 0 0
0 1 1 1 d9711a12 b4923d0a 24dedd08 0 0
0 1 0 0 00000001 7fffffff 80000002 0 1
0 1 0 1 7fffffff 0000ffff 7fff0000 0 0
0 1 1 0 75474958 8077080c f4d0414c 0 1
0 1 1 1 00000020 6d051ee1 92fae13f 0 1
0 1 0 0 55555555 ffffffff 55555556 0 0
0 1 1 1 3875bc68 f9d777a6 3e9e44c2 0 1
0 1 1 0 03dd81ee 3691376e cd4c4a80 0 1
0 1 1 0 00000020 00007fff ffff8021 0 1
0 1 1 1 80000001 00000004 7ffffffd 0 0
0 1 0 0 80000000 80000000 00000000 1 0
0 1 0 0 0fffffff ffff0000 1000ffff 0 0
0 1 1 1 aaaaaaaa 00000020 aaaaaa8a 0 0
0 1 1 0 5de251cc 00000008 5de251c4 0 0
0 1 0 1 4122d758 685d23d7 d8c5b381 0 1
0 1 1 1 00008000 feb68c6c 0149f394 0 1
0 1 1 0 786de2ec 28d81396 4f95cf56 0 0
0 1 0 0 fffffffe 00010000 fffefffe 0 1
0 1 0 0 c118df21 54b79ecf 6c614052 0 1
0 1 0 0 82e84c7b 00471fbf 82a12cbc 0 1
0 1 0 0 ba844968 b35f2189 072527df 0 0
0 1 1 1 ffffffff 0000fffe ffff0001 0 0
0 1 1 1 58c3b11d 15faea36 42c8c6e7 0 0
0 1 1 0 00010000 c0000000 40010000 0 1
0 1 1 1 deadbeef 00008000 dead3eef 0 0
0 1 0 1 d20725c3 00000002 d20725c1 0 1
0 1 1 0 00000020 0000001f 00000001 0 0
0 1 1 0 00008000 80000000 80008000 0 1
0 1 1 0 37262312 778dd929 bf9849e9 0 1
0 1 0 0 4ffbd720 5de86d4b f21369d5 0 1
0 1 0 0 0000000f 7ffffffe 80000011 0 1
0 1 0 0 ac8b6ba1 5ebadb3a 4dd09067 0 1
0 1 1 0 0000001f 7ffffffe 80000021 0 1
0 1 0 1 0000ffff fffffffe 00010001 0 0
0 1 1 1 00007fff 7fffffff 80008000 0 1
0 1 0 0 4f6698d2 57f7523c f76f4696 0 1
0 1 1 1 645eb3d2 00000002 645eb3d0 0 0
0 1 0 1 0000fffe 0f0f0f0f f0f1f0ef 0 1
0 1 0 0 00008000 7fffffff 80008001 0 1
0 1 0 0 00000001 0000fffe ffff0003 0 1
0 1 1 0 9e069f3c a50be646 f8fab8f6 0 1
0 1 0 0 00000003 00000003 00000000 1 0
0 1 0 0 80000001 ffffffff 80000002 0 1
0 1 1 1 00000004 0fffffff f0000005 0 1
0 1 0 0 64f56e1c 6852b438 fca2b9e4 0 1
0 1 0 1 00000002 0000fffe ffff0004 0 1
0 1 0 1 b9a907b4 44a34eb1 7505b903 0 1
0 1 1 0 00000004 0000000f fffffff5 0 1
0 1 1 1 dc6a7a66 00010000 dc697a66 0 0
0 1 0 1 04ad3548 2e118f3b d69ba60d 0 1
0 1 0 1 80000000 80000001 ffffffff 0 1
0 1 0 1 00000001 80000000 80000001 0 0
0 1 0 0 00008000 3ff010fa c0106f06 0 1
0 1 0 1 00000010 0000000f 00000001 0 0
0 1 1 1 00000004 fffffffe 00000006 0 1
0 1 1 1 55555555 7ffffffe d5555557 0 1
0 1 0 1 b9990628 28b90d6c 90dff8bc 0 1
0 1 0 1 000000ff 041a13d8 fbe5ed27 0 1
0 1 0 0 00007fff 7ffffffe 80008001 0 1
0 1 1 0 00000003 00000020 ffffffe3 0 1
0 1 1 0 8f66c5cc 00008000 8f6645cc 0 0
0 1 1 1 7fffffff aaaaaaaa d5555555 0 1
0 1 0 1 00000003 ffff0000 00010003 0 0
0 1 1 0 00000010 ffff0000 00010010 0 1
0 1 0 1 deadbeef 0000ffff deacbef0 0 1
0 1 1 1 753a4517 0f0f0f0f 662b3608 0 0
0 1 1 0 68372648 75ccfa57 f26a2bf1 0 1
0 1 0 1 00000000 ffffffff 00000001 0 0
0 1 1 1 cb3f267b 4f789897 7bc68de4 0 0
0 1 1 1 00000002 00007fff ffff8003 0 1
0 1 1 1 c2d331cc 01d61373 c0fd1e59 0 0
0 1 1 1 00000010 00000002 0000000e 0 0
0 1 1 1 ffffffff 00000008 fffffff7 0 0
0 1 1 0 00000020 deadbeef 21524131 0 1
0 1 0 0 00000001 80000001 80000000 0 0
0 1 1 0 0000000f c0000000 4000000f 0 1
0 1 1 1 f0f0f0f0 00000000 f0f0f0f0 0 0
0 1 0 0 7fffffff 00000010 7fffffef 0 0
0 1 0 1 00010000 00000000 00010000 0 0
0 1 0 1 7c05baba 0000000f 7c05baab 0 0
0 1 0 0 0000fffe 55555555 aaabaaa9 0 1
0 1 1 0 00010000 e62cb736 19d448ca 0 1
0 1 1 0 00010000 00000008 0000fff8 0 0
0 1 1 1 0000001f 7fffffff 80000020 0 1
0 1 1 1 7fffffff 00000001 7ffffffe 0 0
0 1 1 0 00000001 00007fff ffff8002 0 1
0 1 1 0 c0000000 80000000 40000000 0 0
0 1 1 1 00007fff 6658bce1 99a7c31e 0 1
0 1 0 0 53f1d607 1081c28a 4370137d 0 0
0 1 1 1 47a88327 d2d31d12 74d56615 0 1
0 1 1 1 0000001f 00000001 0000001e 0 0
0 1 0 0 9ebdf28c f6c7c2ed a7f62f9f 0 1
0 1 0 0 ffff0000 c0000000 3fff0000 0 0
0 1 1 1 aaaaaaaa 000000ff aaaaa9ab 0 0
0 1 0 0 00000004 00008000 ffff8004 0 1
0 1 0 1 0e23974c 0fffffff fe23974d 0 1
0 1 0 1 00000003 00010000 ffff0003 0 1
0 1 1 0 075312c0 0000001f 075312a1 0 0
0 1 0 1 deadbeef 000000ff deadbdf0 0 1
0 1 1 0 00000010 0f0f0f0f f0f0f101 0 1
0 1 1 1 00000008 00000003 00000005 0 0
0 1 1 1 00000001 00010000 ffff0001 0 1
0 1 0 0 deadbeef 00000000 deadbeef 0 1
0 1 1 1 00000004 000000ff ffffff05 0 1
0 1 0 0 1eed1500 b157494a 6d95cbb6 0 0
0 1 0 1 00000004 ccc98127 33367edd 0 0
0 1 0 1 80000001 80000001 00000000 1 0
0 1 0 0 000000ff 00000010 000000ef 0 0
0 1 0 1 ffffffff 00000002 fffffffd 0 1
0 1 0 1 55555555 80000001 d5555554 0 0
0 1 0 1 8907042f c62e8b90 c2d8789f 0 1
0 1 1 1 00000010 22984847 dd67b7c9 0 1
0 1 1 0 00000001 00000004 fffffffd 0 1
0 1 0 1 d389f1a0 000abe64 d37f333c 0 1
0 1 0 1 0000ffff 0000001f 0000ffe0 0 0
0 1 0 1 d4ea2348 367ec42f 9e6b5f19 0 1
0 1 1 0 0000001f 80000001 8000001e 0 1
0 1 1 0 c0000000 75760653 4a89f9ad 0 0
0 1 0 1 aaaaaaaa ffffffff aaaaaaab 0 1
0 1 1 0 7ffffffe 00000003 7ffffffb 0 0
0 1 1 1 f0f0f0f0 00000004 f0f0f0ec 0 0
0 1 0 0 00000003 c0000000 40000003 0 0
0 1 0 0 c0000000 00000000 c0000000 0 1
0 1 1 0 a27afbdc 000000ff a27afadd 0 0
0 1 1 1 aaaaaaaa c0000000 eaaaaaaa 0 1
0 1 0 0 00000001 ffff0000 00010001 0 0
0 1 1 1 c0000000 55555555 6aaaaaab 0 0
0 1 0 0 f4f04526 c5b8ecc3 2f375863 0 0
0 1 0 0 3d4b2831 63c73b4e d983ece3 0 1
0 1 1 1 00000008 4e0c7e0f b1f381f9 0 1
0 1 1 0 95984062 3062417b 6535fee7 0 0
0 1 0 1 f0f0f0f0 0000fffe f0eff0f2 0 1
0 1 1 1 7580eddf c1983cba b3e8b125 0 1
0 1 0 0 80000000 0000000f 7ffffff1 0 1
0 1 1 0 80000000 7ffffffe 00000002 0 0
0 1 0 0 0fffffff 17bd2f9c f842d063 0 1
0 1 0 1 f495db2f b82b6d15 3c6a6e1a 0 0
0 1 1 0 0000000f 559f39fd aa60c612 0 1
0 1 1 0 8fbafe08 b897fe36 d722ffd2 0 1
0 1 0 1 e854d974 80000000 6854d974 0 0
0 1 1 1 55577326 909a6717 c4bd0c0f 0 1
0 1 0 0 00000008 fffffffe 0000000a 0 0
0 1 1 0 00007fff 0f0f0f0f f0f170f0 0 1
0 1 1 1 ced417f1 0bb17642 c322a1af 0 0
0 1 1 0 efddb9c2 4a7da5ce a56013f4 0 0
0 1 1 1 fffffffe 80000001 7ffffffd 0 0
0 1 1 0 5f1516e6 0fffffff 4f1516e7 0 0
0 1 0 1 00000004 b8fdf77f 47020885 0 0
0 1 1 1 80000001 000000ff 7fffff02 0 0
0 1 0 1 80000000 c0000000 c0000000 0 1
0 1 0 0 f1e0cdb9 66ab5b53 8b357266 0 1
0 1 1 0 78352de9 f3541827 84e115c2 0 1
0 1 1 1 a21c4ccb 0045789f a1d6d42c 0 0
0 1 0 0 55555555 00000002 55555553 0 0
0 1 0 1 00000000 00000010 fffffff0 0 1
0 1 1 1 00000000 c0000000 40000000 0 1
0 1 0 0 00007fff 6f259c2a 90dae3d5 0 1
0 1 0 1 f0f0f0f0 53489298 9da85e58 0 1
0 1 0 1 d4716815 7a7ab4fc 59f6b319 0 1
0 1 0 1 f9b973e8 284cef29 d16c84bf 0 1
0 1 0 1 fe2014f7 0fffffff ee2014f8 0 1
0 1 0 1 27380aef ac4169af 7af6a140 0 0
0 1 0 0 80000000 ffffffff 80000001 0 1
0 1 1 1 80000001 7ffffffe 00000003 0 0
0 1 1 0 5c7df805 5b85c8ad 00f82f58 0 0
0 1 1 0 4444d098 067fd27f 3dc4fe19 0 0
0 1 0 0 0f0f0f0f 00000008 0f0f0f07 0 0
0 1 1 0 80000000 00000003 7ffffffd 0 0
0 1 1 1 80000000 0f0f0f0f 70f0f0f1 0 0
0 1 0 1 00000008 0000ffff ffff0009 0 1
0 1 1 0 9b0fa6bb dcc09c7c be4f0a3f 0 1
0 1 1 1 627543e4 705412a4 f2213140 0 1
0 1 0 0 00000008 00008000 ffff8008 0 1
0 1 1 0 dea222ed 00000003 dea222ea 0 0
0 1 0 0 00000020 fffffffe 00000022 0 0
0 1 0 0 76cfa40e 2ab39eee 4c1c0520 0 0
0 1 1 0 751d612e 0000ffff 751c612f 0 0
0 1 1 0 05ccb15c f0cf7c9e 14fd34be 0 1
0 1 0 1 c731a282 38ce4120 8e636162 0 1
0 1 1 1 f0f0f0f0 e6a6585e 0a4a9892 0 0
0 1 0 0 335784f5 b9dd91f8 7979f2fd 0 0
0 1 1 0 21851934 23253c20 fe5fdd14 0 1
0 1 1 0 00007fff 00000001 00007ffe 0 0
0 1 0 1 ffffffff 0000ffff ffff0000 0 1
0 1 1 0 fffffffe 00000008 fffffff6 0 0
0 1 0 0 625a7325 a4bbde49 bd9e94dc 0 0
0 1 0 1 00000020 5d7f43e2 a280bc3e 0 1
0 1 1 1 c0000000 aaaaaaaa 15555556 0 0
0 1 1 0 0000000f f0f0f0f0 0f0f0f1f 0 1
0 1 0 0 80000001 00000020 7fffffe1 0 1
0 1 1 1 f0f0f0f0 7a7c53bc 76749d34 0 0
0 1 1 1 691f2980 366b6b04 32b3be7c 0 0
0 1 1 0 00000004 38297794 c7d68870 0 1
0 1 1 1 7ffffffe 00000001 7ffffffd 0 0
0 1 0 1 882fb53f fcef89d9 8b402b66 0 1
0 1 0 0 5481ccf2 8ab5a6e6 c9cc260c 0 0
0 1 1 1 ffff0000 7346c0cf 8cb83f31 0 0
0 1 1 0 0000ffff 80000001 8000fffe 0 1
0 1 0 1 3972233c 1eae3fe3 1ac3e359 0 0
0 1 1 1 d19e894a 541ca6f6 7d81e254 0 0
0 1 0 0 ffffffff 00000000 ffffffff 0 1
0 1 1 0 0e2acd46 c9300bab 44fac19b 0 1
0 1 0 0 00010000 00000010 0000fff0 0 0
0 1 0 0 00000010 00000010 00000000 1 0
0 1 0 1 00010000 00000002 0000fffe 0 0
0 1 0 1 b30ddf46 4e7bf150 6491edf6 0 1
0 1 1 0 80000000 f0f0f0f0 8f0f0f10 0 1
0 1 1 0 561a144c d7df7df6 7e3a9656 0 1
0 1 0 0 abdbfa1a 00000010 abdbfa0a 0 1
0 1 0 1 a0094235 a581e088 fa8761ad 0 1
0 1 0 0 bc8847f8 7fd16784 3cb6e074 0 1
0 1 0 1 80000000 7392e888 0c6d1778 0 1
0 1 0 0 20fa4400 4649943d dab0afc3 0 1
0 1 0 0 fffffffe 7ffffffe 80000000 0 1
0 1 0 1 ffffffff 6e39e5f7 91c61a08 0 1
0 1 0 1 ffff0000 0000fffe fffe0002 0 1
0 1 0 0 00000001 f0f0f0f0 0f0f0f11 0 0
0 1 0 0 7ae299d4 71ce4e8f 09144b45 0 0
0 1 1 0 3ff10ff1 96411b7a a9aff477 0 1
0 1 1 1 546f6b40 c0000000 946f6b40 0 1
0 1 1 0 ec52cab7 6fa23053 7cb09a64 0 0
0 1 1 1 00000004 b8c411e2 473bee22 0 1
0 1 0 1 00000020 7fffffff 80000021 0 1
0 1 0 0 59bd1668 120d8252 47af9416 0 0
0 1 0 1 00000003 7ffffffe 80000005 0 1
0 1 1 0 0f0f0f0f 00000020 0f0f0eef 0 0
0 1 1 0 80000000 1b000bbe 64fff442 0 0
0 1 1 1 7fffffff ffff0000 8000ffff 0 1
0 1 1 0 00000010 0fffffff f0000011 0 1
0 1 0 1 677d70f2 fd0008a3 6a7d684f 0 0
0 1 1 1 0fffffff f0ccb5d9 1f334a26 0 1
0 1 1 1 00000020 1ad0d809 e52f2817 0 1
0 1 1 1 fffffffe 0000001f ffffffdf 0 0
0 1 1 1 f8b17900 00000004 f8b178fc 0 0
0 1 1 0 00000002 ffff0000 00010002 0 1
0 1 0 1 cdef0a70 9ff8571a 2df6b356 0 0
0 1 0 0 0f0f0f0f 00010000 0f0e0f0f 0 0
0 1 0 0 0000ffff 0f0f0f0f f0f1f0f0 0 1
0 1 0 1 0000fffe deadbeef 2153410f 0 0
0 1 0 1 00000001 00008000 ffff8001 0 1
0 1 1 1 18c5c4a4 f0f0f0f0 27d4d3b4 0 1
0 1 1 1 d4c10d61 27180d6d ada8fff4 0 0
0 1 1 1 f18dac10 0000000f f18dac01 0 0
0 1 0 1 c0000000 0000000f bffffff1 0 1
0 1 1 0 0fffffff ffffffff 10000000 0 1
0 1 0 0 7ffffffe 0000ffff 7ffeffff 0 0
0 1 0 1 05508260 2540d672 e00fabee 0 1
0 1 1 0 ac4206f3 f0434c3b bbfebab8 0 1
0 1 1 1 00000003 ffffffff 00000004 0 1
0 1 0 0 000000ff 0f0f0f0f f0f0f1f0 0 1
0 1 0 0 0000000f d94201df 26bdfe30 0 0
0 1 1 0 ffff0000 00000008 fffefff8 0 0
0 1 0 0 e42fd4be 00000002 e42fd4bc 0 1
0 1 0 0 02666e99 ffffffff 02666e9a 0 0
0 1 0 1 212eb595 00010000 212db595 0 0
0 1 1 0 ed4c3cdf 00000000 ed4c3cdf 0 0
0 1 1 1 0fffffff aaaaaaaa 65555555 0 1
0 1 1 0 0f0f0f0f 00000001 0f0f0f0e 0 0
0 1 0 1 51679c79 a69dbb58 aac9e121 0 0
0 1 1 1 7ffffffe 00000010 7fffffee 0 0
0 1 0 0 00008000 00000010 00007ff0 0 0
0 1 1 0 6e13add2 67eac4b3 0628e91f 0 0
0 1 0 0 00000010 00000000 00000010 0 0
0 1 1 1 80000000 00000002 7ffffffe 0 0
0 1 1 1 7fffffff 7fffffff 00000000 1 0
0 1 0 0 aaaaaaaa 0000fffe aaa9aaac 0 1
0 1 1 0 00000003 55555555 aaaaaaae 0 1
0 1 0 0 00000000 00010000 ffff0000 0 1
0 1 0 1 ffff0000 aaaaaaaa 55545556 0 0
0 1 1 1 053fa07d 00000000 053fa07d 0 0
0 1 1 0 7775dae1 079d0cdb 6fd8ce06 0 0
0 1 0 0 4270905c f0f0f0f0 517f9f6c 0 0
0 1 0 0 00010000 fffffffe 00010002 0 0
0 1 0 1 937f490f 387c01c1 5b03474e 0 1
0 1 1 1 ffffffff 7ffffffe 80000001 0 0
0 1 0 0 00000010 ffffffff 00000011 0 0
0 1 0 0 00000003 7fffffff 80000004 0 1
0 1 1 1 ffffffff 00000003 fffffffc 0 0
0 1 0 1 b57d8917 00000008 b57d890f 0 1
0 1 1 0 dbd4df10 cdaa47ca 0e2a9746 0 0
0 1 1 0 7ffffffe 0dfabdff 720541ff 0 0
0 1 0 0 3eb42611 8c66572c b24dcee5 0 0
0 1 1 0 0000ffff 7fffffff 80010000 0 1
0 1 1 1 0e6f6cdb 90967d05 7dd8efd6 0 1
0 1 1 0 0fffffff 0000fffe 0fff0001 0 0
0 1 0 1 00007fff 00000003 00007ffc 0 0
0 1 1 1 6a0d2247 29de74b7 402ead90 0 0
0 1 1 0 0000001f 00000002 0000001d 0 0
0 1 1 1 6397d723 bf71e9bb a425ed68 0 1
0 1 0 1 f0f0f0f0 0fffffff e0f0f0f1 0 1
0 1 1 1 7fffffff deadbeef a1524110 0 1
0 1 0 1 aaaaaaaa 0000001f aaaaaa8b 0 1
0 1 1 0 00007fff 00007fff 00000000 1 0
0 1 1 1 4e347811 96cb03f1 b7697420 0 1
0 1 1 0 3982185e c21cbde3 77655a7b 0 1
0 1 0 1 00010000 7fffffff 80010001 0 1
0 1 0 1 b3f863c8 6a0af2d0 49ed70f8 0 1
0 1 1 1 55555555 00000000 55555555 0 0
0 1 1 0 2199a04a e996f43e 3802ac0c 0 1
0 1 1 1 ffff0000 00008000 fffe8000 0 0
0 1 0 1 0000ffff 585cad9c a7a45263 0 1
0 1 1 1 7367c5f3 00010000 7366c5f3 0 0
0 1 0 0 ae89c036 00000001 ae89c035 0 1
0 1 1 0 0000ffff 80000000 8000ffff 0 1
0 1 1 1 00000001 156277ca ea9d8837 0 1
0 1 0 1 00007fff 000000ff 00007f00 0 0
0 1 0 0 7fffffff 00000020 7fffffdf 0 0
0 1 1 1 00007fff 00000010 00007fef 0 0
0 1 0 1 0fffffff 00000020 0fffffdf 0 0
0 1 0 1 006b0ec9 b1c8cca5 4ea24224 0 0
0 1 0 1 6eb4268a deadbeef 9006679b 0 0
0 1 0 1 00000010 fffffffe 00000012 0 0
0 1 1 1 00000008 00000008 00000000 1 0
0 1 0 0 d08cf43f 00000010 d08cf42f 0 1
0 1 0 1 0000000f 0000001f fffffff0 0 1
0 1 1 1 ffffffff f0f0f0f0 0f0f0f0f 0 0
0 1 0 0 0f0f0f0f 0000001f 0f0f0ef0 0 0
0 1 1 0 d81acc25 2cbe1e1f ab5cae06 0 0
0 1 0 0 f0f0f0f0 fffffffe f0f0f0f2 0 1
0 1 0 1 0000000f 0000ffff ffff0010 0 1
0 1 1 0 3a652b4b 6fcd9fd3 ca978b78 0 1
0 1 0 1 3b34d6a4 6d08d2c4 ce2c03e0 0 1
0 1 1 0 a1d02386 7472c60c 2d5d5d7a 0 0
0 1 0 1 00000002 46fbf858 b90407aa 0 1
0 1 0 1 aaaaaaaa deadbeef cbfcebbb 0 1
0 1 0 1 00000008 deadbeef 21524119 0 0
0 1 1 0 00000001 0fffffff f0000002 0 1
0 1 0 1 8099d63a 5ead1349 21ecc2f1 0 1
0 1 1 0 80000000 0000ffff 7fff0001 0 0
0 1 1 0 4a44d9c0 e8d65fea 616e79d6 0 1
0 1 0 0 000000ff c0000000 400000ff 0 0
0 1 1 1 0f0f0f0f ffff0000 0f100f0f 0 1
0 1 1 1 8a095c95 0000ffff 8a085c96 0 0
0 1 0 1 80000001 0000000f 7ffffff2 0 1
0 1 1 1 55555555 00007fff 5554d556 0 0
0 1 0 1 80000001 00000002 7fffffff 0 1
0 1 0 0 f929f589 00010000 f928f589 0 1
0 1 1 1 243480e9 ee854c22 35af34c7 0 1
0 1 1 1 cf20c50e 57108bcd 78103941 0 0
0 1 1 0 65360068 c378e452 a1bd1c16 0 1
0 1 0 0 0000fffe ffff0000 0001fffe 0 0
0 1 0 0 0000000f 00008000 ffff800f 0 1
0 1 1 1 0fffffff 4e721172 c18dee8d 0 1
0 1 1 0 6c6065f6 bdc7f976 ae986c80 0 1
0 1 0 1 c0f10a06 00000000 c0f10a06 0 1
0 1 0 1 ffff0000 7ffffffe 7fff0002 0 1
0 1 1 1 ed62ec71 214deb28 cc150149 0 0
0 1 1 1 0fffffff 00000001 0ffffffe 0 0
0 1 1 0 40939f23 0d4dfec7 3345a05c 0 0
0 1 0 0 dd0c365a 4f82b672 8d897fe8 0 1
0 1 1 1 00000000 6ee62d1d 9119d2e3 0 1
0 1 0 0 00000020 0000000f 00000011 0 0
0 1 1 0 0fffffff c0000000 4fffffff 0 1
0 1 0 1 944d6561 5ed63740 35772e21 0 1
0 1 0 0 00000002 000000ff ffffff03 0 1
0 1 0 0 0000fffe a4a503a5 5b5bfc59 0 0
0 1 1 1 00000003 fffffffe 00000005 0 1
0 1 0 1 80000000 00000020 7fffffe0 0 1
0 1 1 0 80000001 00008000 7fff8001 0 0
0 1 1 0 00000001 0000ffff ffff0002 0 1
0 1 1 1 ffffffff 000000ff ffffff00 0 0
0 1 0 0 ffffffff fffffffe 00000001 0 0
0 1 1 0 7e4d7c40 f22b4d9e 8c222ea2 0 1
0 1 1 0 68e46908 96c7f618 d21c72f0 0 1
0 1 1 1 0fffffff 3305f70e dcfa08f1 0 1
0 1 1 1 00000010 7ffffffe 80000012 0 1
0 1 0 1 00007fff 55555555 aaab2aaa 0 1
0 1 0 0 7c57434f 45322efd 37251452 0 0
0 1 0 0 456b46da f0f0f0f0 547a55ea 0 0
0 1 1 0 58b930e1 b9bcb264 9efc7e7d 0 1
0 1 0 0 f0f0f0f0 00000008 f0f0f0e8 0 1
0 1 0 0 fffffffe 7fffffff 7fffffff 0 1
0 1 0 1 80000001 55555555 2aaaaaac 0 1
0 1 1 0 0000ffff 00000004 0000fffb 0 0
0 1 1 0 fffffffe c0000000 3ffffffe 0 0
0 1 1 1 0000000f fffffffe 00000011 0 1
0 1 1 0 00000002 00008000 ffff8002 0 1
0 1 0 1 7a5d8305 186108f9 61fc7a0c 0 0
0 1 0 0 2c76a9e0 0000001f 2c76a9c1 0 0
0 1 1 0 00000020 000000ff ffffff21 0 1
0 1 0 1 6a2fe621 a1b292a9 c87d5378 0 0
0 1 0 1 f2442ca1 bd67b7ac 34dc74f5 0 0
0 1 1 1 cd7c7cb2 ffff0000 cd7d7cb2 0 1
0 1 0 1 80000001 ffff0000 80010001 0 1
0 1 0 1 1e7d8db5 a6410984 783c8431 0 0
0 1 1 0 97f2d648 4f104af8 48e28b50 0 0
0 1 1 0 ffff0000 e1981539 1e66eac7 0 0
0 1 0 0 00000001 a8468f26 57b970db 0 0
0 1 0 0 370986c7 00008000 370906c7 0 0
0 1 0 1 73c5cd86 463f1b0f 2d86b277 0 0
0 1 1 1 0000001f 0000ffff ffff0020 0 1
0 1 0 1 00008000 f0f0f0f0 0f0f8f10 0 0
0 1 1 1 fffffffe f4104fc5 0befb039 0 0
0 1 1 1 fb5fa4b6 ffff0000 fb60a4b6 0 1
0 1 1 1 00000000 aaaaaaaa 55555556 0 1
0 1 1 0 b716128b 00000020 b716126b 0 0
0 1 1 1 fffffffe 55555555 aaaaaaa9 0 0
0 1 0 0 00000008 aaaaaaaa 5555555e 0 0
0 1 1 1 0c5cdbeb 00000002 0c5cdbe9 0 0
0 1 0 1 65f0a327 f874b78b 6d7beb9c 0 0
0 1 0 0 ded19495 00008000 ded11495 0 1
0 1 1 0 00000004 0f0f0f0f f0f0f0f5 0 1
0 1 0 0 449b4862 077f05fa 3d1c4268 0 0
0 1 1 1 00000010 00000001 0000000f 0 0
0 1 1 0 140df15e 5d867a1d b6877741 0 1
0 1 1 0 ffff0000 0000ffff fffe0001 0 0
0 1 1 1 00000000 80000000 80000000 0 1
0 1 0 1 04aa5273 b5d4a9b5 4ed5a8be 0 0
0 1 1 0 000000ff 7ffffffe 80000101 0 1
0 1 1 0 0000001f 9ea31def 615ce230 0 1
0 1 1 0 0000fffe 00000008 0000fff6 0 0
0 1 1 1 00007fff 00008000 ffffffff 0 1
0 1 1 0 55555555 ffff0000 55565555 0 1
0 1 1 0 ffffffff 0f0f0f0f f0f0f0f0 0 0
0 1 1 1 afa3203f b5189443 fa8a8bfc 0 1
0 1 1 1 7ffffffe f0f0f0f0 8f0f0f0e 0 1
0 1 1 1 ffff0000 fffffffe ffff0002 0 1
0 1 0 1 00010000 00008000 00008000 0 0
0 1 0 1 89522092 0000fffe 89512094 0 1
0 1 0 0 b6eed992 26010af0 90edcea2 0 1
0 1 0 0 0000000f 0000000f 00000000 1 0
0 1 0 1 0f0f0f0f cc91c615 427d48fa 0 0
0 1 1 0 fa4ac635 8f3915a2 6b11b093 0 0
0 1 1 0 00000002 c0000000 40000002 0 1
0 1 1 0 5dd86a6e 07da00f0 55fe697e 0 0
0 1 0 1 0000001f 00000003 0000001c 0 0
0 1 1 0 0f0f0f0f 00007fff 0f0e8f10 0 0
0 1 1 0 00007fff 0000001f 00007fe0 0 0
0 1 0 1 b4ebb058 8feb38a6 250077b2 0 0
0 1 1 0 deadbeef ffff0000 deaebeef 0 1
0 1 0 1 0000001f 0000fffe ffff0021 0 1
0 1 1 1 00010000 00007fff 00008001 0 0
0 1 1 0 00010000 80000000 80010000 0 1
0 1 1 0 00000004 6a488864 95b777a0 0 1
0 1 0 0 86ef43f0 0000ffff 86ee43f1 0 1
0 1 1 0 00000002 0fffffff f0000003 0 1
0 1 1 0 80000000 bd3e3fc2 c2c1c03e 0 1
0 1 1 1 7087f70b 0000fffe 7086f70d 0 0
0 1 0 1 00010000 00000001 0000ffff 0 0
0 1 0 0 d5b8cdc0 fe8e2b7a d72aa246 0 1
0 1 1 1 a6b76373 c713a46b dfa3bf08 0 1
0 1 1 0 3b26c9a3 fffffffe 3b26c9a5 0 1
0 1 0 0 00000004 ffff0000 00010004 0 0
0 1 1 1 deadbeef 00010000 deacbeef 0 0
0 1 1 1 80000000 0fffffff 70000001 0 0
0 1 0 1 0000fffe 7fffffff 8000ffff 0 1
0 1 0 1 55555555 00000020 55555535 0 0
0 1 0 1 7ffffffe 480b9f04 37f460fa 0 0
0 1 0 1 00000004 deadbeef 21524115 0 0
0 1 1 1 38208144 00000008 3820813c 0 0
0 1 1 1 100bb0ab a2f88323 6d132d88 0 1
0 1 1 0 a19ebbf6 c5c8900d dbd62be9 0 1
0 1 0 0 b39f85b4 f0f0f0f0 c2ae94c4 0 1
0 1 1 1 000000ff ffffffff 00000100 0 1
0 1 1 1 00008000 0000fffe ffff8002 0 1
0 1 1 0 0000ffff 0000fffe 00000001 0 0
0 1 0 0 61d57610 5c70eedc 05648734 0 0
0 1 1 0 00000004 7fffffff 80000005 0 1
0 1 0 1 a08273a0 4d57631f 532b1081 0 1
0 1 0 1 9fb0ba9f deadbeef c102fbb0 0 1
0 1 1 0 0f0f0f0f 00000010 0f0f0eff 0 0
0 1 0 1 55555555 a21fecb1 b33568a4 0 0
0 1 1 0 6744787a 2fef6b37 37550d43 0 0
0 1 0 1 fe9c6b74 00000008 fe9c6b6c 0 1
0 1 0 1 c0000000 f0f0f0f0 cf0f0f10 0 1
0 1 1 0 7ff14ed0 00000010 7ff14ec0 0 0
0 1 1 1 00000000 fffffffe 00000002 0 1
0 1 1 0 0fffffff 17fc8727 f80378d8 0 1
0 1 0 0 fffffffe aaaaaaaa 55555554 0 0
0 1 0 1 00000003 412442ce bedbbd35 0 1
0 1 0 1 22c606ba d549be57 4d7c4863 0 0
0 1 0 0 c87cf861 fd8c0de4 caf0ea7d 0 1
0 1 0 1 00000002 55555555 aaaaaaad 0 1
0 1 0 0 00000002 00000002 00000000 1 0
0 1 1 0 00010000 55555555 aaabaaab 0 1
0 1 1 0 dc88321b d8950a7f 03f3279c 0 0
0 1 1 1 0000fffe aaaaaaaa 55565554 0 1
0 1 1 0 b2663112 f100c5ad c1656b65 0 1
0 1 1 0 0000000f aaaaaaaa 55555565 0 1
0 1 0 0 00000002 aaaaaaaa 55555558 0 0
0 1 0 0 c0000000 ffffffff c0000001 0 1
0 1 0 1 0000ffff 00008000 00007fff 0 0
0 1 0 1 c0000000 7ffffffe 40000002 0 1
0 1 0 0 42b20904 0000fffe 42b10906 0 0
0 1 0 0 00010000 00000004 0000fffc 0 0
0 1 0 1 0000001f 000000ff ffffff20 0 1
0 1 1 1 fbc59305 5f5330e3 9c726222 0 0
0 1 1 1 deadbeef fffffffe deadbef1 0 1
0 1 0 0 aaaaaaaa 78ead630 31bfd47a 0 1
0 1 1 0 3944aeb0 0000ffff 3943aeb1 0 0
0 1 1 1 80000001 fffffffe 80000003 0 1
0 1 0 1 7ffffffe 00000000 7ffffffe 0 0
0 1 0 0 7fffffff 0000001f 7fffffe0 0 0
0 1 1 0 00000003 80000001 80000002 0 1
0 1 0 0 d5be8686 ffff0000 d5bf8686 0 1
0 1 0 1 80000000 0000fffe 7fff0002 0 1
0 1 0 0 7ffffffe 0000001f 7fffffdf 0 0
0 1 1 1 deadbeef c0000000 1eadbeef 0 0
0 1 0 0 e6533fd5 2937c624 bd1b79b1 0 1
0 1 0 0 00000010 00000004 0000000c 0 0
0 1 1 1 000000ff 5005a8b6 affa5849 0 1
0 1 1 1 000000ff 00000000 000000ff 0 0
0 1 0 0 fffffffe 00008000 ffff7ffe 0 1
0 1 1 0 7ffffffe 7ffffffe 00000000 1 0
0 1 1 1 f7fc44b9 4430f81c b3cb4c9d 0 0
0 1 0 0 7ffffffe 00000020 7fffffde 0 0
0 1 1 1 ffffffff ffffffff 00000000 1 0
0 1 1 1 af5605a3 00d91bc1 ae7ce9e2 0 0
0 1 0 1 c0000000 0000ffff bfff0001 0 1
0 1 1 1 00010000 0fffffff f0010001 0 1
0 1 0 0 00000004 65f3da75 9a0c258f 0 1
0 1 1 1 deadbeef 00000008 deadbee7 0 0
0 1 1 1 9fdfbdb4 c41ded52 dbc1d062 0 1
0 1 1 0 b28169eb f79395b0 baedd43b 0 1
0 1 1 0 0000ffff 7ffffffe 80010001 0 1
0 1 0 1 0000ffff 00000002 0000fffd 0 0
0 1 1 0 aaaaaaaa aaaaaaaa 00000000 1 0
0 1 1 0 c4c7183a a16ac507 235c5333 0 0
0 1 1 0 bde01f9b 2ea01dae 8f4001ed 0 0
0 1 0 1 8144437c c45d10d1 bce732ab 0 1
0 1 0 1 0fffffff 0000001f 0fffffe0 0 0
0 1 1 0 00223acf efadd1f9 107468d6 0 1
0 1 0 1 0f0f0f0f 0000000f 0f0f0f00 0 0
0 1 0 1 998502e6 86676ac9 131d981d 0 0
0 1 1 0 55df31c6 55555555 0089dc71 0 0
0 1 0 1 0000000f 00000002 0000000d 0 0
0 1 0 1 5a1d061a 00000002 5a1d0618 0 0
0 1 1 0 65ee0b88 00000001 65ee0b87 0 0
0 1 0 1 55555555 deadbeef 76a79666 0 0
0 1 1 0 7fffffff fffffffe 80000001 0 1
0 1 1 1 80000001 342b33ba 4bd4cc47 0 0
0 1 1 1 00000008 00000000 00000008 0 0
0 1 0 1 00010000 f0f0f0f0 0f100f10 0 0
0 1 0 0 80000001 c0000000 c0000001 0 1
0 1 0 0 000000ff 80000001 800000fe 0 0
0 1 0 0 00000000 00000008 fffffff8 0 1
0 1 1 0 000000ff 55555555 aaaaabaa 0 1
0 1 1 0 80000001 f0f0f0f0 8f0f0f11 0 1
0 1 1 1 00000008 0000000f fffffff9 0 1
0 1 1 1 21794476 3703399f ea760ad7 0 1
0 1 0 0 7fffffff 0f0f0f0f 70f0f0f0 0 0
0 1 0 0 91f606ba d417c848 bdde3e72 0 1
0 1 0 1 b09c7eee 4bf2c7f5 64a9b6f9 0 1
0 1 0 0 00000008 0f0f0f0f f0f0f0f9 0 1
0 1 1 1 ecffda36 9625067d 56dad3b9 0 0
0 1 1 1 ffff0000 0000000f fffefff1 0 0
0 1 1 0 00000008 55555555 aaaaaab3 0 1
0 1 1 0 95ecbe5e 8d144f64 08d86efa 0 0
0 1 1 1 80000000 00008000 7fff8000 0 0
0 1 0 1 0000fffe 00000003 0000fffb 0 0
0 1 0 0 f0f0f0f0 0000001f f0f0f0d1 0 1
0 1 1 1 00000020 ffffffff 00000021 0 1
0 1 0 0 bc71aae5 daf9ca82 e177e063 0 1
0 1 0 0 00008000 55555555 aaab2aab 0 1
0 1 1 0 00000008 00000020 ffffffe8 0 1
0 1 1 0 0000001f 0000000f 00000010 0 0
0 1 1 0 80000001 00000000 80000001 0 0
0 1 0 1 0000ffff 00010000 ffffffff 0 1
0 1 0 0 00000002 f506de6a 0af92198 0 0
0 1 1 0 5276806a fffffffe 5276806c 0 1
0 1 0 0 f0f0f0f0 00000002 f0f0f0ee 0 1
0 1 0 1 e84e1736 bf7ff7ff 28ce1f37 0 0
0 1 0 1 0fffffff 00007fff 0fff8000 0 0
0 1 1 1 80000001 deadbeef a1524112 0 1
0 1 1 1 33a4ee7d 00000001 33a4ee7c 0 0
0 1 1 0 35bb160f 9ef098e9 96ca7d26 0 1
0 1 1 0 80000000 ffff0000 80010000 0 1
0 1 1 1 a2cbb3e0 e2b7cecf c013e511 0 1
0 1 1 1 984d0140 7ffffffe 184d0142 0 0
0 1 0 0 436e4103 f6c77255 4ca6ceae 0 0
0 1 0 1 000000ff f0f0f0f0 0f0f100f 0 0
0 1 1 1 cc4761f1 f63b08fb d60c58f6 0 1
0 1 0 1 1612d29b 45f7053f d01bcd5c 0 1
0 1 1 0 0000001f 0fffffff f0000020 0 1
0 1 1 0 c0000000 000000ff bfffff01 0 0
0 1 1 0 0f0f0f0f c0000000 4f0f0f0f 0 1
0 1 0 1 000000ff 0503a7f9 fafc5906 0 1
0 1 1 0 f0f0f0f0 5ca0710d 94507fe3 0 0
0 1 0 0 1369d5f5 0819aedd 0b502718 0 0
0 1 0 0 51c0dd7c 0f0f0f0f 42b1ce6d 0 0
0 1 0 1 456d2754 0d67d6bb 38055099 0 0
0 1 1 0 ffffffff 80000000 7fffffff 0 0
0 1 1 1 3b01861e 8060f39a baa09284 0 1
0 1 1 0 c566f7ed 9cef0070 2877f77d 0 0
0 1 1 1 80000000 00000004 7ffffffc 0 0
0 1 0 1 01b5a345 c1e5c8b1 3fcfda94 0 0
0 1 0 0 b482a528 ffffffff b482a529 0 1
0 1 1 0 00000020 00000001 0000001f 0 0
0 1 0 0 00000000 00000002 fffffffe 0 1
0 1 0 1 c0000000 e67a65de d9859a22 0 1
0 1 0 0 aaaaaaaa 00000010 aaaaaa9a 0 1
0 1 1 0 00000000 0000001f ffffffe1 0 1
0 1 1 1 c43402c1 1a91b944 a9a2497d 0 0
0 1 1 1 74fa6d11 aea14151 c6592bc0 0 1
0 1 0 1 fffffffe b349f5cf 4cb60a2f 0 0
0 1 1 1 55555555 00000001 55555554 0 0
0 1 1 1 00000008 00000001 00000007 0 0
0 1 1 0 00000003 80000000 80000003 0 1
0 1 0 0 9c220b16 4b7284c8 50af864e 0 1
0 1 0 0 80000000 55555555 2aaaaaab 0 1
0 1 1 1 7fffffff 00000004 7ffffffb 0 0
0 1 1 0 1bc9c14e a58ea699 763b1ab5 0 1
0 1 0 1 2049d3b7 00007fff 204953b8 0 0
0 1 0 0 0000001f 0000001f 00000000 1 0
0 1 1 1 3e4ffd2f e9ee5bfc 5461a133 0 1
0 1 0 1 00010000 00000020 0000ffe0 0 0
0 1 0 1 55555555 5455b6c6 00ff9e8f 0 0
0 1 1 1 88462474 b1591ac9 d6ed09ab 0 1
0 1 0 1 09396ff4 1407c15a f531ae9a 0 1
0 1 1 1 3b89df7c 32fa69b8 088f75c4 0 0
0 1 0 0 96303bf8 ffe7934c 9648a8ac 0 1
0 1 1 0 09342d0a 686aacb2 a0c98058 0 1
0 1 1 0 ffff0000 7fffffff 7fff0001 0 0
0 1 1 0 f0f0f0f0 a76dacb3 4983443d 0 0
0 1 1 0 d8e4b4c1 655b5af8 738959c9 0 0
0 1 0 1 fffffffe ffff0000 0000fffe 0 0
0 1 0 1 7f1e7705 88bd6080 f6611685 0 0
0 1 1 1 aaaaaaaa 00000008 aaaaaaa2 0 0
0 1 1 0 f90ec8f4 ffb6c8cc f9580028 0 1
0 1 0 1 55555555 0000000f 55555546 0 0
0 1 0 0 0bbe0c7b f4ec9996 16d172e5 0 0
0 1 0 1 7fffffff 00010000 7ffeffff 0 0
0 1 0 1 b61b0734 628d4a37 538dbcfd 0 1
0 1 1 1 f0f0f0f0 529c28d8 9e54c818 0 0
0 1 0 1 000000ff deadbeef 21524210 0 0
0 1 1 1 e08f434a 6bb9fcdc 74d5466e 0 0
0 1 0 0 7fffffff 7ffffffe 00000001 0 0
0 1 0 1 fffffffe 00000001 fffffffd 0 1
0 1 1 0 00000002 00000010 fffffff2 0 1
0 1 1 0 7ffffffe ffff0000 8000fffe 0 1
0 1 1 0 0000ffff 00000003 0000fffc 0 0
0 1 1 1 237e6942 f6823717 2cfc322b 0 1
0 1 1 1 ffff0000 00000020 fffeffe0 0 0
0 1 0 1 000000ff 0000fffe ffff0101 0 1
0 1 0 1 acaa97e7 0000000f acaa97d8 0 1
0 1 0 1 77ae0a80 ffff0000 77af0a80 0 0
0 1 1 0 1558cb97 28bc8985 ec9c4212 0 1
0 1 1 0 7e7b979b f6300474 884b9327 0 1
0 1 0 1 ffff0000 000000ff fffeff01 0 1
0 1 0 1 f2720041 c26915f1 3008ea50 0 0
0 1 1 1 0d724e6c 673d5882 a634f5ea 0 1
0 1 0 0 00000002 deadbeef 21524113 0 0
0 1 0 0 ffff0000 00000010 fffefff0 0 1
0 1 0 0 732dc79c d9eb0200 9942c59c 0 0
0 1 0 1 7ffffffe a4e86af9 db179505 0 0
0 1 1 0 141b8de5 4348ddac d0d2b039 0 1
0 1 1 0 55555555 0fffffff 45555556 0 0
0 1 0 1 00000001 0000000f fffffff2 0 1
0 1 0 0 000000ff 00000001 000000fe 0 0
0 1 1 1 d3b58542 00010000 d3b48542 0 0
0 1 1 1 00000003 000000ff ffffff04 0 1
0 1 1 1 8306804b f767aa34 8b9ed617 0 1
0 1 1 1 008d4d15 7acd44ce 85c00847 0 1
0 1 0 0 d6c89b9c d0a3e4f0 0624b6ac 0 0
0 1 0 0 0f0f0f0f 00000002 0f0f0f0d 0 0
0 1 0 1 deadbeef 80000000 5eadbeef 0 0
0 1 1 0 00000004 b8b86d48 474792bc 0 1
0 1 1 1 00008000 0000ffff ffff8001 0 1
0 1 1 1 0000fffe f0f0f0f0 0f100f0e 0 1
0 1 0 1 f4a27536 e31f2db7 1183477f 0 0
0 1 1 0 57411775 0000fffe 57401777 0 0
0 1 1 1 00000020 00000020 00000000 1 0
0 1 1 1 00000000 0000ffff ffff0001 0 1
0 1 0 0 ffffffff 00000010 ffffffef 0 1
0 1 1 1 69bcc902 00000001 69bcc901 0 0
0 1 0 1 00000000 00008000 ffff8000 0 1
0 1 0 1 ab3ff7a4 799bfa37 31a3fd6d 0 1
0 1 1 0 80000001 aaaaaaaa d5555557 0 1
0 1 0 0 0461bfe2 1574a673 eeed196f 0 1
0 1 1 1 246acc8a 8e4d3907 961d9383 0 1
0 1 0 0 7fffffff f52b62c8 8ad49d37 0 0
0 1 0 0 ebcb180b c9ce11a1 21fd066a 0 0
0 1 0 0 00000010 00008000 ffff8010 0 1
0 1 1 1 0f0f0f0f 55555555 b9b9b9ba 0 1
0 1 1 0 94f04753 20869339 7469b41a 0 0
0 1 1 0 0000000f 000000ff ffffff10 0 1
0 1 1 1 734cff09 77866d59 fbc691b0 0 1
0 1 0 1 7f7b8eef b2b8bf12 ccc2cfdd 0 0
0 1 0 0 a1bca853 6830df63 398bc8f0 0 1
0 1 0 0 aaaaaaaa 15db1438 94cf9672 0 1
0 1 1 0 ffff0000 9a176f33 65e790cd 0 0
0 1 0 1 00000002 ffffffff 00000003 0 0
0 1 1 1 d4d9d898 8fc4ad59 45152b3f 0 0
0 1 0 0 1271377c 8f210157 83503625 0 0
0 1 0 0 b1cdfd46 0000fffe b1ccfd48 0 1
0 1 1 1 0000ffff 00000001 0000fffe 0 0
0 1 1 0 0000000f 55555555 aaaaaaba 0 1
0 1 0 0 0000ffff 00000000 0000ffff 0 0
0 1 1 0 7ffffffe a8f68be2 d709741c 0 1
0 1 1 1 00000020 0fffffff f0000021 0 1
0 1 1 1 deadbeef 000000ff deadbdf0 0 0
0 1 0 1 00000000 00000001 ffffffff 0 1
0 1 1 0 00000008 00000010 fffffff8 0 1
0 1 1 1 000000ff 7fffffff 80000100 0 1
0 1 1 1 00007fff 00000008 00007ff7 0 0
0 1 1 1 00000001 29daca81 d6253580 0 1
0 1 1 1 b4c586a3 9f2c7889 15990e1a 0 0
0 1 0 1 0000001f f0f0f0f0 0f0f0f2f 0 0
0 1 1 0 18438bff 65f11fa7 b2526c58 0 1
0 1 0 1 0000001f aaaaaaaa 55555575 0 0
0 1 0 1 4776cf1a 32ead9da 148bf540 0 0
0 1 0 1 608c6d4b b925c39b a766a9b0 0 0
0 1 0 1 f0f0f0f0 c0000000 30f0f0f0 0 0
0 1 1 1 00000003 00007fff ffff8004 0 1
0 1 1 0 5036f190 6ae5568d e5519b03 0 1
0 1 1 1 00000003 00000000 00000003 0 0
0 1 0 0 7c1c971f 1020ba85 6bfbdc9a 0 0
0 1 0 1 0000fffe ffffffff 0000ffff 0 0
0 1 1 1 00000001 00000001 00000000 1 0
0 1 0 1 4cf89fe8 38966245 14623da3 0 0
0 1 0 1 00000000 9d602294 629fdd6c 0 0
0 1 0 1 93e57669 8e3c7cf2 05a8f977 0 0
0 1 0 0 80000000 7fffffff 00000001 0 1
0 1 1 0 fffffffe b11ef946 4ee106b8 0 0
0 1 1 1 00000008 ffff0000 00010008 0 1
0 1 0 1 b273d872 7fffffff 3273d873 0 1
0 1 0 1 cb1c4d3e 55c4d27e 75577ac0 0 1
0 1 1 1 f0f0f0f0 80000001 70f0f0ef 0 0
0 1 1 0 f52a6e2c bcf163db 38390a51 0 0
0 1 1 0 0f0f0f0f 0000ffff 0f0e0f10 0 0
0 1 1 0 c0000000 b335ba03 0cca45fd 0 0
0 1 0 1 fffffffe f0f0f0f0 0f0f0f0e 0 0
0 1 0 1 a4ac7116 ff2b2b9e a5814578 0 1
0 1 1 1 f0309c1f 4cb4165e a37c85c1 0 0
0 1 0 0 00000010 c0000000 40000010 0 0
0 1 1 0 7ffffffe aaaaaaaa d5555554 0 1
0 1 0 0 00000000 deadbeef 21524111 0 0
0 1 0 0 00000001 55555555 aaaaaaac 0 1
0 1 0 0 0000000f b034c27a 4fcb3d95 0 0
0 1 0 1 7dc54aab 05528c95 7872be16 0 0
0 1 0 0 e42c4ce6 f49faa42 ef8ca2a4 0 1
0 1 0 0 f541c299 ffff0000 f542c299 0 1
0 1 1 1 deadbeef 00007fff dead3ef0 0 0
0 1 0 0 ea6b31cf f4c4b435 f5a67d9a 0 1
0 1 0 0 5f5ab847 00000001 5f5ab846 0 0
0 1 0 0 f71111c9 cb7169b8 2b9fa811 0 0
0 1 0 0 00008000 00000000 00008000 0 0
0 1 0 1 55555555 fffffffe 55555557 0 0
0 1 0 1 deadbeef 94eb8e52 49c2309d 0 0
0 1 0 0 00000008 939f056e 6c60fa9a 0 0
0 1 0 1 ffffffff 00000004 fffffffb 0 1
0 1 0 1 00007fff 00000000 00007fff 0 0
0 1 0 1 bf4e1240 0fffffff af4e1241 0 1
0 1 0 0 6831c708 75575aea f2da6c1e 0 1
0 1 0 0 f0f0f0f0 000000ff f0f0eff1 0 1
0 1 1 1 7f4db9d6 86e37fb9 f86a3a1d 0 1
0 1 0 0 220bac8e e87cb498 398ef7f6 0 0
0 1 1 0 11845a71 5bf8992a b58bc147 0 1
0 1 0 0 0fffffff 00010000 0ffeffff 0 0
0 1 1 0 4cd1ab88 f8c03f4d 54116c3b 0 1
0 1 1 0 000000ff 000000ff 00000000 1 0
0 1 1 0 00000010 80000001 8000000f 0 1
0 1 0 0 f4ac2904 72b430ad 81f7f857 0 1
0 1 0 1 54aaa0c0 c1e5af40 92c4f180 0 0
0 1 1 0 b77e5da3 b01e9463 075fc940 0 0
0 1 1 0 ea78fe7c 5334d927 97442555 0 0
0 1 1 1 00000001 7ffffffe 80000003 0 1
0 1 1 1 00007fff 71304ec6 8ed03139 0 1
0 1 0 1 e78654b1 00000000 e78654b1 0 1
0 1 1 0 12451dd3 eeac2043 2398fd90 0 1
0 1 0 1 ffffffff 00000020 ffffffdf 0 1
0 1 1 0 00000008 0f0f0f0f f0f0f0f9 0 1
0 1 1 0 777856da b3d66b50 c3a1eb8a 0 1
0 1 1 0 00000020 55555555 aaaaaacb 0 1
0 1 1 1 15b54fc8 c47cd1e6 51387de2 0 1
0 1 1 0 0000ffff 000000ff 0000ff00 0 0
0 1 1 0 00000003 deadbeef 21524114 0 1
0 1 0 1 dd53dec1 b76c64ba 25e77a07 0 0
0 1 1 1 00000000 0000fffe ffff0002 0 1
0 1 1 0 000000ff ffff0000 000100ff 0 1
0 1 0 0 f4481399 7fffffff 7448139a 0 1
0 1 0 0 27f2b731 d3694afa 54896c37 0 0
0 1 1 0 888f12ad ede044e5 9aaecdc8 0 1
0 1 1 0 deadbeef 00000010 deadbedf 0 0
0 1 0 1 e1584f7f c973e543 17e46a3c 0 0
0 1 1 1 d8e30a7e 00000010 d8e30a6e 0 0
0 1 1 1 2914d312 4f4d555a d9c77db8 0 1
0 1 0 0 67c9e73c aaaaaaaa bd1f3c92 0 0
0 1 0 1 55555555 3c90221a 18c5333b 0 0
0 1 0 0 c0000000 00008000 bfff8000 0 1
0 1 0 1 00000020 00000008 00000018 0 0
0 1 0 0 0f0f0f0f 00000004 0f0f0f0b 0 0
0 1 0 1 3279af52 ee6c0f0a 440da048 0 0
0 1 1 1 4a0d13a5 7ea4910a cb68829b 0 1
0 1 0 1 deadbeef 0000001f deadbed0 0 1
0 1 1 0 965d0304 742410a9 2238f25b 0 0
0 1 1 0 c0000000 0000fffe bfff0002 0 0
0 1 1 0 00000020 00000002 0000001e 0 0
0 1 1 1 80000001 5b732a9a 248cd567 0 0
0 1 0 1 f0f0f0f0 00000003 f0f0f0ed 0 1
0 1 1 1 0000ffff 0000ffff 00000000 1 0
0 1 1 0 00000000 00000004 fffffffc 0 1
0 1 1 1 7ffffffe 7d57232d 02a8dcd1 0 0
0 1 0 0 ddc6a012 00007fff ddc62013 0 1
0 1 1 1 f0f0f0f0 0000000f f0f0f0e1 0 0
0 1 1 1 00008000 80000001 80007fff 0 1
0 1 0 1 00000010 deadbeef 21524121 0 0
0 1 0 1 00000002 3bb02251 c44fddb1 0 1
0 1 1 1 7fffffff 00000003 7ffffffc 0 0
0 1 0 0 ffffffff 1b0ec809 e4f137f6 0 1
0 1 0 0 4d7385a6 0b0c2e85 42675721 0 0
0 1 1 1 359df5ac 56446397 df599215 0 1
0 1 0 0 694c40d1 9826b7d1 d1258900 0 0
0 1 1 1 08f33c1c 0000ffff 08f23c1d 0 0
0 1 1 1 00000020 00000003 0000001d 0 0
0 1 0 1 1cc0358d 3722e253 e59d533a 0 1
0 1 1 1 ffffffff 0000000f fffffff0 0 0
0 1 0 1 d320206a 55555555 7dcacb15 0 1
0 1 0 1 7ffffffe 0000fffe 7fff0000 0 0
0 1 1 1 0f0f0f0f 000000ff 0f0f0e10 0 0
0 1 0 1 0000ffff c36a941b 3c966be4 0 0
0 1 1 0 00000004 0000001f ffffffe5 0 1
0 1 1 1 00000008 f0f0f0f0 0f0f0f18 0 1
0 1 1 0 f0f0f0f0 f0f0f0f0 00000000 1 0
0 1 1 1 00000000 0fffffff f0000001 0 1
0 1 0 0 4aee3085 1c626513 2e8bcb72 0 0
0 1 0 1 0fffffff 00000002 0ffffffd 0 0
0 1 1 0 00000010 000000ff ffffff11 0 1
0 1 0 1 deadbeef 0f0f0f0f cf9eafe0 0 1
0 1 1 0 a29d35cf facec448 a7ce7187 0 1
0 1 0 0 a091f0db ffffffff a091f0dc 0 1
0 1 0 0 93a3fe65 bb9fe395 d8041ad0 0 1
0 1 1 0 ffffffff aaaaaaaa 55555555 0 0
0 1 0 1 80000000 0000001f 7fffffe1 0 1
0 1 1 0 0000001f c0000000 4000001f 0 1
0 1 0 1 c0000000 7255275e 4daad8a2 0 1
0 1 0 0 f948cb23 00007fff f9484b24 0 1
0 1 0 1 ffff0000 deadbeef 21514111 0 0
0 1 1 1 f0f0f0f0 412ad7e7 afc61909 0 0
0 1 0 1 7fffffff 00000004 7ffffffb 0 0
0 1 0 0 7ffffffe 0f0f0f0f 70f0f0ef 0 0
0 1 0 0 7fffffff 0fffffff 70000000 0 0
0 1 1 0 3b9eb7fe 52898aa9 e9152d55 0 1
0 1 1 1 4b61f3f7 0000000f 4b61f3e8 0 0
0 1 0 1 6bc6333a 2f87e41c 3c3e4f1e 0 0
0 1 1 1 59b28643 2da06b3d 2c121b06 0 0
0 1 0 0 609f4a83 18c62533 47d92550 0 0
0 1 0 1 ffff0000 00007fff fffe8001 0 1
0 1 1 0 000000ff 00000020 000000df 0 0
0 1 0 0 0000000f 00000001 0000000e 0 0
0 1 1 0 80000000 00000000 80000000 0 0
0 1 1 1 ad12a543 01626375 abb041ce 0 0
0 1 1 0 190dab86 00000001 190dab85 0 0
0 1 0 0 b049066d 008481ee afc4847f 0 1
0 1 0 1 a19a9e8e dd3efe31 c45ba05d 0 1
0 1 0 1 0fffffff deadbeef 31524110 0 0
0 1 1 1 cd193808 43b18fae 8967a85a 0 0
0 1 1 1 386ad2f1 af08a4dc 89622e15 0 1
0 1 1 0 3797cc0d 1e6da5f9 192a2614 0 0
0 1 1 1 7fffffff 000000ff 7fffff00 0 0
0 1 0 1 e6b3ea5f fc0abd8a eaa92cd5 0 1
0 1 1 1 00000000 0f0f0f0f f0f0f0f1 0 1
0 1 0 1 20d0ffff 2d7f9035 f3516fca 0 1
0 1 1 0 00000004 ffffffff 00000005 0 1
0 1 1 1 deadbeef b35c847b 2b513a74 0 0
0 1 1 0 deadbeef 00000002 deadbeed 0 0
0 1 0 1 00000004 55555555 aaaaaaaf 0 1
0 1 1 1 00007fff 00010000 ffff7fff 0 1
0 1 1 1 0f0f0f0f 80000000 8f0f0f0f 0 1
0 1 0 1 00000010 00000020 fffffff0 0 1
0 1 1 1 00000001 0fffffff f0000002 0 1
0 1 1 0 0000001f 00008000 ffff801f 0 1
0 1 1 0 83887003 00000000 83887003 0 0
0 1 1 1 ab8d3a7c 94b51584 16d824f8 0 0
0 1 1 0 351e2764 bf10e1d9 760d458b 0 1
0 1 0 1 0000001f fffffffe 00000021 0 0
0 1 1 1 3f61679c 56fab20c e866b590 0 1
# --- SLL ---
# i_opsel i_sub i_unsigned i_arith i_op1 i_op2 | o_result o_eq o_slt
1 0 0 0 00000020 00000015 04000000 0 0
1 0 1 1 0d4c7c7f 00000016 1fc00000 0 0
1 0 1 1 5eefa920 26dd6323 f77d4900 0 0
1 1 1 0 aaaaaaaa 00000012 aaa80000 0 0
1 1 0 0 00000004 00000005 00000080 0 1
1 1 0 0 1e0aa0e2 8511fff5 1c400000 0 0
1 0 0 1 00010000 0000001e 00000000 0 0
1 0 1 0 00000004 00000004 00000040 1 0
1 0 1 0 7896e8ff 00000006 25ba3fc0 0 0
1 1 0 1 00010000 0000000d 20000000 0 0
1 1 0 0 af3428af 00000017 57800000 0 1
1 1 0 0 0000001f 00000005 000003e0 0 0
1 1 0 1 f620f222 0000000a 83c88800 0 1
1 1 1 0 f0f0f0f0 00000011 e1e00000 0 0
1 1 0 0 7ffffffe 0000000a fffff800 0 0
1 1 0 0 f2ae0e6f 40bf5da4 2ae0e6f0 0 1
1 1 0 1 55555555 00000006 55555540 0 0
1 0 1 1 0000001f 0000000d 0003e000 0 0
1 1 0 1 00000002 548fbc32 00080000 0 1
1 0 0 0 55555555 00000015 aaa00000 0 0
1 0 0 0 0fffffff 00000018 ff000000 0 0
1 1 1 0 ffffffff 5f56c0f0 ffff0000 0 0
1 1 1 1 f0f0f0f0 00000000 f0f0f0f0 0 0
1 1 0 1 00007fff 00000012 fffc0000 0 0
1 0 1 1 1ed0951b b28e3626 b42546c0 0 1
1 1 0 0 2ca90428 883437aa a410a000 0 0
1 0 1 0 0000ffff 00000015 ffe00000 0 0
1 0 1 0 cbb1cbb5 37fd276e 72ed4000 0 0
1 1 0 0 1fc55583 0000001e c0000000 0 0
1 0 1 0 000000ff 0000000b 0007f800 0 0
1 1 0 1 fcfd3a86 00000000 fcfd3a86 0 1
1 0 1 0 00010000 00000012 00000000 0 0
1 0 1 0 0000000f 0000001f 80000000 0 1
1 0 0 1 00000002 00000010 00020000 0 1
1 1 0 0 c0000000 d32994de 00000000 0 1
1 1 1 0 14dd886f 0000001b 78000000 0 0
1 1 1 0 01956f74 00000009 2adee800 0 0
1 0 1 1 aaaaaaaa 00000001 55555554 0 0
1 0 1 1 1f33a01a 00000014 01a00000 0 0
1 0 0 0 a97c1597 a327d170 15970000 0 0
1 1 0 1 fffffffe 0000001e 80000000 0 1
1 1 0 1 00000000 0000001d 00000000 0 1
1 0 1 1 e8587271 00000005 0b0e4e20 0 0
1 0 0 0 ac287475 00000016 1d400000 0 1
1 1 1 1 00000008 0000000b 00004000 0 1
1 0 0 0 00000003 00000012 000c0000 0 1
1 0 0 0 f0f0f0f0 0000001e 00000000 0 1
1 0 1 1 00000010 00000009 00002000 0 0
1 1 1 0 00000020 92d86cf2 00800000 0 1
1 1 1 1 80000001 0000000e 00004000 0 0
1 0 1 1 00000002 00000008 00000200 0 1
1 0 1 0 ed34f329 00000009 69e65200 0 0
1 1 0 0 fffffffe 00000009 fffffc00 0 1
1 1 0 1 000000ff 00000000 000000ff 0 0
1 0 0 0 7fffffff 0000000c fffff000 0 0
1 0 0 0 00010000 0000001b 00000000 0 0
1 0 0 0 8d038006 76ece67a 18000000 0 1
1 0 0 1 ffffffff 0000000e ffffc000 0 1
1 0 1 1 f0f0f0f0 00000009 e1e1e000 0 0
1 0 0 1 55555555 00000017 aa800000 0 0
1 1 0 1 0000001f 0000000c 0001f000 0 0
1 0 0 0 846e025e 0000000a b8097800 0 1
1 0 1 1 739901f5 00000007 cc80fa80 0 0
1 0 1 0 80000000 0000001f 00000000 0 0
1 0 0 0 fc32713d 0000000b 9389e800 0 1
1 1 0 1 0000000f 00000005 000001e0 0 0
1 1 0 1 00000000 00000017 00000000 0 1
1 1 1 1 80000000 00000010 00000000 0 0
1 1 1 1 00010000 00000006 00400000 0 0
1 0 0 0 80000000 00000004 00000000 0 1
1 1 0 1 998a5030 0000001f 00000000 0 1
1 0 1 0 c8714e2f a7cd04c0 c8714e2f 0 0
1 1 0 1 f0f0f0f0 f64198ad 1e1e0000 0 1
1 0 1 0 ffff0000 00000013 00000000 0 0
1 0 1 0 55555555 00000016 55400000 0 0
1 0 1 1 75e0202c a560f98e 080b0000 0 1
1 0 0 0 9ea2a67a 00000007 51533d00 0 1
1 0 0 1 0000001f 00000006 000007c0 0 0
1 1 1 0 80000000 00000014 00000000 0 0
1 1 1 0 123baf3b 00000001 24775e76 0 0
1 0 0 0 0000fffe 00000004 000fffe0 0 0
1 0 0 0 80000001 0000001f 80000000 0 1
1 1 0 1 ffff0000 00000009 fe000000 0 1
1 1 1 1 55555555 0000001c 50000000 0 0
1 0 1 0 00000003 0000001f 80000000 0 1
1 0 1 1 fffffffe 00000018 fe000000 0 0
1 0 1 1 25426443 b5ad1237 21800000 0 1
1 0 0 0 166c425b fc4f2d60 166c425b 0 0
1 1 1 1 0000ffff 0000001f 80000000 0 0
1 0 0 1 00007fff 00000010 7fff0000 0 0
1 0 0 0 5a6c602e a52644e2 69b180b8 0 0
1 0 0 0 00000004 17f71cb5 00800000 0 1
1 1 0 1 e1174398 00000004 11743980 0 1
1 0 0 1 3a8d6810 00000013 40800000 0 0
1 1 1 0 fffffffe 0000000b fffff000 0 0
1 0 0 0 00000002 0000000d 00004000 0 1
1 0 1 1 63878e07 c14f7368 878e0700 0 1
1 1 1 1 f0f0f0f0 0000001d 00000000 0 0
1 1 0 1 00000002 00000018 02000000 0 1
1 1 0 0 00000000 00000018 00000000 0 1
1 0 1 0 bd2c9aaf 1f0e4a70 9aaf0000 0 0
1 0 1 1 ffff0000 0000000e c0000000 0 0
1 0 0 0 cff3143c b183afda f0000000 0 0
1 1 1 1 f0f0f0f0 00000013 87800000 0 0
1 0 0 1 a4494394 e80bb0da 50000000 0 1
1 0 1 1 7fffffff 00000007 ffffff80 0 0
1 1 1 1 00000002 00000009 00000400 0 1
1 0 1 0 0000fffe 591e4e3f 00000000 0 1
1 0 0 0 e8987e65 f049c613 f3280000 0 1
1 0 1 0 98ba81cf 0000001a 3c000000 0 0
1 1 0 1 00000010 0000000f 00080000 0 0
1 1 1 0 ffffffff 7122ede2 fffffffc 0 0
1 1 1 0 00000001 d0ee90ba 04000000 0 1
1 1 0 0 0f0f0f0f 0000000e c3c3c000 0 0
1 1 0 1 fffffffe 00000000 fffffffe 0 1
1 1 1 0 0f0f0f0f 0000000d e1e1e000 0 0
1 0 1 1 00007fff 00000005 000fffe0 0 0
1 0 0 1 00007fff 0000000b 03fff800 0 0
1 1 0 0 55555555 00000014 55500000 0 0
1 0 1 0 32e28573 3cd88a72 15cc0000 0 1
1 0 1 1 0ad6c322 1c4b89c9 ad864400 0 1
1 1 1 0 aaaaaaaa 96dae648 aaaaaa00 0 0
1 1 1 0 b3570d59 bef7665e 40000000 0 1
1 0 0 1 37d85c91 2145062f 2e488000 0 0
1 1 1 1 fffffffe 00000004 ffffffe0 0 0
1 0 1 0 00000010 00000015 02000000 0 1
1 1 1 0 7b6d0a77 035aeb9b b8000000 0 0
1 0 1 0 8091ad42 ad093db2 b5080000 0 1
1 1 1 1 c98c1a8f bafcd2a0 c98c1a8f 0 0
1 0 0 1 ffffffff 00000019 fe000000 0 1
1 1 0 0 0f0f0f0f 48d5dac6 c3c3c3c0 0 1
1 0 1 0 00010000 00000002 00040000 0 0
1 0 0 1 00000000 0000000d 00000000 0 1
1 0 0 0 450e9fdf 5c81abf1 3fbe0000 0 1
1 1 0 1 80000000 0000000e 00000000 0 1
1 1 1 0 00000004 00000011 00080000 0 1
1 1 1 1 55555555 00000005 aaaaaaa0 0 0
1 1 1 1 f5b555d3 00000005 b6aaba60 0 0
1 0 1 0 000000ff c9560da6 00003fc0 0 1
1 1 0 1 0f0f0f0f 0000000a 3c3c3c00 0 0
1 1 0 0 07681a38 b23e156e 068e0000 0 0
1 1 1 0 00000004 0000001c 40000000 0 1
1 1 0 1 9429a8d9 0000000d 351b2000 0 1
1 0 0 0 0000001f 00000001 0000003e 0 0
1 0 0 1 ffffffff 00000010 ffff0000 0 1
1 1 1 0 deadbeef 00000002 7ab6fbbc 0 0
1 0 0 0 00000001 0000000a 00000400 0 1
1 1 1 1 00010000 0000001a 00000000 0 0
1 1 0 0 d3d2f7d9 00000009 a5efb200 0 1
1 1 0 1 0000fffe 3ee8e34c 0fffe000 0 1
1 0 1 1 b446d58a 328a66f8 8a000000 0 0
1 1 0 0 00000001 00000018 01000000 0 1
1 1 0 1 1c03ef76 00000014 f7600000 0 0
1 0 1 0 fd129a54 f0da0e8d 534a8000 0 0
1 1 1 0 2afc6982 e164e90b e34c1000 0 1
1 1 0 1 a3ecdcf8 0000001e 00000000 0 1
1 1 1 0 c0000000 0000000e 00000000 0 0
1 1 1 1 0f0f0f0f 0000001c f0000000 0 0
1 0 0 1 0000ffff 00000017 ff800000 0 0
1 1 0 0 80000001 00000001 00000002 0 1
1 1 0 0 55555555 00000000 55555555 0 0
1 0 1 0 6c23430f 00000002 b08d0c3c 0 0
1 1 1 1 984def55 00000012 bd540000 0 0
1 1 0 0 00000004 0000000b 00002000 0 1
1 1 1 0 ffff0000 0000001f 00000000 0 0
1 0 1 0 7ffffffe 00000018 fe000000 0 0
1 0 1 0 c62f8198 00000017 cc000000 0 0
1 0 0 1 00000002 00000002 00000008 1 0
1 0 0 1 80000001 0000001b 08000000 0 1
1 1 0 1 0000ffff 00000016 ffc00000 0 0
1 1 0 0 00010000 4daa9846 00400000 0 1
1 0 1 1 b0904e47 00000018 47000000 0 0
1 0 1 0 0000ffff 00000016 ffc00000 0 0
1 0 0 1 eacabb73 5806a451 76e60000 0 1
1 0 0 0 0000ffff 940592dc f0000000 0 0
1 0 0 0 00000001 0000001d 20000000 0 1
1 1 1 1 00007fff f1bbee1c f0000000 0 1
1 1 1 1 0000fffe 00000012 fff80000 0 0
1 0 0 0 f0f0f0f0 00000007 78787800 0 1
1 1 1 0 00000000 00000003 00000000 0 1
1 1 0 1 3c5e9351 af318d1c 10000000 0 0
1 1 0 1 d971b373 8e578983 cb8d9b98 0 0
1 0 0 0 00000000 0000000a 00000000 0 1
1 0 0 1 976c823a 77bcdb0e 208e8000 0 1
1 1 0 1 00007fff 00000005 000fffe0 0 0
1 0 0 0 7a18314a 0000000d 06294000 0 0
1 1 1 1 00000020 00000005 00000400 0 0
1 1 1 1 4b2b20e7 7fc4d31e c0000000 0 1
1 1 0 0 80000001 00000006 00000040 0 1
1 1 0 0 ffff0000 00000012 00000000 0 1
1 0 1 0 38a2e398 0000001c 80000000 0 0
1 0 1 1 00000000 0000001e 00000000 0 1
1 0 0 1 0f0f0f0f 00000001 1e1e1e1e 0 0
1 1 1 1 10bf011a 00000009 7e023400 0 0
1 1 1 0 0000fffe 00000015 ffc00000 0 0
1 0 0 1 0f0f0f0f 0000000b 78787800 0 0
1 1 0 1 f0f0f0f0 00000015 1e000000 0 1
1 1 0 1 000000ff 0000000e 003fc000 0 0
1 0 0 0 aaaaaaaa ae6b6dfc a0000000 0 1
1 1 1 0 deadbeef 0000000c dbeef000 0 0
1 0 1 0 00000020 00000010 00200000 0 0
1 1 1 1 00000020 00000009 00004000 0 0
1 1 0 0 368f0963 00000010 09630000 0 0
1 1 0 1 00000020 00000011 00400000 0 0
1 1 0 0 c0000000 00000009 00000000 0 1
1 1 1 0 d838cf02 0000001f 00000000 0 0
1 1 0 0 aaaaaaaa e1de1c45 55555540 0 1
1 0 0 1 45a77250 00000016 94000000 0 0
1 0 1 0 7fffffff 0000000e ffffc000 0 0
1 0 0 0 e5ab92b4 00000005 b5725680 0 1
1 1 0 0 80000001 00000000 80000001 0 1
1 1 0 0 0fffffff 00000002 3ffffffc 0 0
1 1 1 0 a17be2c8 00000007 bdf16400 0 0
1 0 0 1 a0a15f34 c0924761 4142be68 0 1
1 0 0 1 00000010 0000001b 80000000 0 1
1 1 1 0 00000000 00000010 00000000 0 1
1 1 0 1 00000020 0000000e 00080000 0 0
1 0 1 1 0000fffe 0000001a f8000000 0 0
1 0 1 0 fb957876 00000019 ec000000 0 0
1 0 1 0 0426b036 9978a329 4d606c00 0 1
1 0 0 0 000000ff 00000001 000001fe 0 0
1 0 1 0 00000010 e6197ba2 00000040 0 1
1 1 0 0 09442276 00000004 94422760 0 0
1 0 0 1 7e5310d8 219525e3 f29886c0 0 0
1 0 1 1 00010000 60c7356c 10000000 0 1
1 0 1 1 c0000000 00000005 00000000 0 0
1 0 0 0 912f5abb e86efe30 5abb0000 0 1
1 1 0 0 6471d9eb 0000001c b0000000 0 0
1 1 1 1 00000003 00000018 03000000 0 1
1 0 0 0 a880d3ec a4a73600 a880d3ec 0 0
1 1 0 1 c46d7565 00000015 aca00000 0 1
1 0 0 0 00000008 00000010 00080000 0 1
1 0 1 1 80000000 00000000 80000000 0 0
1 1 1 1 0f0f0f0f 0000000f 87878000 0 0
1 1 1 1 55555555 0000000c 55555000 0 0
1 1 0 1 deadbeef 0000001d e0000000 0 1
1 1 1 0 2e4512cc d86b0da3 72289660 0 1
1 0 1 0 8d640353 00000003 6b201a98 0 0
1 1 1 0 00000003 0000000c 00003000 0 1
1 0 0 0 000000ff 00000006 00003fc0 0 0
1 1 0 1 00000002 00000004 00000020 0 1
1 0 1 1 ffff0000 bf2f05ba 00000000 0 0
1 0 1 0 e05e254d d5de913b 68000000 0 0
1 1 0 1 d93ddf04 eaf10538 04000000 0 1
1 1 0 0 16c8147d 0000000f 0a3e8000 0 0
1 1 1 0 f0f0f0f0 00000016 3c000000 0 0
1 1 1 0 922817a4 00000003 9140bd20 0 0
1 1 1 1 000000ff 00000003 000007f8 0 0
1 1 1 1 80000000 b2819ed9 00000000 0 1
1 0 1 0 cc8e74d8 85cccab0 74d80000 0 0
1 1 0 1 f0f0f0f0 0000000f 78780000 0 1
1 1 1 1 9eef1758 895439df 00000000 0 0
1 0 1 0 93acca8a 00000002 4eb32a28 0 0
1 0 0 0 c384fbd9 e6248621 8709f7b2 0 1
1 1 1 0 00000010 00000007 00000800 0 0
1 1 1 1 b91e5152 00000010 51520000 0 0
1 1 1 0 00008000 00000012 00000000 0 0
1 0 0 0 00008000 00000009 01000000 0 0
1 0 0 1 0000000f 00000007 00000780 0 0
1 1 1 0 000000ff 00000012 03fc0000 0 0
1 1 1 1 deadbeef 0000001b 78000000 0 0
1 0 0 0 00000000 0000000d 00000000 0 1
1 1 0 0 add459b6 00000019 6c000000 0 1
1 1 0 0 00000001 00000001 00000002 1 0
1 1 1 0 00000004 0000000a 00001000 0 1
1 1 0 0 80000000 00000015 00000000 0 1
1 0 1 0 000000ff 00000007 00007f80 0 0
1 1 0 1 00000000 00000006 00000000 0 1
1 1 1 0 00007fff 00000000 00007fff 0 0
1 0 0 0 7fffffff c2e9e06a fffffc00 0 0
1 1 0 1 9e049a31 00000005 c0934620 0 1
1 0 1 1 0000000f 00000012 003c0000 0 1
1 1 1 0 0000000f 00000003 00000078 0 0
1 0 0 1 375d7321 8b8f21f6 c8400000 0 0
1 1 0 1 f0f0f0f0 00000018 f0000000 0 1
1 0 0 1 0fffffff 0000001c f0000000 0 0
1 1 0 1 a459687d 0000000f b43e8000 0 1
1 0 1 0 00000003 00000016 00c00000 0 1
1 1 0 1 00008000 00000015 00000000 0 0
1 0 0 1 00000004 0000001a 10000000 0 1
1 0 0 1 00000008 0000001c 80000000 0 1
1 1 1 1 9d15e639 00000017 1c800000 0 0
1 0 0 0 00000003 0000001d 60000000 0 1
1 0 1 0 0000fffe 00000017 ff000000 0 0
1 1 0 0 000000ff 0000001b f8000000 0 0
1 0 0 0 00000020 0000000d 00040000 0 0
1 0 1 0 0000fffe 00000010 fffe0000 0 0
1 1 1 1 ffffffff d02f3ce6 ffffffc0 0 0
1 1 0 1 00000000 00000001 00000000 0 1
1 0 1 1 dfd06d60 72001fab 836b0000 0 0
1 1 0 1 8a935ea9 44a0b839 52000000 0 1
1 0 0 0 0000ffff 00000005 001fffe0 0 0
1 0 0 1 fc8aa912 f7b85193 48900000 0 0
1 1 1 1 e25802eb 00000003 12c01758 0 0
1 1 0 0 40890f4c 0000000c 90f4c000 0 0
1 0 0 1 c0000000 00000017 00000000 0 1
1 1 0 1 cde04fc0 00000002 37813f00 0 1
1 0 1 1 00000001 00000006 00000040 0 1
1 1 0 0 0fffffff 0000000e ffffc000 0 0
1 1 1 0 00000020 00000009 00004000 0 0
1 0 0 1 c3574473 00000002 0d5d11cc 0 1
1 0 1 0 e4efed99 83acfaf2 b6640000 0 0
1 1 1 0 ffffffff 00000017 ff800000 0 0
1 1 1 0 cfaeee7e b8dc95ab 7773f000 0 0
1 0 1 0 1ba69777 f768fed8 77000000 0 1
1 1 1 0 0fffffff 0000001a fc000000 0 0
1 1 1 0 00000010 00000011 00200000 0 1
1 0 0 0 00000003 0000001e c0000000 0 1
1 1 1 0 230ae278 803d51cd 5c4f0000 0 1
1 1 1 1 c0000000 0000001c 00000000 0 0
1 0 0 1 0000ffff 00000012 fffc0000 0 0
1 0 0 0 0fffffff 281072b7 ff800000 0 1
1 1 1 0 0937d498 121c0deb bea4c000 0 1
1 1 1 1 7ffffffe 00000014 ffe00000 0 0
1 1 1 1 d9bcb04c 00000003 cde58260 0 0
1 1 1 1 ffff0000 0000000b f8000000 0 0
1 1 1 0 f151a6d7 00000017 6b800000 0 0
1 0 1 0 aaaaaaaa 2b9e9e4a aaaaa800 0 0
1 1 1 0 80000000 00000006 00000000 0 0
1 0 0 0 00000004 00000006 00000100 0 1
1 0 0 1 80000000 0000001e 00000000 0 1
1 0 1 1 aaaaaaaa 00000013 55500000 0 0
1 0 1 1 366d222d 535aaeef 91168000 0 1
1 1 1 0 00000002 00000014 00200000 0 1
1 0 0 0 00008000 00000014 00000000 0 0
1 1 1 1 da3d2ff6 00000002 68f4bfd8 0 0
1 1 0 0 0000fffe 00000011 fffc0000 0 0
1 1 1 1 00000008 00000015 01000000 0 1
1 1 0 0 338c3d42 00000000 338c3d42 0 0
1 0 0 1 4c2bbdf5 00000012 f7d40000 0 0
1 0 0 0 80000001 ba6095a5 00000020 0 1
1 0 1 0 0e40b562 0000001e 80000000 0 0
1 0 0 1 5f60e4f4 00000010 e4f40000 0 0
1 1 1 1 00008000 0000001b 00000000 0 0
1 0 1 0 00000000 0000000c 00000000 0 1
1 0 0 0 00000002 00000001 00000004 0 0
1 0 0 0 7fffffff 00000010 ffff0000 0 0
1 1 1 1 0c297d02 00000009 52fa0400 0 0
1 0 0 1 aaaaaaaa 00000010 aaaa0000 0 1
1 1 1 1 fbf9ebb0 01b24ff1 d7600000 0 0
1 0 0 1 f0f0f0f0 dee2ce34 0f000000 0 0
1 1 1 0 0000000f 848570a1 0000001e 0 1
1 1 1 1 00000003 0000001c 30000000 0 1
1 1 1 0 deadbeef 00000007 56df7780 0 0
1 0 0 1 38636bd8 00000018 d8000000 0 0
1 1 1 0 b6e2d3a9 0000001a a4000000 0 0
1 1 0 0 b1ed9ef1 824013a4 1ed9ef10 0 0
1 0 0 1 f0f0f0f0 00000017 78000000 0 1
1 0 1 1 00000020 0000001b 00000000 0 0
1 1 1 1 fffffffe 0000001c e0000000 0 0
1 0 1 0 5159214e dc6d738c 9214e000 0 1
1 0 1 0 0c0850f2 00000014 0f200000 0 0
1 0 1 1 c0000000 00000016 00000000 0 0
1 1 1 0 00000010 0000001d 00000000 0 1
1 1 0 0 deadbeef 00000008 adbeef00 0 1
1 0 1 0 00000000 00000007 00000000 0 1
1 1 0 1 deadbeef 0000000a b6fbbc00 0 1
1 0 1 0 00000002 00000016 00800000 0 1
1 0 1 0 00010000 00000016 00000000 0 0
1 0 1 1 00000004 00000001 00000008 0 0
1 0 1 1 59cd589c a6a6caef ac4e0000 0 1
1 0 1 1 8f91eb34 0000000f f59a0000 0 0
1 0 0 1 0cb38738 00000008 b3873800 0 0
1 1 1 0 f0f0f0f0 00000005 1e1e1e00 0 0
1 0 0 0 7ffffffe 0000001b f0000000 0 0
1 0 1 0 7ffffffe 00000009 fffffc00 0 0
1 1 0 1 00000000 00000009 00000000 0 1
1 1 0 1 c0000000 0000001d 00000000 0 1
1 1 1 1 00000002 00000006 00000080 0 1
1 1 1 0 00058652 0000000f c3290000 0 0
1 0 0 0 66cdc4d9 00000005 d9b89b20 0 0
1 1 1 0 7ffffffe 00000001 fffffffc 0 0
1 0 1 0 55555555 c5c3d563 aaaaaaa8 0 1
1 0 1 1 75e8c798 0000001f 00000000 0 0
1 0 0 1 c0000000 00000009 00000000 0 1
1 1 1 1 b47d4381 a5fae3fd 20000000 0 0
1 0 0 0 f0f0f0f0 e1775127 78787800 0 0
1 0 1 1 00007fff ac82c48a 01fffc00 0 1
1 0 0 0 721bb14f 00000005 437629e0 0 0
1 1 1 0 aaaaaaaa 0000000d 55554000 0 0
1 1 1 1 00000020 00000018 20000000 0 0
1 1 0 1 00007fff 0000001c f0000000 0 0
1 1 1 1 7ffffffe 00000001 fffffffc 0 0
1 0 1 0 fffffffe 0000000b fffff000 0 0
1 1 1 1 00000002 0000000f 00010000 0 1
1 0 0 1 4474fc38 00000002 11d3f0e0 0 0
1 1 0 0 000000ff 0000000b 0007f800 0 0
1 0 1 0 7fffffff 0000000d ffffe000 0 0
1 0 0 0 0000001f 0000000e 0007c000 0 0
1 1 1 0 0000fffe 00000002 0003fff8 0 0
1 0 0 1 77b78ced 00000017 76800000 0 0
1 1 0 0 0000fffe 00000013 fff00000 0 0
1 0 1 1 aaaaaaaa 00000011 55540000 0 0
1 1 0 0 0000001f 00000002 0000007c 0 0
1 0 0 0 00000020 00000014 02000000 0 0
1 0 1 0 3d502450 0000001a 40000000 0 0
1 0 0 0 00007fff 00000019 fe000000 0 0
1 0 1 1 00000010 00000003 00000080 0 0
1 0 0 1 f0f0f0f0 00000014 0f000000 0 1
1 1 0 0 b9a4cca8 5111d8a0 b9a4cca8 0 1
1 1 0 1 d3818961 0000001e 40000000 0 1
1 0 1 1 f0f0f0f0 9f6e8b34 0f000000 0 0
1 1 0 1 5f6f5e22 62e60296 88800000 0 1
1 1 1 0 deadbeef 00000014 eef00000 0 0
1 1 0 1 00000020 00000002 00000080 0 0
1 0 0 1 f23a2e8c 00000017 46000000 0 1
1 0 1 0 00000008 00000017 04000000 0 1
1 1 1 1 80000000 00000002 00000000 0 0
1 0 1 1 fffffffe 00000005 ffffffc0 0 0
1 0 1 0 00008000 0000000e 20000000 0 0
1 0 0 0 22245849 00000013 c2480000 0 0
1 1 0 1 791dbf39 c6f300b5 e7200000 0 0
1 0 1 0 e36be668 7f8818ed 7ccd0000 0 0
1 1 1 1 0000ffff 00000003 0007fff8 0 0
1 1 1 1 25c30219 00000000 25c30219 0 0
1 0 0 1 80000000 00000017 00000000 0 1
1 1 0 1 fdc5ccea f2d8ca88 c5ccea00 0 0
1 1 1 0 ab48a919 00000018 19000000 0 0
1 1 0 0 000000ff 00000018 ff000000 0 0
1 1 1 0 f61b2d75 a385f77c 50000000 0 0
1 1 1 0 00000003 82f5d43c 30000000 0 1
1 1 0 1 deadbeef 0000001e c0000000 0 1
1 1 1 1 28a8d304 0000001a 10000000 0 0
1 1 1 0 0000ffff 0000001d e0000000 0 0
1 0 0 1 80000000 0000000a 00000000 0 1
1 1 0 1 64261189 a00fb447 1308c480 0 0
1 0 1 0 0000ffff 00000010 ffff0000 0 0
1 1 0 0 00007fff 0000000a 01fffc00 0 0
1 1 0 1 75a13172 0000000e 4c5c8000 0 0
1 0 1 0 00000000 00000008 00000000 0 1
1 0 1 1 0e73df5b 2d913111 beb60000 0 1
1 0 1 0 aaaaaaaa 00000009 55555400 0 0
1 0 1 1 f8756dd6 7f9f33c4 8756dd60 0 0
1 0 1 0 00000004 00000013 00200000 0 1
1 0 1 0 1ebf8ef8 6d3a01e8 bf8ef800 0 1
1 0 1 0 ad82b7de db5218f3 bef00000 0 1
1 0 0 0 ffffffff 00000017 ff800000 0 1
1 0 0 1 ffff0000 0000001e 00000000 0 1
1 0 0 1 000000ff dd130834 0ff00000 0 0
1 0 0 0 00007fff 0000001b f8000000 0 0
1 0 1 1 b9eac58a 00000002 e7ab1628 0 0
1 1 0 1 5f3f02b1 128d3dd5 56200000 0 0
1 1 1 1 0f0f0f0f 00000016 c3c00000 0 0
1 0 0 0 00000002 00000014 00200000 0 1
1 0 1 1 00007fff 00000000 00007fff 0 0
1 1 1 0 3d6692e6 00000019 cc000000 0 0
1 1 1 0 0000ffff 0000000d 1fffe000 0 0
1 1 1 0 f0f0f0f0 00000012 c3c00000 0 0
1 0 0 1 00000008 00000018 08000000 0 1
1 1 1 0 357ddd3c fbbd6cf4 d3c00000 0 1
1 1 0 1 80000001 00000019 02000000 0 1
1 1 0 0 ffff0000 00000008 ff000000 0 1
1 0 1 1 74e657b3 62981e82 d3995ecc 0 0
1 0 0 0 3816b5de 00000019 bc000000 0 0
1 0 0 0 a6a66dc0 0000000d cdb80000 0 1
1 1 0 1 63806ebc a00bda23 1c0375e0 0 0
1 0 0 0 0904c05f fdbd9e33 02f80000 0 0
1 1 1 0 00010000 0633eb04 00100000 0 1
1 1 0 1 55555555 0000000f aaaa8000 0 0
1 0 0 1 c1d3710a 00000012 c4280000 0 1
1 0 0 1 00000003 0000000d 00006000 0 1
1 0 0 1 7fffffff 0000001c f0000000 0 0
1 1 1 0 00000003 00000009 00000600 0 1
1 1 0 0 00000001 00000014 00100000 0 1
1 1 0 1 a05d9b13 00000018 13000000 0 1
1 1 0 0 ff72b41f c403fc24 f72b41f0 0 0
1 1 0 1 245e6d0d 0000001c d0000000 0 0
1 0 0 1 00000002 0000000c 00002000 0 1
1 1 1 1 3d42ee9b 0000001f 80000000 0 0
1 1 0 1 00000010 00000005 00000200 0 0
1 0 1 1 a6a51083 b473de25 d4a21060 0 1
1 0 0 0 000000ff 00000013 07f80000 0 0
1 0 1 0 b8840d81 3872157c 10000000 0 0
1 1 1 1 aaaaaaaa 00000017 55000000 0 0
1 1 0 0 8fbeceb1 54b91a4a fb3ac400 0 1
1 1 1 1 80000001 0000000f 00008000 0 0
1 0 0 1 0000000f f64d2cce 0003c000 0 0
1 1 1 1 00000008 0000001e 00000000 0 1
1 0 1 0 ffffffff 00000009 fffffe00 0 0
1 0 0 1 fffffffe 0000000a fffff800 0 1
1 1 1 0 0000001f 00000009 00003e00 0 0
1 1 0 1 00008000 00000003 00040000 0 0
1 0 1 1 0f0f0f0f 0000000c f0f0f000 0 0
1 0 1 1 00000000 8b1d5562 00000000 0 1
1 0 0 1 8db9a0ee 28ed8338 ee000000 0 1
1 1 1 0 00000008 00000008 00000800 1 0
1 1 0 0 7ffffffe 1780441d c0000000 0 0
1 0 1 0 73c70f54 00000000 73c70f54 0 0
1 0 0 1 7ffffffe 00000018 fe000000 0 0
1 1 0 0 00010000 00000003 00080000 0 0
1 0 1 1 baec35cb 88ff252a b0d72c00 0 0
1 0 0 1 0000000f 00000006 000003c0 0 0
1 0 1 0 00000001 00000012 00040000 0 1
1 1 1 0 0fffffff 00000008 ffffff00 0 0
1 0 1 1 ffffffff 0000000c fffff000 0 0
1 1 0 0 0f0f0f0f 00000018 0f000000 0 0
1 0 0 1 00000003 141b1128 00000300 0 1
1 1 0 0 0000fffe 00000019 fc000000 0 0
1 0 0 1 fffffffe 0000000b fffff000 0 1
1 0 1 1 f0f0f0f0 00000003 87878780 0 0
1 1 1 0 55555555 00000013 aaa80000 0 0
1 1 0 0 00007fff 0000001e c0000000 0 0
1 0 1 1 ffffffff 0000000d ffffe000 0 0
1 1 1 1 efab9c66 35b26e4d 738cc000 0 0
1 1 0 0 0f0f0f0f 00000011 1e1e0000 0 0
1 1 1 1 f0f0f0f0 0000001a c0000000 0 0
1 0 1 1 7ffffffe 0000001d c0000000 0 0
1 1 1 1 0000000f 00000001 0000001e 0 0
1 1 0 1 606754f7 5e3d74a3 033aa7b8 0 0
1 1 1 0 ffffffff 00000007 ffffff80 0 0
1 1 1 1 0000fffe 0000000b 07fff000 0 0
1 1 0 0 407f990c 0000000d f3218000 0 0
1 0 1 0 00000000 00000006 00000000 0 1
1 0 0 1 00007fff 00000018 ff000000 0 0
1 0 0 0 cc5184df cb55c947 28c26f80 0 0
1 1 1 0 e3b32c93 00000011 59260000 0 0
1 1 1 0 80000001 0000001a 04000000 0 0
1 0 1 1 55555555 00000018 55000000 0 0
1 0 1 0 32c09551 7cec8fea 02554400 0 1
1 0 0 0 aaaaaaaa 0000001a a8000000 0 1
1 0 0 0 00008000 0000001e 00000000 0 0
1 1 1 1 0f0f0f0f 00000015 e1e00000 0 0
1 1 0 0 80000000 0000001e 00000000 0 1
1 1 1 0 00010000 0000001c 00000000 0 0
1 1 1 1 0fffffff 0000001a fc000000 0 0
1 0 0 1 55555555 dfc2d807 aaaaaa80 0 0
1 0 1 0 00000002 00000015 00400000 0 1
1 1 1 0 00000004 0000001f 00000000 0 1
1 1 0 0 00000010 00000012 00400000 0 1
1 1 1 0 aaaaaaaa 0000001f 00000000 0 0
1 1 0 1 e21057fd 00000018 fd000000 0 1
1 1 1 1 1f621356 16b46898 56000000 0 0
1 0 1 0 0f0f0f0f 0000001d e0000000 0 0
1 0 1 0 7fffffff 00000006 ffffffc0 0 0
1 0 1 0 00000008 0000001b 40000000 0 1
1 1 1 1 00000010 00000016 04000000 0 1
1 0 1 0 13d4e7f5 00000017 fa800000 0 0
1 0 0 0 00010000 e5d9a187 00800000 0 0
1 0 1 1 2f998707 5b871c59 0e000000 0 1
1 1 0 0 94aef3fb 68df5d3f 80000000 0 1
1 0 0 0 00000003 00000013 00180000 0 1
1 0 0 0 0fffffff 0000000d ffffe000 0 0
1 1 0 1 64384237 0000000d 0846e000 0 0
1 0 1 0 00007fff 00000008 007fff00 0 0
1 1 0 1 00000001 00000008 00000100 0 1
1 0 1 1 000000ff 0000000d 001fe000 0 0
1 1 1 0 00000004 0000001b 20000000 0 1
1 1 1 1 420973ad d3805261 8412e75a 0 1
1 0 1 1 9a5db829 e9a05e6b edc14800 0 1
1 1 1 0 00000002 0000001c 20000000 0 1
1 1 0 1 570ec318 17cc0dd2 0c600000 0 0
1 0 1 1 00000001 0000000c 00001000 0 1
1 0 0 1 7ffffffe 0000000f ffff0000 0 0
1 1 0 1 ffffffff 00000006 ffffffc0 0 1
1 0 0 0 80000001 0000001d 20000000 0 1
1 0 1 1 00000020 00000013 01000000 0 0
1 1 1 0 0f0f0f0f 00000014 f0f00000 0 0
1 1 1 1 0000000f ad08738f 00078000 0 1
1 0 1 1 00000002 534030a8 00000200 0 1
1 1 0 1 df49ced5 071ff525 e939daa0 0 1
1 1 0 1 00000004 00000000 00000004 0 0
1 0 0 0 bf921834 00000017 1a000000 0 1
1 0 1 0 7ac4f54c a382c8d3 aa600000 0 1
1 1 0 0 00007fff 00000004 0007fff0 0 0
1 0 0 1 00008000 00000000 00008000 0 0
1 1 0 0 ffff0000 0000001c 00000000 0 1
1 1 0 1 00000004 0000000e 00010000 0 1
1 1 0 1 aaaaaaaa 00000000 aaaaaaaa 0 1
1 1 1 0 c0000000 00000010 00000000 0 0
1 0 0 1 ffff0000 0000000c f0000000 0 1
1 0 0 1 872b1edb 0000001b d8000000 0 1
1 1 1 1 cfae755d 8188c92e 9d574000 0 0
1 0 0 0 80000000 0000000d 00000000 0 1
1 1 0 1 00000004 0000001c 40000000 0 1
1 0 1 0 00000000 00000016 00000000 0 1
1 0 0 0 7fffffff 0000000d ffffe000 0 0
1 1 0 1 ce79bf30 e5d0c34c 9bf30000 0 1
1 0 0 0 086b6527 00000018 27000000 0 0
1 1 1 0 e11a1062 25857986 46841880 0 0
1 0 0 0 eef3019c 18569254 19c00000 0 1
1 1 1 0 f0f0f0f0 00000016 3c000000 0 0
1 1 0 1 2ce8bfda 00000003 6745fed0 0 0
1 1 0 1 c061f584 00000006 187d6100 0 1
1 1 1 0 1df61325 497ba60b b0992800 0 1
1 1 1 1 86e8389e 971a8bca a0e27800 0 1
1 1 0 1 80000000 8a438ca7 00000000 0 1
1 0 1 0 00000004 00000018 04000000 0 1
1 1 1 1 bdfb0902 fd368df8 02000000 0 1
1 0 1 1 00000020 0000001d 00000000 0 0
1 1 1 1 0a7a2780 3cd1e97e 00000000 0 1
1 1 1 1 00008000 0000001d 00000000 0 0
1 0 1 0 0000fffe 00000014 ffe00000 0 0
1 0 1 0 9216a59e c5874f55 b3c00000 0 1
1 0 0 0 6b52bf0b 0000001a 2c000000 0 0
1 0 1 0 00000000 00000010 00000000 0 1
1 0 0 1 5399ef1e 0000001d c0000000 0 0
1 0 0 1 863da6be 9b7a3350 a6be0000 0 1
1 0 1 1 00010000 00000014 00000000 0 0
1 0 1 0 932f67dc 00000004 32f67dc0 0 0
1 1 1 0 80000000 6c498cb3 00000000 0 0
1 0 0 1 aceecbf3 00000016 fcc00000 0 1
1 1 0 0 00000003 00000004 00000030 0 1
1 0 1 0 099e6d52 b253ae5b 90000000 0 1
1 1 1 1 c0000000 1a369bab 00000000 0 0
1 0 1 0 00000020 0000001c 00000000 0 0
1 0 0 0 15d31e21 1f02a621 2ba63c42 0 1
1 1 0 0 65798a06 00000018 06000000 0 0
1 1 0 0 00000003 00000014 00300000 0 1
1 1 1 1 16d3285b 00000011 50b60000 0 0
1 1 1 0 de46d3b9 00000002 791b4ee4 0 0
1 0 1 1 55555555 00000015 aaa00000 0 0
1 0 1 1 771ee672 d00ed578 72000000 0 1
1 1 0 1 f0f0f0f0 033c49fd 00000000 0 1
1 1 0 0 ffffffff 0000001a fc000000 0 1
1 1 0 0 00000020 00000019 40000000 0 0
1 1 1 0 af22b0a9 ab3179aa 8ac2a400 0 0
1 0 1 1 000000ff 00000011 01fe0000 0 0
1 0 1 0 0000fffe 0000001e 80000000 0 0
1 1 0 1 aaaaaaaa 0000001d 40000000 0 1
1 1 0 1 80000001 0000000b 00000800 0 1
1 1 0 0 0000ffff 0000001a fc000000 0 0
1 0 0 0 8e2a59d8 00000007 152cec00 0 1
1 0 0 1 214b4e19 0000001d 20000000 0 0
1 1 1 1 ffffffff 00000016 ffc00000 0 0
1 0 1 1 c8fe4589 0000000c e4589000 0 0
1 0 0 0 7186649b a55059af 324d8000 0 0
1 1 0 1 80000000 00000018 00000000 0 1
1 0 0 0 80000001 00000003 00000008 0 1
1 0 0 1 fffffffe 00000008 fffffe00 0 1
1 0 1 1 28c83f4b cd4b6122 a320fd2c 0 1
1 0 0 0 37a27a2b 0000001a ac000000 0 0
1 0 0 1 143f8704 00000001 287f0e08 0 0
1 1 0 1 7fffffff 0000001b f8000000 0 0
1 0 0 1 55555555 00000019 aa000000 0 0
1 1 0 1 e9488dc0 9131ead8 c0000000 0 0
1 0 1 1 ffffffff 00000005 ffffffe0 0 0
1 1 1 0 00000001 00000003 00000008 0 1
1 0 0 0 a4ba7fd7 00000015 fae00000 0 1
1 1 1 1 00000020 48c1f5ec 00020000 0 1
1 1 0 1 0000ffff 00000007 007fff80 0 0
1 0 1 0 f0f0f0f0 53e1f916 3c000000 0 0
1 0 1 0 00000020 00000012 00800000 0 0
1 0 1 0 42303ba2 00000000 42303ba2 0 0
1 1 1 1 00000008 0000000e 00020000 0 1
1 0 1 1 80000000 00000006 00000000 0 0
1 1 0 0 0f0f0f0f 00000010 0f0f0000 0 0
1 0 0 0 00000001 00000017 00800000 0 1
1 1 1 0 7fffffff 0000000f ffff8000 0 0
1 1 1 0 6ea881a9 001a5145 d5103520 0 0
1 1 1 0 00000001 00000015 00200000 0 1
1 0 0 0 7fffffff 45fa5ccd ffffe000 0 0
1 0 1 0 87632040 00000000 87632040 0 0
1 1 1 1 f0f0f0f0 00000000 f0f0f0f0 0 0
1 0 0 0 ed638411 00000009 c7082200 0 1
1 1 1 0 000000ff 0000001e c0000000 0 0
1 1 1 0 5eebea8e 00000006 bafaa380 0 0
1 0 0 1 3fd3daca 00000011 b5940000 0 0
1 0 0 0 908f4f73 00000009 1e9ee600 0 1
1 0 1 1 e28b544f 0d5018fd e0000000 0 0
1 1 0 1 df76417b 00000018 7b000000 0 1
1 1 0 1 00000001 00000004 00000010 0 1
1 1 0 0 00000000 00000002 00000000 0 1
1 1 1 0 ffff0000 00000002 fffc0000 0 0
1 1 0 0 84786469 fe6139da a4000000 0 1
1 0 0 1 00000004 00000014 00400000 0 1
1 1 1 1 f0f0f0f0 00000008 f0f0f000 0 0
1 1 0 0 eaf808d0 00b35996 34000000 0 1
1 0 0 0 7fffffff 0000001a fc000000 0 0
1 0 0 0 ca8f9fa2 c1ac92af cfd10000 0 0
1 1 1 0 94de951c 0879ad28 de951c00 0 0
1 1 1 1 0000000f 0000000c 0000f000 0 0
1 1 0 1 0000fffe 00000005 001fffc0 0 0
1 1 1 0 948b7999 182ee034 99900000 0 0
1 1 0 1 00010000 00000007 00800000 0 0
1 0 0 0 7ffffffe 00000006 ffffff80 0 0
1 0 0 1 55555555 00000011 aaaa0000 0 0
1 1 0 1 c409eb0a fd8274d5 61400000 0 1
1 0 0 0 0000ffff 06c13d05 001fffe0 0 1
1 1 1 0 aaaaaaaa 27a29d7e 80000000 0 0
1 0 0 0 bd66fc64 1a7a9b8c 6fc64000 0 1
1 1 0 1 00010000 00000005 00200000 0 0
1 1 1 1 000000ff 0000000c 000ff000 0 0
1 0 1 0 00008000 0000000b 04000000 0 0
1 1 1 1 0f0f0f0f 00000013 78780000 0 0
1 0 0 1 fffffffe 00000007 ffffff00 0 1
1 0 0 1 7fffffff 00000012 fffc0000 0 0
1 0 1 0 0000001f 00000018 1f000000 0 0
1 1 1 1 e3f99233 6d64a40c 99233000 0 0
1 0 0 1 4ba4f688 1603715a 20000000 0 0
1 0 0 0 00008000 0000000f 40000000 0 0
1 0 1 1 00000002 0000001a 08000000 0 1
1 0 0 0 3f70b1f0 f0a775e1 7ee163e0 0 0
1 1 1 1 d0e01202 78aab6e1 a1c02404 0 0
1 1 1 1 0a7cf4c8 00000018 c8000000 0 0
1 1 1 0 00010000 81baf18f 80000000 0 1
1 0 0 1 2d655a06 b6a46711 b40c0000 0 0
1 0 0 1 00000008 00000001 00000010 0 0
1 1 0 1 00007fff 00000010 7fff0000 0 0
1 1 1 1 80000000 0000000d 00000000 0 0
1 1 0 0 00000004 0000001e 00000000 0 1
1 1 0 0 80000001 00000011 00020000 0 1
1 1 0 0 eed1e136 690b4d6f f09b0000 0 1
1 0 1 0 c4ad71ee 00000013 8f700000 0 0
1 1 0 1 00007fff 00000003 0003fff8 0 0
1 0 1 1 0000000f 00000003 00000078 0 0
1 0 0 0 80000000 0000000b 00000000 0 1
1 0 0 0 000000ff 3d5d55a5 00001fe0 0 1
1 1 0 0 1806506d 00000019 da000000 0 0
1 0 1 0 fffffffe 00000006 ffffff80 0 0
1 0 1 1 ebff85cd 5b6f08c8 ff85cd00 0 0
1 1 0 1 80000000 0000001d 00000000 0 1
1 0 0 1 cf743c5a 77ec24d4 c5a00000 0 1
1 0 1 0 4df024ad 0000000f 12568000 0 0
1 1 1 1 6a39f45a 8d94a0a5 473e8b40 0 1
1 0 1 1 deadbeef 00000016 bbc00000 0 0
1 1 1 0 55555555 855d5650 55550000 0 1
1 0 1 1 00008000 4b0719c9 01000000 0 1
1 0 0 0 deadbeef 00000019 de000000 0 1
1 1 0 1 af8c9ff9 2a850b5d 20000000 0 1
1 0 0 0 00000001 0000001f 80000000 0 1
1 0 0 1 a3d72cbe f1d2f12d e597c000 0 1
1 1 0 1 8307a78c 0000001e 00000000 0 1
1 1 0 1 00000020 00000008 00002000 0 0
1 1 1 1 498c9456 00000013 a2b00000 0 0
1 1 0 0 0000fffe 00000009 01fffc00 0 0
1 0 1 0 fffffffe 00000015 ffc00000 0 0
1 1 0 0 5e3dd6f4 2bb58d82 78f75bd0 0 0
1 1 0 0 dde7f034 00000003 ef3f81a0 0 1
1 0 1 0 837eb4fa 70ea4870 b4fa0000 0 0
1 1 1 0 0fffffff 0000001e c0000000 0 0
1 0 0 1 c0000000 00000007 00000000 0 1
1 0 0 0 cbe2beb5 00bbb2d1 7d6a0000 0 1
1 0 1 1 7884c7be 00000002 e2131ef8 0 0
1 1 1 1 56d1819a 60d7e052 06680000 0 1
1 0 0 0 00000000 00000004 00000000 0 1
1 0 1 1 755022d6 88eb9f66 5408b580 0 1
1 1 0 0 7ffffffe 00000010 fffe0000 0 0
1 1 0 0 14e39e3e 00000016 8f800000 0 0
1 0 1 0 ac59e2b3 0000000c 9e2b3000 0 0
1 0 0 0 0000fffe 00000000 0000fffe 0 0
1 0 1 0 00000020 0000000c 00020000 0 0
1 1 1 1 5c5edf59 00000005 8bdbeb20 0 0
1 0 1 1 0000001f 0000000a 00007c00 0 0
1 0 1 1 f0f0f0f0 00000005 1e1e1e00 0 0
1 0 0 1 80000001 00000013 00080000 0 1
1 0 0 1 0fffffff 0000001e c0000000 0 0
1 1 0 1 00000020 00000003 00000100 0 0
1 1 1 1 deadbeef 00000018 ef000000 0 0
1 1 0 0 00000010 00000001 00000020 0 0
1 1 1 1 ca9ed46f 3122a15e c0000000 0 0
1 1 0 0 7fffffff 00000004 fffffff0 0 0
1 0 1 0 196db510 2c035866 5b6d4400 0 1
1 0 1 0 ad639ed1 23fd5d24 d639ed10 0 0
1 0 0 0 1d6b947f 975e0536 1fc00000 0 0
1 1 0 0 bcc2a270 0000001f 00000000 0 1
1 0 1 0 c0000000 0000000b 00000000 0 0
1 0 1 0 00000008 00000001 00000010 0 0
1 1 0 0 00000001 0000000b 00000800 0 1
1 1 1 1 f0f0f0f0 0000000a c3c3c000 0 0
1 0 1 1 00000008 0000001a 20000000 0 1
1 1 1 1 0f0f0f0f 00000006 c3c3c3c0 0 0
1 1 1 1 00000001 0000001a 04000000 0 1
1 0 0 0 00000008 0000001d 00000000 0 1
1 1 0 0 16060a02 0000000e 82808000 0 0
1 0 0 1 416ac449 c8419bc7 b5622480 0 0
1 1 0 0 fffffffe 00000003 fffffff0 0 1
1 0 0 0 00000004 0000000d 00008000 0 1
1 0 1 0 04f5bc33 1343eadc 30000000 0 1
1 1 1 1 00000001 00000015 00200000 0 1
1 0 1 0 6efecf15 9bf4fc70 cf150000 0 1
1 1 1 1 838a5980 b3550895 30000000 0 1
1 1 0 1 00000010 00000017 08000000 0 1
1 1 0 0 0000000f 00000017 07800000 0 1
1 0 0 0 0000001f 00000015 03e00000 0 0
1 0 1 1 0fffffff 2b641700 0fffffff 0 1
1 1 0 1 00000000 00000014 00000000 0 1
1 0 1 0 0000ffff 00000013 fff80000 0 0
1 1 0 1 00008000 00000011 00000000 0 0
1 0 0 0 d18345be d3acd55e 80000000 0 1
1 0 1 0 aaaaaaaa 00000015 55400000 0 0
1 0 1 0 80000001 00000016 00400000 0 0
1 0 1 0 00000002 0000000a 00000800 0 1
1 1 1 0 000000ff 00000019 fe000000 0 0
1 1 1 1 ffffffff 0000001d e0000000 0 0
1 0 0 0 aaaaaaaa 00000018 aa000000 0 1
1 1 1 1 ff9cd46c b98bf4fc c0000000 0 0
1 0 1 1 7fffffff ed67c50d ffffe000 0 1
1 0 0 1 7ffffffe 00000002 fffffff8 0 0
1 0 0 0 00010000 00000013 00000000 0 0
1 1 0 0 3144d07d c97959d4 07d00000 0 0
1 1 0 1 7ffffffe 00000016 ff800000 0 0
1 1 0 0 00000004 0000000c 00004000 0 1
1 1 1 0 00000004 00000019 08000000 0 1
1 1 1 0 c1de1f47 00000008 de1f4700 0 0
1 0 0 0 ab39dbd8 ae0cd57f 00000000 0 1
1 1 1 1 0000001f 00000003 000000f8 0 0
1 1 1 1 00000010 00000000 00000010 0 0
1 0 1 0 d29e2738 0000000a 789ce000 0 0
1 0 0 1 35a75425 00000008 a7542500 0 0
1 0 0 1 0000ffff 00000019 fe000000 0 0
1 0 0 1 7fffffff 00000011 fffe0000 0 0
1 1 1 0 906fd2f1 08f813fc 10000000 0 0
1 1 1 1 0d13cae3 00000007 89e57180 0 0
1 0 1 0 0000ffff 00000014 fff00000 0 0
1 0 0 1 fffffffe 0000000f ffff0000 0 1
1 1 0 0 00000004 00000003 00000020 0 0
1 1 1 1 ffffffff 9cd77259 fe000000 0 0
1 0 0 1 00000000 a5f0bb85 00000000 0 0
1 1 1 0 f6e9e586 0000000d 3cb0c000 0 0
1 1 1 0 0fffffff 0000001f 80000000 0 0
1 0 1 0 7fa0da90 3870638e 36a40000 0 0
1 1 0 1 00000002 00000003 00000010 0 1
1 1 1 1 000000ff 4e844d37 7f800000 0 1
1 1 0 1 3662df3f 3e7ba38c 2df3f000 0 1
1 0 1 1 7ffffffe e97f201d c0000000 0 1
1 0 0 1 00000000 0000001a 00000000 0 1
1 0 0 0 0000000f 0000001e c0000000 0 1
1 0 0 0 00000004 00000016 01000000 0 1
1 1 1 0 c2303e06 00000015 c0c00000 0 0
1 0 0 1 0000fffe 00000016 ff800000 0 0
1 0 0 0 b4e91053 41a4a53d 60000000 0 1
1 0 0 0 8243f890 78f93373 c4800000 0 1
1 1 0 0 deadbeef 0000001a bc000000 0 1
1 1 1 1 696b3aab 0000001b 58000000 0 0
1 0 0 1 ffffffff 00000004 fffffff0 0 1
1 0 1 0 0000001f 00000007 00000f80 0 0
1 0 0 0 00000010 0000000a 00004000 0 0
1 1 1 0 0fffffff 00000011 fffe0000 0 0
1 0 1 0 ffffffff 00000012 fffc0000 0 0
1 0 1 1 7ffffffe 0000001e 80000000 0 0
1 0 0 1 00000001 0000001b 08000000 0 1
1 0 0 0 0000000f 00000017 07800000 0 1
1 1 0 0 d5955964 00000017 b2000000 0 1
1 0 1 0 000000ff 00000014 0ff00000 0 0
1 1 0 0 a079c12f 00000001 40f3825e 0 1
1 1 0 0 f0f0f0f0 00000010 f0f00000 0 1
1 1 1 0 213147a2 7118e42e 51e88000 0 1
1 0 0 0 f0f0f0f0 00000019 e0000000 0 1
1 0 0 1 7fffffff 00000000 7fffffff 0 0
1 0 0 0 80000001 0000000a 00000400 0 1
1 1 1 0 d8ba7629 ee07a7c2 62e9d8a4 0 1
1 1 0 0 8a54b43e 2e83bdea 52d0f800 0 1
1 1 0 0 254137f4 6ddbe529 826fe800 0 1
1 0 1 0 00010000 00000018 00000000 0 0
1 0 0 1 0000ffff 00000008 00ffff00 0 0
1 0 0 0 0000fffe 94722c90 fffe0000 0 0
1 1 1 1 3165f470 e228dfbd 00000000 0 1
1 1 0 1 ea1b87a1 6c5494af c3d08000 0 1
1 0 1 0 f5f1f626 8d9ccdaa c7d89800 0 0
1 1 1 0 dc9a301e 0000001f 00000000 0 0
1 1 1 1 aaaaaaaa 00000006 aaaaaa80 0 0
1 1 1 0 7ffffffe 00000012 fff80000 0 0
1 0 1 1 c0000000 44f8bff7 00000000 0 0
1 1 0 0 80000000 f5c58984 00000000 0 1
1 0 0 1 7fffffff c849c8bb f8000000 0 0
1 1 0 0 0000001f 00000013 00f80000 0 0
1 1 0 0 00000000 00000007 00000000 0 1
1 0 1 0 00000003 00000011 00060000 0 1
1 1 1 1 80000001 00000014 00100000 0 0
1 0 1 0 00000000 00000005 00000000 0 1
1 1 1 1 fb093705 fda68e67 849b8280 0 1
1 0 1 1 369059a5 0dfc926b 82cd2800 0 0
1 1 1 0 ad093770 a77dc7f7 b8000000 0 0
1 1 1 0 235476d2 0000000f 3b690000 0 0
1 0 0 1 aaaaaaaa 00000019 54000000 0 1
1 0 0 0 72f8b805 cbcc7603 97c5c028 0 0
1 1 0 1 1a88e80e 00000000 1a88e80e 0 0
1 1 0 0 29dc6556 00000007 ee32ab00 0 0
1 1 1 0 c1ce1960 25bf874e 86580000 0 0
1 1 0 0 0fffffff 00000013 fff80000 0 0
1 1 1 0 61a77680 d1b39883 0d3bb400 0 1
1 0 0 0 0f0f0f0f 0000001e c0000000 0 0
1 0 0 1 c0000000 00000001 80000000 0 1
1 1 1 1 0000001f 0000001c f0000000 0 0
1 1 1 0 55555555 0000000a 55555400 0 0
1 0 1 1 000000ff 00000008 0000ff00 0 0
1 0 1 1 00000010 0000001f 00000000 0 1
1 0 0 1 0aad1bb4 00000019 68000000 0 0
1 1 1 0 0f0f0f0f 0000001b 78000000 0 0
1 0 0 1 7fffffff 0000000c fffff000 0 0
1 1 1 0 ea307ff2 1ecdd71b 90000000 0 0
1 0 1 1 55555555 00000004 55555550 0 0
1 1 1 1 0000fffe 0000000a 03fff800 0 0
1 1 0 1 debe06a5 c2ced4ed c0d4a000 0 0
1 0 1 1 ffffffff 00000002 fffffffc 0 0
1 1 1 1 80000001 00000016 00400000 0 0
1 0 0 0 f80b7339 00000014 33900000 0 1
1 0 0 1 0a45153d 00000000 0a45153d 0 0
1 1 0 1 00007fff 00000009 00fffe00 0 0
1 0 0 0 00007fff 00000002 0001fffc 0 0
1 1 0 1 00007fff 00000016 ffc00000 0 0
1 1 1 0 0000ffff 00000000 0000ffff 0 0
1 1 0 0 0000fffe 0000001b f0000000 0 0
1 1 0 1 2abb31bc 0000000e cc6f0000 0 0
1 1 1 1 a7c9944e 2ddb8067 e4ca2700 0 0
1 1 1 0 ffff0000 0000000a fc000000 0 0
1 1 1 0 00008000 00000001 00010000 0 0
1 0 1 0 20a3c6fe 00000003 051e37f0 0 0
1 0 1 1 00000008 0000001f 00000000 0 1
1 1 0 0 00000001 0000000e 00004000 0 1
1 0 1 1 0a579cd2 00000017 69000000 0 0
1 0 0 1 7ffffffe 0000000c ffffe000 0 0
1 0 0 0 44e27ca4 00000001 89c4f948 0 0
1 1 1 0 0000000f 5260f1ad 0001e000 0 1
1 0 1 0 00000002 00000007 00000100 0 1
1 0 1 1 00000002 00000017 01000000 0 1
1 1 0 0 00000010 00000006 00000400 0 0
1 0 0 0 00000001 0000000f 00008000 0 1
1 1 0 1 55555555 00000001 aaaaaaaa 0 0
1 0 1 1 0fffffff 0000001b f8000000 0 0
1 0 1 1 5c6724cf 85104261 b8ce499e 0 1
1 0 0 0 f39c1c9c 0bcdce8c c1c9c000 0 1
1 0 0 1 0000ffff 0000000c 0ffff000 0 0
1 0 1 0 80000001 00000007 00000080 0 0
1 0 1 1 02071572 29a4987b 90000000 0 1
1 0 1 1 ffff0000 0000001b 00000000 0 0
1 1 1 1 00000002 00000011 00040000 0 1
1 0 0 0 1d242864 28cdbbae 0a190000 0 1
1 0 1 0 048f7fe7 0000000a 3dff9c00 0 0
1 0 0 1 00007fff 00000007 003fff80 0 0
1 0 0 0 00000020 00000000 00000020 0 0
1 1 1 1 605c3044 0000000d 86088000 0 0
1 0 1 0 0000ffff 00000018 ff000000 0 0
1 1 1 0 aaaaaaaa 0000000e aaaa8000 0 0
1 1 1 1 80256b4d 00000000 80256b4d 0 0
1 1 1 1 ae660327 00000013 19380000 0 0
1 1 1 1 0000fffe 00000001 0001fffc 0 0
1 0 1 0 208207c8 0000001d 00000000 0 0
1 0 1 0 00000020 00000002 00000080 0 0
1 1 1 0 9621daf7 ad4d2f4e 76bdc000 0 1
1 0 0 0 deadbeef 00000001 bd5b7dde 0 1
1 1 0 0 00008000 0000001f 00000000 0 0
1 0 1 1 ffffffff 4daf9278 ff000000 0 0
1 1 0 0 0f0f0f0f 0000001f 80000000 0 0
1 0 0 0 cbf2d961 0000001d 20000000 0 1
1 1 1 1 891f7fd4 90a97dc8 1f7fd400 0 1
1 0 1 0 00007fff eb8f190e 1fffc000 0 1
1 0 1 1 e43d1486 00000008 3d148600 0 0
1 0 0 1 00000003 00000015 00600000 0 1
1 1 0 0 55555555 0000001a 54000000 0 0
1 1 0 0 80000000 00000011 00000000 0 1
1 0 0 1 0fffffff 0000001d e0000000 0 0
1 1 1 0 0000000f 00000013 00780000 0 1
1 0 0 1 0000001f 0000000f 000f8000 0 0
1 1 0 1 00000000 00000011 00000000 0 1
1 0 1 0 f0f0f0f0 00000003 87878780 0 0
1 1 0 1 0793d010 e7793d2f e8080000 0 0
1 0 0 1 b920742c 0000001f 00000000 0 1
1 1 1 1 0bdfa638 2bfba68f d31c0000 0 1
1 0 0 0 72f7a02b 718471e5 5ef40560 0 0
1 1 0 0 fb9be5a0 00000002 ee6f9680 0 1
1 0 1 1 fffffffe 00000013 fff00000 0 0
1 1 0 1 00010000 0000001d 00000000 0 0
1 1 1 0 aaaaaaaa 0000000a aaaaa800 0 0
1 0 1 1 00000002 00000013 00100000 0 1
1 1 0 0 e5e9f3e4 ed950a62 97a7cf90 0 1
1 0 0 0 000000ff ad2a41a0 000000ff 0 0
1 1 0 1 769611a9 78a913aa 5846a400 0 1
1 1 0 1 68e1eb46 c9fdc040 68e1eb46 0 0
1 0 0 0 566f3a6f 00000015 4de00000 0 0
1 0 0 0 00000020 0000001e 00000000 0 0
1 0 1 1 48f24045 0000000c 24045000 0 0
1 0 0 0 00000008 00000002 00000020 0 0
1 0 0 0 32d7138c 0000001b 60000000 0 0
1 0 1 0 00010000 b39a0cb3 00000000 0 1
1 1 1 0 512de491 00000004 12de4910 0 0
1 1 1 0 bf5769b9 0000000c 769b9000 0 0
1 0 1 1 c0000000 00000018 00000000 0 0
1 1 0 0 0f0f0f0f 00000004 f0f0f0f0 0 0
1 0 1 1 0f0f0f0f 00000000 0f0f0f0f 0 0
1 0 0 0 b77c57b9 00000019 72000000 0 1
1 1 0 0 fffffffe 0000000c ffffe000 0 1
1 1 1 1 aaaaaaaa 0000000f 55550000 0 0
1 1 1 1 2b8385ea 00000016 7a800000 0 0
1 1 1 1 5c73c60a 00000005 8e78c140 0 0
1 1 0 1 24f7fca9 f0ec43aa dff2a400 0 0
1 0 0 1 c0000000 00000003 00000000 0 1
1 0 1 0 80000001 0000000d 00002000 0 0
1 1 0 1 00007fff 00000011 fffe0000 0 0
1 1 0 0 9ea436c3 00000004 ea436c30 0 1
1 0 0 0 b1d53b52 232c696f 9da90000 0 1
1 0 1 1 00000010 00000006 00000400 0 0
1 1 0 1 51526ad2 0000001b 90000000 0 0
1 0 1 1 00000003 0000000a 00000c00 0 1
1 1 0 1 0f0f0f0f 00000002 3c3c3c3c 0 0
1 1 0 1 7ffffffe 0000000d ffffc000 0 0
1 0 0 0 55555555 9f8feb67 aaaaaa80 0 0
1 1 0 1 00000001 0000001e 40000000 0 1
1 1 0 1 0f0f0f0f 00000012 3c3c0000 0 0
1 0 1 0 bb1a15c7 b3cc94be c0000000 0 0
1 0 1 0 0fffffff 60f8c730 ffff0000 0 1
1 0 0 1 28f0b232 99e33446 3c2c8c80 0 0
1 0 0 0 547045f6 00000016 7d800000 0 0
1 0 0 1 000000ff 00000010 00ff0000 0 0
1 0 0 1 0000ffff 73ab4d07 007fff80 0 1
1 1 1 0 32f23a97 3b319cd6 a5c00000 0 1
1 1 1 1 00000010 00000008 00001000 0 0
1 0 1 1 fffffffe 0000001a f8000000 0 0
1 1 1 1 ffffffff 00000000 ffffffff 0 0
1 0 0 1 bd8433a3 0000000c 433a3000 0 1
# --- SLT ---
# i_opsel i_sub i_unsigned i_arith i_op1 i_op2 | o_result o_eq o_slt
2 1 0 0 70ff2236 0207a963 00000000 0 0
3 0 0 1 0f0f0f0f 0f0f0f0f 00000000 1 0
2 0 0 0 fc6c88c1 6bfd860e 00000001 0 1
3 1 0 1 6abd2299 e072035b 00000000 0 0
2 1 0 0 0f0f0f0f 00000010 00000000 0 0
2 1 0 1 00000020 9f4f7cf4 00000000 0 0
3 0 0 0 c0000000 00000020 00000001 0 1
2 0 0 1 9b063a4d 00001bed 00000001 0 1
2 1 0 0 8fd25dee fc2cf060 00000001 0 1
3 0 0 1 0f0f0f0f ffff0000 00000000 0 0
3 0 0 0 65b09001 00000020 00000000 0 0
3 0 0 0 f943865c 94b811c1 00000000 0 0
3 1 0 0 0488cb83 ae8c1e3f 00000000 0 0
2 0 0 1 00000004 0f0f0f0f 00000001 0 1
3 1 0 1 00000001 0000fffe 00000001 0 1
2 0 0 0 c5bb1bd7 b7cca0c2 00000000 0 0
2 0 0 1 ffff0000 55555555 00000001 0 1
3 1 0 0 ffff0000 0000001f 00000001 0 1
2 1 0 1 2f214999 6f94e565 00000001 0 1
2 0 0 1 96ab7093 cdb10348 00000001 0 1
3 0 0 0 00010000 ffffffff 00000000 0 0
3 0 0 0 00007fff c4481d22 00000000 0 0
3 1 0 1 deadbeef 00010000 00000001 0 1
2 1 0 1 0fffffff deadbeef 00000000 0 0
3 1 0 0 d8601f81 eab654ca 00000001 0 1
2 0 0 1 89b337e6 00000001 00000001 0 1
3 1 0 1 7fffffff ffff0000 00000000 0 0
2 1 0 0 4a9cdf09 6d7aeff0 00000001 0 1
2 0 0 1 00000002 0fffffff 00000001 0 1
2 0 0 0 f0f0f0f0 00010000 00000001 0 1
3 0 0 1 00000004 7fffffff 00000001 0 1
2 0 0 1 197ca454 b4def157 00000000 0 0
2 1 0 1 59060ba7 00000001 00000000 0 0
3 1 0 1 00007fff 00000001 00000000 0 0
2 1 0 0 00010000 d260463a 00000000 0 0
2 1 0 0 ffff0000 72a5ad92 00000001 0 1
3 1 0 1 80000001 deadbeef 00000001 0 1
2 0 0 1 00000004 fabf6c43 00000000 0 0
3 1 0 1 00000008 c0000000 00000000 0 0
3 0 0 1 0fffffff 00000002 00000000 0 0
3 1 0 1 6a903ad4 9e32df3b 00000000 0 0
2 1 0 1 00000020 00000020 00000000 1 0
3 0 0 0 00000001 0fffffff 00000001 0 1
3 0 0 1 00000020 00008000 00000001 0 1
3 0 0 0 dee7fd4c 3d23e4dc 00000001 0 1
3 0 0 0 deadbeef 0000ffff 00000001 0 1
3 0 0 1 aaaaaaaa 00000020 00000001 0 1
2 0 0 1 70dc17a9 0000ffff 00000000 0 0
2 0 0 0 a28d6257 f1ebe7e4 00000001 0 1
3 1 0 1 c0000000 d4b3ac7b 00000001 0 1
3 1 0 1 1d366ccd b2991769 00000000 0 0
3 0 0 0 000000ff 00010000 00000001 0 1
2 0 0 1 ffffffff c0000000 00000000 0 0
3 0 0 1 80000000 718792fa 00000001 0 1
2 0 0 0 65cf58d4 0000ffff 00000000 0 0
2 0 0 0 67647e8d 3ab5ee1c 00000000 0 0
3 0 0 1 0000000f c0000000 00000000 0 0
3 0 0 0 9d53980f 0fffffff 00000001 0 1
3 0 0 0 00000010 aaaaaaaa 00000000 0 0
3 1 0 1 841ea503 ac87342f 00000001 0 1
2 1 0 1 00007fff 00008000 00000001 0 1
3 1 0 0 0000fffe ffd12986 00000000 0 0
3 0 0 1 00000010 00000008 00000000 0 0
3 0 0 0 0000ffff 55555555 00000001 0 1
3 1 0 0 ffffffff 3fed7f52 00000001 0 1
2 0 0 0 278461fe 8eb5957e 00000000 0 0
3 1 0 0 0000fffe c0000000 00000000 0 0
3 0 0 1 ffffffff 00000008 00000001 0 1
2 1 0 1 67dace6a 0000001f 00000000 0 0
3 1 0 1 0000fffe 00010000 00000001 0 1
3 0 0 1 00000000 ffffffff 00000000 0 0
3 0 0 0 ffffffff 00000002 00000001 0 1
3 0 0 1 0000ffff 0000001f 00000000 0 0
3 0 0 0 00000010 0f0f0f0f 00000001 0 1
3 0 0 1 55555555 00000004 00000000 0 0
3 0 0 0 f0f0f0f0 00000003 00000001 0 1
2 0 0 0 55df4012 0000ffff 00000000 0 0
2 1 0 0 55555555 00000008 00000000 0 0
2 0 0 1 55555555 ffff0000 00000000 0 0
3 1 0 0 00000001 7fffffff 00000001 0 1
3 1 0 1 00000020 00000002 00000000 0 0
2 0 0 1 00000002 aaaaaaaa 00000000 0 0
3 1 0 1 c1aa982a 7ffffffe 00000001 0 1
3 1 0 1 7fffffff 00000000 00000000 0 0
2 1 0 0 ffff0000 0f0f0f0f 00000001 0 1
2 1 0 0 000000ff 0000000f 00000000 0 0
3 1 0 0 7fffffff 0000000f 00000000 0 0
3 1 0 0 545c5c19 909afa23 00000000 0 0
2 0 0 1 668a25ac b20fee6d 00000000 0 0
2 1 0 0 80000001 80000000 00000000 0 0
2 0 0 0 48019b7a deadbeef 00000000 0 0
2 1 0 1 c3083844 53d4cea9 00000001 0 1
2 1 0 0 00000010 7ffffffe 00000001 0 1
3 0 0 1 00000002 7fffffff 00000001 0 1
2 0 0 0 05697a3f cfa25090 00000000 0 0
2 0 0 0 d835e6fc 2399919e 00000001 0 1
3 0 0 1 0000000f 00007fff 00000001 0 1
3 0 0 0 02bc55aa 23809b21 00000001 0 1
3 0 0 1 f47c43f9 b3b2a3e3 00000000 0 0
2 0 0 0 ffffffff ffff0000 00000000 0 0
3 1 0 0 00000000 fffffffe 00000000 0 0
2 1 0 0 fa43c639 5662a7a7 00000001 0 1
3 0 0 0 80000000 000000ff 00000001 0 1
3 1 0 1 80000000 00000020 00000001 0 1
3 0 0 1 fffffffe 00007fff 00000001 0 1
3 0 0 0 00000010 00000000 00000000 0 0
2 0 0 0 00000003 ffff0000 00000000 0 0
3 1 0 1 00000008 0000fffe 00000001 0 1
3 0 0 0 9215d899 c37d3542 00000001 0 1
3 1 0 1 00000020 00000001 00000000 0 0
2 0 0 0 4107a623 41e1d63b 00000001 0 1
3 1 0 1 00000003 00000020 00000001 0 1
3 1 0 0 00000020 fa29bdd1 00000000 0 0
2 1 0 0 00008000 5fda4f1c 00000001 0 1
2 1 0 0 4b4bad3b 187623f0 00000000 0 0
3 1 0 0 961937c1 282cbb7e 00000001 0 1
2 0 0 0 d7210a8f 75be33e8 00000001 0 1
2 1 0 0 7ffffffe aaaaaaaa 00000000 0 0
2 1 0 1 00000003 00000010 00000001 0 1
2 0 0 0 00000003 0000000f 00000001 0 1
3 0 0 1 e2267a5f eaa5ad58 00000001 0 1
3 0 0 0 deadbeef c46daaab 00000000 0 0
3 0 0 0 aaaaaaaa 00000000 00000001 0 1
2 0 0 1 7fffffff ce225394 00000000 0 0
2 0 0 1 00007fff 80000001 00000000 0 0
2 0 0 1 6f98ca81 6b28c5b3 00000000 0 0
3 0 0 1 f0f0f0f0 00000001 00000001 0 1
3 1 0 0 ac564145 4fac9832 00000001 0 1
2 0 0 1 b5ce8ac4 515146ef 00000001 0 1
3 1 0 1 4cc5bf85 3a5a29f0 00000000 0 0
3 0 0 0 00000010 c0000000 00000000 0 0
3 1 0 0 64f8f4f3 2830492e 00000000 0 0
3 0 0 1 eadd5e3f f0f0f0f0 00000001 0 1
2 0 0 0 f0f0f0f0 00000008 00000001 0 1
2 1 0 1 8a8e32e1 62fc12c0 00000001 0 1
2 0 0 0 0000001f 00000001 00000000 0 0
3 1 0 0 f0f0f0f0 0f0f0f0f 00000001 0 1
3 1 0 0 0000000f 0000ffff 00000001 0 1
2 1 0 1 aaaaaaaa 0fffffff 00000001 0 1
2 0 0 1 e8ab9fb9 deadbeef 00000000 0 0
3 0 0 1 00000004 00000002 00000000 0 0
3 1 0 1 00000002 c0000000 00000000 0 0
2 1 0 1 00000003 5a41a431 00000001 0 1
2 0 0 0 00000000 030e161f 00000001 0 1
2 0 0 0 a7abfe5f db57b237 00000001 0 1
3 1 0 1 c0000000 fffffffe 00000001 0 1
3 0 0 0 47fecbb1 9bab9fcf 00000000 0 0
2 1 0 1 00000004 00010000 00000001 0 1
2 1 0 0 00000002 7ffffffe 00000001 0 1
2 1 0 1 df19c227 2dbdafcc 00000001 0 1
2 1 0 1 ffff0000 deadbeef 00000000 0 0
3 0 0 0 00000004 ffffffff 00000000 0 0
2 0 0 0 ffff0000 c6d6829b 00000000 0 0
3 1 0 0 00000000 7fffffff 00000001 0 1
3 1 0 1 00000010 f0f0f0f0 00000000 0 0
3 0 0 1 7ffffffe 55555555 00000000 0 0
2 1 0 0 dc1285bc 608bc745 00000001 0 1
3 1 0 1 80000000 00000004 00000001 0 1
3 0 0 0 aaaaaaaa 04ba7fc4 00000001 0 1
3 0 0 0 80000000 16bca2f0 00000001 0 1
3 0 0 0 0000ffff 85048b3b 00000000 0 0
2 0 0 0 0000000f 000000ff 00000001 0 1
3 1 0 1 0000ffff 00007fff 00000000 0 0
2 0 0 0 92efabb1 1242ed81 00000001 0 1
3 1 0 0 7fffffff 80000001 00000000 0 0
2 0 0 1 deadbeef c0000000 00000000 0 0
2 0 0 0 0000000f ffc381c0 00000000 0 0
2 1 0 0 fffffffe 00000008 00000001 0 1
2 0 0 1 fffffffe ffffffff 00000001 0 1
2 0 0 0 c0000000 46c7ed41 00000001 0 1
3 0 0 0 fffffffe fffffffe 00000000 1 0
2 1 0 1 7ffffffe 3152b5b5 00000000 0 0
3 1 0 1 00000010 55555555 00000001 0 1
2 0 0 0 aaaaaaaa c2165fca 00000001 0 1
3 1 0 1 00000000 0f0f0f0f 00000001 0 1
2 0 0 1 533fd8df 0000001f 00000000 0 0
3 1 0 0 00893454 ffff0000 00000000 0 0
2 1 0 1 0000fffe 00000008 00000000 0 0
3 1 0 1 b36f2390 fff9063d 00000001 0 1
3 1 0 1 2c5361c9 093e36b9 00000000 0 0
3 1 0 0 17c34788 c4265c8f 00000000 0 0
2 1 0 0 0fffffff 00000004 00000000 0 0
3 1 0 1 0000fffe 80000001 00000000 0 0
3 1 0 0 55555555 0f0f0f0f 00000000 0 0
2 1 0 0 8549ed68 d363ad52 00000001 0 1
2 1 0 0 deadbeef 00007fff 00000001 0 1
3 1 0 0 0000001f 00000004 00000000 0 0
3 1 0 1 aaaaaaaa 00000003 00000001 0 1
2 1 0 0 00000008 bedd175b 00000000 0 0
3 1 0 1 deadbeef 00000020 00000001 0 1
3 1 0 0 00000001 00000010 00000001 0 1
2 1 0 1 7ffffffe 1501b69f 00000000 0 0
3 0 0 0 6755240d e2e468c0 00000000 0 0
2 1 0 0 5bbe1e24 0000001f 00000000 0 0
2 1 0 0 fffffffe f0f0f0f0 00000000 0 0
3 1 0 0 7df55f2d ec3b1350 00000000 0 0
3 1 0 1 fcf63d05 52a46d23 00000001 0 1
2 0 0 0 03e8550f 811cc034 00000000 0 0
3 0 0 1 0000fffe 25a70b97 00000001 0 1
3 0 0 1 0000000f 00000008 00000000 0 0
2 1 0 1 00000010 0000000f 00000000 0 0
3 0 0 1 7fffffff 8c159dc0 00000000 0 0
3 1 0 0 ffffffff 0000ffff 00000001 0 1
3 1 0 0 18658087 0000ffff 00000000 0 0
3 1 0 0 0fffffff 9a4b6ee6 00000000 0 0
3 0 0 0 aaaaaaaa 00000001 00000001 0 1
2 0 0 1 763f093a fdb07686 00000000 0 0
2 0 0 1 80000001 6ebc1836 00000001 0 1
3 0 0 1 ed6b38e0 c8440ebe 00000000 0 0
2 0 0 0 55555555 80000000 00000000 0 0
2 1 0 1 02e5799b 8f3899da 00000000 0 0
3 0 0 0 0fffffff 0fffffff 00000000 1 0
2 1 0 1 f0f0f0f0 ffffffff 00000001 0 1
2 1 0 0 653fb5e3 80000001 00000000 0 0
2 1 0 0 aaaaaaaa 585637d5 00000001 0 1
3 1 0 1 00007fff 00000020 00000000 0 0
2 1 0 0 80000000 00000008 00000001 0 1
3 1 0 1 0f0f0f0f 0000001f 00000000 0 0
3 1 0 0 0000001f deadbeef 00000000 0 0
3 0 0 1 2702d5bc 0459091e 00000000 0 0
2 0 0 0 5685be83 2df5e6d2 00000000 0 0
2 1 0 1 29ab9401 ab0ab57f 00000000 0 0
2 0 0 1 00000008 deadbeef 00000000 0 0
3 0 0 0 2ef9875c e67af583 00000000 0 0
2 0 0 0 2fce4926 9a50119d 00000000 0 0
2 1 0 0 00000008 00000001 00000000 0 0
2 0 0 0 c05b433c 908a1a91 00000000 0 0
3 1 0 1 7ffffffe 00000004 00000000 0 0
2 0 0 1 7c6ca002 0fffffff 00000000 0 0
3 1 0 1 80000001 00000000 00000001 0 1
2 1 0 0 d48d05ba 55555555 00000001 0 1
3 0 0 1 00000003 00000003 00000000 1 0
3 0 0 0 00007fff 0fffffff 00000001 0 1
3 1 0 1 0fffffff 083e66bd 00000000 0 0
3 1 0 1 0bbafec9 f9e948c9 00000000 0 0
2 1 0 0 0000ffff 00000003 00000000 0 0
3 0 0 1 1cfdf195 00010000 00000000 0 0
3 1 0 0 ffff0000 80000001 00000000 0 0
3 1 0 0 0fffffff 0000ffff 00000000 0 0
2 1 0 0 80000001 ffff0000 00000001 0 1
2 1 0 1 00000000 55555555 00000001 0 1
2 0 0 0 ffffffff ffffffff 00000000 1 0
3 1 0 0 a8f07827 f2a6817d 00000001 0 1
2 1 0 0 55555555 00000001 00000000 0 0
2 0 0 0 a9dd33f4 b74d8152 00000001 0 1
2 1 0 1 00008000 00008000 00000000 1 0
3 1 0 0 0000fffe 48d5b751 00000001 0 1
2 0 0 1 7ffffffe 00010000 00000000 0 0
2 0 0 1 438d65e0 ffffffff 00000000 0 0
2 0 0 1 00000000 00008000 00000001 0 1
3 0 0 0 80000001 aaaaaaaa 00000001 0 1
3 0 0 1 ab4e0514 fcea3c57 00000001 0 1
2 0 0 1 00000010 00000010 00000000 1 0
2 1 0 1 bab5c64e fc32103e 00000001 0 1
2 1 0 0 3f84beea dc4b5cb6 00000000 0 0
2 0 0 0 00007fff ffffffff 00000000 0 0
2 1 0 1 00000000 00000010 00000001 0 1
3 1 0 1 55555555 00008000 00000000 0 0
3 1 0 1 deadbeef ffff0000 00000001 0 1
2 1 0 0 00000008 ffff0000 00000000 0 0
3 0 0 1 0000000f 80000000 00000000 0 0
3 0 0 1 fffffffe 7fffffff 00000001 0 1
2 1 0 0 0000000f 9e70d0ff 00000000 0 0
3 1 0 0 967fd2b0 0305d6fd 00000001 0 1
2 0 0 1 b16e0424 f0f0f0f0 00000001 0 1
2 1 0 0 00000002 00000004 00000001 0 1
3 0 0 0 1f49012c 00000001 00000000 0 0
2 0 0 1 0000001f ffffffff 00000000 0 0
3 0 0 1 00008000 00000004 00000000 0 0
3 0 0 0 a0b00813 f1effa80 00000001 0 1
2 1 0 1 7fffffff fffffffe 00000000 0 0
3 0 0 1 7ffffffe f0f0f0f0 00000000 0 0
3 1 0 1 0f0f0f0f 00000020 00000000 0 0
2 1 0 1 c4e68025 092ce882 00000001 0 1
2 0 0 1 7ffffffe 80000001 00000000 0 0
2 1 0 1 fe27707f af226a70 00000000 0 0
3 0 0 0 00000008 000000ff 00000001 0 1
3 0 0 1 891aad20 00000003 00000001 0 1
2 0 0 1 cd3653eb 9d8bb995 00000000 0 0
3 1 0 0 00000000 00000001 00000001 0 1
3 0 0 1 af775f9b 80000001 00000000 0 0
2 1 0 1 872a2d6d a93ef6d7 00000001 0 1
3 1 0 0 0000000f 7ffffffe 00000001 0 1
2 1 0 0 00000004 fffffffe 00000000 0 0
2 0 0 1 f0f0f0f0 0000001f 00000001 0 1
3 0 0 1 00010000 00008000 00000000 0 0
3 0 0 0 0f0f0f0f 00010000 00000000 0 0
3 0 0 1 0000fffe 00000000 00000000 0 0
3 1 0 0 00008000 ffff0000 00000000 0 0
2 1 0 1 00008000 f0f0f0f0 00000000 0 0
3 0 0 1 0000001f 7fffffff 00000001 0 1
2 0 0 1 00000001 aaaaaaaa 00000000 0 0
2 1 0 1 00000002 deadbeef 00000000 0 0
2 1 0 1 a94528a3 0f0f0f0f 00000001 0 1
3 1 0 1 000000ff 00000004 00000000 0 0
3 1 0 1 5cdb713c 8e46cc70 00000000 0 0
3 0 0 0 2b28dc8d 54d0e583 00000001 0 1
3 0 0 0 00000004 55555555 00000001 0 1
3 1 0 0 00008000 c0000000 00000000 0 0
2 0 0 0 0000000f 00000004 00000000 0 0
3 0 0 1 7cfc00e7 ce3491d2 00000000 0 0
3 0 0 1 00000004 00000010 00000001 0 1
2 0 0 0 80000000 00008000 00000001 0 1
2 0 0 0 c0000000 ffffffff 00000001 0 1
3 0 0 1 7ffffffe 00000000 00000000 0 0
3 0 0 0 dac726cb b2c255d9 00000000 0 0
3 1 0 1 55555555 55555555 00000000 1 0
2 0 0 1 00000004 deadbeef 00000000 0 0
2 1 0 0 ec4b1999 0fe93180 00000001 0 1
2 1 0 0 80000001 00010000 00000001 0 1
3 1 0 1 0f0f0f0f 05cb97a9 00000000 0 0
3 0 0 0 f0f0f0f0 80000000 00000000 0 0
2 1 0 0 300ee994 c099f80e 00000000 0 0
3 0 0 0 894cfee4 b9877a3a 00000001 0 1
2 0 0 1 1225126a 1d83e73d 00000001 0 1
2 1 0 0 80000001 00007fff 00000001 0 1
3 0 0 0 000000ff 0000fffe 00000001 0 1
3 1 0 0 00000020 7fffffff 00000001 0 1
2 1 0 1 7fffffff 0000001f 00000000 0 0
3 1 0 0 00007fff 7ffffffe 00000001 0 1
2 0 0 0 ffff0000 0000ffff 00000001 0 1
3 0 0 0 7fffffff deadbeef 00000000 0 0
2 0 0 1 068b88dd cfd1c378 00000000 0 0
3 0 0 0 cb255c42 deadbeef 00000001 0 1
3 0 0 1 5f354b69 06d4ff69 00000000 0 0
2 1 0 0 0fffffff 00008000 00000000 0 0
3 0 0 1 7ffffffe 936a022a 00000000 0 0
3 0 0 0 e7164abf 9507b490 00000000 0 0
3 1 0 1 5470ddd7 b2ab2d79 00000000 0 0
2 1 0 0 00000010 00000004 00000000 0 0
2 0 0 0 00000004 0000fffe 00000001 0 1
2 1 0 1 aaaaaaaa 4cd5c34a 00000001 0 1
3 0 0 0 fffffffe 00000020 00000001 0 1
2 0 0 0 44a19907 547ed095 00000001 0 1
3 0 0 0 00000004 00000020 00000001 0 1
3 1 0 1 c1770d3b f7a1fbab 00000001 0 1
2 0 0 0 072c133a e6ad3f5d 00000000 0 0
3 0 0 1 00008000 00000008 00000000 0 0
3 0 0 0 00000008 7ffffffe 00000001 0 1
2 1 0 0 a66ccc7d e940141d 00000001 0 1
2 1 0 1 69faaa65 467de296 00000000 0 0
2 0 0 0 ffffffff 00007fff 00000001 0 1
3 0 0 0 00000002 00008000 00000001 0 1
2 1 0 1 7ffffffe 33e80402 00000000 0 0
3 1 0 0 55555555 0000ffff 00000000 0 0
2 1 0 0 bedb4b54 1a75a060 00000001 0 1
3 0 0 0 0f0f0f0f deadbeef 00000000 0 0
2 0 0 0 48ef11a6 ac6cb885 00000000 0 0
2 1 0 1 ffffffff 00000020 00000001 0 1
3 0 0 1 00007fff 6391556b 00000001 0 1
2 0 0 1 fffffffe 00000002 00000001 0 1
2 0 0 1 bf5c669b 6b964523 00000001 0 1
2 0 0 1 6d975cea 00000003 00000000 0 0
2 0 0 0 14ad9ffe da4081ad 00000000 0 0
3 0 0 1 00000003 aaaaaaaa 00000000 0 0
2 1 0 0 0f0f0f0f b7ad25aa 00000000 0 0
2 0 0 1 00000002 0f0f0f0f 00000001 0 1
3 0 0 0 00000010 000000ff 00000001 0 1
2 0 0 0 80000000 fffffffe 00000001 0 1
3 0 0 0 5dd5f697 92b47607 00000000 0 0
3 1 0 0 00000000 000000ff 00000001 0 1
3 0 0 0 aaaaaaaa deadbeef 00000001 0 1
3 0 0 1 fffffffe 55555555 00000001 0 1
2 0 0 1 356e2bec 2da30c95 00000000 0 0
2 0 0 1 0fffffff 7fffffff 00000001 0 1
3 0 0 1 55555555 fffffffe 00000000 0 0
3 0 0 0 2c8bc876 55555555 00000001 0 1
3 1 0 0 0000001f 00000003 00000000 0 0
2 0 0 1 80000000 55555555 00000001 0 1
2 1 0 1 041e3afd c39fcdf9 00000000 0 0
3 1 0 1 deadbeef 00000001 00000001 0 1
3 1 0 1 2d041a90 dc9cb23e 00000000 0 0
2 1 0 1 812fe3fb 00000020 00000001 0 1
3 0 0 0 00000002 f0f0f0f0 00000000 0 0
3 1 0 0 287fabe9 ea41248e 00000000 0 0
2 0 0 1 938efeea 27bbf8d3 00000001 0 1
2 1 0 0 0000ffff 7ffffffe 00000001 0 1
2 1 0 1 00007fff 00000004 00000000 0 0
2 0 0 1 59d68c35 0bc8fcfa 00000000 0 0
2 0 0 0 87a2975d 00000004 00000001 0 1
2 1 0 1 7ffffffe 0000fffe 00000000 0 0
2 0 0 1 0f0f0f0f 00007fff 00000000 0 0
3 1 0 1 0000001f 7ffffffe 00000001 0 1
3 1 0 0 0000001f 00000010 00000000 0 0
3 1 0 0 f50c64f0 f91abe1e 00000001 0 1
3 1 0 0 c4a9f774 d0f78776 00000001 0 1
2 0 0 0 5704facf 00000004 00000000 0 0
2 1 0 1 000000ff 80000000 00000000 0 0
3 0 0 1 aaaaaaaa e9682f8c 00000001 0 1
3 0 0 1 caf26e74 9aa28fe5 00000000 0 0
2 1 0 1 6e28475f 342e76af 00000000 0 0
3 0 0 1 0000ffff 00000010 00000000 0 0
3 0 0 1 87a81269 00007fff 00000001 0 1
3 0 0 0 00007fff 0000ffff 00000001 0 1
2 0 0 0 48068c5b 17f68cd5 00000000 0 0
2 0 0 0 00000003 000000ff 00000001 0 1
2 0 0 1 d04334ef a4d0adb2 00000000 0 0
3 0 0 0 00008000 9c976c55 00000000 0 0
3 1 0 1 deadbeef 80000000 00000000 0 0
3 0 0 1 0422e265 010804a0 00000000 0 0
3 1 0 1 00000001 00007fff 00000001 0 1
2 0 0 0 bfae1c08 c06bf402 00000001 0 1
2 0 0 0 0f0f0f0f 55555555 00000001 0 1
3 1 0 0 80000000 00000010 00000001 0 1
2 0 0 1 1776cd7f 56e2f014 00000001 0 1
2 0 0 1 00000004 000000ff 00000001 0 1
3 0 0 1 00000020 00000000 00000000 0 0
2 0 0 1 0000ffff f0f0f0f0 00000000 0 0
3 1 0 0 c0000000 00000001 00000001 0 1
2 0 0 1 4e648ed6 7fffffff 00000001 0 1
3 1 0 0 80000000 00000003 00000001 0 1
3 1 0 0 00000020 000000ff 00000001 0 1
2 0 0 0 5d21db46 e2db1a6b 00000000 0 0
2 0 0 1 80000001 0000001f 00000001 0 1
2 1 0 0 0000fffe 80000000 00000000 0 0
2 1 0 1 5090b9dc 00000020 00000000 0 0
3 1 0 0 00008000 fffffffe 00000000 0 0
3 1 0 1 00000008 82d10019 00000000 0 0
3 0 0 1 00000020 c0000000 00000000 0 0
2 0 0 0 aaaaaaaa 7fffffff 00000001 0 1
2 0 0 0 80000001 00000020 00000001 0 1
3 1 0 1 00000003 76dcea7f 00000001 0 1
3 0 0 0 0000fffe aaaaaaaa 00000000 0 0
3 1 0 0 7fffffff 80000000 00000000 0 0
3 0 0 1 7fffffff 7fffffff 00000000 1 0
2 1 0 0 7fffffff 00008000 00000000 0 0
3 1 0 0 0000001f 566260de 00000001 0 1
3 0 0 0 a01ca7c1 b37412c6 00000001 0 1
2 1 0 0 000000ff 959b813c 00000000 0 0
3 0 0 1 ffffffff 0000fffe 00000001 0 1
2 0 0 0 da3493d8 80000001 00000000 0 0
3 0 0 0 000000ff 7fffffff 00000001 0 1
2 1 0 0 00000004 fa30879e 00000000 0 0
3 1 0 1 c0000000 55555555 00000001 0 1
3 1 0 1 00000008 55555555 00000001 0 1
3 1 0 0 ffffffff 00000001 00000001 0 1
2 0 0 1 0000001f 00010000 00000001 0 1
3 1 0 0 ffff0000 00000004 00000001 0 1
3 1 0 1 80000001 00007fff 00000001 0 1
3 0 0 0 035713e2 6aa9466b 00000001 0 1
3 1 0 1 5a3197e2 00010000 00000000 0 0
3 1 0 1 aaaaaaaa 00000004 00000001 0 1
3 1 0 0 7fffffff 00000008 00000000 0 0
2 1 0 1 c254e6aa 00000008 00000001 0 1
2 1 0 0 d5d72744 0183b80e 00000001 0 1
2 0 0 0 00000001 0f0f0f0f 00000001 0 1
2 0 0 1 bfab7ede 7fffffff 00000001 0 1
3 0 0 1 ede44c9e 80000001 00000000 0 0
2 1 0 0 00008000 0fffffff 00000001 0 1
3 0 0 1 55555555 0000000f 00000000 0 0
2 0 0 0 00008000 00000001 00000000 0 0
2 1 0 1 00000004 aaaaaaaa 00000000 0 0
2 1 0 1 7ffffffe 38296bed 00000000 0 0
2 1 0 1 c0000000 000000ff 00000001 0 1
3 0 0 1 fffffffe 80000000 00000000 0 0
2 1 0 0 00000001 00008000 00000001 0 1
3 1 0 1 80000001 6a53223a 00000001 0 1
3 1 0 1 00000020 ffffffff 00000000 0 0
2 0 0 1 24b00dbe bc305a9b 00000000 0 0
2 1 0 0 00000008 0000ffff 00000001 0 1
3 0 0 0 cc52499d f031ea4f 00000001 0 1
3 1 0 0 deadbeef 00000008 00000001 0 1
3 1 0 1 00000004 00000008 00000001 0 1
3 0 0 0 7ffffffe fffffffe 00000000 0 0
2 0 0 0 0fffffff 55555555 00000001 0 1
2 1 0 1 00007fff eeac537d 00000000 0 0
3 1 0 0 a673fafd 51e38760 00000001 0 1
2 0 0 0 80000000 00000001 00000001 0 1
2 0 0 1 7fffffff 00000004 00000000 0 0
2 1 0 0 d8a95e29 0000000f 00000001 0 1
3 1 0 1 00008000 39321d86 00000001 0 1
2 0 0 0 80000000 cac4af97 00000001 0 1
3 0 0 1 da9d9832 28466e59 00000001 0 1
3 1 0 0 b6ee18bd 7d3c9067 00000001 0 1
3 1 0 1 755c19fd 0000fffe 00000000 0 0
2 0 0 0 7ffffffe 00000008 00000000 0 0
3 1 0 1 0fa538f2 22d94d3e 00000001 0 1
2 1 0 1 f0f0f0f0 00000004 00000001 0 1
3 0 0 1 d49cfe7c dfa40109 00000001 0 1
3 1 0 1 61c1592a ca8801f5 00000000 0 0
2 1 0 1 00008000 babdba18 00000000 0 0
2 0 0 1 00000003 ffff0000 00000000 0 0
2 0 0 0 deadbeef a8d887ae 00000000 0 0
3 1 0 0 00000008 7fffffff 00000001 0 1
2 1 0 1 0f0f0f0f ffffffff 00000000 0 0
3 1 0 0 0000ffff ffff0000 00000000 0 0
3 1 0 1 00000020 ffff0000 00000000 0 0
2 0 0 1 c4855064 ffff0000 00000001 0 1
2 1 0 1 1dc1e52e 47aef357 00000001 0 1
3 1 0 1 0000ffff 70f591e8 00000001 0 1
3 1 0 0 45e41860 2a1bbe13 00000000 0 0
2 1 0 0 6b5d5c89 8b0a74fc 00000000 0 0
3 1 0 1 0f0f0f0f 7ffffffe 00000001 0 1
2 1 0 1 0000001f 000000ff 00000001 0 1
2 0 0 1 c71e8512 5d0f26b2 00000001 0 1
3 1 0 0 3ffc5d51 d86216c4 00000000 0 0
2 0 0 0 f5b5415c bfbf486a 00000000 0 0
3 0 0 0 00000002 00010000 00000001 0 1
3 1 0 0 0000000f 0000001f 00000001 0 1
3 1 0 0 d84befee 0f0f0f0f 00000001 0 1
2 1 0 0 9891fa61 00008000 00000001 0 1
3 1 0 0 26d2269f bf675840 00000000 0 0
2 0 0 0 36153ce8 126ffe1e 00000000 0 0
2 1 0 1 f72e6dfc 9f608647 00000000 0 0
2 1 0 1 91ce0f67 29b83a69 00000001 0 1
3 0 0 0 4776977a 42a53068 00000000 0 0
2 0 0 0 00000003 0000001f 00000001 0 1
2 1 0 0 000000ff 0fffffff 00000001 0 1
3 1 0 1 f6eb650f 2f4a7556 00000001 0 1
2 1 0 1 00000008 0f0f0f0f 00000001 0 1
2 1 0 1 80000001 00000003 00000001 0 1
3 0 0 0 7a9b34e7 aaaaaaaa 00000000 0 0
3 1 0 0 00010000 0000fffe 00000000 0 0
2 0 0 0 aaaaaaaa ffffffff 00000001 0 1
3 0 0 0 00007fff 46a06aa0 00000001 0 1
2 0 0 1 00000020 aaaaaaaa 00000000 0 0
3 1 0 1 fffffffe deadbeef 00000000 0 0
3 0 0 0 8e0e45b1 28da3281 00000001 0 1
2 0 0 1 d98829c8 00000001 00000001 0 1
2 1 0 1 ffff0000 00008000 00000001 0 1
2 0 0 0 72474210 0c84425b 00000000 0 0
2 0 0 0 00008000 000000ff 00000000 0 0
3 0 0 0 80000001 000000ff 00000001 0 1
2 1 0 0 00000000 00000020 00000001 0 1
3 0 0 1 0000001f 80000001 00000000 0 0
2 0 0 1 000000ff ffffffff 00000000 0 0
2 0 0 1 00000010 497cdec8 00000001 0 1
2 0 0 1 7765d75a 9031de76 00000000 0 0
3 0 0 0 4704a82a 55555555 00000001 0 1
2 1 0 0 00000001 00000020 00000001 0 1
3 1 0 1 df566f91 55555555 00000001 0 1
3 1 0 0 d934a14e f0f0f0f0 00000001 0 1
2 1 0 0 ffffffff 0000001f 00000001 0 1
2 1 0 0 4ad8c790 00000003 00000000 0 0
2 0 0 1 824eb4c4 46fb40b3 00000001 0 1
2 0 0 1 0000ffff 00008000 00000000 0 0
2 1 0 0 ffffffff 0000000f 00000001 0 1
3 0 0 0 1d426fe5 f6fa19e4 00000000 0 0
2 1 0 0 00000001 00000004 00000001 0 1
2 1 0 1 e143282c 7e8bfcfd 00000001 0 1
3 1 0 1 7ffffffe 179bce7f 00000000 0 0
3 1 0 1 0000000f 0000000f 00000000 1 0
2 1 0 1 fffffffe 00000004 00000001 0 1
2 1 0 0 00000010 00000008 00000000 0 0
3 1 0 1 9bda90a9 7ffffffe 00000001 0 1
3 1 0 0 55555555 0fffffff 00000000 0 0
2 0 0 0 b01c1417 bbc27b07 00000001 0 1
3 1 0 1 80000001 80bda569 00000001 0 1
2 0 0 0 fffffffe 000000ff 00000001 0 1
3 1 0 0 3fc0ba9c 00010000 00000000 0 0
2 0 0 1 bb7ed064 654b240f 00000001 0 1
3 0 0 1 0000001f 00008000 00000001 0 1
3 0 0 0 00000020 57cf8011 00000001 0 1
2 0 0 1 00000010 ffffffff 00000000 0 0
3 0 0 1 0000001f 4328ae0e 00000001 0 1
3 0 0 1 fc69b679 a7b9ec69 00000000 0 0
3 0 0 0 236e1b08 0a752748 00000000 0 0
2 1 0 0 ffff0000 00000003 00000001 0 1
2 1 0 0 641ef7e0 2e392635 00000000 0 0
3 0 0 0 ffffffff 1b61e277 00000001 0 1
3 1 0 1 826bea67 693eca36 00000001 0 1
3 0 0 1 00000001 000000ff 00000001 0 1
2 1 0 1 00000020 0000000f 00000000 0 0
2 1 0 1 fbc37409 2a40420f 00000001 0 1
3 1 0 1 f7c5efc7 c0000000 00000000 0 0
3 0 0 1 136e9f0e c0000000 00000000 0 0
2 0 0 1 0000ffff aaaaaaaa 00000000 0 0
3 1 0 1 80000000 c0000000 00000001 0 1
3 0 0 0 ffffffff 21bff1e1 00000001 0 1
3 0 0 1 00000000 00010000 00000001 0 1
3 1 0 1 c0000000 00007fff 00000001 0 1
2 1 0 0 7fffffff aaaaaaaa 00000000 0 0
3 1 0 0 8e5e5554 0000ffff 00000001 0 1
2 1 0 0 80000001 f0f0f0f0 00000001 0 1
2 1 0 1 00000004 0000ffff 00000001 0 1
3 0 0 1 0fffffff 7fb911ab 00000001 0 1
3 1 0 0 00010000 0000ffff 00000000 0 0
3 1 0 1 00000002 71a752d8 00000001 0 1
2 1 0 0 2a10a3c3 3310bbbc 00000001 0 1
2 1 0 0 80000001 c0000000 00000001 0 1
3 1 0 1 0fb3bd61 25d6f6be 00000001 0 1
2 1 0 1 0000ffff 70542fb0 00000001 0 1
3 1 0 0 00000001 0000ffff 00000001 0 1
2 0 0 1 7ffffffe 00008000 00000000 0 0
3 0 0 1 0fffffff 00000003 00000000 0 0
3 1 0 1 987d9a5c f7b74b07 00000001 0 1
3 0 0 1 00008000 55555555 00000001 0 1
2 0 0 1 c0000000 00010000 00000001 0 1
3 1 0 1 00000001 ffff0000 00000000 0 0
2 0 0 0 f0f0f0f0 2f83afc6 00000001 0 1
3 1 0 1 00000002 d5c8de78 00000000 0 0
2 1 0 1 707a601f d19233be 00000000 0 0
2 1 0 1 4d5acc56 12dc61b2 00000000 0 0
2 1 0 1 ffff0000 00000008 00000001 0 1
3 0 0 0 c0000000 00000003 00000001 0 1
2 0 0 0 ac38125e 2bc74da6 00000001 0 1
3 1 0 1 aaaaaaaa 80000000 00000000 0 0
2 1 0 0 7ffffffe 00000010 00000000 0 0
2 0 0 0 7fffffff 55555555 00000000 0 0
3 1 0 1 9e01f2bd 1554d4e5 00000001 0 1
3 0 0 1 0000ffff 00000004 00000000 0 0
3 1 0 1 ffff0000 f0f0f0f0 00000000 0 0
2 0 0 0 2440ac71 d0d44698 00000000 0 0
2 1 0 0 f0f0f0f0 aaaaaaaa 00000000 0 0
2 1 0 1 00000008 060fb86d 00000001 0 1
2 1 0 0 fffffffe 54c2fd45 00000001 0 1
3 0 0 1 00000000 0fffffff 00000001 0 1
2 1 0 1 742ea551 000000ff 00000000 0 0
3 1 0 0 2831ee05 8bae0990 00000000 0 0
2 0 0 0 5db54bca e5cb9b60 00000000 0 0
3 0 0 1 7ffffffe 7fffffff 00000001 0 1
2 0 0 1 ffffffff 0fffffff 00000001 0 1
3 0 0 1 3f76f33f 20f0649d 00000000 0 0
3 0 0 0 00000001 00000010 00000001 0 1
3 0 0 1 80000000 5a60f1b4 00000001 0 1
3 1 0 0 00010000 00000004 00000000 0 0
2 1 0 0 f0f0f0f0 ba9e37e2 00000000 0 0
2 0 0 0 0000fffe 0000ffff 00000001 0 1
2 0 0 1 0000001f 0000000f 00000000 0 0
3 0 0 1 00000002 00000003 00000001 0 1
3 0 0 1 aaaaaaaa 7ffffffe 00000001 0 1
2 0 0 1 00007fff 00000002 00000000 0 0
2 0 0 1 0000fffe 00008000 00000000 0 0
2 0 0 1 fffffffe 00008000 00000001 0 1
2 0 0 1 0e843f6a 59ad4240 00000001 0 1
2 0 0 0 fffffffe 0f0f0f0f 00000001 0 1
3 0 0 0 5b3be283 f0ff0f74 00000000 0 0
2 0 0 0 0f0f0f0f aaaaaaaa 00000000 0 0
2 1 0 0 ffff0000 118e4a2f 00000001 0 1
2 0 0 0 50f00c93 00008000 00000000 0 0
3 1 0 1 00000000 a1f90500 00000000 0 0
3 1 0 0 ffff0000 00000002 00000001 0 1
2 1 0 0 23941254 0fffffff 00000000 0 0
3 0 0 1 b455f16e 0fffffff 00000001 0 1
3 0 0 0 25136b81 3e1c01ee 00000001 0 1
3 1 0 0 00000020 0000fffe 00000001 0 1
2 1 0 0 511b20e4 0f0f0f0f 00000000 0 0
2 1 0 0 0000fffe 00000002 00000000 0 0
2 1 0 0 32fabd68 44dae887 00000001 0 1
3 0 0 0 0794ed3b 0c7ba3fd 00000001 0 1
3 1 0 1 80000001 00000010 00000001 0 1
2 1 0 1 7edeb925 35f5b85c 00000000 0 0
2 0 0 1 00008000 2e602647 00000001 0 1
2 1 0 1 00000001 82662822 00000000 0 0
2 1 0 0 978f5c21 54ecbffb 00000001 0 1
2 1 0 1 00000002 0000ffff 00000001 0 1
2 1 0 1 b8766743 7415c8b1 00000001 0 1
3 0 0 0 7d24cb68 00000003 00000000 0 0
3 1 0 0 00010000 80000001 00000000 0 0
2 1 0 0 ddd9240b ffffffff 00000001 0 1
2 0 0 0 deadbeef 000000ff 00000001 0 1
2 1 0 0 00000001 00010000 00000001 0 1
2 0 0 1 0000001f 00000002 00000000 0 0
2 1 0 0 f3ab76c0 9abfc963 00000000 0 0
3 0 0 0 ffffffff 00000004 00000001 0 1
2 1 0 1 00000003 7fffffff 00000001 0 1
3 1 0 1 00000002 0000001f 00000001 0 1
2 1 0 0 0fffffff 000000ff 00000000 0 0
2 1 0 0 7688cd73 80000001 00000000 0 0
2 1 0 1 030057eb 91455aa9 00000000 0 0
2 0 0 1 c0000000 0000000f 00000001 0 1
3 0 0 1 b4469065 00000004 00000001 0 1
3 1 0 1 5461bcd6 625bee19 00000001 0 1
3 1 0 0 7ffffffe 7ffffffe 00000000 1 0
3 1 0 0 a935f4ff b4c86a4f 00000001 0 1
2 1 0 0 de6f2145 5f456fe0 00000001 0 1
2 0 0 0 50edd60e 6f202501 00000001 0 1
2 1 0 0 0f0f0f0f 7fffffff 00000001 0 1
3 1 0 0 3699f3a1 00000001 00000000 0 0
3 1 0 0 29d369b7 047997d1 00000000 0 0
2 1 0 1 a232c414 387ed051 00000001 0 1
2 0 0 1 00000010 157b02e6 00000001 0 1
2 0 0 1 0000000f f0f0f0f0 00000000 0 0
3 0 0 1 3e4a93a3 df4a8d06 00000000 0 0
2 0 0 1 55555555 7ffffffe 00000001 0 1
2 1 0 0 3731072a ef16c777 00000000 0 0
2 0 0 1 06e905c3 00000001 00000000 0 0
2 1 0 1 000000ff fffffffe 00000000 0 0
2 0 0 1 80000001 aeba1329 00000001 0 1
3 0 0 0 0fffffff f0f0f0f0 00000000 0 0
2 1 0 1 00000004 00007fff 00000001 0 1
3 0 0 0 deadbeef 0000fffe 00000001 0 1
2 1 0 1 00000008 7c8d64ed 00000001 0 1
3 1 0 0 ada6cabb a2d68617 00000000 0 0
2 1 0 1 493e6b1e 130a0b42 00000000 0 0
3 1 0 0 ffffffff 7ffffffe 00000001 0 1
2 1 0 1 00007fff 00007fff 00000000 1 0
3 1 0 1 80000001 0f0f0f0f 00000001 0 1
2 1 0 0 0000001f ffff0000 00000000 0 0
2 1 0 1 e1da15ea 00000004 00000001 0 1
3 1 0 0 00008000 7fffffff 00000001 0 1
3 0 0 1 84fdd560 cec80985 00000001 0 1
3 1 0 0 6371ef3e 15904c4b 00000000 0 0
2 1 0 1 80000001 50623073 00000001 0 1
2 0 0 1 00000020 58b44fef 00000001 0 1
2 1 0 1 c1927a4e 00008000 00000001 0 1
3 1 0 1 00010000 fffffffe 00000000 0 0
3 1 0 1 0000ffff 0000ffff 00000000 1 0
3 1 0 1 fffffffe 00010000 00000001 0 1
3 0 0 0 c2ebcf60 893c2452 00000000 0 0
2 1 0 1 00000003 c0000000 00000000 0 0
3 1 0 0 c0000000 7fffffff 00000001 0 1
3 0 0 1 00000008 0fffffff 00000001 0 1
3 0 0 0 f350477c 7ffffffe 00000001 0 1
3 1 0 1 b6d73c65 a5af20fd 00000000 0 0
3 1 0 0 00000000 00000003 00000001 0 1
2 0 0 1 59ec7364 65b8dc62 00000001 0 1
2 0 0 0 00000020 f0f0f0f0 00000000 0 0
3 0 0 0 00010000 8a9cd49b 00000000 0 0
3 0 0 1 00000002 00000000 00000000 0 0
3 1 0 1 e22c58f9 e61b1a3d 00000001 0 1
2 0 0 1 d59ca45f ffff0000 00000001 0 1
2 0 0 0 80000000 00000002 00000001 0 1
3 0 0 0 8623e72e 9d5d0f7e 00000001 0 1
3 1 0 1 3e7fd57e a7b28105 00000000 0 0
3 0 0 1 0000000f 00000002 00000000 0 0
2 1 0 1 00000008 00000020 00000001 0 1
3 0 0 1 d7bf4f3c b56da08e 00000000 0 0
2 1 0 1 da07d906 b9089523 00000000 0 0
3 1 0 0 aaaaaaaa 0000000f 00000001 0 1
3 1 0 1 9cf4d7dc f968f038 00000001 0 1
3 0 0 1 7fffffff 00000010 00000000 0 0
2 1 0 1 7372c8c9 7dee624d 00000001 0 1
3 0 0 1 0b9b7b4a 6fa2d430 00000001 0 1
3 1 0 1 ff61b05e a0f6640b 00000000 0 0
2 1 0 0 55555555 00000000 00000000 0 0
3 0 0 0 0000fffe 7ffffffe 00000001 0 1
3 1 0 0 e8a764fa 65d540e8 00000001 0 1
2 1 0 0 00000001 80000000 00000000 0 0
2 1 0 0 55555555 aaaaaaaa 00000000 0 0
2 0 0 0 24a3c70b c6299954 00000000 0 0
2 0 0 1 8d74a19d b89c3ca3 00000001 0 1
2 0 0 0 562a9553 59460637 00000001 0 1
3 1 0 0 0000fffe 00000010 00000000 0 0
2 0 0 0 7fffffff 7ffffffe 00000000 0 0
3 1 0 1 f0f0f0f0 e656b76a 00000000 0 0
2 0 0 1 aaaaaaaa 00000002 00000001 0 1
2 0 0 0 1c643d84 2e1671c8 00000001 0 1
3 0 0 1 00000003 ffffffff 00000000 0 0
3 1 0 0 fffffffe 7ffffffe 00000001 0 1
2 1 0 0 8a88c1c3 7232b00a 00000001 0 1
2 1 0 0 6bc8552d 5333ec39 00000000 0 0
3 0 0 0 00000000 ffff0000 00000000 0 0
3 0 0 1 c0000000 00000000 00000001 0 1
2 0 0 0 0f0f0f0f 00000003 00000000 0 0
3 1 0 0 0000001f 8d437f1f 00000000 0 0
3 1 0 1 00000000 7f0653ab 00000001 0 1
2 1 0 0 715db5a3 3409b828 00000000 0 0
3 1 0 1 e75f4d5c 06aa2274 00000001 0 1
3 0 0 1 0f0f0f0f 00000008 00000000 0 0
2 0 0 0 00000003 00000008 00000001 0 1
3 0 0 1 00000010 00010000 00000001 0 1
2 1 0 0 00007fff 80000000 00000000 0 0
3 0 0 1 0000fffe 00000001 00000000 0 0
3 1 0 0 ccd8a3c2 0ee2ba43 00000001 0 1
2 1 0 0 7ffffffe 0f0f0f0f 00000000 0 0
3 1 0 0 3ec6a422 80000000 00000000 0 0
2 1 0 1 7fffffff 0f0f0f0f 00000000 0 0
3 0 0 0 00000002 00000008 00000001 0 1
3 0 0 1 7ffffffe 80000000 00000000 0 0
3 1 0 1 000000ff aaaaaaaa 00000000 0 0
2 0 0 0 0000ffff 00000003 00000000 0 0
3 1 0 0 413aa240 37c478e6 00000000 0 0
3 0 0 1 fd2e6840 ef747500 00000000 0 0
3 0 0 1 0f0f0f0f 000000ff 00000000 0 0
2 1 0 0 ff3f3eb3 d6144e35 00000000 0 0
3 0 0 0 b472b419 5f2bcf95 00000001 0 1
2 1 0 0 00000020 7ffffffe 00000001 0 1
3 0 0 1 00000003 fffffffe 00000000 0 0
3 0 0 1 aaaaaaaa 9b14d57d 00000000 0 0
3 1 0 0 0000fffe ffffffff 00000000 0 0
2 1 0 0 95618c4e 0000ffff 00000001 0 1
2 0 0 0 09cf55af ae9d9650 00000000 0 0
3 1 0 1 0000ffff 7fffffff 00000001 0 1
3 1 0 1 000000ff 5babc4e1 00000001 0 1
2 1 0 1 ffff0000 d29f9771 00000000 0 0
2 1 0 0 e5ba5803 57b4579f 00000001 0 1
2 0 0 0 80000000 00010000 00000001 0 1
3 1 0 0 0000000f 00000000 00000000 0 0
2 1 0 1 8fff7984 00000020 00000001 0 1
3 0 0 0 000000ff 00000000 00000000 0 0
2 0 0 1 00008000 0000ffff 00000001 0 1
2 1 0 0 00000000 86c650f0 00000000 0 0
2 0 0 0 de637ec6 b09fb864 00000000 0 0
2 1 0 1 0000000f ffffffff 00000000 0 0
2 1 0 0 00008000 00000003 00000000 0 0
2 1 0 0 00000003 79c9df68 00000001 0 1
2 0 0 0 225f3cc0 15d0cdf0 00000000 0 0
2 1 0 1 1de41c3d 0000ffff 00000000 0 0
3 0 0 1 0000fffe 1313bc70 00000001 0 1
2 1 0 0 f0f0f0f0 00000000 00000001 0 1
3 0 0 1 f0f0f0f0 7fffffff 00000001 0 1
3 1 0 1 55555555 79b5a1e0 00000001 0 1
2 0 0 0 0fffffff 0000fffe 00000000 0 0
3 0 0 0 80000000 ffffffff 00000001 0 1
3 1 0 1 7fffffff 2267473f 00000000 0 0
3 0 0 1 0f0f0f0f c0000000 00000000 0 0
3 0 0 1 f0f0f0f0 c0000000 00000000 0 0
2 0 0 0 00000020 00000004 00000000 0 0
2 1 0 0 0000000f 00000001 00000000 0 0
3 0 0 0 0f0f0f0f 0000000f 00000000 0 0
2 0 0 0 8fa10b79 16818d26 00000001 0 1
2 1 0 1 4a26b649 bef47b45 00000000 0 0
3 0 0 0 d1f49455 5288315c 00000001 0 1
2 0 0 1 7fffffff 8c040ed1 00000000 0 0
3 0 0 1 00000004 00000000 00000000 0 0
3 0 0 0 90f6ac95 142139bc 00000001 0 1
2 0 0 0 25b127fc bf57816a 00000000 0 0
2 0 0 0 ffffffff 7fffffff 00000001 0 1
3 0 0 1 0000fffe 00000004 00000000 0 0
2 0 0 1 55555555 350431f7 00000000 0 0
3 0 0 0 80000001 00000004 00000001 0 1
2 0 0 0 00008000 00000000 00000000 0 0
2 1 0 0 ffffffff 00010000 00000001 0 1
2 0 0 0 7ffffffe ffffffff 00000000 0 0
3 1 0 1 00007fff deadbeef 00000000 0 0
2 0 0 0 2887f2e4 deadbeef 00000000 0 0
2 1 0 0 eb9781ef ca1f6144 00000000 0 0
2 0 0 1 ffff0000 0000fffe 00000001 0 1
2 1 0 1 55555555 00007fff 00000000 0 0
3 0 0 0 80000000 aaaaaaaa 00000001 0 1
3 1 0 0 e9280afe ee778c23 00000001 0 1
2 0 0 1 d85a27d7 f54ae4ff 00000001 0 1
2 0 0 1 b8d758c0 00cd3afc 00000001 0 1
3 1 0 1 7fffffff 00007fff 00000000 0 0
3 0 0 0 c68724cc 55555555 00000001 0 1
2 1 0 1 9d17a68f 788f87ff 00000001 0 1
2 1 0 1 000000ff 00000020 00000000 0 0
3 1 0 1 e9e6c4cd 4f63fd04 00000001 0 1
3 0 0 0 9071f7d2 92c80860 00000001 0 1
3 0 0 0 00000008 00000004 00000000 0 0
2 1 0 0 d30496ca 84dbc223 00000000 0 0
2 0 0 0 00007fff 00007fff 00000000 1 0
2 1 0 0 80000000 7fffffff 00000001 0 1
3 1 0 1 132cc26d 655bd1f3 00000001 0 1
2 1 0 0 0000ffff 0000000f 00000000 0 0
2 1 0 0 ffff0000 0000000f 00000001 0 1
2 0 0 0 000000ff deadbeef 00000000 0 0
2 0 0 0 0000ffff 0fffffff 00000001 0 1
3 0 0 1 2ef69c39 b6b2abea 00000000 0 0
3 1 0 1 65c93d8b 1c17c51c 00000000 0 0
3 1 0 0 c5665d5a ff8e97b5 00000001 0 1
3 0 0 0 48344238 301ad046 00000000 0 0
3 1 0 1 6ab5efa7 587c23b8 00000000 0 0
3 0 0 1 0000000f 55555555 00000001 0 1
3 0 0 1 00000000 c0000000 00000000 0 0
3 0 0 1 ffffffff 00000010 00000001 0 1
3 1 0 1 00008000 0000fffe 00000001 0 1
2 0 0 1 0000001f 00007fff 00000001 0 1
3 1 0 1 00000001 688b800e 00000001 0 1
3 0 0 1 00007fff 00000008 00000000 0 0
2 1 0 0 00000010 deadbeef 00000000 0 0
2 1 0 1 16acc3d4 60eb668b 00000001 0 1
3 1 0 0 3d324630 000000ff 00000000 0 0
2 0 0 1 00008000 00010000 00000001 0 1
2 1 0 1 00000010 0fffffff 00000001 0 1
3 1 0 1 00000000 00010000 00000001 0 1
3 0 0 0 80000001 0000fffe 00000001 0 1
2 0 0 1 36b58abe 994f8951 00000000 0 0
2 1 0 1 c0000000 00000002 00000001 0 1
2 1 0 1 80000000 0f0f0f0f 00000001 0 1
2 1 0 1 f0f0f0f0 b153de0d 00000000 0 0
2 1 0 0 8cdda525 d9c24ac9 00000001 0 1
2 0 0 0 1999d50c c3e3bae9 00000000 0 0
3 1 0 1 f0f0f0f0 0000ffff 00000001 0 1
3 1 0 1 ff48ad59 28e9fcb5 00000001 0 1
3 0 0 1 0f0f0f0f 0000fffe 00000000 0 0
2 0 0 1 00008000 6f2f6418 00000001 0 1
2 0 0 0 f4e5500b 9b7e9250 00000000 0 0
2 1 0 0 04157ff9 91528881 00000000 0 0
2 1 0 1 0000fffe 00000020 00000000 0 0
2 0 0 1 aaaaaaaa 0000fffe 00000001 0 1
2 1 0 1 80000001 00000002 00000001 0 1
2 0 0 1 7ffffffe c0000000 00000000 0 0
3 0 0 0 d9f38338 fdb80d78 00000001 0 1
3 0 0 0 deadbeef 00000002 00000001 0 1
2 0 0 0 7ffffffe 000000ff 00000000 0 0
3 1 0 1 c0000000 80000000 00000000 0 0
2 0 0 0 252bc7e3 ffa051c6 00000000 0 0
3 1 0 1 00000001 00000000 00000000 0 0
3 1 0 1 694c65c8 00010000 00000000 0 0
2 1 0 0 0f0f0f0f 00008000 00000000 0 0
3 0 0 1 37b0724f 00000002 00000000 0 0
2 1 0 0 000000ff 6560a7f6 00000001 0 1
2 0 0 0 589275e4 02b37b6b 00000000 0 0
3 0 0 1 9a831427 1aaff493 00000001 0 1
2 0 0 1 23498277 b0ccb965 00000000 0 0
2 0 0 1 86fb5df7 00010000 00000001 0 1
2 0 0 0 000000ff 00008000 00000001 0 1
3 1 0 0 00000010 00008000 00000001 0 1
2 0 0 0 a5e6de62 3cf27cc0 00000001 0 1
2 0 0 1 00000001 6dd4f79f 00000001 0 1
2 0 0 1 aaaaaaaa ffff0000 00000001 0 1
3 1 0 0 0cb5e9ce 01a6d164 00000000 0 0
2 0 0 0 000000ff 80000001 00000000 0 0
3 0 0 0 05e0f654 59c5a866 00000001 0 1
2 0 0 1 7ffffffe 0fffffff 00000000 0 0
2 0 0 1 2710ccca 70885067 00000001 0 1
3 1 0 1 7ffffffe 7fffffff 00000001 0 1
3 0 0 1 0fffffff 0000000f 00000000 0 0
3 1 0 0 5b7dd62a 1780b4e1 00000000 0 0
3 1 0 1 00000002 7fffffff 00000001 0 1
2 1 0 0 ffff0000 00007fff 00000001 0 1
3 0 0 0 55555555 00000002 00000000 0 0
2 1 0 0 0b934d88 3bbb4069 00000001 0 1
3 0 0 1 7ffffffe 1961f12b 00000000 0 0
3 0 0 1 a08dc918 bca814a3 00000001 0 1
3 0 0 0 ffffffff 997abe3b 00000000 0 0
2 0 0 1 aa9b0cf7 00000002 00000001 0 1
3 1 0 0 55555555 c0000000 00000000 0 0
2 1 0 0 936b90a6 dd22a5b3 00000001 0 1
3 1 0 1 00000008 00010000 00000001 0 1
3 1 0 0 00000004 7ffffffe 00000001 0 1
3 0 0 1 55555555 deadbeef 00000000 0 0
3 1 0 1 ad505561 c10142aa 00000001 0 1
2 1 0 1 19172406 c0000000 00000000 0 0
3 0 0 1 00000010 f6b80144 00000000 0 0
3 0 0 1 0d962015 a7180553 00000000 0 0
3 1 0 0 829d6b6e 718fc8a9 00000001 0 1
2 0 0 1 5096c27d d8257e70 00000000 0 0
3 1 0 1 00008000 80000001 00000000 0 0
2 1 0 1 00008000 0000000f 00000000 0 0
3 0 0 0 0000fffe 000000ff 00000000 0 0
3 0 0 0 00000004 e016140b 00000000 0 0
2 1 0 1 00000002 fffffffe 00000000 0 0
2 1 0 1 dd582ba9 5710f063 00000001 0 1
2 1 0 0 3bc4b588 77d6ccb0 00000001 0 1
3 1 0 1 42eae0cd ba1a46d2 00000000 0 0
2 1 0 0 ffffffff deadbeef 00000000 0 0
2 1 0 0 aaaaaaaa 00008000 00000001 0 1
3 0 0 0 fffffffe aaaaaaaa 00000000 0 0
3 0 0 1 c0000000 0000001f 00000001 0 1
2 1 0 1 00010000 00000002 00000000 0 0
3 1 0 0 c0000000 f0f0f0f0 00000001 0 1
2 1 0 0 8a676a5d 31175246 00000001 0 1
2 1 0 1 f0f0f0f0 55555555 00000001 0 1
3 0 0 0 0dc82d65 54f3c93b 00000001 0 1
3 0 0 0 0000fffe 80000000 00000000 0 0
3 1 0 1 00007fff 00000010 00000000 0 0
3 0 0 1 deadbeef 7fffffff 00000001 0 1
3 0 0 0 fffffffe 00000001 00000001 0 1
3 1 0 0 0000001f 80000000 00000000 0 0
2 0 0 0 0000000f 00000003 00000000 0 0
3 1 0 1 00000001 00000002 00000001 0 1
2 0 0 0 55555555 a76b31dd 00000000 0 0
2 1 0 0 fffffffe 0000000f 00000001 0 1
3 1 0 0 852cd130 00000003 00000001 0 1
2 0 0 1 481bb366 827fa6bb 00000000 0 0
2 1 0 0 fa32cef5 0000fffe 00000001 0 1
2 0 0 1 576b153b 6bf8f952 00000001 0 1
2 1 0 1 000000ff f0f0f0f0 00000000 0 0
2 0 0 0 7fffffff 00010000 00000000 0 0
2 1 0 1 f1f2a540 00010000 00000001 0 1
3 0 0 0 f3b2c998 1aba4f59 00000001 0 1
3 1 0 1 00000008 2d58ea70 00000001 0 1
2 0 0 0 00000010 0000001f 00000001 0 1
3 0 0 0 c0000000 ffff0000 00000001 0 1
3 0 0 1 8d5d7a03 ccd99155 00000001 0 1
2 0 0 0 4b215bbd 305257e3 00000000 0 0
2 1 0 0 81fa07c5 1763716a 00000001 0 1
3 0 0 0 ffff0000 ffffffff 00000001 0 1
3 0 0 0 00010000 deadbeef 00000000 0 0
3 1 0 1 f1093ca0 63b23d75 00000001 0 1
2 0 0 0 deadbeef 00000004 00000001 0 1
3 0 0 0 0000001f fffffffe 00000000 0 0
2 1 0 0 78b716f9 1d351637 00000000 0 0
2 0 0 1 f0f0f0f0 00000010 00000001 0 1
3 0 0 0 00008000 00000020 00000000 0 0
2 1 0 0 0000001f c0000000 00000000 0 0
3 1 0 0 e0d52ae9 1702da0f 00000001 0 1
2 0 0 1 db441672 fffffffe 00000001 0 1
2 0 0 1 0000ffff ffffffff 00000000 0 0
3 1 0 1 e01af99d d64b1615 00000000 0 0
2 1 0 0 6d82fe96 00000020 00000000 0 0
2 0 0 1 deadbeef 00000000 00000001 0 1
3 1 0 1 6de918ec ee7eaf2a 00000000 0 0
3 0 0 0 6eef1037 00000004 00000000 0 0
3 1 0 0 4a92274b 0f0f0f0f 00000000 0 0
3 1 0 1 25d42ed3 f0e8a923 00000000 0 0
3 0 0 1 2574b8cc d0239ea5 00000000 0 0
3 1 0 1 3d7e56cf 67604365 00000001 0 1
2 1 0 1 ff21c920 cb3e1f91 00000000 0 0
2 1 0 0 000000ff 00007fff 00000001 0 1
3 0 0 0 00000002 44c11517 00000001 0 1
3 1 0 1 7fffffff c0000000 00000000 0 0
2 1 0 1 5ac45c9c 00000004 00000000 0 0
3 0 0 1 0000001f aaaaaaaa 00000000 0 0
2 1 0 0 96be9832 00008000 00000001 0 1
2 1 0 1 b8cad9d0 996f04fb 00000000 0 0
2 0 0 1 ff29e1a6 00000001 00000001 0 1
3 0 0 1 0000001f 0000fffe 00000001 0 1
2 1 0 0 dd0d794e 600174e9 00000001 0 1
3 0 0 1 80000001 fffffffe 00000001 0 1
2 0 0 0 7ffffffe 00000020 00000000 0 0
3 0 0 1 247bf343 15f4318c 00000000 0 0
3 1 0 1 bbe5508d a09a242e 00000000 0 0
2 0 0 0 6aa17cca 8fd73540 00000000 0 0
3 1 0 1 aaaaaaaa fffffffe 00000001 0 1
3 1 0 1 fffffffe 0000001f 00000001 0 1
3 0 0 1 deadbeef f0f0f0f0 00000001 0 1
# --- SLTU ---
# i_opsel i_sub i_unsigned i_arith i_op1 i_op2 | o_result o_eq o_slt
2 0 1 1 cede0568 135b1b38 00000000 0 0
3 0 1 0 807c1e40 fafd2c18 00000001 0 1
3 1 1 1 deadbeef 00000003 00000000 0 0
3 1 1 0 6e8e9a4f d6420c1d 00000001 0 1
3 1 1 0 80000001 594c02a4 00000000 0 0
2 1 1 1 5b2ee5ee 666f3171 00000001 0 1
3 1 1 1 7fffffff 0000000f 00000000 0 0
2 0 1 0 ffdafa95 513dc85c 00000000 0 0
2 1 1 1 13e61337 8e73c3e2 00000001 0 1
2 1 1 1 e66d01d6 75b3e4ab 00000000 0 0
3 1 1 0 23211627 8dbd101a 00000001 0 1
2 1 1 0 cec8da08 b299b5d5 00000000 0 0
2 0 1 1 000000ff 00000000 00000000 0 0
2 0 1 1 92b01d29 b6c20206 00000001 0 1
2 0 1 1 9836e7cd 3315292f 00000000 0 0
2 1 1 1 55555555 f0f0f0f0 00000001 0 1
2 1 1 0 f576e372 9a86b9ba 00000000 0 0
2 0 1 1 7ffffffe c0000000 00000001 0 1
2 0 1 0 dfd1a841 e3437467 00000001 0 1
2 0 1 0 7ffffffe 877e7e6c 00000001 0 1
2 0 1 0 aaaaaaaa 00007fff 00000000 0 0
3 1 1 1 1bddf3d6 80000000 00000001 0 1
3 1 1 0 b5331fdd c993d238 00000001 0 1
2 0 1 1 0fffffff deadbeef 00000001 0 1
2 1 1 0 0f0f0f0f 7fffffff 00000001 0 1
2 1 1 1 6ffa0947 0fffffff 00000000 0 0
3 1 1 0 55555555 000000ff 00000000 0 0
3 1 1 1 0000fffe c0000000 00000001 0 1
2 0 1 0 000000ff 0fffffff 00000001 0 1
2 1 1 0 00000008 00008000 00000001 0 1
2 0 1 0 fffffffe aaaaaaaa 00000000 0 0
3 0 1 0 00000002 00007fff 00000001 0 1
2 0 1 0 2dee04cf ec050d80 00000001 0 1
2 1 1 0 336f1742 585fc91a 00000001 0 1
2 1 1 1 0fd20939 00000020 00000000 0 0
2 1 1 0 00007fff c4f9299d 00000001 0 1
2 0 1 0 00008000 00000003 00000000 0 0
3 1 1 0 00000003 00008000 00000001 0 1
3 1 1 1 00000002 000000ff 00000001 0 1
3 1 1 1 d3a55ca1 10e11869 00000000 0 0
3 1 1 1 00000003 00000010 00000001 0 1
3 0 1 1 ffffffff ffffffff 00000000 1 0
3 1 1 1 0fffffff 00000000 00000000 0 0
3 0 1 1 a8dcdefb e41576bf 00000001 0 1
2 0 1 0 00000008 fffffffe 00000001 0 1
2 1 1 0 ffffffff 00000010 00000000 0 0
3 0 1 1 f0f0f0f0 0f0f0f0f 00000000 0 0
3 1 1 1 52960671 c9dd6ec6 00000001 0 1
3 1 1 1 8a83ba03 0793fcdc 00000000 0 0
2 0 1 1 c0000000 0000fffe 00000000 0 0
2 0 1 1 f0f0f0f0 80000000 00000000 0 0
2 0 1 0 c2a11607 ffffffff 00000001 0 1
2 1 1 1 49039cfb 7fffffff 00000001 0 1
2 1 1 0 00010000 ffffffff 00000001 0 1
2 1 1 1 0f0f0f0f 7fffffff 00000001 0 1
3 1 1 1 00000000 3deceefb 00000001 0 1
3 0 1 1 0f0f0f0f 00008000 00000000 0 0
2 0 1 0 00000000 fffffffe 00000001 0 1
2 0 1 0 aaaaaaaa 12b8cb3e 00000000 0 0
2 0 1 0 80000000 f0f0f0f0 00000001 0 1
3 1 1 0 aaaaaaaa 9bbec12a 00000000 0 0
3 1 1 1 09fd357c 7ace9fe5 00000001 0 1
2 1 1 1 568809ff b6407b1e 00000001 0 1
3 1 1 1 00000004 00000020 00000001 0 1
3 1 1 1 7cade9b2 bbe7e6d9 00000001 0 1
2 0 1 1 000000ff 80000001 00000001 0 1
3 1 1 1 f126e792 c9f55aa0 00000000 0 0
3 1 1 0 c0000000 f66652ab 00000001 0 1
2 0 1 0 00000001 00000001 00000000 1 0
3 0 1 0 0000000f 00010000 00000001 0 1
3 0 1 1 6e52271e 2a1cec3b 00000000 0 0
3 0 1 0 ffff0000 0000fffe 00000000 0 0
3 0 1 1 fffffffe 77d81cc2 00000000 0 0
2 0 1 1 953d2dc8 00000004 00000000 0 0
3 1 1 0 0000ffff 70adb9a3 00000001 0 1
2 0 1 1 00000002 f0f0f0f0 00000001 0 1
3 1 1 1 1cfdba3b f13bb621 00000001 0 1
3 1 1 0 7ffffffe 00000010 00000000 0 0
2 0 1 0 00000000 00000001 00000001 0 1
3 1 1 0 00000004 ffff0000 00000001 0 1
3 1 1 0 aaaaaaaa ffffffff 00000001 0 1
2 1 1 0 00000002 deadbeef 00000001 0 1
2 0 1 1 e78240c6 0000001f 00000000 0 0
2 0 1 0 00000003 00000004 00000001 0 1
2 1 1 0 00010000 00000002 00000000 0 0
2 1 1 0 ffff0000 00000004 00000000 0 0
2 0 1 0 00010000 3b2e4f61 00000001 0 1
3 1 1 1 ffff0000 00000008 00000000 0 0
3 0 1 1 eb5c38ee 8288cbc9 00000000 0 0
3 1 1 0 00000004 80000000 00000001 0 1
2 0 1 1 ffffffff 0000fffe 00000000 0 0
3 0 1 1 00000003 55555555 00000001 0 1
2 1 1 1 0000fffe 00000020 00000000 0 0
3 1 1 1 aaaaaaaa 000000ff 00000000 0 0
2 1 1 1 80ed5d22 859a7130 00000001 0 1
2 1 1 0 38d69342 d5f85d37 00000001 0 1
3 0 1 1 0000ffff 00000003 00000000 0 0
2 0 1 0 c0000000 80000001 00000000 0 0
2 1 1 1 80000000 e35ae869 00000001 0 1
2 0 1 1 00008000 80000000 00000001 0 1
2 1 1 0 97f61a75 c4d238e3 00000001 0 1
3 0 1 0 fffffffe 0000000f 00000000 0 0
2 1 1 0 80000000 00008000 00000000 0 0
3 1 1 0 85f74ecc f0f0f0f0 00000001 0 1
3 1 1 1 00010000 0f0f0f0f 00000001 0 1
2 1 1 1 354ddd69 deadbeef 00000001 0 1
3 0 1 0 00000020 aaaaaaaa 00000001 0 1
2 1 1 0 80000000 00007fff 00000000 0 0
2 0 1 0 e1f84f04 2c74ae54 00000000 0 0
3 1 1 1 95212340 00000010 00000000 0 0
2 0 1 0 55555555 d139bb82 00000001 0 1
3 1 1 1 1af9532e 56fd0dde 00000001 0 1
2 1 1 1 0000000f 67af1eb3 00000001 0 1
3 1 1 1 00000001 55555555 00000001 0 1
2 1 1 1 deadbeef 00000004 00000000 0 0
3 1 1 0 55555555 fffffffe 00000001 0 1
2 0 1 0 97bbf277 1014b05c 00000000 0 0
3 0 1 0 0000ffff f0f0f0f0 00000001 0 1
3 1 1 1 00000000 deadbeef 00000001 0 1
3 0 1 1 00000008 55555555 00000001 0 1
3 0 1 1 80000001 deadbeef 00000001 0 1
3 0 1 0 80000000 00000002 00000000 0 0
3 0 1 1 972e818b b1a80732 00000001 0 1
3 1 1 0 80000001 f0f0f0f0 00000001 0 1
2 0 1 1 4759d732 4385b875 00000000 0 0
2 0 1 0 00008000 0000ffff 00000001 0 1
2 1 1 1 ffff0000 00008000 00000000 0 0
2 0 1 0 9514718a b0076061 00000001 0 1
2 0 1 1 0f0f0f0f 7ffffffe 00000001 0 1
3 0 1 1 00008000 fffffffe 00000001 0 1
3 0 1 1 c0000000 00000020 00000000 0 0
3 0 1 1 00000010 ffff0000 00000001 0 1
2 1 1 0 0fffffff c0000000 00000001 0 1
3 0 1 0 df2a3697 b67a49d1 00000000 0 0
2 0 1 0 07b3a943 c0000000 00000001 0 1
2 1 1 1 9994941c 00000001 00000000 0 0
3 0 1 0 0000001f 00000001 00000000 0 0
3 0 1 0 80000001 0fffffff 00000000 0 0
2 1 1 1 dd027568 0d82ecf8 00000000 0 0
2 1 1 1 fffffffe 00000010 00000000 0 0
2 0 1 1 0000000f 80000001 00000001 0 1
3 1 1 1 00000001 4ae77414 00000001 0 1
3 1 1 1 be2c0876 49417f15 00000000 0 0
2 1 1 0 7fffffff e42ec150 00000001 0 1
2 0 1 1 6c6496f9 49f7838b 00000000 0 0
3 0 1 0 17fc80f1 53483d55 00000001 0 1
3 1 1 0 80000001 aaaaaaaa 00000001 0 1
3 0 1 1 6b0436de fffffffe 00000001 0 1
2 1 1 0 0b739481 06bc8cac 00000000 0 0
3 0 1 1 0000001f aaaaaaaa 00000001 0 1
3 0 1 1 63ae73f3 ce4ca5e1 00000001 0 1
3 1 1 1 ffff0000 ffffffff 00000001 0 1
2 0 1 0 b5cadb2b 00000008 00000000 0 0
3 0 1 1 00000008 c0000000 00000001 0 1
3 1 1 1 ffffffff 00000003 00000000 0 0
2 1 1 1 f0f0f0f0 00000008 00000000 0 0
3 1 1 1 00000020 55555555 00000001 0 1
2 0 1 0 0000000f fffffffe 00000001 0 1
3 1 1 0 55555555 0000001f 00000000 0 0
3 0 1 1 80000000 fffffffe 00000001 0 1
3 0 1 1 ffffffff 00000002 00000000 0 0
2 1 1 0 ffff0000 0fffffff 00000000 0 0
3 0 1 0 c0000000 0f0f0f0f 00000000 0 0
2 0 1 0 00000008 241b0140 00000001 0 1
3 0 1 0 0000fffe 00000001 00000000 0 0
3 0 1 1 0000ffff 00000008 00000000 0 0
3 1 1 0 b320b415 9c837112 00000000 0 0
2 0 1 1 1f40cbf2 47dfe2a6 00000001 0 1
2 1 1 0 ffffffff e8e59378 00000000 0 0
2 1 1 0 0000ffff cabd6e15 00000001 0 1
2 0 1 0 f0f0f0f0 deadbeef 00000000 0 0
3 0 1 1 80000000 6074508b 00000000 0 0
2 0 1 0 b3084df9 00000003 00000000 0 0
3 1 1 1 6b7de1d8 0000ffff 00000000 0 0
2 0 1 1 7fffffff 00010000 00000000 0 0
3 0 1 0 000000ff c0000000 00000001 0 1
2 0 1 1 05670382 d7834ddb 00000001 0 1
2 0 1 0 80000000 3bb8f044 00000000 0 0
3 0 1 0 0000fffe 0000000f 00000000 0 0
3 1 1 1 deadbeef f0f0f0f0 00000001 0 1
3 0 1 1 bf9cec53 22b60fcf 00000000 0 0
2 1 1 0 00000004 f0f0f0f0 00000001 0 1
2 0 1 1 86a5e764 ca67e26f 00000001 0 1
3 0 1 0 00010000 000000ff 00000000 0 0
2 0 1 1 ffff0000 00000000 00000000 0 0
3 0 1 0 84b19947 ebb98d62 00000001 0 1
3 0 1 0 41a2189e 583b3868 00000001 0 1
3 1 1 0 dd57604b efc23c05 00000001 0 1
2 0 1 1 f0f0f0f0 55555555 00000000 0 0
3 1 1 1 95011e56 17cd2b73 00000000 0 0
3 0 1 1 00000001 f0f0f0f0 00000001 0 1
2 1 1 0 66e6665a f86956a9 00000001 0 1
3 0 1 1 96b6cf17 de500881 00000001 0 1
3 0 1 0 0000001f 0fffffff 00000001 0 1
2 1 1 0 00000004 000000ff 00000001 0 1
2 0 1 0 fffffffe 0000fffe 00000000 0 0
2 0 1 0 00000004 00000004 00000000 1 0
2 1 1 0 0000fffe 000000ff 00000000 0 0
2 0 1 1 00010000 0000ffff 00000000 0 0
3 1 1 1 ccde45b2 00007fff 00000000 0 0
3 0 1 0 303156f6 0000000f 00000000 0 0
3 0 1 0 00000010 00007fff 00000001 0 1
2 1 1 0 854b73a3 f0b48ab0 00000001 0 1
3 1 1 0 12ecd31b 68b2837a 00000001 0 1
3 1 1 0 00008000 00007fff 00000000 0 0
3 1 1 1 00000001 0015894d 00000001 0 1
2 1 1 0 00008000 979b2500 00000001 0 1
2 1 1 1 f576645f 2ff7757a 00000000 0 0
2 1 1 0 deadbeef 5c792f43 00000000 0 0
2 0 1 1 00000008 deadbeef 00000001 0 1
2 0 1 0 c934f310 00000020 00000000 0 0
2 1 1 0 deadbeef 0fffffff 00000000 0 0
2 0 1 1 12e09460 e2ea1747 00000001 0 1
3 0 1 0 deadbeef deadbeef 00000000 1 0
2 1 1 1 55555555 5da81756 00000001 0 1
3 1 1 0 fffffffe 0f0f0f0f 00000000 0 0
2 0 1 1 f0f0f0f0 0000fffe 00000000 0 0
2 0 1 0 000000ff f0f0f0f0 00000001 0 1
2 1 1 1 00000001 00000020 00000001 0 1
3 1 1 0 80000001 00000020 00000000 0 0
2 1 1 1 7fffffff 80000001 00000001 0 1
2 1 1 0 bdec8223 571f4104 00000000 0 0
2 1 1 0 a3c0e682 f51e3ebb 00000001 0 1
2 1 1 1 f5b40cac 000000ff 00000000 0 0
3 0 1 1 7db77c46 12c36aeb 00000000 0 0
3 0 1 0 0f0f0f0f aaaaaaaa 00000001 0 1
3 1 1 1 d8ed3ac5 7fffffff 00000000 0 0
3 0 1 0 00000008 3eca0fe5 00000001 0 1
3 0 1 0 00000002 00000000 00000000 0 0
2 1 1 0 2409d5cd 2e2dd7f7 00000001 0 1
2 1 1 1 e7369fac 0dd8c2c5 00000000 0 0
3 1 1 0 00000000 aaaaaaaa 00000001 0 1
3 1 1 1 0000fffe 00010000 00000001 0 1
3 0 1 0 ffff0000 d2784c1a 00000000 0 0
2 1 1 1 80fda9c7 51258348 00000000 0 0
3 0 1 0 0000fffe 80000000 00000001 0 1
2 0 1 0 00008000 00000008 00000000 0 0
3 0 1 1 70baebdc 903b1d4c 00000001 0 1
2 1 1 1 0000000f c0000000 00000001 0 1
3 0 1 0 fffffffe 00000003 00000000 0 0
3 1 1 0 0000001f 00000000 00000000 0 0
3 0 1 1 00000020 00000002 00000000 0 0
3 1 1 0 80000001 80000000 00000000 0 0
3 1 1 1 eb2acc8a 5385ff31 00000000 0 0
3 1 1 0 00007fff 66d218cc 00000001 0 1
2 1 1 0 018d337d e908d91b 00000001 0 1
2 0 1 0 c0000000 00000003 00000000 0 0
3 1 1 0 00000004 00000000 00000000 0 0
2 1 1 1 f4ba6eb8 00000004 00000000 0 0
2 0 1 0 00000020 b8ef332c 00000001 0 1
3 0 1 1 55555555 7ffffffe 00000001 0 1
3 1 1 1 8031379f 00000001 00000000 0 0
2 0 1 0 9321fc82 22fa77ed 00000000 0 0
2 1 1 0 8b5869bc a72c11c9 00000001 0 1
2 1 1 0 ffff0000 0000ffff 00000000 0 0
3 0 1 1 74a0a6b1 a68ddef2 00000001 0 1
3 1 1 1 9dfbf7c1 5f6163c5 00000000 0 0
2 0 1 0 0f0f0f0f 00007fff 00000000 0 0
3 0 1 1 03c087af e63cef2a 00000001 0 1
2 1 1 1 0000000f 0fffffff 00000001 0 1
2 1 1 1 0f0f0f0f ffffffff 00000001 0 1
2 1 1 1 00000008 0000001f 00000001 0 1
2 0 1 1 00000002 00000004 00000001 0 1
3 1 1 1 00007fff 80000000 00000001 0 1
3 0 1 0 00000001 3b0d35e4 00000001 0 1
3 0 1 1 55555555 ce6a72c2 00000001 0 1
2 0 1 0 edab25bb 1d0cc172 00000000 0 0
2 0 1 0 55555555 00000003 00000000 0 0
2 1 1 0 c0000000 f0f0f0f0 00000001 0 1
2 1 1 1 053fdec4 00000004 00000000 0 0
3 1 1 1 5e84b937 8415b83f 00000001 0 1
3 0 1 1 ffffffff 7fffffff 00000000 0 0
3 0 1 1 0000001f c32a7868 00000001 0 1
3 1 1 1 d37c40d8 8f26052d 00000000 0 0
3 1 1 0 05d252d0 fbad0789 00000001 0 1
2 0 1 0 0fffffff 00000002 00000000 0 0
2 1 1 1 7fffffff 0000001f 00000000 0 0
2 1 1 0 00000003 7fffffff 00000001 0 1
3 1 1 1 80000001 00000010 00000000 0 0
2 0 1 1 7fffffff 00007fff 00000000 0 0
3 0 1 0 033202d1 00000004 00000000 0 0
3 0 1 1 0000fffe ffffffff 00000001 0 1
2 1 1 1 e7c34539 00010000 00000000 0 0
2 0 1 0 5e79b374 5d43c4bc 00000000 0 0
2 0 1 1 6ceb677f deadbeef 00000001 0 1
3 1 1 1 00010000 ec5865e2 00000001 0 1
2 0 1 0 56df43df e2a78688 00000001 0 1
3 1 1 0 80000001 00008000 00000000 0 0
3 1 1 1 fffffffe 7ffffffe 00000000 0 0
3 1 1 0 04937d9e d42dd51b 00000001 0 1
3 0 1 0 0f0f0f0f deadbeef 00000001 0 1
2 0 1 1 3ee917b1 c2758e85 00000001 0 1
2 1 1 0 00000020 ffffffff 00000001 0 1
2 0 1 1 00010000 00007fff 00000000 0 0
2 1 1 0 bf30adb3 00010000 00000000 0 0
2 1 1 0 bf1a2993 b88fd1ed 00000000 0 0
3 1 1 0 2def074a 80000001 00000001 0 1
2 0 1 0 b8a1d87a 9d35f862 00000000 0 0
2 1 1 0 00000008 00007fff 00000001 0 1
2 1 1 0 92325eeb 00000008 00000000 0 0
2 0 1 0 5d6d4e4b c48fdd6e 00000001 0 1
3 1 1 0 0000fffe 7fffffff 00000001 0 1
3 0 1 0 86ecbe3a f241e610 00000001 0 1
3 1 1 0 00000000 0fffffff 00000001 0 1
3 0 1 0 5eaa101a 5833e04f 00000000 0 0
3 1 1 1 cac191d0 736e0c51 00000000 0 0
2 1 1 0 65e3f810 84bd7b53 00000001 0 1
2 1 1 1 00000000 a7645c06 00000001 0 1
2 0 1 1 00007fff 00008000 00000001 0 1
2 1 1 1 80000000 aaaaaaaa 00000001 0 1
2 0 1 1 aaaaaaaa 80000001 00000000 0 0
3 1 1 0 67f9fbb0 c613250a 00000001 0 1
2 0 1 1 86378fff 7e6bec46 00000000 0 0
3 1 1 0 0e1ef689 e2845967 00000001 0 1
3 0 1 0 0fffffff aaaaaaaa 00000001 0 1
2 0 1 0 16199e42 1695959a 00000001 0 1
2 0 1 0 80000001 0f0f0f0f 00000000 0 0
2 0 1 1 55555555 ffff0000 00000001 0 1
2 1 1 1 aaaaaaaa c0000000 00000001 0 1
3 1 1 0 71132390 aaaaaaaa 00000001 0 1
3 1 1 0 00007fff 5aae2a25 00000001 0 1
3 0 1 0 44ee0b74 ae74f5d7 00000001 0 1
2 1 1 0 deadbeef 0000000f 00000000 0 0
3 1 1 1 86af5f4d 46c52d53 00000000 0 0
3 0 1 1 deadbeef 00000008 00000000 0 0
2 1 1 0 00000010 aaaaaaaa 00000001 0 1
3 0 1 0 deadbeef 00000020 00000000 0 0
3 1 1 0 ffffffff 00000008 00000000 0 0
3 0 1 0 11aa04d1 39661a10 00000001 0 1
2 1 1 0 fffffffe f0f0f0f0 00000000 0 0
2 0 1 1 1eff084c f71b991c 00000001 0 1
3 0 1 1 aaaaaaaa 00000003 00000000 0 0
3 0 1 0 348c1a56 0000000f 00000000 0 0
2 1 1 1 0fffffff f0f0f0f0 00000001 0 1
2 1 1 0 fffffffe 00008000 00000000 0 0
3 0 1 0 64e14e3b 46a01634 00000000 0 0
2 0 1 1 00000010 00000002 00000000 0 0
2 1 1 1 6e768ae1 fffffffe 00000001 0 1
2 0 1 0 0f0f0f0f 3bdb207d 00000001 0 1
2 1 1 1 44738a8f 00000008 00000000 0 0
3 1 1 0 000000ff 00000003 00000000 0 0
2 0 1 0 00000020 00000020 00000000 1 0
2 0 1 1 80000000 00000020 00000000 0 0
3 1 1 0 c3914ef9 e4489a06 00000001 0 1
2 0 1 1 bfebecd9 00000020 00000000 0 0
3 0 1 0 6dcc0891 e1feb35d 00000001 0 1
2 0 1 0 c0000000 55555555 00000000 0 0
3 1 1 1 9c91a329 00000001 00000000 0 0
3 1 1 1 0000fffe 00008000 00000000 0 0
3 0 1 0 0fffffff 0f0f0f0f 00000000 0 0
2 1 1 1 0f0f0f0f 00000000 00000000 0 0
2 0 1 0 8d819598 ce182f43 00000001 0 1
3 1 1 0 00000004 00008000 00000001 0 1
2 0 1 1 69e05674 0234d9fd 00000000 0 0
3 0 1 0 944054a0 e54b0568 00000001 0 1
2 0 1 1 00000008 000000ff 00000001 0 1
2 1 1 1 7ffffffe 0f0f0f0f 00000000 0 0
2 1 1 1 7624e03f 18e3ee34 00000000 0 0
3 1 1 0 00000003 2fc75a95 00000001 0 1
3 0 1 1 7fffffff f0f0f0f0 00000001 0 1
3 1 1 0 ffff0000 80000000 00000000 0 0
3 0 1 1 0b27b0d6 00008000 00000000 0 0
3 1 1 1 0000001f ffff0000 00000001 0 1
3 0 1 1 0000fffe 0fffffff 00000001 0 1
3 0 1 0 0000fffe 00000002 00000000 0 0
3 1 1 0 0000000f 00000010 00000001 0 1
2 0 1 1 0f0f0f0f fffffffe 00000001 0 1
2 1 1 0 7ffffffe 55555555 00000000 0 0
3 1 1 1 80000001 00000004 00000000 0 0
2 1 1 1 00000008 0000000f 00000001 0 1
2 1 1 1 70998294 00382ade 00000000 0 0
3 0 1 0 3e7ec109 57e57455 00000001 0 1
3 0 1 1 ffff0000 7ffffffe 00000000 0 0
3 1 1 0 c0000000 00007fff 00000000 0 0
2 1 1 1 0fffffff 00007fff 00000000 0 0
3 1 1 0 000000ff 00000001 00000000 0 0
2 1 1 1 11444b82 0fffffff 00000000 0 0
3 0 1 0 00000003 7ffffffe 00000001 0 1
3 0 1 0 ed410761 52901006 00000000 0 0
2 1 1 0 00008000 4a4f542d 00000001 0 1
2 1 1 1 462a65dc 94b39517 00000001 0 1
3 1 1 1 ca44cf85 c0e66fed 00000000 0 0
2 1 1 0 00010000 c0000000 00000001 0 1
3 1 1 0 00000003 ffff0000 00000001 0 1
2 0 1 0 417f40ca 00000004 00000000 0 0
2 0 1 0 0000fffe 00010000 00000001 0 1
2 0 1 0 668d0750 00000000 00000000 0 0
2 0 1 0 76c1cf92 00000008 00000000 0 0
3 1 1 1 00000000 00008000 00000001 0 1
3 1 1 1 00000000 80000001 00000001 0 1
3 0 1 1 0fffffff ffffffff 00000001 0 1
3 1 1 0 0cbf1d15 25f50033 00000001 0 1
2 0 1 1 329b67db 55555555 00000001 0 1
3 0 1 1 80000000 000000ff 00000000 0 0
3 0 1 0 b80ca6a9 a7a57915 00000000 0 0
2 0 1 1 aa386cca 3948dded 00000000 0 0
2 1 1 0 80000001 0000001f 00000000 0 0
3 1 1 1 a14e5c1c 59b0fe27 00000000 0 0
2 0 1 0 000000ff 80000000 00000001 0 1
3 1 1 0 6b7fbbe0 e5eac7b0 00000001 0 1
3 1 1 0 ffff0000 7fffffff 00000000 0 0
3 0 1 0 80000000 269279cc 00000000 0 0
3 0 1 0 f0f0f0f0 b7995b36 00000000 0 0
2 0 1 0 7fffffff 87e86e7f 00000001 0 1
2 1 1 1 9336d8fd 1f29993f 00000000 0 0
3 1 1 1 0f0f0f0f 00000003 00000000 0 0
3 0 1 0 7fffffff 0f0f0f0f 00000000 0 0
3 1 1 0 00000001 000000ff 00000001 0 1
2 1 1 0 00000010 00000003 00000000 0 0
3 1 1 0 00000000 00000020 00000001 0 1
2 0 1 1 7ffffffe 00007fff 00000000 0 0
2 0 1 1 00000001 0000001f 00000001 0 1
2 1 1 0 00000002 80000000 00000001 0 1
2 1 1 1 44aa2434 ea3712f3 00000001 0 1
2 0 1 1 0ce86dc9 2a38ba56 00000001 0 1
3 1 1 0 00000001 00000004 00000001 0 1
2 1 1 0 000000ff deadbeef 00000001 0 1
3 1 1 1 000000ff 00007fff 00000001 0 1
2 0 1 1 aaaaaaaa 7974de03 00000000 0 0
3 1 1 0 00000004 80000001 00000001 0 1
2 0 1 0 d8603c36 6fb264d0 00000000 0 0
2 1 1 1 5ca037db bd69c217 00000001 0 1
2 0 1 0 80000000 ffffffff 00000001 0 1
3 0 1 1 000000ff 0f0f0f0f 00000001 0 1
3 0 1 0 db81e30a 938c6d0b 00000000 0 0
2 0 1 0 0000fffe 0000fffe 00000000 1 0
2 0 1 1 06343ae3 7c742727 00000001 0 1
3 1 1 1 00000003 744b1ae5 00000001 0 1
3 0 1 1 7a923135 0fffffff 00000000 0 0
2 0 1 0 ffff0000 00000001 00000000 0 0
3 1 1 1 00000002 00000010 00000001 0 1
2 1 1 0 00000001 deadbeef 00000001 0 1
2 0 1 0 bda1bcbc 1ce3f1cc 00000000 0 0
3 1 1 1 000000ff 000000ff 00000000 1 0
2 1 1 0 625db3e1 8dcbef74 00000001 0 1
3 1 1 0 38416ff5 00010000 00000000 0 0
3 1 1 1 00000001 bd47d123 00000001 0 1
2 1 1 1 c0000000 0fffffff 00000000 0 0
2 1 1 1 a736a297 1edef160 00000000 0 0
2 1 1 1 80000000 0fffffff 00000000 0 0
3 0 1 1 00000003 0d150b10 00000001 0 1
3 1 1 0 1bd33416 a056bc00 00000001 0 1
2 0 1 0 63ea09e8 bab77a4f 00000001 0 1
2 0 1 0 000000ff fffffffe 00000001 0 1
3 0 1 0 fffffffe 00000001 00000000 0 0
2 0 1 1 68251fc2 ce434578 00000001 0 1
3 0 1 0 9ab86728 a8d7691e 00000001 0 1
2 0 1 1 aaaaaaaa f5d40cec 00000001 0 1
2 0 1 0 cc744979 247eeff4 00000000 0 0
3 0 1 0 0000000f 00000020 00000001 0 1
3 1 1 0 80000000 b8f68e80 00000001 0 1
3 0 1 1 0fffffff 7ffffffe 00000001 0 1
3 0 1 0 000000ff ffffffff 00000001 0 1
3 1 1 0 ffffffff 00008000 00000000 0 0
3 0 1 0 6a90eb07 80000001 00000001 0 1
2 0 1 0 fffffffe c0000000 00000000 0 0
2 0 1 0 00000003 0000ffff 00000001 0 1
3 0 1 1 80000000 0000000f 00000000 0 0
3 0 1 1 0000fffe 0000001f 00000000 0 0
3 1 1 0 00000010 6c24b419 00000001 0 1
3 1 1 0 2c4983c2 960aceb1 00000001 0 1
3 1 1 1 ec525a51 e0484919 00000000 0 0
3 1 1 1 4a64818b c0000000 00000001 0 1
3 0 1 1 aa6f7fc7 bfc374ea 00000001 0 1
2 1 1 1 00000000 7fffffff 00000001 0 1
2 0 1 1 deadbeef ab86d019 00000000 0 0
3 1 1 1 bd379c2b 8f9411dd 00000000 0 0
2 1 1 1 163a5101 0eec5070 00000000 0 0
2 1 1 1 0f0f0f0f 55555555 00000001 0 1
3 0 1 0 0000fffe 55555555 00000001 0 1
3 1 1 0 ef8c69de 29752387 00000000 0 0
2 1 1 0 f7453eb0 1e5be712 00000000 0 0
2 0 1 1 7fffffff 00000002 00000000 0 0
2 0 1 0 488a8f67 7161eee9 00000001 0 1
3 0 1 1 0000001f 0000001f 00000000 1 0
2 0 1 0 55555555 00000001 00000000 0 0
2 0 1 0 00000000 55555555 00000001 0 1
2 0 1 0 00000001 7fffffff 00000001 0 1
2 0 1 0 00000004 aaaaaaaa 00000001 0 1
3 1 1 0 ebec427c 00000002 00000000 0 0
3 1 1 0 aaaaaaaa 00000000 00000000 0 0
2 1 1 0 6268d875 394f95b2 00000000 0 0
2 1 1 0 9a1d9487 02ee8cb6 00000000 0 0
3 1 1 0 f30b6fb5 dfdfca94 00000000 0 0
3 0 1 1 26fd7531 e12e264f 00000001 0 1
3 1 1 1 00000001 7ffffffe 00000001 0 1
3 1 1 0 0f0f0f0f f0f0f0f0 00000001 0 1
2 1 1 0 fffffffe 00008000 00000000 0 0
3 0 1 1 d703cbfb 0e231a01 00000000 0 0
3 1 1 0 f52770ac 6a949a10 00000000 0 0
2 1 1 1 aaaaaaaa deadbeef 00000001 0 1
3 0 1 1 7ffffffe 70666960 00000000 0 0
2 0 1 1 fe34eba8 f8ec8ff3 00000000 0 0
2 1 1 1 0fffffff 0000ffff 00000000 0 0
2 0 1 1 0128dacc f0f0f0f0 00000001 0 1
2 0 1 0 5c21da2b f0f0f0f0 00000001 0 1
2 1 1 1 55555555 00000020 00000000 0 0
2 0 1 0 00000000 ffffffff 00000001 0 1
2 0 1 0 0000ffff 7ffffffe 00000001 0 1
3 1 1 1 f0f0f0f0 aaaaaaaa 00000000 0 0
2 1 1 0 0f0f0f0f 00000010 00000000 0 0
3 0 1 1 55555555 0000fffe 00000000 0 0
3 1 1 1 0000000f 7ffffffe 00000001 0 1
3 1 1 0 333a3b17 00b61746 00000000 0 0
3 1 1 0 ffffffff aaaaaaaa 00000000 0 0
3 0 1 0 00000020 0000001f 00000000 0 0
2 1 1 0 0000fffe aaaaaaaa 00000001 0 1
2 1 1 1 a2e7f993 fffffffe 00000001 0 1
3 0 1 0 e781a01b 6105c86d 00000000 0 0
2 0 1 0 a78f5289 9213c16d 00000000 0 0
2 1 1 0 0f0f0f0f 00000008 00000000 0 0
3 1 1 1 00000003 00000008 00000001 0 1
2 0 1 0 ffff0000 0000001f 00000000 0 0
2 1 1 1 94e5c194 a09a9f6f 00000001 0 1
3 0 1 0 7fffffff 00000010 00000000 0 0
3 1 1 0 2f216d9d ed4b64a0 00000001 0 1
3 1 1 1 55ae286b f0790be1 00000001 0 1
2 0 1 0 00010000 55555555 00000001 0 1
2 0 1 0 4cfc5f25 57138e3b 00000001 0 1
2 0 1 1 0000001f 000000ff 00000001 0 1
2 1 1 0 558ccfd8 5c4c8e1b 00000001 0 1
3 0 1 1 00007fff 0000000f 00000000 0 0
2 0 1 0 d417d479 00008000 00000000 0 0
3 1 1 1 00000000 00000003 00000001 0 1
3 0 1 1 00000000 76d9e81a 00000001 0 1
2 1 1 0 00000000 ea36226f 00000001 0 1
2 1 1 0 ffff0000 0000000f 00000000 0 0
2 1 1 0 3d21df88 614e7381 00000001 0 1
3 1 1 0 ffffffff 00000004 00000000 0 0
3 0 1 1 7c7d1643 a79a0b58 00000001 0 1
3 0 1 1 31c531e1 c861ae90 00000001 0 1
3 1 1 0 f0f0f0f0 0000000f 00000000 0 0
2 1 1 0 2a39659f 00000004 00000000 0 0
3 0 1 0 ffffffff 00000000 00000000 0 0
2 1 1 1 00000004 7ffffffe 00000001 0 1
2 1 1 0 ffffffff d3a39245 00000000 0 0
2 1 1 1 7ffffffe 00010000 00000000 0 0
2 0 1 0 00000001 c0000000 00000001 0 1
2 0 1 1 80000001 070327c7 00000000 0 0
2 1 1 1 00000008 00010000 00000001 0 1
2 1 1 1 71f3ac58 326c8dbe 00000000 0 0
2 1 1 0 0000ffff 00000000 00000000 0 0
3 0 1 0 aaaaaaaa aaaaaaaa 00000000 1 0
3 1 1 0 0000001f 80000001 00000001 0 1
3 0 1 1 00000008 0000fffe 00000001 0 1
3 0 1 0 00007fff aaaaaaaa 00000001 0 1
2 1 1 0 10724f89 1d099978 00000001 0 1
3 0 1 1 00000000 c0000000 00000001 0 1
3 1 1 1 0f0f0f0f 000000ff 00000000 0 0
2 1 1 0 9dc80c65 4ec3b761 00000000 0 0
3 0 1 0 0000000f f0f0f0f0 00000001 0 1
2 1 1 1 00000004 0000fffe 00000001 0 1
3 1 1 1 7fffffff 00000008 00000000 0 0
2 0 1 1 00000008 f0f0f0f0 00000001 0 1
2 0 1 0 4cb29ee6 94ad0828 00000001 0 1
2 1 1 1 7fffffff 00000020 00000000 0 0
3 1 1 0 00000020 8fba8412 00000001 0 1
2 1 1 1 0000001f 0000ffff 00000001 0 1
3 0 1 1 ffffffff efc52abc 00000000 0 0
3 0 1 1 00008000 ffff0000 00000001 0 1
2 1 1 1 d2e648b8 00000004 00000000 0 0
2 0 1 1 00000020 f0f0f0f0 00000001 0 1
2 0 1 0 78d8a200 fffffffe 00000001 0 1
2 0 1 1 2c70f30f fffffffe 00000001 0 1
3 0 1 1 80000000 80000000 00000000 1 0
3 1 1 0 3db7ccdd c17534a4 00000001 0 1
3 0 1 1 ce5d2949 3e57c481 00000000 0 0
3 0 1 0 0000001f 00007fff 00000001 0 1
3 0 1 1 e3c2591e 0000fffe 00000000 0 0
2 0 1 1 00000020 00000000 00000000 0 0
2 0 1 0 deadbeef c0000000 00000000 0 0
3 0 1 1 5df12e81 692adf8f 00000001 0 1
3 0 1 0 0fffffff 0000fffe 00000000 0 0
3 1 1 0 0000fffe deadbeef 00000001 0 1
2 0 1 1 00008000 00000000 00000000 0 0
3 0 1 0 839b00d9 da9ce5c7 00000001 0 1
3 0 1 1 9f98a6fc 7ffffffe 00000000 0 0
3 0 1 1 c0000000 00000004 00000000 0 0
2 0 1 0 0000000f 00000008 00000000 0 0
2 0 1 0 00008000 a50e3592 00000001 0 1
3 0 1 1 3f568eeb 00000010 00000000 0 0
3 1 1 1 50ceab06 00000000 00000000 0 0
2 0 1 1 275e11d5 c68ce200 00000001 0 1
3 1 1 1 00000010 0000fffe 00000001 0 1
3 0 1 0 55555555 55555555 00000000 1 0
2 1 1 1 f0f0f0f0 00000010 00000000 0 0
2 0 1 0 7ef106bf 00000002 00000000 0 0
2 1 1 0 00000010 f0f0f0f0 00000001 0 1
2 0 1 1 ee083b0b f55ed90c 00000001 0 1
3 1 1 1 e85bfb64 d7d8256b 00000000 0 0
3 1 1 0 aaaaaaaa 2c66fdb0 00000000 0 0
3 1 1 0 0f0f0f0f 1dd826f1 00000001 0 1
2 1 1 0 1e46277a fa1610be 00000001 0 1
3 0 1 0 0f0f0f0f 00000001 00000000 0 0
2 0 1 1 4cad7d01 1b3d13ab 00000000 0 0
3 1 1 0 deadbeef 00000000 00000000 0 0
3 1 1 1 00000003 00010000 00000001 0 1
3 0 1 0 00000020 00000008 00000000 0 0
3 1 1 0 ffffffff 80000000 00000000 0 0
3 1 1 1 3a2299e8 5bc8ff1e 00000001 0 1
2 0 1 0 f11aefac 7fffffff 00000000 0 0
3 1 1 1 f0f0f0f0 80000001 00000000 0 0
2 1 1 0 0000000f ffff0000 00000001 0 1
3 0 1 1 07ccbe02 3ac78095 00000001 0 1
2 0 1 1 0000001f 7fffffff 00000001 0 1
3 1 1 0 0000000f 00000003 00000000 0 0
2 1 1 1 00000020 000000ff 00000001 0 1
3 1 1 0 000000ff 7ffffffe 00000001 0 1
2 0 1 1 f2ac5546 00010000 00000000 0 0
3 0 1 1 00000008 0f0f0f0f 00000001 0 1
2 1 1 1 0000000f 000000ff 00000001 0 1
3 0 1 0 f5f707d6 adee06ca 00000000 0 0
3 0 1 0 c0000000 7fffffff 00000000 0 0
2 1 1 1 d3c744fe 76acf46b 00000000 0 0
3 0 1 0 00000000 0000001f 00000001 0 1
2 1 1 1 00000020 c0000000 00000001 0 1
3 0 1 0 8ef55cce 2f26bdd7 00000000 0 0
3 0 1 1 38048584 89f98545 00000001 0 1
3 0 1 0 0000000f 0f0f0f0f 00000001 0 1
3 0 1 1 d17cb6c5 77a84154 00000000 0 0
3 0 1 0 69749fec 00000010 00000000 0 0
2 1 1 1 0000001f c0000000 00000001 0 1
2 1 1 0 d23623af 618e401c 00000000 0 0
2 0 1 1 c0000000 00008000 00000000 0 0
3 0 1 1 b3c9cbf6 deadbeef 00000001 0 1
2 0 1 1 f3c2a91d abdb538f 00000000 0 0
3 1 1 0 00000000 80000000 00000001 0 1
2 0 1 1 80000000 7ffffffe 00000000 0 0
3 1 1 1 560233a4 b52641a0 00000001 0 1
2 1 1 1 1ae0dc7a 00010000 00000000 0 0
2 0 1 1 ffff0000 00000010 00000000 0 0
2 0 1 1 e67ed078 55555555 00000000 0 0
3 0 1 0 e7caeeff 67bc2829 00000000 0 0
2 1 1 0 f0f0f0f0 3e3613ce 00000000 0 0
2 0 1 1 00000002 0000fffe 00000001 0 1
3 0 1 0 00000004 a142c113 00000001 0 1
2 1 1 0 6da9ffda dbf1517b 00000001 0 1
3 0 1 1 b109387a 6da14186 00000000 0 0
3 0 1 1 56cc2059 d2b5e948 00000001 0 1
2 1 1 1 c0000000 7ffffffe 00000000 0 0
3 1 1 1 e384d692 d8426cb0 00000000 0 0
2 0 1 0 0000001f 7fffffff 00000001 0 1
2 1 1 0 0000001f f0f0f0f0 00000001 0 1
3 0 1 1 adfd293d 00000008 00000000 0 0
3 1 1 1 0000ffff aaaaaaaa 00000001 0 1
3 0 1 0 00010000 80000000 00000001 0 1
3 0 1 0 00008000 00008000 00000000 1 0
3 0 1 1 aaaaaaaa 00000004 00000000 0 0
3 1 1 0 f8dcfd4c 55555555 00000000 0 0
2 1 1 1 308fc74d e8f6e9bf 00000001 0 1
3 0 1 1 0000ffff 7537b7bc 00000001 0 1
2 1 1 0 0000fffe 80000001 00000001 0 1
3 0 1 1 80000001 72f05f36 00000000 0 0
3 0 1 0 33012728 7578d7d7 00000001 0 1
3 1 1 0 3bd0823a e88a777b 00000001 0 1
2 1 1 1 00000020 7fffffff 00000001 0 1
2 0 1 1 deadbeef c0000000 00000000 0 0
3 1 1 0 4ccba1fc 7ffffffe 00000001 0 1
3 1 1 0 00000004 0000001f 00000001 0 1
2 1 1 1 aaaaaaaa 00000001 00000000 0 0
3 1 1 1 f0f0f0f0 00000000 00000000 0 0
2 1 1 1 d196cab8 ac80accc 00000000 0 0
3 1 1 0 0fffffff 5078d6ba 00000001 0 1
2 1 1 1 7ffffffe 00000003 00000000 0 0
3 1 1 1 93a9f8a5 0e1968c0 00000000 0 0
3 0 1 0 55555555 00000008 00000000 0 0
2 1 1 1 7fffffff aaaaaaaa 00000001 0 1
2 0 1 1 80000001 cd779b39 00000001 0 1
2 1 1 0 c106e302 d82e2682 00000001 0 1
3 0 1 1 00010000 00000004 00000000 0 0
2 0 1 1 0af3d2f3 2a3a3f66 00000001 0 1
2 1 1 0 deadbeef ffffffff 00000001 0 1
2 0 1 1 7ffffffe 00000001 00000000 0 0
3 1 1 0 e57f5310 0de0cbd6 00000000 0 0
3 0 1 1 00000008 3fb4e3cf 00000001 0 1
3 1 1 0 80000001 c0000000 00000001 0 1
3 0 1 0 7ffffffe aaaaaaaa 00000001 0 1
2 0 1 0 80000000 00000000 00000000 0 0
2 1 1 1 ffff0000 fffffffe 00000001 0 1
2 0 1 1 5359e314 e9e43bca 00000001 0 1
3 0 1 1 b1addf6d bd5a97af 00000001 0 1
2 1 1 0 315b79c1 50fc9b7f 00000001 0 1
2 0 1 1 0fffffff 47f06fdd 00000001 0 1
2 1 1 0 4164e9f6 57fa957f 00000001 0 1
2 0 1 0 0000ffff 0fffffff 00000001 0 1
3 1 1 1 3a459136 984431a8 00000001 0 1
3 1 1 0 a0acf012 7bd59aca 00000000 0 0
2 1 1 0 f0f0f0f0 7ffffffe 00000000 0 0
2 1 1 1 000000ff aaaaaaaa 00000001 0 1
3 1 1 0 72c8a9e0 d24620f4 00000001 0 1
3 1 1 0 6f97dc84 5069e992 00000000 0 0
2 1 1 0 000000ff 00010000 00000001 0 1
3 0 1 0 00000002 00000008 00000001 0 1
2 0 1 0 7ffffffe ffff0000 00000001 0 1
2 0 1 1 80000000 deadbeef 00000001 0 1
3 1 1 0 e47d8dfe 80000001 00000000 0 0
3 1 1 1 55555555 0000000f 00000000 0 0
3 1 1 0 00000002 00010000 00000001 0 1
3 0 1 1 55555555 0f0f0f0f 00000000 0 0
2 1 1 0 7fffffff fffffffe 00000001 0 1
2 0 1 0 0000ffff 00000002 00000000 0 0
2 0 1 1 b5c89e3c f410cdfa 00000001 0 1
2 1 1 1 55555555 00008000 00000000 0 0
2 0 1 1 00000003 00000003 00000000 1 0
2 0 1 1 0f0f0f0f 440ead91 00000001 0 1
2 0 1 1 95a2d436 7ffffffe 00000000 0 0
2 0 1 0 bc25dd72 8cb3759c 00000000 0 0
2 0 1 1 dc93be2a 227329ec 00000000 0 0
2 0 1 1 0000000f 0000ffff 00000001 0 1
3 0 1 0 7ffffffe 80000001 00000001 0 1
3 1 1 0 0000fffe 91151bb0 00000001 0 1
2 0 1 1 00010000 00000020 00000000 0 0
3 1 1 0 02eac4b8 d85125b0 00000001 0 1
2 0 1 0 0000ffff ffffffff 00000001 0 1
2 1 1 0 00000002 ffff0000 00000001 0 1
3 0 1 1 9cd8b71b 0000001f 00000000 0 0
3 1 1 0 00000010 7ffffffe 00000001 0 1
2 1 1 0 e6971117 012734ee 00000000 0 0
2 0 1 1 0000001f 0000fffe 00000001 0 1
3 0 1 0 000000ff 0000ffff 00000001 0 1
3 0 1 0 c0000000 3496069b 00000000 0 0
2 1 1 1 7ffffffe 00007fff 00000000 0 0
2 0 1 0 0f0f0f0f 0000000f 00000000 0 0
3 0 1 0 eb71d383 6bea5ebd 00000000 0 0
3 0 1 1 840154ef 7681a9bf 00000000 0 0
3 0 1 0 00000004 0f0f0f0f 00000001 0 1
2 0 1 0 ca45eac0 000000ff 00000000 0 0
3 0 1 1 0000fffe 00000008 00000000 0 0
2 1 1 1 00000001 ffffffff 00000001 0 1
2 0 1 0 000000ff 7fffffff 00000001 0 1
3 1 1 1 00008000 7fffffff 00000001 0 1
2 1 1 1 7fffffff dfc140df 00000001 0 1
3 1 1 0 ffffffff 80000001 00000000 0 0
2 1 1 1 00000010 c1fe3042 00000001 0 1
3 0 1 1 4fbc9558 547f413e 00000001 0 1
3 0 1 0 aaaaaaaa fffffffe 00000001 0 1
3 0 1 0 00000002 0000ffff 00000001 0 1
2 0 1 0 00000003 aaaaaaaa 00000001 0 1
3 1 1 1 b267fb10 9a21f18f 00000000 0 0
2 0 1 0 ea8a9d46 1ce24a42 00000000 0 0
2 0 1 1 c0000000 0000ffff 00000000 0 0
2 1 1 1 00000004 00000008 00000001 0 1
3 1 1 0 00000001 80000001 00000001 0 1
3 0 1 1 69cd8c6a 9c1d34f9 00000001 0 1
3 1 1 1 dc4f5f95 f0f0f0f0 00000001 0 1
2 0 1 0 c0000000 7d1bef86 00000000 0 0
2 1 1 0 0000001f 00000004 00000000 0 0
3 1 1 0 00000004 0000000f 00000001 0 1
2 0 1 0 cd36fa02 00000020 00000000 0 0
2 1 1 1 b2b3a520 2f52f2a9 00000000 0 0
2 1 1 0 0000000f 7fffffff 00000001 0 1
3 1 1 1 0000000f fe8eb302 00000001 0 1
2 1 1 1 ffff0000 c0000000 00000000 0 0
2 0 1 1 dbeabc28 8df4d26b 00000000 0 0
2 0 1 1 00000002 00000003 00000001 0 1
2 1 1 0 ffffffff 0000000f 00000000 0 0
3 0 1 0 ae39efaf 61e41be0 00000000 0 0
2 0 1 1 00000004 00000010 00000001 0 1
3 0 1 1 b241e67b 02e6c4c6 00000000 0 0
3 0 1 0 6afdd142 1a2ad1ce 00000000 0 0
2 1 1 1 9d77fb2f c4c227ae 00000001 0 1
3 0 1 1 55555555 00000000 00000000 0 0
2 1 1 1 9551d26b ec007b00 00000001 0 1
3 1 1 1 0fffffff ffff0000 00000001 0 1
2 1 1 0 0000ffff 0000000f 00000000 0 0
2 0 1 1 00000008 aaaaaaaa 00000001 0 1
3 1 1 1 00000004 7fffffff 00000001 0 1
2 0 1 0 deadbeef 80000000 00000000 0 0
2 0 1 1 ffffffff e770467e 00000000 0 0
2 0 1 0 f3772536 0000000f 00000000 0 0
3 1 1 0 00000008 7fffffff 00000001 0 1
3 1 1 0 19ac0f46 39c630c0 00000001 0 1
2 0 1 0 37e8db00 54e7fcb1 00000001 0 1
2 1 1 0 0f0f0f0f 0fffffff 00000001 0 1
3 0 1 0 00000008 80000001 00000001 0 1
2 0 1 1 06129c2c cd3d8dd1 00000001 0 1
3 1 1 1 b6ed2738 fffffffe 00000001 0 1
3 0 1 1 00008000 acc00b60 00000001 0 1
3 1 1 0 ffffffff e2c447a3 00000000 0 0
2 1 1 0 e3d525bc ba7042c4 00000000 0 0
2 0 1 0 80000000 7fffffff 00000000 0 0
2 1 1 1 80000000 663757a2 00000000 0 0
3 0 1 0 c84ffcc1 ee960d15 00000001 0 1
2 1 1 0 96ce9e72 f6160e3a 00000001 0 1
2 0 1 0 80000001 ffff0000 00000001 0 1
3 1 1 0 53024afe a446f2bb 00000001 0 1
3 1 1 0 2bab8bce 5f45a433 00000001 0 1
2 0 1 0 b2575624 13a2b190 00000000 0 0
2 0 1 1 00000008 ffff0000 00000001 0 1
3 0 1 0 aaaaaaaa 00010000 00000000 0 0
2 1 1 0 7fffffff 4fa212dc 00000000 0 0
2 1 1 1 c0000000 ffff0000 00000001 0 1
3 1 1 1 8cd70bd2 55555555 00000000 0 0
2 1 1 1 0fffffff 00010000 00000000 0 0
3 1 1 1 eddc9f1e 16922ebb 00000000 0 0
3 0 1 0 fffffffe 2a7830d5 00000000 0 0
3 0 1 1 55555555 00000010 00000000 0 0
3 1 1 0 00000003 deadbeef 00000001 0 1
2 0 1 0 00010000 ffff0000 00000001 0 1
2 0 1 1 fc02e34c fe540615 00000001 0 1
2 1 1 0 00000008 00007fff 00000001 0 1
3 1 1 0 00000003 3716943c 00000001 0 1
3 0 1 0 00000003 ffffffff 00000001 0 1
2 0 1 1 7fffffff c0000000 00000001 0 1
2 1 1 0 00010000 00000000 00000000 0 0
2 0 1 0 87bbaa1a d7b05e8b 00000001 0 1
2 1 1 1 aaaaaaaa 55555555 00000000 0 0
3 0 1 1 fffffffe 80000000 00000000 0 0
2 0 1 1 b31841c1 1534f21b 00000000 0 0
3 0 1 1 27be59d9 d7ea1b5f 00000001 0 1
3 1 1 0 00008000 00000002 00000000 0 0
2 0 1 1 00000003 0000000f 00000001 0 1
2 0 1 0 c3dfecfd f6fc7235 00000001 0 1
3 0 1 1 00000008 00000003 00000000 0 0
2 1 1 0 7fffffff 0000ffff 00000000 0 0
3 1 1 1 57eaff66 00000000 00000000 0 0
2 1 1 0 80000001 0000001f 00000000 0 0
3 0 1 1 0f0f0f0f fe34074a 00000001 0 1
3 0 1 0 93019450 4e771ca5 00000000 0 0
3 0 1 1 0f0f0f0f 00000020 00000000 0 0
2 0 1 0 6edaeedd addbdc65 00000001 0 1
3 1 1 0 fffffffe 0000000f 00000000 0 0
3 0 1 1 0fffffff 00000003 00000000 0 0
2 0 1 0 403ea20c a590789b 00000001 0 1
2 1 1 1 9f84ade9 c6416a24 00000001 0 1
3 0 1 0 a2af0489 5317f1ce 00000000 0 0
3 1 1 0 55f65e41 80000001 00000001 0 1
2 1 1 0 c0000000 00000010 00000000 0 0
3 0 1 1 00000010 73091f10 00000001 0 1
3 1 1 0 2a27fcb5 00000010 00000000 0 0
2 0 1 0 00007fff 0000fffe 00000001 0 1
2 1 1 1 aaaaaaaa 00000020 00000000 0 0
3 1 1 0 0000fffe fffffffe 00000001 0 1
2 1 1 1 a0456119 b728f645 00000001 0 1
3 0 1 1 55555555 aaaaaaaa 00000001 0 1
3 0 1 0 4e49e992 63f195d3 00000001 0 1
2 0 1 1 0f0f0f0f 0f0f0f0f 00000000 1 0
3 1 1 0 6cacbad0 b0aad410 00000001 0 1
3 1 1 1 4dd3c7d8 0556f4ad 00000000 0 0
2 0 1 0 1d06bb67 79a5bc7a 00000001 0 1
2 0 1 0 0000fffe f3857542 00000001 0 1
2 0 1 1 00000003 0000fffe 00000001 0 1
3 1 1 1 0000001f 55555555 00000001 0 1
2 0 1 1 f0f0f0f0 0000ffff 00000000 0 0
2 0 1 0 8c08de0a 00000020 00000000 0 0
3 0 1 1 0000000f 55555555 00000001 0 1
3 1 1 0 00000020 0000000f 00000000 0 0
3 1 1 1 00000001 aaaaaaaa 00000001 0 1
2 0 1 0 c3411ea2 80000001 00000000 0 0
3 0 1 1 00000003 ca01a1b9 00000001 0 1
3 0 1 1 f608f9d0 f15f932c 00000000 0 0
2 0 1 0 5666f1f6 f575652a 00000001 0 1
3 0 1 0 00000001 fffffffe 00000001 0 1
3 0 1 1 0000001f fffffffe 00000001 0 1
3 0 1 1 80000000 00010000 00000000 0 0
2 1 1 1 deadbeef 0f0f0f0f 00000000 0 0
3 1 1 1 cbe5675b 5ff1fffc 00000000 0 0
2 1 1 1 aaaaaaaa ffff0000 00000001 0 1
2 1 1 1 00000001 0000000f 00000001 0 1
3 0 1 1 ffffffff c0000000 00000000 0 0
2 1 1 0 00007fff 0000001f 00000000 0 0
3 0 1 1 f12c83f6 3065cc65 00000000 0 0
2 1 1 0 00000000 deadbeef 00000001 0 1
3 1 1 0 726c23c2 5081bcad 00000000 0 0
3 0 1 0 000000ff 0000fffe 00000001 0 1
2 1 1 0 be2ef9bf 80000001 00000000 0 0
2 0 1 0 55555555 0fffffff 00000000 0 0
2 0 1 0 b3b39823 deadbeef 00000001 0 1
3 1 1 1 aaaaaaaa 00000002 00000000 0 0
3 0 1 1 00000001 00000000 00000000 0 0
3 0 1 1 7d7835e2 6396ea9e 00000000 0 0
2 1 1 0 61c7d5d7 92e93413 00000001 0 1
2 0 1 1 80000000 e7aad357 00000001 0 1
3 0 1 0 55555555 00000002 00000000 0 0
3 0 1 0 00008000 00000020 00000000 0 0
3 1 1 1 00007fff deadbeef 00000001 0 1
2 1 1 0 00000010 80000001 00000001 0 1
3 0 1 0 00000001 00000008 00000001 0 1
3 1 1 0 7ffffffe 00008000 00000000 0 0
2 0 1 0 80000001 0000fffe 00000000 0 0
3 0 1 0 0000000f deadbeef 00000001 0 1
3 0 1 0 82bfaf19 00000000 00000000 0 0
2 0 1 1 00007fff ffffffff 00000001 0 1
2 0 1 1 7fffffff 00008000 00000000 0 0
2 1 1 0 0000ffff 00010000 00000001 0 1
3 1 1 1 0000000f 0000001f 00000001 0 1
2 0 1 0 01a46119 4a802a37 00000001 0 1
2 0 1 0 80000001 ffffffff 00000001 0 1
3 1 1 0 848195d2 3f17dfc1 00000000 0 0
2 0 1 1 c5276f97 60d574f2 00000000 0 0
3 0 1 0 0000000f 00008000 00000001 0 1
3 0 1 0 80000001 80000001 00000000 1 0
3 0 1 0 00008000 0000fffe 00000001 0 1
2 1 1 0 fffffffe ffffffff 00000001 0 1
2 0 1 0 000000ff ffff0000 00000001 0 1
2 0 1 1 00007fff f0f0f0f0 00000001 0 1
3 1 1 1 9f5358c9 e8b438e5 00000001 0 1
3 1 1 0 00010000 00000001 00000000 0 0
2 1 1 1 00000002 00000001 00000000 0 0
3 1 1 0 7f277e9f 7f09853a 00000000 0 0
2 1 1 0 0000001f 00000008 00000000 0 0
3 0 1 0 f713deac ffff0000 00000001 0 1
2 1 1 0 2301fad8 c673d124 00000001 0 1
2 1 1 0 66256e71 efb6931c 00000001 0 1
3 0 1 0 ffff0000 f0f0f0f0 00000000 0 0
2 1 1 0 00000002 80000000 00000001 0 1
2 1 1 0 deadbeef 00010000 00000000 0 0
3 0 1 0 7ffffffe 7fffffff 00000001 0 1
3 0 1 1 c0000000 0000000f 00000000 0 0
3 1 1 1 ffff0000 6ed544c7 00000000 0 0
3 0 1 1 af96c5ee bd6425c4 00000001 0 1
3 1 1 0 00000004 00000001 00000000 0 0
2 1 1 0 00010000 0fffffff 00000001 0 1
3 0 1 0 f0f0f0f0 00007fff 00000000 0 0
3 1 1 1 fffffffe 0000ffff 00000000 0 0
2 0 1 0 00000008 0fffffff 00000001 0 1
2 1 1 0 80000000 ffff0000 00000001 0 1
2 0 1 0 55555555 deadbeef 00000001 0 1
2 0 1 1 37ac3f19 00000002 00000000 0 0
2 1 1 0 00000002 ffffffff 00000001 0 1
2 1 1 1 55555555 c0000000 00000001 0 1
3 0 1 0 aaaaaaaa 0000ffff 00000000 0 0
2 0 1 0 123159ab b40cf89e 00000001 0 1
2 1 1 0 6fd4c577 4ffc4633 00000000 0 0
3 1 1 1 4fc6bdd4 0c39c3d8 00000000 0 0
3 1 1 1 0000ffff 0000000f 00000000 0 0
2 1 1 1 03571628 8f38b167 00000001 0 1
2 0 1 1 071f6ff4 00000002 00000000 0 0
2 0 1 0 80000001 000000ff 00000000 0 0
3 1 1 1 7ffffffe 00000020 00000000 0 0
3 1 1 0 834c37e4 deadbeef 00000001 0 1
2 0 1 1 ac64626a 00000000 00000000 0 0
3 1 1 0 55555555 00000004 00000000 0 0
2 0 1 1 ffffffff 000000ff 00000000 0 0
3 0 1 0 c81f02ed d2608d24 00000001 0 1
3 1 1 0 12e15ff2 9d973b13 00000001 0 1
3 1 1 0 00000004 633fef27 00000001 0 1
3 1 1 1 122b185a c320f7ff 00000001 0 1
2 1 1 0 00007fff 00000004 00000000 0 0
3 0 1 1 80000001 0000ffff 00000000 0 0
3 1 1 1 79ffb0ad d61157fc 00000001 0 1
3 1 1 0 00000008 00000020 00000001 0 1
2 1 1 0 deadbeef 00000004 00000000 0 0
3 0 1 0 7fffffff ffff0000 00000001 0 1
2 0 1 1 7fffffff ffffffff 00000001 0 1
3 0 1 0 7ffffffe 0fffffff 00000000 0 0
2 1 1 0 0000fffe 7ffffffe 00000001 0 1
3 0 1 1 7fffffff 00000003 00000000 0 0
3 0 1 0 00010000 f0f0f0f0 00000001 0 1
3 1 1 1 00007fff 0fffffff 00000001 0 1
2 0 1 0 907e2fbf 0000000f 00000000 0 0
3 1 1 1 249283a9 eb48d85e 00000001 0 1
2 1 1 1 ffffffff 55555555 00000000 0 0
2 0 1 1 54aa4617 00010000 00000000 0 0
3 0 1 0 00000003 00007fff 00000001 0 1
3 1 1 0 00007fff 7ffffffe 00000001 0 1
2 1 1 0 00000002 c0000000 00000001 0 1
3 0 1 1 dde75723 9f03834c 00000000 0 0
3 0 1 1 f0f0f0f0 0fffffff 00000000 0 0
2 0 1 0 5411083b be4271a7 00000001 0 1
2 0 1 0 55faad99 25b1dbcb 00000000 0 0
3 1 1 1 7fffffff 0000fffe 00000000 0 0
3 1 1 1 aaaaaaaa 0000001f 00000000 0 0
3 0 1 0 25e784a8 be756472 00000001 0 1
2 1 1 1 00000020 2861547d 00000001 0 1
2 0 1 0 00000000 00000000 00000000 1 0
2 1 1 1 f0f0f0f0 0000fffe 00000000 0 0
2 0 1 1 171f03b0 fcb7b03f 00000001 0 1
2 1 1 0 80000000 c0000000 00000001 0 1
3 1 1 1 0000ffff 80000001 00000001 0 1
3 0 1 1 00000010 deadbeef 00000001 0 1
2 0 1 0 00000000 00007fff 00000001 0 1
3 1 1 0 ffff0000 00000002 00000000 0 0
2 0 1 1 297b59dd 765fedcb 00000001 0 1
3 1 1 1 00000008 0000ffff 00000001 0 1
3 1 1 0 29aacc1a 4b105beb 00000001 0 1
3 1 1 1 80000001 00000008 00000000 0 0
2 0 1 1 dfdeff0a 51002bd7 00000000 0 0
2 0 1 0 9ec8a925 f397bd9e 00000001 0 1
2 0 1 1 0000000f 80000000 00000001 0 1
3 0 1 0 00000010 0000000f 00000000 0 0
2 1 1 1 aaaaaaaa 00000001 00000000 0 0
3 1 1 0 0000ffff 262f7d01 00000001 0 1
3 1 1 1 77cefb2c 0c62e333 00000000 0 0
3 0 1 1 00000020 f0f0f0f0 00000001 0 1
3 0 1 1 ffff0000 b12eeaf3 00000000 0 0
2 1 1 1 00000020 00000001 00000000 0 0
3 1 1 0 f2e5d6f4 3ac8a473 00000000 0 0
3 1 1 1 0fffffff 00000001 00000000 0 0
2 0 1 1 00010000 fffffffe 00000001 0 1
3 0 1 1 00000010 e5878775 00000001 0 1
3 1 1 1 00000001 0bffa19b 00000001 0 1
2 1 1 1 00a75fe0 9aafe8f3 00000001 0 1
3 1 1 0 00000000 0000ffff 00000001 0 1
2 0 1 1 0000001f 00000010 00000000 0 0
2 0 1 0 7462b396 3499fede 00000000 0 0
3 0 1 0 3ff793ad 00000001 00000000 0 0
2 1 1 0 c0000000 0000001f 00000000 0 0
3 1 1 0 0000ffff 0000ffff 00000000 1 0
3 0 1 1 00000002 00000002 00000000 1 0
# --- XOR ---
# i_opsel i_sub i_unsigned i_arith i_op1 i_op2 | o_result o_eq o_slt
4 1 0 0 422d906b c0000000 822d906b 0 0
4 1 0 0 0000fffe 000000ff 0000ff01 0 0
4 0 1 0 7ffffffe deadbeef a1524111 0 1
4 0 0 0 00000001 7ffffffe 7fffffff 0 1
4 0 0 1 00000000 00000001 00000001 0 1
4 0 0 1 00000000 00000003 00000003 0 1
4 0 0 1 683bceff e1b0cd8a 898b0375 0 0
4 1 0 0 80000000 00007fff 80007fff 0 1
4 1 1 1 940eac64 a539fb3c 31375758 0 1
4 0 0 0 55555555 00000010 55555545 0 0
4 1 0 1 0fffffff aaaaaaaa a5555555 0 0
4 0 1 0 0000fffe 00000020 0000ffde 0 0
4 1 0 0 9ca4919f b4bd3f44 2819aedb 0 1
4 1 1 1 aaaaaaaa f0f0f0f0 5a5a5a5a 0 1
4 1 1 1 00000000 00000020 00000020 0 1
4 1 0 0 c65b99a9 43044b60 855fd2c9 0 1
4 1 0 1 c0000000 0000000f c000000f 0 1
4 0 0 0 7ffffffe ddd0c4e0 a22f3b1e 0 0
4 0 1 1 f0f0f0f0 b84ad7be 48ba274e 0 0
4 1 0 1 0f0f0f0f c0000000 cf0f0f0f 0 0
4 1 1 1 00000008 f0f0f0f0 f0f0f0f8 0 1
4 0 1 1 00008000 9fd91e2c 9fd99e2c 0 1
4 0 1 0 00000003 e9d23430 e9d23433 0 1
4 1 0 1 ea3c9d13 30f6d15e daca4c4d 0 1
4 0 1 1 14d2e8d4 942e4db8 80fca56c 0 1
4 1 1 1 00007fff ffffffff ffff8000 0 1
4 0 0 1 f6bd5579 f84c75f3 0ef1208a 0 1
4 1 0 1 80000000 80000000 00000000 1 0
4 0 1 1 0000000f 00000008 00000007 0 0
4 1 0 0 73b3c775 2ba54e8a 581689ff 0 0
4 0 0 0 00000002 00000004 00000006 0 1
4 1 0 0 00008000 b0fec79a b0fe479a 0 0
4 0 1 0 0000000f 7fffffff 7ffffff0 0 1
4 1 1 0 23bdb1b3 9ea7f659 bd1a47ea 0 1
4 1 0 1 00000001 5e8f04a7 5e8f04a6 0 1
4 1 1 0 55555555 80000000 d5555555 0 1
4 0 0 1 55555555 aaaaaaaa ffffffff 0 0
4 1 1 0 ffffffff 00000002 fffffffd 0 0
4 0 1 0 00000008 00000001 00000009 0 0
4 0 1 0 558993a9 aaaaaaaa ff233903 0 1
4 0 1 1 33bbff16 0000000f 33bbff19 0 0
4 0 0 0 f3c66d04 925752ef 61913feb 0 0
4 0 0 0 00000004 277b469a 277b469e 0 1
4 0 1 0 aa767395 19440e36 b3327da3 0 0
4 1 1 1 0000fffe 7ce58751 7ce578af 0 1
4 1 0 0 00000004 80000001 80000005 0 0
4 0 1 1 28707c6b 590f2a81 717f56ea 0 1
4 0 0 1 0000001f aaaaaaaa aaaaaab5 0 0
4 1 1 1 42a20fa6 e2591245 a0fb1de3 0 1
4 1 1 0 4bcc455f fffffffe b433baa1 0 1
4 1 1 0 08156b20 6c7467ae 64610c8e 0 1
4 0 0 1 0000ffff 80000001 8000fffe 0 0
4 0 0 0 dfd6a53a 02d1ca7c dd076f46 0 1
4 1 1 0 00000008 aaaaaaaa aaaaaaa2 0 1
4 1 0 1 bc7d7076 99453e61 25384e17 0 0
4 1 1 1 0000ffff 00000003 0000fffc 0 0
4 1 1 0 0000001f 00000002 0000001d 0 0
4 1 1 1 00000004 00007fff 00007ffb 0 1
4 1 0 0 55555555 ffffffff aaaaaaaa 0 0
4 0 1 0 0f0f0f0f 00000010 0f0f0f1f 0 0
4 0 1 1 7fffffff c541325e babecda1 0 1
4 0 0 1 7ce551aa 0000000f 7ce551a5 0 0
4 1 1 0 bb7c8fa7 4b986b73 f0e4e4d4 0 0
4 0 0 0 0b292491 0ee12a6f 05c80efe 0 1
4 0 1 1 135da039 62f767ec 71aac7d5 0 1
4 0 0 0 0428b994 f84ab60f fc620f9b 0 0
4 1 0 0 00000010 00000000 00000010 0 0
4 1 1 1 00007fff 85172455 85175baa 0 1
4 1 1 1 00000020 deadbeef deadbecf 0 1
4 1 1 1 00008000 aaaaaaaa aaaa2aaa 0 1
4 0 1 1 80000000 000000ff 800000ff 0 0
4 0 1 1 00000000 0000ffff 0000ffff 0 1
4 1 1 1 2dd1ae85 32bd572a 1f6cf9af 0 1
4 1 1 1 9f9ae2c9 f1779b15 6eed79dc 0 1
4 0 0 1 8167733a 215e925c a039e166 0 1
4 1 0 1 bf647a3b cfb22b28 70d65113 0 1
4 1 1 1 7ffffffe 00007fff 7fff8001 0 0
4 1 0 0 00000000 7fffffff 7fffffff 0 1
4 0 1 1 00000020 55555555 55555575 0 1
4 1 1 1 ffff0000 55555555 aaaa5555 0 0
4 1 1 1 00010000 80000001 80010001 0 1
4 1 1 0 00010000 deadbeef deacbeef 0 1
4 0 1 1 55555555 00000020 55555575 0 0
4 0 1 1 d5e51cd2 00000002 d5e51cd0 0 0
4 1 0 0 31dec35a 0f0f0f0f 3ed1cc55 0 0
4 0 1 0 f0f0f0f0 d6658619 269576e9 0 0
4 1 0 1 5bd47806 0000fffe 5bd487f8 0 0
4 0 0 1 00000001 0fffffff 0ffffffe 0 1
4 1 1 1 00000010 00000002 00000012 0 0
4 1 0 0 ffff0000 00008000 ffff8000 0 1
4 1 0 1 5521e756 e8d76e5c bdf6890a 0 0
4 1 0 0 f0f0f0f0 0fffffff ff0f0f0f 0 1
4 0 0 1 f7f2b407 00000020 f7f2b427 0 1
4 0 1 1 7e33015e 0fffffff 71ccfea1 0 0
4 0 1 1 5a24d268 55cf43ab 0feb91c3 0 0
4 1 0 0 00000020 ffffffff ffffffdf 0 0
4 0 0 0 eea5f5ac d63500db 3890f577 0 0
4 1 1 0 0478cbbf 63d5792c 67adb293 0 1
4 1 0 1 a5abb7e5 144c5dd8 b1e7ea3d 0 1
4 1 1 1 000000ff 00000004 000000fb 0 0
4 1 0 0 00000002 00000010 00000012 0 1
4 0 0 0 fffffffe 00000002 fffffffc 0 1
4 1 1 0 00007fff deadbeef deadc110 0 1
4 1 1 1 90cda144 7602e2df e6cf439b 0 0
4 1 1 1 7fba6131 00000003 7fba6132 0 0
4 0 1 0 80000001 7fffffff fffffffe 0 0
4 0 0 0 0000fffe 7ffffffe 7fff0000 0 1
4 1 1 1 80000001 00000002 80000003 0 0
4 0 1 1 35522d6f aa579b06 9f05b669 0 1
4 1 0 1 f7576a29 0876fa73 ff21905a 0 1
4 1 0 1 fd28d460 86ed430f 7bc5976f 0 0
4 1 0 0 00000001 0000fffe 0000ffff 0 1
4 0 1 0 ffffffff 00007fff ffff8000 0 0
4 1 1 0 00000010 fbede801 fbede811 0 1
4 1 1 1 7470e1df 2c3842f2 5848a32d 0 0
4 0 1 1 0fffffff 7fffffff 70000000 0 1
4 1 1 0 0000ffff 80000000 8000ffff 0 1
4 1 1 0 df6e748d 2ae5eeb5 f58b9a38 0 0
4 1 1 0 000000ff 0fffffff 0fffff00 0 1
4 1 0 1 0000ffff 0000000f 0000fff0 0 0
4 0 1 1 54532a4e 9597356d c1c41f23 0 1
4 1 0 1 0000ffff 7ffffffe 7fff0001 0 1
4 0 0 1 35c48441 551031a9 60d4b5e8 0 1
4 0 1 0 0fffffff 1deefd69 12110296 0 1
4 0 1 0 00010000 0fffffff 0ffeffff 0 1
4 1 1 0 5ab9e13a 1d099a98 47b07ba2 0 0
4 0 0 1 deadbeef 00008000 dead3eef 0 1
4 0 0 0 1181d895 0ed5efc5 1f543750 0 0
4 0 1 1 0000000f 00000020 0000002f 0 1
4 0 0 1 aaaaaaaa 00000004 aaaaaaae 0 1
4 0 0 0 0f0f0f0f 0000000f 0f0f0f00 0 0
4 0 0 0 00000000 0fffffff 0fffffff 0 1
4 1 1 0 aaaaaaaa eb258473 418f2ed9 0 1
4 1 1 0 0000ffff 00000020 0000ffdf 0 0
4 1 0 1 da8b2df4 03ff6adc d9744728 0 1
4 1 0 0 ffffffff ffffffff 00000000 1 0
4 1 1 1 376ce9b0 008b7596 37e79c26 0 0
4 0 1 0 ffffffff fffffffe 00000001 0 0
4 0 1 0 454c780e d00ccded 9540b5e3 0 1
4 1 1 0 0000000f 80000000 8000000f 0 1
4 1 1 0 fffffffe deadbeef 21524111 0 0
4 0 0 1 5a1938a6 f9e1494e a3f871e8 0 0
4 1 0 1 dc987e78 3714e6e9 eb8c9891 0 1
4 1 0 1 00000020 00010000 00010020 0 1
4 0 1 1 00000020 000000ff 000000df 0 1
4 0 0 1 c0000000 cc099145 0c099145 0 1
4 0 1 0 00000001 95cbaf6a 95cbaf6b 0 1
4 0 0 1 deadbeef f0f0f0f0 2e5d4e1f 0 1
4 0 1 0 c0000000 00000008 c0000008 0 0
4 1 0 1 3bd7ec05 00010000 3bd6ec05 0 0
4 1 1 0 00000008 7fffffff 7ffffff7 0 1
4 0 0 0 6ab94820 80000000 eab94820 0 0
4 1 1 1 0fffffff f0f0f0f0 ff0f0f0f 0 1
4 0 0 1 839739d3 068848de 851f710d 0 1
4 0 1 1 ffff0000 0f0f0f0f f0f00f0f 0 0
4 1 1 1 869a6398 80000000 069a6398 0 0
4 1 0 0 7fffffff 663a974c 19c568b3 0 0
4 0 0 0 deadbeef aaaaaaaa 74071445 0 0
4 1 0 1 e6583a39 89428b10 6f1ab129 0 0
4 1 1 0 30d69b02 4c97eaeb 7c4171e9 0 1
4 0 0 0 7a6dc46a 9800cf26 e26d0b4c 0 0
4 1 0 1 54c46b95 33dbba4b 671fd1de 0 0
4 1 0 0 0000000f fffffffe fffffff1 0 0
4 1 0 1 00000004 0000ffff 0000fffb 0 1
4 1 1 0 c0000000 00010000 c0010000 0 0
4 1 1 1 11ae1e76 2ee264cc 3f4c7aba 0 1
4 0 1 1 f0f0f0f0 00000010 f0f0f0e0 0 0
4 1 0 1 aaaaaaaa 00000020 aaaaaa8a 0 1
4 1 1 1 ffff0000 00000001 ffff0001 0 0
4 1 0 1 fffffffe 00000010 ffffffee 0 1
4 0 1 1 55555555 00007fff 55552aaa 0 0
4 0 0 1 8757b597 e1fb58fd 66aced6a 0 1
4 0 0 0 00000008 00010000 00010008 0 1
4 1 1 1 0000fffe c0000000 c000fffe 0 1
4 1 0 0 536cf457 00000004 536cf453 0 0
4 1 0 0 0a111afe 0000ffff 0a11e501 0 0
4 0 1 0 80625005 ab9a6d8f 2bf83d8a 0 1
4 0 1 1 aa6149ae 05e935fc af887c52 0 0
4 1 1 0 2eae3787 e6b8daa7 c816ed20 0 1
4 1 0 0 36697abe 00000003 36697abd 0 0
4 1 1 1 5c93369f 7286af39 2e1599a6 0 1
4 1 0 1 deadbeef 7fffffff a1524110 0 1
4 1 0 1 55555555 90050686 c55053d3 0 0
4 0 0 1 97183c62 7f16f0c4 e80ecca6 0 1
4 0 0 0 272f6b64 593cac96 7e13c7f2 0 1
4 1 0 0 0000ffff 00000000 0000ffff 0 0
4 0 0 1 00008000 00007fff 0000ffff 0 0
4 1 0 0 c0000000 fffffffe 3ffffffe 0 1
4 1 1 1 2409d071 8897007b ac9ed00a 0 1
4 1 1 0 fffffffe 00000003 fffffffd 0 0
4 0 1 1 00000010 0000000f 0000001f 0 0
4 0 0 0 a1baee17 00008000 a1ba6e17 0 1
4 0 1 1 00008000 00000020 00008020 0 0
4 0 0 0 5c6dca3b 34223edf 684ff4e4 0 0
4 1 1 0 f0f0f0f0 00000000 f0f0f0f0 0 0
4 0 0 0 00008000 0000001f 0000801f 0 0
4 1 1 0 f0f0f0f0 00000010 f0f0f0e0 0 0
4 0 1 1 0f0f0f0f 00000000 0f0f0f0f 0 0
4 0 1 1 d21ae72c 2855b04e fa4f5762 0 0
4 0 1 0 62fccadc 9d743b7e ff88f1a2 0 1
4 1 1 1 00000008 deadbeef deadbee7 0 1
4 0 0 0 80000000 0000fffe 8000fffe 0 1
4 0 0 0 130626a5 ade3dfbe bee5f91b 0 0
4 1 1 0 d86b20c2 f44f2048 2c24008a 0 1
4 0 0 0 000000ff 170cb423 170cb4dc 0 1
4 1 1 1 d31defc4 bb36cacd 682b2509 0 0
4 1 1 1 000000ff 0f0f0f0f 0f0f0ff0 0 1
4 1 0 0 b4f796c8 0000ffff b4f76937 0 1
4 0 1 0 d835c5ad 49c06931 91f5ac9c 0 0
4 0 1 0 ffffffff 00000008 fffffff7 0 0
4 1 1 0 c0000000 0000001f c000001f 0 0
4 0 0 0 000000ff 00000002 000000fd 0 0
4 0 1 1 0000001f 0000fffe 0000ffe1 0 1
4 0 1 1 ffff0000 00000000 ffff0000 0 0
4 0 1 0 55555555 0000001f 5555554a 0 0
4 0 0 0 00000000 e415c872 e415c872 0 0
4 1 1 1 00000003 00000002 00000001 0 0
4 0 1 0 f965138d 28c344a8 d1a65725 0 0
4 0 1 1 00000002 00000020 00000022 0 1
4 1 0 0 a7c3eacd 0000fffe a7c31533 0 1
4 0 0 1 00000010 c0000000 c0000010 0 0
4 0 1 1 7186977d 2ec442fe 5f42d583 0 0
4 1 0 1 0fffffff 000000ff 0fffff00 0 0
4 0 0 0 61c9d401 29d64555 481f9154 0 0
4 1 1 0 0f0f0f0f aaaaaaaa a5a5a5a5 0 1
4 1 0 1 7b1995cb 0f0f0f0f 74169ac4 0 0
4 1 1 0 9cfac7d1 ab1dd153 37e71682 0 1
4 0 0 1 c5c74259 7ae50143 bf22431a 0 1
4 1 1 1 00008000 00000004 00008004 0 0
4 1 0 0 ffff0000 7fffffff 8000ffff 0 1
4 1 0 0 42abddc0 883e2ff5 ca95f235 0 0
4 0 1 0 fffffffe 00000004 fffffffa 0 0
4 0 0 1 00000010 80000000 80000010 0 0
4 0 0 1 00000010 aaaaaaaa aaaaaaba 0 0
4 1 0 1 ffff0000 00000004 ffff0004 0 1
4 0 1 0 f0f0f0f0 741cdd9c 84ec2d6c 0 0
4 1 0 0 7ffffffe 00000008 7ffffff6 0 0
4 0 0 1 c01d4bf1 00000001 c01d4bf0 0 1
4 0 0 1 61fbeefa 00000001 61fbeefb 0 0
4 0 1 1 00000004 fffffffe fffffffa 0 1
4 1 0 1 2c0d8e06 0000fffe 2c0d71f8 0 0
4 0 0 1 00000003 0fffffff 0ffffffc 0 1
4 0 0 0 deadbeef 00010000 deacbeef 0 1
4 0 0 1 ebb396f3 0f0f0f0f e4bc99fc 0 1
4 1 0 1 e5c0b50f f0f0f0f0 153045ff 0 1
4 1 0 0 b01794bb 997ffd2d 29686996 0 0
4 1 1 1 5870fa54 f4b7670c acc79d58 0 1
4 1 1 0 0000001f deadbeef deadbef0 0 1
4 1 1 1 00007fff 0000000f 00007ff0 0 0
4 0 0 1 80000000 c0000000 40000000 0 1
4 1 0 0 ec779803 f83c2006 144bb805 0 1
4 1 1 1 f0f0f0f0 7ffffffe 8f0f0f0e 0 0
4 1 1 1 c511ccb9 2a09a6b0 ef186a09 0 0
4 0 0 0 00000020 aaaaaaaa aaaaaa8a 0 0
4 1 0 1 155dd924 76574df2 630a94d6 0 1
4 1 0 0 00008000 c0000000 c0008000 0 0
4 1 0 0 032fa1b0 2e2ae66f 2d0547df 0 1
4 1 0 1 88d1ccb5 4cfe8c7d c42f40c8 0 1
4 1 1 0 000000ff 0000fffe 0000ff01 0 1
4 1 1 0 9850fa25 5e941b60 c6c4e145 0 0
4 0 1 0 00007fff 00000008 00007ff7 0 0
4 1 0 0 d7b15f74 fffffffe 284ea08a 0 1
4 0 1 0 00000001 ffffffff fffffffe 0 1
4 1 1 1 ffffffff 00000020 ffffffdf 0 0
4 0 0 1 c9990493 9d05edb2 549ce921 0 0
4 0 0 0 00008000 7fffffff 7fff7fff 0 1
4 1 0 1 80404c23 51da6aff d19a26dc 0 1
4 0 0 0 fffffffe 0000000f fffffff1 0 1
4 0 0 0 00000020 0408736d 0408734d 0 1
4 0 0 0 7ffffffe 00000001 7fffffff 0 0
4 1 0 0 f0f0f0f0 00000004 f0f0f0f4 0 1
4 0 0 1 623ef170 64f4eefa 06ca1f8a 0 1
4 0 1 1 fffffffe 55555555 aaaaaaab 0 0
4 0 0 0 00000002 deadbeef deadbeed 0 0
4 0 0 0 0000fffe deadbeef dead4111 0 0
4 1 1 1 f877bf63 e96d0fb7 111ab0d4 0 0
4 1 0 1 9b1c1e00 f2a200ae 69be1eae 0 1
4 1 1 0 00010000 0f0f0f0f 0f0e0f0f 0 1
4 1 0 0 fffffffe 0000001f ffffffe1 0 1
4 1 0 1 c0000000 00007fff c0007fff 0 1
4 1 1 1 0000ffff 0f0f0f0f 0f0ff0f0 0 1
4 0 1 0 00008000 00000002 00008002 0 0
4 0 1 0 ffcd5c9f 567f7865 a9b224fa 0 0
4 0 0 1 00000002 0f0f0f0f 0f0f0f0d 0 1
4 1 0 0 066caa4f c99d6b8d cff1c1c2 0 0
4 1 1 0 c4953f69 9a47a0c8 5ed29fa1 0 0
4 1 0 0 7ffffffe 0a7e6e22 758191dc 0 0
4 0 1 1 7c2a85da 00010000 7c2b85da 0 0
4 1 1 1 a1b9a42e db4269fc 7afbcdd2 0 1
4 1 1 1 408d2d4b 5577adc4 15fa808f 0 1
4 1 0 1 80000001 10e05ce4 90e05ce5 0 1
4 0 1 1 7353bfae e18c1ad5 92dfa57b 0 1
4 1 1 0 0000fffe 0f0f0f0f 0f0ff0f1 0 1
4 1 0 0 000000ff 00007fff 00007f00 0 1
4 0 1 0 20b92cbc 3a009a06 1ab9b6ba 0 1
4 1 1 0 00000004 deadbeef deadbeeb 0 1
4 1 1 1 072057a7 00000002 072057a5 0 0
4 0 0 1 573d43b6 cf161394 982b5022 0 0
4 0 0 0 f04b68a5 00010000 f04a68a5 0 1
4 1 1 1 deadbeef b554a3f9 6bf91d16 0 0
4 0 1 0 00008000 00000010 00008010 0 0
4 1 1 1 f2033aab 4601f138 b402cb93 0 0
4 0 1 1 00000008 2e2ea2f0 2e2ea2f8 0 1
4 0 1 0 22d53b9f b13824fc 93ed1f63 0 1
4 1 0 0 ffff0000 00010000 fffe0000 0 1
4 1 0 1 511b106f 1900cc9f 481bdcf0 0 0
4 0 1 0 c0000000 ffff0000 3fff0000 0 1
4 1 0 0 95a25b33 d5705b10 40d20023 0 1
4 1 0 0 fffffffe 0000ffff ffff0001 0 1
4 1 1 0 36f88805 77f0138d 41089b88 0 1
4 1 0 0 96dd9a74 309b2900 a646b374 0 1
4 1 1 1 c0000000 0000ffff c000ffff 0 0
4 1 0 1 c0000000 00000004 c0000004 0 1
4 0 0 0 deadbeef ac64991d 72c927f2 0 0
4 1 1 1 80000000 ffff0000 7fff0000 0 1
4 0 0 1 a552189e b6afe78e 13fdff10 0 1
4 1 0 0 00000002 80000000 80000002 0 0
4 1 0 0 00000004 aaaaaaaa aaaaaaae 0 0
4 0 1 0 0329adb5 10741415 135db9a0 0 1
4 1 1 1 2cf52f6e 00000020 2cf52f4e 0 0
4 1 0 1 35a5d0d1 7fffffff 4a5a2f2e 0 1
4 1 1 0 76bc63e0 00007fff 76bc1c1f 0 0
4 0 0 1 3413b8e4 00007fff 3413c71b 0 0
4 0 1 1 0000fffe aaaaaaaa aaaa5554 0 1
4 0 1 1 7fffffff 42e8c30e 3d173cf1 0 0
4 1 1 1 00000001 00000020 00000021 0 1
4 0 0 1 80000001 00000010 80000011 0 1
4 1 1 0 00010000 00000002 00010002 0 0
4 0 1 1 80000001 0000ffff 8000fffe 0 0
4 1 0 1 fffffffe 00000008 fffffff6 0 1
4 0 0 1 00000004 0f0f0f0f 0f0f0f0b 0 1
4 1 0 0 2ac2fff8 b91e9579 93dc6a81 0 0
4 1 0 0 80000000 e729c93b 6729c93b 0 1
4 0 1 1 00000004 f0f0f0f0 f0f0f0f4 0 1
4 1 1 1 00000008 fffffffe fffffff6 0 1
4 0 0 0 00000010 55555555 55555545 0 1
4 1 1 1 00000020 00000004 00000024 0 0
4 1 1 1 ffffffff 0000000f fffffff0 0 0
4 0 0 0 0fffffff 00000020 0fffffdf 0 0
4 0 1 0 df58b47c 7fffffff a0a74b83 0 0
4 1 1 1 00000010 00000001 00000011 0 0
4 0 1 1 c0000000 a556e146 6556e146 0 0
4 0 1 0 bfe70d80 3774adcf 8893a04f 0 0
4 1 0 1 7e110071 877184d7 f96084a6 0 0
4 0 0 0 0000ffff 00000010 0000ffef 0 0
4 0 0 1 2fb57992 d35a9a27 fcefe3b5 0 0
4 0 0 1 000000ff c0000000 c00000ff 0 0
4 0 1 0 0000000f 55555555 5555555a 0 1
4 1 1 0 aaaaaaaa 80000001 2aaaaaab 0 0
4 1 1 0 000000ff 795756b5 7957564a 0 1
4 1 1 0 c0000000 f0f0f0f0 30f0f0f0 0 1
4 1 1 1 2f12212b bca9985f 93bbb974 0 1
4 1 0 0 2a135ee7 0000fffe 2a13a119 0 0
4 0 0 1 00000002 00008000 00008002 0 1
4 1 1 0 aaaaaaaa 80000000 2aaaaaaa 0 0
4 0 1 0 55555555 7ffffffe 2aaaaaab 0 1
4 0 1 0 00007fff 00008000 0000ffff 0 1
4 0 0 0 0f0f0f0f 00000002 0f0f0f0d 0 0
4 1 1 1 243bcf42 00000000 243bcf42 0 0
4 0 1 1 4a04983a 54bc623a 1eb8fa00 0 1
4 0 1 1 aaaaaaaa 0f0f0f0f a5a5a5a5 0 0
4 1 1 0 89c2a834 7f5b330c f6999b38 0 0
4 0 0 0 1cf43dd9 f1afc535 ed5bf8ec 0 0
4 0 1 0 0f0f0f0f 0fffffff 00f0f0f0 0 1
4 0 1 1 0fffffff fffffffe f0000001 0 1
4 1 0 0 0545527e e68baf52 e3cefd2c 0 0
4 1 0 0 b5ea2b32 d058d413 65b2ff21 0 1
4 0 1 1 fced5560 ffff0000 03125560 0 1
4 1 0 1 0fffffff 00008000 0fff7fff 0 0
4 0 1 0 00000010 00000008 00000018 0 0
4 1 0 0 8f9a8e91 66796382 e9e3ed13 0 1
4 0 1 0 b7503a19 2b7ef42a 9c2ece33 0 0
4 1 1 1 7dc6f176 c743f622 ba850754 0 1
4 1 0 0 0000000f 0000ffff 0000fff0 0 1
4 1 0 0 5b2c22b1 73e4e11b 28c8c3aa 0 1
4 1 0 0 ffffffff 00008000 ffff7fff 0 1
4 0 1 1 c0000000 00000010 c0000010 0 0
4 0 0 1 00008000 55555555 5555d555 0 1
4 1 1 0 aebc0537 2c45bcb9 82f9b98e 0 0
4 1 1 1 7fffffff 7fffffff 00000000 1 0
4 0 0 1 80000001 80000001 00000000 1 0
4 0 0 1 ffffffff 0000fffe ffff0001 0 1
4 1 1 0 00000004 0000000f 0000000b 0 1
4 1 0 1 000000ff 00000003 000000fc 0 0
4 1 0 0 0000000f 0000000f 00000000 1 0
4 0 1 1 00007fff aaaaaaaa aaaad555 0 1
4 1 1 0 00000020 f0f0f0f0 f0f0f0d0 0 1
4 0 0 1 16474428 17966611 01d12239 0 1
4 0 0 0 eacd69db 1b6d0a3d f1a063e6 0 1
4 0 1 0 7c9e0eaf 3500d83a 499ed695 0 0
4 1 1 1 00000020 0000001f 0000003f 0 0
4 0 1 1 6ef72737 0000001f 6ef72728 0 0
4 1 1 0 0000001f 00008000 0000801f 0 1
4 1 0 0 86013ca4 91ada8b8 17ac941c 0 1
4 0 0 0 f0f0f0f0 ffffffff 0f0f0f0f 0 1
4 1 0 0 00000001 ffff0000 ffff0001 0 0
4 1 1 0 7ffffffe ffff0000 8000fffe 0 1
4 1 1 1 00000003 000000ff 000000fc 0 1
4 1 0 0 8d68a99d 00000002 8d68a99f 0 1
4 1 0 1 6f31cf50 36318127 59004e77 0 0
4 1 0 0 55555555 120ef080 475ba5d5 0 0
4 0 0 1 7a93ed7e 78e8df2e 027b3250 0 0
4 0 1 1 ffffffff 80000001 7ffffffe 0 0
4 1 0 1 e6a3a921 57ccb4d4 b16f1df5 0 1
4 1 1 1 0000ffff 2b4a1889 2b4ae776 0 1
4 0 1 1 5bfbc494 00000001 5bfbc495 0 0
4 0 1 0 00000004 00000004 00000000 1 0
4 0 1 0 fffffffe 00000000 fffffffe 0 0
4 1 1 0 ffff0000 00000010 ffff0010 0 0
4 0 0 1 00010000 00000001 00010001 0 0
4 1 1 0 00000003 0000fffe 0000fffd 0 1
4 0 0 0 f2be5b62 8d2ca3bb 7f92f8d9 0 0
4 1 0 0 b36376fa e4475c59 57242aa3 0 1
4 1 1 1 0000ffff 0c48d7bc 0c482843 0 1
4 1 1 1 d015fd71 7c7c208e ac69ddff 0 0
4 1 1 1 ffffffff 03c85be2 fc37a41d 0 0
4 0 0 1 0000001f 00007fff 00007fe0 0 1
4 1 0 0 ec14033f 71536899 9d476ba6 0 1
4 1 1 0 7ffffffe 00000010 7fffffee 0 0
4 0 1 0 422ea4cc caf79a64 88d93ea8 0 1
4 1 0 1 9c307c2c 20cde3d5 bcfd9ff9 0 1
4 0 0 1 7ffffffe 040aeb1d 7bf514e3 0 0
4 1 1 1 00000001 00008000 00008001 0 1
4 1 1 1 84a94897 c71eaf7d 43b7e7ea 0 1
4 1 1 0 80000001 deadbeef 5eadbeee 0 1
4 0 0 1 0000000f 00007fff 00007ff0 0 1
4 0 1 0 a8b8b48d 48026366 e0bad7eb 0 0
4 1 0 0 0000ffff deadbeef dead4110 0 0
4 0 0 0 b20aea7f f44e33ee 4644d991 0 1
4 1 0 0 648ca04c 6ad46790 0e58c7dc 0 1
4 1 1 0 7ffffffe fffffffe 80000000 0 1
4 0 0 0 00000004 00000020 00000024 0 1
4 1 0 0 1cdcc238 61c2ac34 7d1e6e0c 0 1
4 1 1 0 4f077161 d101eb02 9e069a63 0 1
4 1 0 0 00000001 0000000f 0000000e 0 1
4 0 0 0 459057e0 adf3536b e863048b 0 0
4 0 1 0 e77be90f 3b2abc17 dc515518 0 0
4 0 0 1 f0f0f0f0 80000000 70f0f0f0 0 0
4 0 1 0 7282d87a c8513cb1 bad3e4cb 0 1
4 0 0 0 80000000 00000008 80000008 0 1
4 0 0 0 55555555 00000002 55555557 0 0
4 1 1 1 fffffffe 0f0f0f0f f0f0f0f1 0 0
4 0 0 0 55555555 00000002 55555557 0 0
4 0 0 1 deadbeef 000000ff deadbe10 0 1
4 1 0 0 00000020 80000000 80000020 0 0
4 0 0 1 00000001 7fffffff 7ffffffe 0 1
4 0 1 0 4a99aee5 0e522364 44cb8d81 0 0
4 0 1 1 a3e6c87a 8d3379c8 2ed5b1b2 0 0
4 0 1 0 aaaaaaaa aaaaaaaa 00000000 1 0
4 1 1 1 00000002 00007fff 00007ffd 0 1
4 1 1 0 2a56f0f2 dcdc7e24 f68a8ed6 0 1
4 1 1 0 00000008 00008000 00008008 0 1
4 0 0 1 b76d0902 c86d1b45 7f001247 0 1
4 1 0 0 385bdcca 1f7ce1e1 27273d2b 0 0
4 0 1 1 f7146c43 261851ca d10c3d89 0 0
4 0 1 0 80000000 54e4d6cc d4e4d6cc 0 0
4 1 0 0 e35d93c1 4223cea6 a17e5d67 0 1
4 1 0 0 00000020 0fffffff 0fffffdf 0 1
4 0 0 1 00000003 00008000 00008003 0 1
4 1 1 0 00000000 aaaaaaaa aaaaaaaa 0 1
4 1 0 1 d1dc86e5 fa047127 2bd8f7c2 0 1
4 1 1 0 80000001 aaaaaaaa 2aaaaaab 0 1
4 0 0 1 00000004 00000002 00000006 0 0
4 1 0 1 00000004 00000000 00000004 0 0
4 1 1 0 aaaaaaaa ab554eba 01ffe410 0 1
4 0 0 1 c0000000 0fffffff cfffffff 0 1
4 1 0 1 f0f0f0f0 80000001 70f0f0f1 0 0
4 1 0 0 0000fffe fffffffe ffff0000 0 0
4 1 1 1 f0f0f0f0 55555555 a5a5a5a5 0 0
4 1 1 1 00000000 0000001f 0000001f 0 1
4 1 1 1 7fffffff 0000001f 7fffffe0 0 0
4 0 0 0 f0f0f0f0 00000020 f0f0f0d0 0 1
4 1 0 0 483b5567 341e392f 7c256c48 0 0
4 1 0 0 e1555392 9949f052 781ca3c0 0 0
4 1 1 1 30d2c946 80000000 b0d2c946 0 1
4 0 1 0 80000000 82caf53b 02caf53b 0 1
4 1 1 1 ac9f72a9 500bf560 fc9487c9 0 0
4 1 1 0 0fffffff 7ffffffe 70000001 0 1
4 1 1 0 c279b4c4 41bf145d 83c6a099 0 0
4 0 1 1 b3d5110d f22259ef 41f748e2 0 1
4 1 0 1 0000001f 00000000 0000001f 0 0
4 0 1 0 00000001 aaaaaaaa aaaaaaab 0 1
4 1 1 0 2300a7b5 9b0b36f7 b80b9142 0 1
4 1 1 0 00010000 00010000 00000000 1 0
4 1 1 1 00000020 00000010 00000030 0 0
4 1 0 0 00008000 00010000 00018000 0 1
4 0 0 1 deadbeef 00000010 deadbeff 0 1
4 1 0 0 0000ffff 00000008 0000fff7 0 0
4 1 0 1 362c03ff 55555555 637956aa 0 1
4 1 0 1 0bd46e23 3331545a 38e53a79 0 1
4 1 0 0 0000ffff 00000001 0000fffe 0 0
4 0 1 0 7f00b6a3 0000fffe 7f00495d 0 0
4 1 0 1 80000001 00000000 80000001 0 1
4 1 1 1 fffffffe aaaaaaaa 55555554 0 0
4 1 1 0 0000001f 0fffffff 0fffffe0 0 1
4 1 1 0 03ccb75d 90fee97e 93325e23 0 1
4 0 1 0 7ffffffe 00000000 7ffffffe 0 0
4 1 0 1 e83879d1 f94a3ab0 11724361 0 1
4 0 0 1 aaaaaaaa c0000000 6aaaaaaa 0 1
4 0 1 1 00000010 7e5c6999 7e5c6989 0 1
4 1 0 1 00000010 00000003 00000013 0 0
4 1 0 0 f0f0f0f0 80000001 70f0f0f1 0 0
4 1 0 1 0000fffe 0000fffe 00000000 1 0
4 1 1 0 b086d669 ee4fe488 5ec932e1 0 1
4 1 0 0 80000000 00000004 80000004 0 1
4 1 1 1 fb8fe4a0 80000000 7b8fe4a0 0 0
4 0 1 0 0000fffe 00000003 0000fffd 0 0
4 0 1 1 000000ff c0000000 c00000ff 0 1
4 1 0 1 ffffffff 00008000 ffff7fff 0 1
4 1 0 1 00000002 51ceea39 51ceea3b 0 1
4 1 1 1 00000010 00000010 00000000 1 0
4 1 1 0 deadbeef 00000008 deadbee7 0 0
4 1 1 1 2ff7aff9 8fe83ab7 a01f954e 0 1
4 0 0 1 c826e79c 315885b8 f97e6224 0 1
4 1 1 0 0000000f 46f0c863 46f0c86c 0 1
4 1 1 0 0000001f 80000000 8000001f 0 1
4 1 0 1 a7ecdde4 4ac20150 ed2edcb4 0 1
4 1 0 0 0000000f deadbeef deadbee0 0 0
4 0 1 0 4b418282 3b4c52f6 700dd074 0 0
4 0 0 0 0fffffff 00000004 0ffffffb 0 0
4 1 0 0 d3515ef1 00000010 d3515ee1 0 1
4 0 0 0 1af72b70 5d3f9a58 47c8b128 0 1
4 0 1 0 0000fffe 00008000 00007ffe 0 0
4 0 0 0 7ffffffe 00000020 7fffffde 0 0
4 1 0 0 a45e10fa 00000003 a45e10f9 0 1
4 0 0 0 26890a50 640ac870 4283c220 0 1
4 1 1 0 e7ae55f3 7ba10a42 9c0f5fb1 0 0
4 1 0 1 00010000 00000000 00010000 0 0
4 0 0 1 00000001 00010000 00010001 0 1
4 1 1 1 7ffffffe 59ac5023 2653afdd 0 0
4 0 0 1 7fffffff 0fffffff 70000000 0 0
4 0 1 1 00008000 fffffffe ffff7ffe 0 1
4 0 0 0 0fffffff 55555555 5aaaaaaa 0 1
4 0 0 0 00008000 3c078d4c 3c070d4c 0 1
4 0 1 0 f0f0f0f0 0000001f f0f0f0ef 0 0
4 0 0 1 ffffffff 00010000 fffeffff 0 1
4 1 0 1 0fffffff 0000fffe 0fff0001 0 0
4 0 1 1 00000004 0fffffff 0ffffffb 0 1
4 1 0 0 00007fff c0000000 c0007fff 0 0
4 0 1 1 ddf8b8ed fe445af8 23bce215 0 1
4 1 1 0 b57cde15 bcb6f513 09ca2b06 0 1
4 0 0 1 cf73313c d84a26e7 173917db 0 1
4 0 0 0 7c0619ef 0fffffff 73f9e610 0 0
4 1 0 0 2b236a9e 3aba1c1f 11997681 0 1
4 0 1 0 89a1a870 8d70b7e6 04d11f96 0 1
4 1 1 1 7a370e95 c675654f bc426bda 0 1
4 0 1 0 38df0477 aec5a730 961aa347 0 1
4 0 0 0 55555555 0fffffff 5aaaaaaa 0 0
4 0 1 1 f29f62f0 0000fffe f29f9d0e 0 0
4 1 0 1 c280ec07 0000ffff c28013f8 0 1
4 1 0 0 99ec8b50 77ebefae ee0764fe 0 1
4 1 0 0 485d3667 0000fffe 485dc999 0 0
4 0 0 1 0748b6b4 0000fffe 0748494a 0 0
4 0 0 0 aaaaaaaa 0000000f aaaaaaa5 0 1
4 1 0 0 00000020 80000001 80000021 0 0
4 1 1 0 7fffffff 00000003 7ffffffc 0 0
4 1 0 1 ffffffff 80000000 7fffffff 0 0
4 0 1 1 00000001 0000001f 0000001e 0 1
4 0 1 1 84e2f964 15115ec3 91f3a7a7 0 0
4 0 0 0 00000003 aaaaaaaa aaaaaaa9 0 0
4 1 1 0 0000fffe 00008000 00007ffe 0 0
4 1 1 0 0000ffff c0000000 c000ffff 0 1
4 1 0 0 148c40dd 2ae9f189 3e65b154 0 1
4 1 0 0 f0f0f0f0 0f0f0f0f ffffffff 0 1
4 0 1 1 94153723 2651da4a b244ed69 0 0
4 1 1 0 00000008 80000000 80000008 0 1
4 1 1 0 7fffffff c0000000 bfffffff 0 1
4 0 0 1 00000004 00000000 00000004 0 0
4 1 1 1 f960f378 130ffbb5 ea6f08cd 0 0
4 0 0 0 deadbeef ffff0000 2152beef 0 1
4 1 1 0 79b5ec69 0f8c432f 7639af46 0 0
4 1 0 0 42f8a52b b26eff03 f0965a28 0 0
4 1 1 1 000000ff ddb61200 ddb612ff 0 1
4 1 1 0 0be3f6f6 c0936529 cb7093df 0 1
4 1 1 0 0000fffe 00000001 0000ffff 0 0
4 0 0 1 1a32b8f8 00000001 1a32b8f9 0 0
4 1 0 1 80000001 00000004 80000005 0 1
4 0 1 1 d80cccb7 00000003 d80cccb4 0 0
4 1 0 1 274dad02 57cf9a1e 7082371c 0 1
4 0 0 0 7ffffffe 0000ffff 7fff0001 0 0
4 1 1 0 bffc10ce ebc3c834 543fd8fa 0 1
4 1 0 0 00000000 0000000f 0000000f 0 1
4 0 0 0 00000001 00000004 00000005 0 1
4 0 0 0 d8a7c27a 00000004 d8a7c27e 0 1
4 0 1 0 664b4f66 7c967a73 1add3515 0 1
4 1 1 0 d4fd9e68 9c34eabc 48c974d4 0 0
4 1 0 1 0fffffff a44e2909 abb1d6f6 0 0
4 1 1 1 00000002 00000003 00000001 0 1
4 1 0 1 00000000 00000020 00000020 0 1
4 0 0 1 0f0f0f0f 00000008 0f0f0f07 0 0
4 1 0 0 0000001f 00000008 00000017 0 0
4 1 0 0 c3b1d026 55555555 96e48573 0 1
4 1 1 0 0000001f 00000001 0000001e 0 0
4 0 1 1 000000ff 0000fffe 0000ff01 0 1
4 0 0 1 40c10069 00000002 40c1006b 0 0
4 0 1 1 ffffffff 7ffffffe 80000001 0 0
4 1 1 0 55555555 f0f0f0f0 a5a5a5a5 0 1
4 1 0 1 00000001 55555555 55555554 0 1
4 0 1 0 3a354902 1d2e1b9a 271b5298 0 0
4 1 0 1 80000000 aaaaaaaa 2aaaaaaa 0 1
4 0 1 1 0f0f0f0f 000000ff 0f0f0ff0 0 0
4 0 0 0 80000001 00000020 80000021 0 1
4 0 0 0 0000001f 00000010 0000000f 0 0
4 1 1 0 da01eacf 3a282cfe e029c631 0 0
4 0 0 1 00010000 00000004 00010004 0 0
4 1 1 0 00000000 879de09f 879de09f 0 1
4 0 0 0 00000020 2aabb0ca 2aabb0ea 0 1
4 0 0 0 0000001f 7fffffff 7fffffe0 0 1
4 1 0 1 3ba8cdd3 5fc3e501 646b28d2 0 1
4 0 0 1 00000003 80000001 80000002 0 0
4 0 0 1 0fffffff 902efb49 9fd104b6 0 0
4 1 1 0 00000000 00000020 00000020 0 1
4 0 0 1 add16775 44a187c5 e970e0b0 0 1
4 1 0 1 00000008 8f1c014c 8f1c0144 0 0
4 1 0 1 f0f0f0f0 00000002 f0f0f0f2 0 1
4 1 0 0 7fffffff fffffffe 80000001 0 0
4 0 0 1 80000001 ebddd4ef 6bddd4ee 0 1
4 0 0 0 793eccb9 fc663138 8558fd81 0 0
4 1 1 0 00000010 0f0f0f0f 0f0f0f1f 0 1
4 0 0 1 0000fffe 00000002 0000fffc 0 0
4 0 0 1 00010000 7ffffffe 7ffefffe 0 1
4 0 1 1 f0f0f0f0 f0f0f0f0 00000000 1 0
4 1 1 1 0000fffe 7fffffff 7fff0001 0 1
4 1 0 0 456f2247 ba89e9f1 ffe6cbb6 0 0
4 0 1 0 00000008 0f0f0f0f 0f0f0f07 0 1
4 1 0 0 69dbbd4e 0145897c 689e3432 0 0
4 1 1 0 00000001 0000fffe 0000ffff 0 1
4 0 1 0 deadbeef deadbeef 00000000 1 0
4 1 0 1 f3c52ba4 78738806 8bb6a3a2 0 1
4 0 0 0 ffffffff a567b873 5a98478c 0 0
4 1 1 1 00007fff dc9ce9bd dc9c9642 0 1
4 1 0 1 3441124c 00008000 3441924c 0 0
4 0 0 0 00000004 0000fffe 0000fffa 0 1
4 1 1 0 b6622ad4 00000001 b6622ad5 0 0
4 0 0 0 31c71f81 00000008 31c71f89 0 0
4 1 0 1 5bb1dc04 d4f7b1f9 8f466dfd 0 0
4 0 1 1 1d871e10 c0000000 dd871e10 0 1
4 1 0 0 12e0d0f5 80000001 92e0d0f4 0 0
4 0 1 0 87301e69 0000000f 87301e66 0 0
4 1 0 0 bf23990d 7906ea84 c6257389 0 1
4 1 0 0 00007fff 55555555 55552aaa 0 1
4 1 1 0 500b6f47 3dd4d365 6ddfbc22 0 0
4 0 1 1 ffff0000 faeb3407 05143407 0 0
4 1 0 0 00000008 deba14ab deba14a3 0 0
4 0 1 1 55555555 55555555 00000000 1 0
4 1 0 1 8613b974 3ff68bca b9e532be 0 1
4 1 1 0 00000004 55555555 55555551 0 1
4 1 0 0 80000000 0000000f 8000000f 0 1
4 0 1 0 ffffffff 0f0f0f0f f0f0f0f0 0 0
4 1 0 0 00000004 0000001f 0000001b 0 1
4 1 0 0 d63f2b11 609bcf13 b6a4e402 0 1
4 1 0 0 55555555 00010000 55545555 0 0
4 1 0 0 80000001 7ffffffe ffffffff 0 1
4 0 0 0 924b0493 0fd9349d 9d92300e 0 1
4 0 1 1 f85620a7 7328d115 8b7ef1b2 0 0
4 1 1 1 00007fff 0fffffff 0fff8000 0 1
4 1 1 1 00000000 618a985a 618a985a 0 1
4 0 1 1 fffffffe cae4b92e 351b46d0 0 0
4 1 0 1 91443c6c 00000010 91443c7c 0 1
4 0 0 1 00000003 00000000 00000003 0 0
4 1 0 1 d7ce21cc 0fffffff d831de33 0 1
4 1 1 0 fffffffe c0000000 3ffffffe 0 0
4 0 1 0 00010000 0000ffff 0001ffff 0 0
4 0 1 1 d3019204 adff1af2 7efe88f6 0 0
4 1 1 1 0000001f 55555555 5555554a 0 1
4 1 1 1 00000020 00000008 00000028 0 0
4 0 1 0 c83e32a4 c380e93b 0bbedb9f 0 0
4 0 0 0 51af195a 0f18c58c 5eb7dcd6 0 0
4 1 1 0 ffff0000 80000001 7fff0001 0 0
4 0 0 1 c0000000 00000001 c0000001 0 1
4 1 0 0 deadbeef 0000ffff dead4110 0 1
4 1 1 0 0000000f 55555555 5555555a 0 1
4 1 0 1 0fffffff 0000001f 0fffffe0 0 0
4 0 0 1 00007fff 0000ffff 00008000 0 1
4 0 0 1 0f0f0f0f fffffffe f0f0f0f1 0 0
4 1 0 0 1ff05229 011f3806 1eef6a2f 0 0
4 0 0 1 bb450491 991d42fb 2258466a 0 0
4 1 0 0 bf5134f5 2826d8a3 9777ec56 0 1
4 0 0 1 00000001 80000001 80000000 0 0
4 1 1 1 ffffffff 00000001 fffffffe 0 0
4 0 1 0 b530cc9f 4b383fab fe08f334 0 0
4 1 0 0 c31400c3 8bcce70a 48d8e7c9 0 0
4 1 1 0 fdf73142 c272cf74 3f85fe36 0 0
4 0 1 1 942cd75a dd765ac2 495a8d98 0 1
4 1 1 1 00008000 80000001 80008001 0 1
4 1 1 1 0000000f 00000003 0000000c 0 0
4 1 1 0 80000000 00000004 80000004 0 0
4 0 0 0 7ffffffe 000000ff 7fffff01 0 0
4 1 1 0 deadbeef 00007fff deadc110 0 0
4 1 1 1 c820b24a 5cfa027a 94dab030 0 0
4 0 1 1 00000001 00000003 00000002 0 1
4 1 1 0 43f30238 09e06b47 4a13697f 0 0
4 0 0 0 55555555 00000003 55555556 0 0
4 1 1 1 1c5aeb4b fa1b30aa e641dbe1 0 1
4 0 0 1 8dbd74b4 1c536fd0 91ee1b64 0 1
4 0 1 0 deadbeef 80000001 5eadbeee 0 0
4 1 1 0 00000008 00000004 0000000c 0 0
4 0 0 0 7fab89c3 9ca78ac7 e30c0304 0 0
4 1 0 0 f5313925 deadbeef 2b9c87ca 0 0
4 0 1 0 0f0f0f0f 00007fff 0f0f70f0 0 0
4 0 1 1 ffff0000 f0f0f0f0 0f0ff0f0 0 0
4 1 0 0 f8d21b5f fced63ff 043f78a0 0 1
4 0 0 0 0000001f 000000ff 000000e0 0 1
4 0 1 0 7fffffff 0000fffe 7fff0001 0 0
4 0 0 0 ffffffff 0000001f ffffffe0 0 1
4 1 0 0 00000020 7ffffffe 7fffffde 0 1
4 1 1 1 0000000f 7ffffffe 7ffffff1 0 1
4 1 0 0 00000008 0000000f 00000007 0 1
4 1 0 1 aaaaaaaa fffffffe 55555554 0 1
4 0 0 1 adef4f82 b00f6b02 1de02480 0 1
4 0 0 1 000000ff 00000010 000000ef 0 0
4 1 1 1 5d3c477d 53c4b9f4 0ef8fe89 0 0
4 1 0 0 7fffffff 00000002 7ffffffd 0 0
4 0 0 0 0fffffff 00007fff 0fff8000 0 0
4 1 1 0 0f0f0f0f 55555555 5a5a5a5a 0 1
4 0 0 0 80000001 0000fffe 8000ffff 0 1
4 0 0 0 80000001 0000000f 8000000e 0 1
4 1 0 0 b2a9c955 a5caa229 17636b7c 0 0
4 0 1 1 be64d126 4a5e4286 f43a93a0 0 0
4 0 0 1 e2a532e7 2b63d0a9 c9c6e24e 0 1
4 0 1 0 deadbeef 2fe82381 f1459d6e 0 0
4 0 0 0 0000000f 366f418e 366f4181 0 1
4 0 0 1 7a131ad2 7c48718c 065b6b5e 0 1
4 0 1 1 7e50983a 05a6e6a3 7bf67e99 0 0
4 0 0 1 64d37ea6 80000001 e4d37ea7 0 0
4 0 1 0 00000020 a23cba34 a23cba14 0 1
4 0 0 0 0fffffff 0000000f 0ffffff0 0 0
4 1 0 1 00007fff 00000004 00007ffb 0 0
4 0 0 1 0f0f0f0f ede27e47 e2ed7148 0 0
4 0 0 0 ffff0000 0000001f ffff001f 0 1
4 1 0 1 0000001f 0000000f 00000010 0 0
4 1 0 1 c9474332 876ab9a0 4e2dfa92 0 0
4 1 1 0 cace1db8 c94c8dc1 03829079 0 0
4 1 1 1 df66266b c2d4027d 1db22416 0 0
4 1 0 0 ffff0000 00007fff ffff7fff 0 1
4 0 1 0 aaaaaaaa 7ffffffe d5555554 0 0
4 0 0 0 7fffffff 7fffffff 00000000 1 0
4 1 0 1 a9018eb7 fb67953b 52661b8c 0 1
4 0 0 0 000000ff 00000001 000000fe 0 0
4 1 0 0 cb859480 47b10a33 8c349eb3 0 1
4 1 1 1 fd054c4b fde3e365 00e6af2e 0 1
4 1 0 1 7ffffffe 00000004 7ffffffa 0 0
4 0 1 0 000000ff 7fffffff 7fffff00 0 1
4 0 1 0 55555555 ffff0000 aaaa5555 0 1
4 1 1 0 00008000 fffffffe ffff7ffe 0 1
4 1 1 0 c0000000 000000ff c00000ff 0 0
4 1 0 1 00000002 00007fff 00007ffd 0 1
4 1 0 1 f0f0f0f0 2a418e86 dab17e76 0 1
4 1 0 1 00000001 00010000 00010001 0 1
4 1 1 0 00010000 f0f0f0f0 f0f1f0f0 0 1
4 0 0 0 6e7b0680 7ffffffe 1184f97e 0 1
4 1 1 1 00008000 00000000 00008000 0 0
4 0 0 0 0f0f0f0f 00010000 0f0e0f0f 0 0
4 0 1 0 00000010 e238b2bc e238b2ac 0 1
4 1 1 0 00000003 00000020 00000023 0 1
4 1 1 1 0000000f 00008000 0000800f 0 1
4 1 0 0 fffffffe 00010000 fffefffe 0 1
4 1 1 1 7e506e84 85301651 fb6078d5 0 1
4 0 1 0 ffff0000 0000000f ffff000f 0 0
4 1 1 1 5684d85c 833e6501 d5babd5d 0 1
4 0 0 0 18be1ee8 25745b39 3dca45d1 0 1
4 0 0 1 00000008 e83f387f e83f3877 0 0
4 0 0 0 217e360b 80000001 a17e360a 0 0
4 0 0 1 c0000000 00000002 c0000002 0 1
4 1 1 1 000000ff fffffffe ffffff01 0 1
4 0 0 0 6deb6fa1 677472a1 0a9f1d00 0 0
4 0 0 0 ffffffff 893975bb 76c68a44 0 0
4 0 0 0 7fffffff 55555555 2aaaaaaa 0 0
4 1 0 1 5575fe34 0000fffe 557501ca 0 0
4 0 0 0 deadbeef 4c1dd957 92b067b8 0 1
4 1 0 0 eaf721c4 679441bd 8d636079 0 1
4 0 0 0 f0f0f0f0 aaaaaaaa 5a5a5a5a 0 0
4 0 1 1 0000000f ffffffff fffffff0 0 1
4 1 1 0 55555555 781aa9fc 2d4ffca9 0 1
4 1 0 0 0000001f 0000001f 00000000 1 0
4 1 1 1 0f0f0f0f 80000001 8f0f0f0e 0 1
4 1 1 0 00000010 deadbeef deadbeff 0 1
4 0 1 0 c0000000 00008000 c0008000 0 0
4 0 0 0 00000002 9233095d 9233095f 0 0
4 0 1 1 00000020 00000003 00000023 0 0
4 1 1 1 deadbeef c0000000 1eadbeef 0 0
4 0 1 1 3fc99fe2 7d309582 42f90a60 0 1
4 0 0 1 7ffffffe 0155c8b0 7eaa374e 0 0
4 1 0 1 0000001f 00000020 0000003f 0 1
4 0 0 0 0f0f0f0f 80000000 8f0f0f0f 0 0
4 0 0 0 00008000 ffff0000 ffff8000 0 0
4 1 0 0 00008000 c9a435aa c9a4b5aa 0 0
4 1 1 1 0000ffff 000000ff 0000ff00 0 0
4 1 0 0 00000003 8afb9f9c 8afb9f9f 0 0
4 1 0 0 0000ffff 00007fff 00008000 0 0
4 0 0 0 00000008 80000001 80000009 0 0
4 0 0 0 8219bcd8 2075f70d a26c4bd5 0 1
4 1 0 1 fabe2aa6 542092ea ae9eb84c 0 1
4 0 0 0 00008000 0000fffe 00007ffe 0 1
4 1 0 1 0d068650 fb3fa011 f6392641 0 0
4 1 0 1 00000000 fffffffe fffffffe 0 0
4 0 0 1 f0f0f0f0 00000003 f0f0f0f3 0 1
4 0 1 1 80000000 ffffffff 7fffffff 0 1
4 1 1 0 fffffffe ffff0000 0000fffe 0 0
4 0 0 0 85947d89 eda683ee 6832fe67 0 1
4 1 1 1 000000ff 0fffffff 0fffff00 0 1
4 0 1 1 00000001 00000010 00000011 0 1
4 0 1 1 00010000 000000ff 000100ff 0 0
4 0 1 1 c0000000 0f0f0f0f cf0f0f0f 0 0
4 1 1 0 107639c3 5ab033a2 4ac60a61 0 1
4 0 0 0 00000020 76632af1 76632ad1 0 1
4 1 1 0 b1aed0e8 00000020 b1aed0c8 0 0
4 0 1 1 00000002 0000000f 0000000d 0 1
4 0 1 0 c0000000 00000020 c0000020 0 0
4 0 1 0 0000ffff ffffffff ffff0000 0 1
4 0 0 0 00000001 4b444a7c 4b444a7d 0 1
4 1 1 0 55555555 c0000000 95555555 0 1
4 1 0 1 80000000 95731acb 15731acb 0 1
4 0 0 0 ffffffff f0f0f0f0 0f0f0f0f 0 0
4 0 0 1 aaaaaaaa 0fffffff a5555555 0 1
4 0 1 0 5bb7b53b 00000004 5bb7b53f 0 0
4 1 1 1 7b8ea386 00000001 7b8ea387 0 0
4 0 0 1 f0f0f0f0 deadbeef 2e5d4e1f 0 0
4 0 0 0 541a71a4 73966b4c 278c1ae8 0 1
4 1 1 1 f4438429 00000004 f443842d 0 0
4 0 0 1 55555555 7fffffff 2aaaaaaa 0 1
4 0 1 0 0fffffff 80000001 8ffffffe 0 1
4 1 0 0 0fffffff 00000003 0ffffffc 0 0
4 1 1 1 00007fff ffff0000 ffff7fff 0 1
4 0 0 0 00000002 7fffffff 7ffffffd 0 1
4 0 1 0 4cd40628 f0e44429 bc304201 0 1
4 1 1 0 8984a97f 80000000 0984a97f 0 0
4 0 0 0 f0f0f0f0 00007fff f0f08f0f 0 1
4 0 1 1 00000001 c0000000 c0000001 0 1
4 0 0 0 deecf571 3ac808e4 e424fd95 0 1
4 1 1 1 bff2fca1 1302ea06 acf016a7 0 0
4 1 0 0 00000003 00000008 0000000b 0 1
4 0 1 0 000000ff f0f0f0f0 f0f0f00f 0 1
4 1 1 1 00010000 c0000000 c0010000 0 1
4 1 0 1 7ffffffe aaaaaaaa d5555554 0 0
4 1 1 1 00000003 fffffffe fffffffd 0 1
4 0 0 0 5b94bbe8 a44af70e ffde4ce6 0 0
4 0 0 0 12f82aa3 af49554f bdb17fec 0 0
4 1 0 0 7fffffff 00008000 7fff7fff 0 0
4 1 1 1 ffffffff 00000010 ffffffef 0 0
4 0 0 0 0fffffff 00000000 0fffffff 0 0
4 1 0 0 fffffffe 0fffffff f0000001 0 1
4 1 1 0 0f0f0f0f 00000020 0f0f0f2f 0 0
4 1 1 1 fffffffe 00007fff ffff8001 0 0
4 1 0 0 fffffffe ffffffff 00000001 0 1
4 0 0 0 00008000 80000000 80008000 0 0
4 0 1 1 deadbeef 00000001 deadbeee 0 0
4 1 0 0 80000001 ffff0000 7fff0001 0 1
4 0 0 0 d31a0ff0 645cb97c b746b68c 0 1
4 0 0 1 000000ff 80000000 800000ff 0 0
4 1 1 1 ff466c4a d81602be 27506ef4 0 0
4 1 0 0 9c46ffed c8886f48 54ce90a5 0 1
4 1 0 1 609b16ac ffffffff 9f64e953 0 0
4 1 0 0 00000010 00008000 00008010 0 1
4 1 1 0 0fffffff 00000002 0ffffffd 0 0
4 0 1 0 00000010 7ffffffe 7fffffee 0 1
4 0 1 1 6c1be4e5 4c18a98f 20034d6a 0 0
4 0 1 1 00008000 0000ffff 00007fff 0 1
4 0 0 0 00000020 f145fcaa f145fc8a 0 0
4 1 0 1 89ad243f 7e31a2cc f79c86f3 0 1
4 0 0 1 00000000 00008000 00008000 0 1
4 1 0 1 0000000f 00000000 0000000f 0 0
4 1 1 0 0fffffff e32c1af8 ecd3e507 0 1
4 0 0 1 d9910cc8 521f6e69 8b8e62a1 0 1
4 1 0 0 ffff0000 9bbf3f7a 64403f7a 0 0
4 0 0 0 8da7c910 f0f0f0f0 7d5739e0 0 1
4 0 1 1 70d078e0 5f4a3adb 2f9a423b 0 0
4 0 1 0 3a55886f 4db379d8 77e6f1b7 0 1
4 1 0 0 000000ff 55555555 555555aa 0 1
4 1 0 1 fc55126a cf763327 3323214d 0 0
4 1 0 0 12bc957e af49550b bdf5c075 0 0
4 1 1 0 909d850c 1caf9cf1 8c3219fd 0 0
4 1 0 0 fec0fa24 b373ef0b 4db3152f 0 0
4 0 1 1 00000010 80000001 80000011 0 1
4 1 1 0 64128516 260b3105 4219b413 0 0
4 0 0 0 890b7ae7 fbce6f32 72c515d5 0 1
4 1 0 1 3c4a4db3 f2331f05 ce7952b6 0 0
4 1 1 0 0f0f0f0f f0f0f0f0 ffffffff 0 1
4 1 1 0 0000fffe f0f0f0f0 f0f00f0e 0 1
4 1 0 0 fffffffe 989e0ed1 6761f12f 0 0
4 1 1 0 05ff7b2f 7fffffff 7a0084d0 0 1
4 0 1 1 ffff0000 ffff0000 00000000 1 0
4 1 0 1 00000003 d9097481 d9097482 0 0
4 0 0 0 05787170 0965c60c 0c1db77c 0 1
4 0 1 0 aaaaaaaa 00000001 aaaaaaab 0 0
4 0 0 1 aaaaaaaa 00000008 aaaaaaa2 0 1
4 1 0 1 00008000 0f0f0f0f 0f0f8f0f 0 1
4 0 0 0 a11aa1b4 8d374b50 2c2deae4 0 0
4 0 1 0 ffffffff 0fffffff f0000000 0 0
4 0 1 0 46ed6589 5c628cb6 1a8fe93f 0 1
4 0 0 1 00000008 00000020 00000028 0 1
4 1 0 1 0f0f0f0f 7fffffff 70f0f0f0 0 1
4 1 1 1 3c68b7ab 77329aba 4b5a2d11 0 1
4 1 0 0 98e32cc0 80000001 18e32cc1 0 0
4 1 1 0 1e0e20e4 ab590ba5 b5572b41 0 1
4 1 0 1 f0f0f0f0 c0000000 30f0f0f0 0 0
4 0 0 1 00007fff 0000001f 00007fe0 0 0
4 0 0 0 0000000f 7fffffff 7ffffff0 0 1
4 0 0 0 350bd237 cff6a0f8 fafd72cf 0 0
4 1 0 0 00000001 00007fff 00007ffe 0 1
4 1 0 1 00000004 000000ff 000000fb 0 1
4 0 0 1 4ca6ccaa 00000004 4ca6ccae 0 0
4 1 0 0 f9c585c9 f5bfabf8 0c7a2e31 0 0
4 1 1 0 aaaaaaaa deadbeef 74071445 0 1
4 0 0 0 f0f0f0f0 0000fffe f0f00f0e 0 1
4 1 0 0 53dd8f78 5fd25668 0c0fd910 0 1
4 0 1 0 deadbeef 00000002 deadbeed 0 0
4 0 0 1 00008000 0000000f 0000800f 0 0
4 1 1 0 80000001 fffffffe 7fffffff 0 1
4 1 0 0 d68232b5 650c0535 b38e3780 0 1
4 1 0 1 deadbeef 55555555 8bf8ebba 0 1
4 0 0 0 fffffffe fffffffe 00000000 1 0
4 0 1 0 00000004 00010000 00010004 0 1
4 0 0 0 ffffffff 00000003 fffffffc 0 1
4 1 0 0 09d0f951 00010000 09d1f951 0 0
4 1 0 0 00010000 0000001f 0001001f 0 0
4 0 0 1 80000001 000000ff 800000fe 0 1
4 0 0 1 0a1edb4d ed90ea46 e78e310b 0 0
4 0 1 1 0000001f 0f0f0f0f 0f0f0f10 0 1
4 0 0 1 00000001 f0f0f0f0 f0f0f0f1 0 0
4 1 1 0 47a9f6fa ffff0000 b856f6fa 0 1
4 0 1 0 a86e4683 d71b05ce 7f75434d 0 1
4 1 1 0 00000010 d9280270 d9280260 0 1
4 0 0 0 00000000 8215ce2d 8215ce2d 0 0
4 1 0 0 46a4af90 fe8633d7 b8229c47 0 0
4 0 1 0 573dd5e4 00000008 573dd5ec 0 0
4 0 1 0 e68e4e3d ec6c475e 0ae20963 0 1
4 1 0 0 dfabb5be f3274ee4 2c8cfb5a 0 1
4 1 0 0 0000001f 00010000 0001001f 0 1
4 1 1 0 0000ffff 11f72d86 11f7d279 0 1
4 0 1 1 00000004 c0000000 c0000004 0 1
4 0 0 0 00007fff f0f0f0f0 f0f08f0f 0 0
4 0 1 0 5c303371 cdbe23ef 918e109e 0 1
4 1 0 1 00000010 deadbeef deadbeff 0 0
4 0 1 0 7a1d22ff 2b7d9487 5160b678 0 0
4 0 0 1 379f92f7 7588fd12 42176fe5 0 1
4 1 1 1 9a058a10 6a359ee3 f03014f3 0 0
4 0 0 1 aaaaaaaa 17d08bd2 bd7a2178 0 1
4 0 1 0 80249e61 80000000 00249e61 0 0
4 1 0 0 0bec32f0 4d911a64 467d2894 0 1
4 0 0 0 319fb998 0207d89c 33986104 0 0
4 1 0 1 00000004 00008000 00008004 0 1
4 1 1 1 9d3074f3 46b81818 db886ceb 0 0
4 0 0 1 00000003 7fffffff 7ffffffc 0 1
4 0 1 0 0f0f0f0f 00000001 0f0f0f0e 0 0
4 1 1 1 ffff0000 00000008 ffff0008 0 0
4 1 1 0 7fffffff deadbeef a1524110 0 1
4 0 1 0 7e06b720 9350a9a8 ed561e88 0 1
4 0 1 0 e884f654 08cf4916 e04bbf42 0 0
4 1 0 0 00000002 ffff0000 ffff0002 0 0
4 1 1 0 c339c3dd 91c21a5b 52fbd986 0 0
4 1 0 0 00010000 7fffffff 7ffeffff 0 1
4 0 1 0 80000000 f0f0f0f0 70f0f0f0 0 1
4 1 0 1 00008000 00000003 00008003 0 0
4 0 0 1 00000020 ffff0000 ffff0020 0 0
4 1 0 0 deadbeef 39a3195d e70ea7b2 0 1
4 1 0 1 074c0df4 b7d8794a b09474be 0 0
4 1 0 1 c520d69a 074030a0 c260e63a 0 1
4 0 1 1 0000ffff 00008000 00007fff 0 0
4 0 1 1 e9039d46 77621850 9e618516 0 0
4 1 1 0 05a93242 80000001 85a93243 0 1
4 1 1 0 fffffffe f20abd5f 0df542a1 0 0
4 1 0 0 00000020 0000fffe 0000ffde 0 1
4 0 0 0 00000000 7ffffffe 7ffffffe 0 1
4 1 0 0 7ffffffe 0000001f 7fffffe1 0 0
4 0 1 0 0000000f aaaaaaaa aaaaaaa5 0 1
4 0 0 1 7ffffffe 0000fffe 7fff0000 0 0
4 1 0 1 55555555 00000008 5555555d 0 0
4 1 0 1 00007fff 00007fff 00000000 1 0
4 1 1 0 a909f4a5 c92ed9c3 60272d66 0 1
4 1 1 0 aaaaaaaa 0000fffe aaaa5554 0 0
4 0 1 1 0000000f ffff0000 ffff000f 0 1
4 1 1 1 f0f0f0f0 a2d2bd90 52224d60 0 0
4 1 0 1 7fffffff 50eed082 2f112f7d 0 0
4 1 1 1 8f7ce3ce c49375b9 4bef9677 0 1
4 0 1 1 0000fffe 00010000 0001fffe 0 1
4 0 0 0 00000004 d1930839 d193083d 0 0
4 0 0 1 ffffffff 000000ff ffffff00 0 1
4 0 1 1 000000ff 80000001 800000fe 0 1
4 1 0 0 7fffffff 00010000 7ffeffff 0 0
4 0 0 0 00000010 00007fff 00007fef 0 1
4 0 1 1 9981a93c 24048c8c bd8525b0 0 0
4 0 0 1 00008000 f0f0f0f0 f0f070f0 0 0
4 1 1 1 00007fff 80000000 80007fff 0 1
4 1 1 1 69965370 5bc86ca8 325e3fd8 0 0
4 1 0 0 0000ffff 7fffffff 7fff0000 0 1
4 0 1 1 00007fff 00000002 00007ffd 0 0
4 0 1 0 c0000000 7fffffff bfffffff 0 0
4 1 1 0 ff93b9d8 8b23a268 74b01bb0 0 0
4 0 1 0 858404a0 fee27c18 7b6678b8 0 1
4 1 1 1 0000001f c0000000 c000001f 0 1
4 0 1 0 00000001 23e1c189 23e1c188 0 1
4 1 1 1 89962848 c3b65e5c 4a207614 0 1
4 0 0 1 4a3c1d77 15e95aa4 5fd547d3 0 0
4 0 1 0 47ec3d14 00c7dfe4 472be2f0 0 0
4 0 0 0 deadbeef fffffffe 21524111 0 1
4 0 1 1 37e68ed2 bce9930d 8b0f1ddf 0 1
4 1 1 0 00000003 00007fff 00007ffc 0 1
4 0 1 1 00000008 355705e5 355705ed 0 1
4 0 0 0 000000ff 7fffffff 7fffff00 0 1
# --- SRL ---
# i_opsel i_sub i_unsigned i_arith i_op1 i_op2 | o_result o_eq o_slt
5 1 1 0 959e1835 0000001d 00000004 0 0
5 0 0 0 d764e1c5 6c20fa9f 00000001 0 1
5 0 0 0 0fffffff 00000014 000000ff 0 0
5 0 0 0 deadbeef 00000016 0000037a 0 1
5 1 1 0 000000ff 0000001b 00000000 0 0
5 1 0 0 55555555 0000000a 00155555 0 0
5 0 0 0 00cefac6 9577ceee 0000033b 0 0
5 0 1 0 00000010 00000010 00000000 1 0
5 0 1 0 0000000f 0000001e 00000000 0 1
5 1 1 0 1ae3c2ae e4c5bebe 00000000 0 1
5 1 1 0 ffffffff 0000001f 00000001 0 0
5 0 0 0 567b6a4e 0000000d 0002b3db 0 0
5 1 1 0 0f0f0f0f 0000001e 00000000 0 0
5 0 1 0 37ef96a8 00000011 00001bf7 0 0
5 0 0 0 0000000f 00000019 00000000 0 1
5 1 1 0 00000004 00000012 00000000 0 1
5 1 0 0 3e53eb32 fb0c6d3a 0000000f 0 0
5 0 1 0 841d4ef0 00000016 00000210 0 0
5 0 1 0 2685b4c7 00000000 2685b4c7 0 0
5 1 1 0 0000001f 7666fe5a 00000000 0 1
5 1 0 0 00000000 00000005 00000000 0 1
5 0 1 0 00000000 00000008 00000000 0 1
5 1 1 0 00000002 00000006 00000000 0 1
5 0 1 0 437c234c 00000004 0437c234 0 0
5 1 1 0 1b1396d8 ce5f88e1 0d89cb6c 0 1
5 1 0 0 c0000000 0000001b 00000018 0 1
5 0 1 0 0000ffff 00000012 00000000 0 0
5 0 0 0 0a77e4ec b9edc66b 00014efc 0 0
5 1 0 0 00000020 00000018 00000000 0 0
5 0 1 0 000000ff 00000017 00000000 0 0
5 1 0 0 c0709456 00000016 00000301 0 1
5 0 1 0 0000ffff 0000001c 00000000 0 0
5 1 1 0 1a95fd2c 47653da5 00d4afe9 0 1
5 1 1 0 0000fffe 00000015 00000000 0 0
5 1 0 0 00000004 0000001e 00000000 0 1
5 1 0 0 f0f0f0f0 00000015 00000787 0 1
5 0 1 0 84a17358 00000002 21285cd6 0 0
5 1 1 0 000000ff 1a9e06a4 0000000f 0 1
5 1 1 0 225f627d bde2ba84 0225f627 0 1
5 0 0 0 8a75616b 0000001f 00000001 0 1
5 0 1 0 3cb6e9bb 8065758f 0000796d 0 1
5 0 0 0 80000000 00000018 00000080 0 1
5 0 1 0 2ed4b0dd 00000005 0176a586 0 0
5 0 1 0 4cbc599a 0000001a 00000013 0 0
5 1 0 0 00000001 00000010 00000000 0 1
5 1 0 0 ffff0000 00000010 0000ffff 0 1
5 1 1 0 a4d305b6 00000002 2934c16d 0 0
5 0 1 0 433ad04a 0000001d 00000002 0 0
5 0 1 0 00007fff 00000016 00000000 0 0
5 1 1 0 84d1775b 0000001b 00000010 0 0
5 0 1 0 59996a0d 554a7843 0b332d41 0 0
5 1 0 0 00000003 00000002 00000000 0 0
5 1 0 0 aaaaaaaa 00000008 00aaaaaa 0 1
5 1 0 0 8156e42b 18b10478 00000081 0 1
5 1 1 0 0000000f 00000010 00000000 0 1
5 1 0 0 00000020 0000001a 00000000 0 0
5 0 0 0 0000001f 0000000b 00000000 0 0
5 1 1 0 824ab94d 00000001 41255ca6 0 0
5 0 0 0 3f0a4ab9 00000010 00003f0a 0 0
5 1 1 0 0f0f0f0f 00000007 001e1e1e 0 0
5 1 0 0 eecd39db 32e7daaa 003bb34e 0 1
5 1 0 0 4dfd4407 a3b586a8 004dfd44 0 0
5 0 0 0 0f0f0f0f 0000001b 00000001 0 0
5 1 1 0 122f98b3 77e3b6f0 0000122f 0 1
5 0 0 0 ffffffff 00000019 0000007f 0 1
5 1 1 0 1d10a7bc 00000002 074429ef 0 0
5 0 1 0 e3f16088 00000012 000038fc 0 0
5 0 1 0 00010000 0000000a 00000040 0 0
5 0 1 0 0000fffe 00000009 0000007f 0 0
5 1 1 0 fb286de5 5455d7c1 7d9436f2 0 0
5 0 1 0 0000fffe 00000007 000001ff 0 0
5 1 1 0 1944a547 0000000e 00006512 0 0
5 1 0 0 00007fff 0000000d 00000003 0 0
5 1 0 0 0f0f0f0f 0000000e 00003c3c 0 0
5 1 0 0 84c9ccd4 503417c5 04264e66 0 1
5 0 0 0 00007fff 00000018 00000000 0 0
5 1 0 0 0fffffff 0000000e 00003fff 0 0
5 0 1 0 0887480c 0000000f 0000110e 0 0
5 0 1 0 b6ddc839 26ed7f79 0000005b 0 0
5 0 0 0 00010000 0000000b 00000020 0 0
5 1 0 0 00000010 00000012 00000000 0 1
5 0 0 0 00000020 00000011 00000000 0 0
5 1 1 0 f0f0f0f0 1f6a32db 0000001e 0 0
5 0 0 0 80000000 00000010 00008000 0 1
5 0 1 0 c0000000 00000011 00006000 0 0
5 0 1 0 271c4c03 00000012 000009c7 0 0
5 1 1 0 ffffffff 00000009 007fffff 0 0
5 0 1 0 00000000 00000017 00000000 0 1
5 1 0 0 fffffffe 00000001 7fffffff 0 1
5 0 0 0 8f7b417b 0000001c 00000008 0 1
5 0 0 0 80000001 00000016 00000200 0 1
5 1 1 0 fffffffe 0000001a 0000003f 0 0
5 1 1 0 aaaaaaaa 0000000e 0002aaaa 0 0
5 0 0 0 81343783 299290ee 000204d0 0 1
5 1 0 0 0000000f 0000001a 00000000 0 1
5 0 1 0 00000000 0000000c 00000000 0 1
5 0 1 0 aaaaaaaa 00000007 01555555 0 0
5 0 0 0 c0000000 00000006 03000000 0 1
5 0 1 0 80000000 00000007 01000000 0 0
5 1 0 0 00000008 0000001b 00000000 0 1
5 1 1 0 00000004 00000004 00000000 1 0
5 1 1 0 c0000000 0000000b 00180000 0 0
5 1 1 0 f966e20e 61c250b0 0000f966 0 0
5 1 0 0 aaaaaaaa 0000001b 00000015 0 1
5 0 0 0 f0f0f0f0 00000009 00787878 0 1
5 0 1 0 00000002 00000005 00000000 0 1
5 0 1 0 2b3448ae 00000013 00000566 0 0
5 1 0 0 52580c05 2d4b8fb5 00000292 0 0
5 0 0 0 c2c6da3b 43bb4a98 000000c2 0 1
5 1 1 0 00008000 00000000 00008000 0 0
5 1 0 0 c638df23 2e276751 0000631c 0 1
5 0 0 0 ef48e936 bd4a7823 1de91d26 0 0
5 0 0 0 a501d5c3 83133ba2 29407570 0 0
5 1 1 0 00010000 00000012 00000000 0 0
5 0 0 0 7444599c 15e75879 0000003a 0 0
5 0 0 0 80000001 0000000b 00100000 0 1
5 0 0 0 f0f0f0f0 6110b12b 001e1e1e 0 1
5 1 1 0 7ffffffe 0000000c 0007ffff 0 0
5 1 1 0 7fffffff 0000001c 00000007 0 0
5 0 0 0 00000003 0000001d 00000000 0 1
5 1 1 0 4f783f30 be1287d9 00000027 0 1
5 1 0 0 66349d22 2dcba921 331a4e91 0 0
5 0 0 0 00010000 00000004 00001000 0 0
5 0 0 0 c99a90a0 2d51f223 19335214 0 1
5 0 1 0 1bdfec61 90833c35 000000de 0 1
5 0 1 0 21297d6b 00000013 00000425 0 0
5 1 0 0 00000000 0000000b 00000000 0 1
5 0 1 0 00008000 3ca9bbc9 00000040 0 1
5 1 0 0 618dca16 00000018 00000061 0 0
5 1 1 0 2a3acf3f 00000010 00002a3a 0 0
5 0 0 0 0fffffff 0000001e 00000000 0 0
5 0 1 0 0000001f 00000011 00000000 0 0
5 0 0 0 0000fffe 5ab94c04 00000fff 0 1
5 1 1 0 aaaaaaaa 00000000 aaaaaaaa 0 0
5 0 0 0 393f5bcc 0000000c 000393f5 0 0
5 1 0 0 00000020 00000019 00000000 0 0
5 1 0 0 0fffffff 00000012 000003ff 0 0
5 1 0 0 00000000 0000001d 00000000 0 1
5 0 0 0 4c120835 e36e849c 00000004 0 0
5 1 0 0 00000001 217b9917 00000000 0 1
5 0 0 0 fffffffe 00000015 000007ff 0 1
5 0 0 0 000000ff 00000002 0000003f 0 0
5 0 0 0 ffff0000 0000000f 0001fffe 0 1
5 0 1 0 8a841cd9 00000006 022a1073 0 0
5 1 0 0 0f0f0f0f 00000010 00000f0f 0 0
5 1 0 0 0000001f 0000001d 00000000 0 0
5 0 1 0 a21a90b3 e003bba4 0a21a90b 0 1
5 0 1 0 ffff0000 00000004 0ffff000 0 0
5 0 1 0 0000ffff 0000000a 0000003f 0 0
5 1 1 0 ffff0000 00000007 01fffe00 0 0
5 0 0 0 866ac182 0000000a 00219ab0 0 1
5 1 1 0 00007fff 00000003 00000fff 0 0
5 1 0 0 fffffffe 00000014 00000fff 0 1
5 0 1 0 80000001 ff6d0221 40000000 0 1
5 1 0 0 00007fff 0000001c 00000000 0 0
5 1 1 0 0000000f 00000005 00000000 0 0
5 0 0 0 000000ff 00000009 00000000 0 0
5 1 0 0 80000000 0000000d 00040000 0 1
5 0 0 0 cbce80db 00000008 00cbce80 0 1
5 1 1 0 00000004 0000001f 00000000 0 1
5 1 0 0 00008000 00000011 00000000 0 0
5 0 0 0 80000000 00000000 80000000 0 1
5 0 1 0 00000004 0000001b 00000000 0 1
5 1 0 0 ca008006 00000004 0ca00800 0 1
5 0 0 0 704982d6 00000013 00000e09 0 0
5 1 0 0 ffffffff 00000011 00007fff 0 1
5 0 0 0 7ffffffe 0000001e 00000001 0 0
5 0 0 0 deadbeef 00000018 000000de 0 1
5 1 1 0 000000ff 0000001a 00000000 0 0
5 1 1 0 f1878101 9dbdadd7 000001e3 0 0
5 0 1 0 0000000f 00000004 00000000 0 0
5 1 0 0 da74f5f9 00000019 0000006d 0 1
5 1 1 0 80000001 2000c9e5 04000000 0 0
5 0 0 0 ffff0000 64138b36 000003ff 0 1
5 0 1 0 3408f813 e7b74ef6 000000d0 0 1
5 1 1 0 f7e875c2 00000000 f7e875c2 0 0
5 0 0 0 00007fff 0000001a 00000000 0 0
5 1 1 0 ffff0000 00000011 00007fff 0 0
5 1 0 0 aaaaaaaa 3929f513 00001555 0 1
5 1 1 0 00000003 00000017 00000000 0 1
5 1 0 0 0f0f0f0f d96afe41 07878787 0 0
5 0 1 0 00000001 00000019 00000000 0 1
5 1 0 0 ee7f9d6a d640de6b 001dcff3 0 0
5 0 1 0 0f0f0f0f 00000008 000f0f0f 0 0
5 0 0 0 ffff0000 00000009 007fff80 0 1
5 0 0 0 a37ffae9 00000019 00000051 0 1
5 1 1 0 c0000000 00000009 00600000 0 0
5 1 0 0 00000002 00000009 00000000 0 1
5 0 0 0 00000002 00000001 00000001 0 0
5 1 0 0 00010000 0000000d 00000008 0 0
5 1 0 0 00000010 0000001a 00000000 0 1
5 1 0 0 3a68ebec 363d30b2 00000e9a 0 0
5 0 1 0 00000010 00000008 00000000 0 0
5 1 1 0 0000001f 00000009 00000000 0 0
5 0 0 0 c12474c6 4eec21d4 00000c12 0 1
5 0 0 0 82719e20 00000017 00000104 0 1
5 0 1 0 7ab8c0e0 00000012 00001eae 0 0
5 0 0 0 dc95150a 9baeda62 37254542 0 0
5 1 1 0 00000020 0000000d 00000000 0 0
5 0 0 0 758d16fc f5840fce 0001d634 0 0
5 0 1 0 b33a3e80 4ae22836 000002cc 0 0
5 1 0 0 abee1e20 0000000b 00157dc3 0 1
5 1 0 0 c7b27b8c c621de53 000018f6 0 0
5 1 1 0 c8342441 0000000e 000320d0 0 0
5 1 0 0 00010000 0000001f 00000000 0 0
5 0 1 0 5e3025da 00000015 000002f1 0 0
5 0 1 0 80000001 0000000a 00200000 0 0
5 0 1 0 00000004 00000013 00000000 0 1
5 0 1 0 f0f0f0f0 4200911b 0000001e 0 0
5 1 1 0 bc7cda03 00000019 0000005e 0 0
5 0 1 0 fd971996 00000004 0fd97199 0 0
5 0 0 0 0fffffff 00000006 003fffff 0 0
5 1 0 0 00000001 00000014 00000000 0 1
5 0 0 0 000000ff 00000003 0000001f 0 0
5 0 1 0 00000003 0000000d 00000000 0 1
5 1 1 0 80000001 00000017 00000100 0 0
5 0 1 0 fffffffe 1a4d8ebb 0000001f 0 0
5 1 1 0 64aa03b8 cd39c6db 0000000c 0 1
5 0 0 0 00000020 0000001f 00000000 0 0
5 0 1 0 deadbeef 0000001e 00000003 0 0
5 0 0 0 00008000 0000000a 00000020 0 0
5 1 0 0 494e66bd 00000018 00000049 0 0
5 1 1 0 2e9c5828 781d3b4b 0005d38b 0 1
5 1 1 0 8ba7426c 0000000c 0008ba74 0 0
5 0 1 0 f9889473 0000001b 0000001f 0 0
5 0 1 0 7ffffffe be3b3783 0fffffff 0 1
5 0 1 0 ffff0000 00000006 03fffc00 0 0
5 1 1 0 aa7c8271 00000012 00002a9f 0 0
5 1 1 0 55555555 00000004 05555555 0 0
5 1 0 0 0000000f 0000001f 00000000 0 1
5 1 1 0 0f0f0f0f 00000004 00f0f0f0 0 0
5 1 1 0 00000008 00000019 00000000 0 1
5 0 1 0 00000020 00000003 00000004 0 0
5 0 1 0 deadbeef 8e0ca521 6f56df77 0 0
5 0 1 0 0000ffff 0000000d 00000007 0 0
5 1 0 0 ffff0000 0000001a 0000003f 0 1
5 0 0 0 2cdabdf0 ffe705c5 0166d5ef 0 0
5 0 1 0 80000000 00000011 00004000 0 0
5 1 1 0 0f0f0f0f 00000002 03c3c3c3 0 0
5 1 0 0 1ab39346 0000000b 00035672 0 0
5 1 1 0 00000001 0000000a 00000000 0 1
5 1 0 0 d33c6915 0000000b 001a678d 0 1
5 0 1 0 ed7ab77e 00000011 000076bd 0 0
5 1 0 0 00000003 52731bcd 00000000 0 1
5 1 0 0 9038e438 3ce11f4f 00012071 0 1
5 0 0 0 55555555 00000007 00aaaaaa 0 0
5 0 1 0 00010000 00000019 00000000 0 0
5 1 1 0 0000001f 00000006 00000000 0 0
5 1 0 0 00000001 00000007 00000000 0 1
5 0 0 0 0000000f 00000000 0000000f 0 0
5 0 0 0 ff2e05d3 0000001b 0000001f 0 1
5 1 0 0 00010000 00000016 00000000 0 0
5 1 1 0 00000003 00000008 00000000 0 1
5 1 0 0 7ffffffe 00000016 000001ff 0 0
5 1 1 0 0f0f0f0f 00000009 00078787 0 0
5 0 1 0 bbe4fc7f fbc664f0 0000bbe4 0 1
5 1 1 0 e759906c 00000011 000073ac 0 0
5 1 1 0 fffffffe 0000000e 0003ffff 0 0
5 1 0 0 cf459bea 00000016 0000033d 0 1
5 1 1 0 7fffffff a164beec 0007ffff 0 1
5 0 1 0 00000008 00000006 00000000 0 0
5 0 1 0 890bc1aa b613f908 00890bc1 0 1
5 1 0 0 00000020 00000006 00000000 0 0
5 1 0 0 0000001f 00000014 00000000 0 0
5 1 1 0 baeb3d93 b5f06b4f 000175d6 0 0
5 0 0 0 12913278 00000010 00001291 0 0
5 1 0 0 ffffffff 0000000e 0003ffff 0 1
5 1 0 0 b394eb1e 00000014 00000b39 0 1
5 1 0 0 394edd16 00000016 000000e5 0 0
5 1 0 0 00010000 0a4631d1 00000000 0 1
5 1 0 0 427d9fd4 a0519f56 00000109 0 0
5 1 1 0 00010000 0000000f 00000002 0 0
5 0 0 0 c61be330 00000019 00000063 0 1
5 0 0 0 69fe28cd 0000000f 0000d3fc 0 0
5 0 0 0 fffffffe fa84f86c 000fffff 0 0
5 0 1 0 70d53664 f529d3f8 00000070 0 1
5 1 0 0 80000000 0000001f 00000001 0 1
5 1 1 0 ad07e822 00000017 0000015a 0 0
5 1 1 0 fffffffe 00000006 03ffffff 0 0
5 0 1 0 00000020 00000001 00000010 0 0
5 0 0 0 aaaaaaaa 00000015 00000555 0 1
5 1 0 0 2bbc6db4 3c091791 000015de 0 1
5 0 0 0 7fffffff 0000001b 0000000f 0 0
5 1 1 0 00000004 0000000e 00000000 0 1
5 0 1 0 00007fff 0000001d 00000000 0 0
5 1 0 0 c0000000 0000001f 00000001 0 1
5 1 1 0 c0000000 00000008 00c00000 0 0
5 1 1 0 00010000 0000000c 00000010 0 0
5 1 0 0 0fffffff 0000000a 0003ffff 0 0
5 1 0 0 00000000 0000000b 00000000 0 1
5 1 0 0 80000001 0000001a 00000020 0 1
5 0 0 0 2161bfc0 0d8feac6 008586ff 0 0
5 0 0 0 0f0f0f0f 00000016 0000003c 0 0
5 0 0 0 deadbeef 0000001a 00000037 0 1
5 1 1 0 16dd0740 cc5b234b 0002dba0 0 1
5 1 1 0 80000000 00000007 01000000 0 0
5 1 1 0 7ffffffe 0000000d 0003ffff 0 0
5 1 1 0 b1b37179 00000001 58d9b8bc 0 0
5 0 1 0 00000002 00000005 00000000 0 1
5 1 0 0 0000fffe 0000001e 00000000 0 0
5 0 1 0 aaaaaaaa 00000015 00000555 0 0
5 1 0 0 b95bb7ed 00000017 00000172 0 1
5 0 0 0 86c0c78a 00000002 21b031e2 0 1
5 0 1 0 71ede01d 00000011 000038f6 0 0
5 0 1 0 d351dd82 6a5ed53b 0000001a 0 0
5 1 1 0 88bff068 00000019 00000044 0 0
5 1 0 0 00000004 0000000b 00000000 0 1
5 1 1 0 0fffffff a66500e0 0fffffff 0 1
5 0 0 0 00000008 0000001f 00000000 0 1
5 0 0 0 00000002 00000008 00000000 0 1
5 0 1 0 e6c6ab49 00000006 039b1aad 0 0
5 0 1 0 00000002 0000001e 00000000 0 1
5 0 0 0 0000001f 00000016 00000000 0 0
5 1 1 0 000000ff 0000000b 00000000 0 0
5 1 1 0 55555555 0000001a 00000015 0 0
5 0 0 0 10ee1410 00000014 0000010e 0 0
5 1 0 0 a6a3e2fc 3fa9ddc4 0a6a3e2f 0 1
5 0 0 0 6687a85a f728abd7 000000cd 0 0
5 0 0 0 ef37197d 00000008 00ef3719 0 1
5 0 1 0 cfdac027 9a347dc3 19fb5804 0 0
5 1 0 0 00000003 00000014 00000000 0 1
5 0 0 0 bf7712c3 52522cea 002fddc4 0 1
5 0 1 0 fa52caaf 2f388a0e 0003e94b 0 0
5 0 1 0 00010000 00000001 00008000 0 0
5 1 0 0 dd5eac9a 00000001 6eaf564d 0 1
5 0 0 0 fc3c6f6d 8002e59c 0000000f 0 0
5 1 0 0 0fffffff 0000000b 0001ffff 0 0
5 1 0 0 80000000 0000001b 00000010 0 1
5 1 1 0 7ffffffe 0000001b 0000000f 0 0
5 1 0 0 0000ffff 00000009 0000007f 0 0
5 0 0 0 dccea41d 0000001a 00000037 0 1
5 1 0 0 3424e591 00000005 01a1272c 0 0
5 0 1 0 c0000000 00000018 000000c0 0 0
5 0 1 0 f3664beb 105b8521 79b325f5 0 0
5 1 0 0 deadbeef 00000004 0deadbee 0 1
5 1 1 0 000000ff 0000000d 00000000 0 0
5 1 0 0 00007fff 00000001 00003fff 0 0
5 0 0 0 0f0f0f0f 00000017 0000001e 0 0
5 0 0 0 00000001 00000002 00000000 0 1
5 0 0 0 bd25d602 5ca89e6f 00017a4b 0 1
5 1 0 0 00000000 0000000e 00000000 0 1
5 1 1 0 c496530b 00000017 00000189 0 0
5 0 1 0 aaaaaaaa 00000011 00005555 0 0
5 1 0 0 00000020 00000008 00000000 0 0
5 1 1 0 fffffffe 0000001b 0000001f 0 0
5 1 1 0 845daef9 00000004 0845daef 0 0
5 1 1 0 00000008 0000001c 00000000 0 1
5 0 1 0 00007fff 0000000f 00000000 0 0
5 0 1 0 4f843d8d 0000001c 00000004 0 0
5 1 0 0 3fe804ce 5301dc3c 00000003 0 1
5 0 0 0 0000ffff 00000004 00000fff 0 0
5 0 0 0 7ffffffe 0000000b 000fffff 0 0
5 0 0 0 00000003 0000001f 00000000 0 1
5 1 1 0 ffff0000 0a941225 07fff800 0 0
5 0 0 0 0000fffe 00000013 00000000 0 0
5 0 1 0 c0000000 00000005 06000000 0 0
5 1 1 0 00008000 0000001f 00000000 0 0
5 0 0 0 00000010 00000001 00000008 0 0
5 1 0 0 88c8097d 41121bc0 88c8097d 0 1
5 0 0 0 0000ffff 0000001e 00000000 0 0
5 1 0 0 fcdb35f2 00000006 03f36cd7 0 1
5 1 1 0 a2d66a10 d9841447 0145acd4 0 1
5 0 1 0 00000001 00000005 00000000 0 1
5 0 1 0 00008000 0000001a 00000000 0 0
5 0 0 0 e80f25ef a339c5ec 000e80f2 0 0
5 0 1 0 7ffffffe 00000014 000007ff 0 0
5 0 1 0 00000001 0000000b 00000000 0 1
5 0 0 0 3fafb735 b9f11290 00003faf 0 0
5 0 1 0 426d6088 d4d49de8 00426d60 0 1
5 1 1 0 a24290a4 0000001a 00000028 0 0
5 1 0 0 00000000 0000001e 00000000 0 1
5 1 1 0 58b24eaf ce2dcd20 58b24eaf 0 1
5 0 0 0 80000000 0000001c 00000008 0 1
5 0 1 0 55555555 0000000c 00055555 0 0
5 1 1 0 80000001 0000001f 00000001 0 0
5 1 1 0 02c6e52e 664b732b 000058dc 0 1
5 1 1 0 7ffffffe 0000001c 00000007 0 0
5 1 1 0 a57b3e77 00000016 00000295 0 0
5 0 0 0 c68f9f23 dd0a09a2 31a3e7c8 0 1
5 0 1 0 aaaaaaaa 00000018 000000aa 0 0
5 1 1 0 ffff0000 0000000d 0007fff8 0 0
5 1 0 0 7cbcab63 dbfe3fcb 000f9795 0 0
5 1 0 0 18f96a53 00000018 00000018 0 0
5 1 0 0 00000002 00000002 00000000 1 0
5 0 0 0 00008000 0000000c 00000008 0 0
5 1 1 0 98c3153d 00000001 4c618a9e 0 0
5 0 0 0 253bd4d0 629cdf7a 00000009 0 1
5 1 0 0 adbb575e 0000001f 00000001 0 1
5 1 1 0 00000008 00000009 00000000 0 1
5 0 0 0 55555555 00000006 01555555 0 0
5 1 1 0 7ffffffe 0000000a 001fffff 0 0
5 1 1 0 00007fff 5b75b145 000003ff 0 1
5 0 0 0 0000fffe 00000002 00003fff 0 0
5 1 1 0 9c6a7c58 0000000b 00138d4f 0 0
5 1 1 0 c49f2feb 646b1934 00000c49 0 0
5 1 1 0 d3acef7f c913f1cc 000d3ace 0 0
5 0 1 0 ffff0000 00000008 00ffff00 0 0
5 1 0 0 0000ffff 00000019 00000000 0 0
5 1 0 0 1c18b920 0000001b 00000003 0 0
5 0 1 0 00007fff 00000015 00000000 0 0
5 1 1 0 0000001f 0000001e 00000000 0 0
5 0 0 0 fffffffe 00000008 00ffffff 0 1
5 1 1 0 0000000f 00000003 00000001 0 0
5 1 0 0 00000001 0000001d 00000000 0 1
5 0 1 0 00008000 00000013 00000000 0 0
5 0 1 0 6121a103 5c7b91bc 00000006 0 0
5 0 1 0 c0000000 00000002 30000000 0 0
5 0 0 0 00000008 00000013 00000000 0 1
5 1 1 0 00000008 0000001e 00000000 0 1
5 0 1 0 000000ff 00000012 00000000 0 0
5 1 0 0 00000004 c4aaa318 00000000 0 0
5 0 0 0 97997ee0 00000007 012f32fd 0 1
5 1 0 0 0f0f0f0f 720b97e3 01e1e1e1 0 1
5 0 1 0 dde47494 3cf23efc 0000000d 0 0
5 1 1 0 ebb9071f 00000019 00000075 0 0
5 1 0 0 942b2e4b 0000001c 00000009 0 1
5 0 0 0 deadbeef 00000017 000001bd 0 1
5 0 0 0 a56f7c81 cea5d17f 00000001 0 1
5 1 0 0 559d28a6 30d7fe07 00ab3a51 0 0
5 0 0 0 8ac54c2b 00000016 0000022b 0 1
5 1 1 0 7ffffffe 00000005 03ffffff 0 0
5 0 1 0 cbcc25f0 00000011 000065e6 0 0
5 0 1 0 ffff0000 00000015 000007ff 0 0
5 0 1 0 0000000f 00000016 00000000 0 1
5 1 1 0 97505ef0 6aac8866 025d417b 0 0
5 0 1 0 00000002 00000009 00000000 0 1
5 1 0 0 7ffffffe 00000004 07ffffff 0 0
5 1 1 0 00008000 0000001c 00000000 0 0
5 1 0 0 506e7d21 00000008 00506e7d 0 0
5 1 1 0 c0000000 f5d17013 00001800 0 1
5 0 1 0 00000003 058e20f7 00000000 0 1
5 1 1 0 f2117690 03d8a326 03c845da 0 0
5 1 0 0 cae61ef6 00000008 00cae61e 0 1
5 1 1 0 370c25a9 0000001b 00000006 0 0
5 1 1 0 00000000 00000003 00000000 0 1
5 0 1 0 00000002 0000000a 00000000 0 1
5 0 0 0 acd41960 0000001d 00000005 0 1
5 0 1 0 aaaaaaaa f2628725 05555555 0 1
5 1 1 0 0000001f 0000000e 00000000 0 0
5 0 0 0 de45867b 00000019 0000006f 0 1
5 1 0 0 b350c107 0000000f 000166a1 0 1
5 0 1 0 b2a7d478 00000014 00000b2a 0 0
5 0 1 0 41b04ed0 00000009 0020d827 0 0
5 0 0 0 00007fff 00000000 00007fff 0 0
5 0 0 0 deadbeef 0000000b 001bd5b7 0 1
5 0 1 0 00000010 00000006 00000000 0 0
5 0 0 0 7fffffff 00000017 000000ff 0 0
5 1 1 0 f0f0f0f0 0000001d 00000007 0 0
5 0 1 0 ffffffff 00000013 00001fff 0 0
5 0 1 0 4556a323 0000001b 00000008 0 0
5 1 1 0 89106aed 1ce1e2e5 04488357 0 0
5 1 0 0 0f0f0f0f 0000000d 00007878 0 0
5 0 0 0 633ee608 8f6b4e20 633ee608 0 0
5 1 1 0 c0000000 00000000 c0000000 0 0
5 1 1 0 0fffffff 00000001 07ffffff 0 0
5 1 0 0 1e2191df 00000011 00000f10 0 0
5 0 1 0 00010000 00000017 00000000 0 0
5 0 0 0 aaaaaaaa 0000001a 0000002a 0 1
5 0 1 0 7ffffffe 0000000f 0000ffff 0 0
5 0 0 0 baa625ec 00000007 01754c4b 0 1
5 0 1 0 7967c2d6 2c26aaeb 000f2cf8 0 0
5 0 1 0 00000010 00000009 00000000 0 0
5 0 1 0 0fffffff 00000011 000007ff 0 0
5 1 0 0 571e5919 6faa09e9 002b8f2c 0 1
5 1 1 0 7fffffff 98244f9c 00000007 0 1
5 0 1 0 cddd681a 71617bb7 0000019b 0 0
5 1 0 0 ffffffff 0000001c 0000000f 0 1
5 0 0 0 fffffffe 00000003 1fffffff 0 1
5 1 1 0 ffff0000 00000001 7fff8000 0 0
5 0 0 0 0000000f 00000011 00000000 0 1
5 1 0 0 0000001f 00000018 00000000 0 0
5 0 0 0 20ba084e 9e395204 020ba084 0 0
5 1 0 0 7ffffffe 00000001 3fffffff 0 0
5 0 1 0 3f4b0cb6 0000001f 00000000 0 0
5 0 0 0 00000000 0000001a 00000000 0 1
5 0 1 0 c4a2d9d0 642388c5 062516ce 0 0
5 1 1 0 6598c8b8 d8caacf6 00000196 0 1
5 0 0 0 7ffffffe 0000001b 0000000f 0 0
5 0 1 0 aaaaaaaa 00000013 00001555 0 0
5 1 0 0 0b3812f7 00000014 000000b3 0 0
5 0 1 0 a1702db3 00000014 00000a17 0 0
5 0 1 0 f0f0f0f0 00000018 000000f0 0 0
5 0 0 0 f1132034 e6ff1ace 0003c44c 0 0
5 1 0 0 80000001 00000000 80000001 0 1
5 1 1 0 a19a8f21 00000014 00000a19 0 0
5 1 0 0 00007fff 00000019 00000000 0 0
5 0 1 0 0fffffff 00000010 00000fff 0 0
5 0 0 0 428969bd 0000001d 00000002 0 0
5 1 1 0 d625f26a 9697bb5d 00000006 0 0
5 1 1 0 662a3a81 00000010 0000662a 0 0
5 1 0 0 0000001f 9403f710 00000000 0 0
5 0 1 0 000000ff 0000000e 00000000 0 0
5 0 1 0 00000010 0000001e 00000000 0 1
5 0 0 0 00008000 00000008 00000080 0 0
5 0 1 0 f0f0f0f0 0000001f 00000001 0 0
5 0 0 0 deadbeef 0000000e 00037ab6 0 1
5 0 0 0 80000001 0000000c 00080000 0 1
5 1 0 0 5412bb2b 00000006 01504aec 0 0
5 0 0 0 deadbeef 00000001 6f56df77 0 1
5 1 0 0 834e039a c80a9dfc 00000008 0 1
5 1 0 0 85137533 00000008 00851375 0 1
5 1 1 0 75411cbd 00000018 00000075 0 0
5 1 1 0 c0000000 0000001c 0000000c 0 0
5 1 0 0 00000000 33150fbb 00000000 0 1
5 0 1 0 aaaaaaaa 00000010 0000aaaa 0 0
5 1 1 0 8a42ce47 0ed2c01c 00000008 0 0
5 1 1 0 fffffffe 00000010 0000ffff 0 0
5 1 0 0 11e7705a 1d7c3f9a 00000004 0 1
5 1 0 0 0000000f 00000017 00000000 0 1
5 1 1 0 0000000f 0000000e 00000000 0 0
5 1 0 0 deadbeef 00000019 0000006f 0 1
5 1 1 0 0fffffff 7f8ab625 007fffff 0 1
5 1 1 0 00000000 00000004 00000000 0 1
5 1 0 0 042bc310 00000010 0000042b 0 0
5 1 1 0 098b0e74 4fdb601e 00000000 0 1
5 1 1 0 2cd615bd 0000001a 0000000b 0 0
5 0 0 0 00010000 0000001e 00000000 0 0
5 0 1 0 00000000 00000009 00000000 0 1
5 1 1 0 00000002 0000001f 00000000 0 1
5 1 0 0 f6a22348 f731e3a4 0f6a2234 0 1
5 0 1 0 0000000f 0000000b 00000000 0 0
5 0 1 0 80000001 ed2d90a1 40000000 0 1
5 0 0 0 aaaaaaaa 0000000c 000aaaaa 0 1
5 0 0 0 4cc2a60d 3b8a80cf 00009985 0 0
5 0 0 0 0fffffff 00000017 0000001f 0 0
5 1 1 0 e2af22a6 00000004 0e2af22a 0 0
5 1 0 0 f0f0f0f0 102bb32a 003c3c3c 0 1
5 0 0 0 aaaaaaaa 0000001d 00000005 0 1
5 0 1 0 462cbc04 1084e632 0000118b 0 0
5 0 1 0 a20b088c 00000012 00002882 0 0
5 1 0 0 0fffffff 00000007 001fffff 0 0
5 0 0 0 0000fffe 0000000f 00000001 0 0
5 1 1 0 481bab2b 57888420 481bab2b 0 1
5 1 0 0 00000001 ad7d5a58 00000000 0 0
5 1 0 0 68b1a6de ef606a6a 001a2c69 0 0
5 0 0 0 c3e2147e 21f64a07 0187c428 0 1
5 1 1 0 00000020 0000001e 00000000 0 0
5 0 0 0 80000000 00000014 00000800 0 1
5 0 0 0 00000001 00000015 00000000 0 1
5 1 0 0 00000000 00000000 00000000 1 0
5 1 1 0 00000008 00000002 00000002 0 0
5 1 0 0 00000001 00000016 00000000 0 1
5 0 1 0 80000001 00000015 00000400 0 0
5 0 0 0 0000001f 00000015 00000000 0 0
5 1 1 0 7fffffff a58420b5 000003ff 0 1
5 0 1 0 00000003 a8540b7e 00000000 0 1
5 0 1 0 80000001 00000000 80000001 0 0
5 0 0 0 3ca4a5e6 30c8d637 00000079 0 0
5 1 0 0 96ed86e9 d76b1d9a 00000025 0 1
5 0 0 0 509c3b91 6508e416 00000142 0 1
5 0 0 0 9f272f10 0000000f 00013e4e 0 1
5 1 0 0 deadbeef 0000001f 00000001 0 1
5 1 0 0 8f0f5213 0000000d 0004787a 0 1
5 0 1 0 f0f0f0f0 0000000b 001e1e1e 0 0
5 1 1 0 0000000f 00000008 00000000 0 0
5 1 0 0 f0f0f0f0 00000001 78787878 0 1
5 0 0 0 00000000 0000000a 00000000 0 1
5 0 1 0 00000008 0000000f 00000000 0 1
5 0 1 0 0000001f 0000001a 00000000 0 0
5 0 1 0 2ff78ae1 00000019 00000017 0 0
5 1 1 0 fffffffe 00000012 00003fff 0 0
5 0 0 0 3a3fcbe7 0000001d 00000001 0 0
5 0 1 0 0fffffff 00000016 0000003f 0 0
5 0 0 0 fffffffe 00000017 000001ff 0 1
5 0 1 0 77d4284f 00000010 000077d4 0 0
5 0 1 0 00000002 0000000c 00000000 0 1
5 0 1 0 c0000000 0000001a 00000030 0 0
5 1 1 0 8fa6e001 e1695c48 008fa6e0 0 1
5 1 0 0 7ffffffe 00000002 1fffffff 0 0
5 1 0 0 c491ea34 4a81ffe0 c491ea34 0 1
5 0 1 0 0000ffff 0000000f 00000001 0 0
5 0 0 0 7fffffff b020e2c2 1fffffff 0 0
5 0 1 0 d6c60f1a b803fce5 06b63078 0 0
5 1 0 0 0000ffff 0000000e 00000003 0 0
5 1 0 0 ffffffff 00000014 00000fff 0 1
5 1 1 0 7ffffffe 00000009 003fffff 0 0
5 0 1 0 47e7a4c9 15a3ea21 23f3d264 0 0
5 0 1 0 aaaaaaaa 0000000a 002aaaaa 0 0
5 1 1 0 55555555 00000018 00000055 0 0
5 0 0 0 ffffffff 00000008 00ffffff 0 1
5 1 0 0 00008000 00000001 00004000 0 0
5 0 1 0 3217a404 02c3f2b3 00000642 0 0
5 0 1 0 00000002 00000015 00000000 0 1
5 0 1 0 f0f0f0f0 00000013 00001e1e 0 0
5 0 1 0 00008000 00000012 00000000 0 0
5 1 1 0 7fffffff 0000000a 001fffff 0 0
5 1 1 0 b2c2e453 00000008 00b2c2e4 0 0
5 1 1 0 00010000 0000001a 00000000 0 0
5 1 0 0 00007fff dcfe90d6 00000000 0 0
5 1 0 0 4f1434f0 0faa9735 00000278 0 0
5 0 1 0 45a1b4cf 58bd3914 0000045a 0 1
5 1 1 0 3b6b195e de656a11 00001db5 0 1
5 1 0 0 deadbeef 00000008 00deadbe 0 1
5 0 0 0 0000ffff 1d904cfd 00000000 0 1
5 1 0 0 7ffffffe 00000006 01ffffff 0 0
5 1 1 0 00000000 00000013 00000000 0 1
5 1 1 0 7a23efe9 f0d268fd 00000003 0 1
5 0 1 0 00008000 0000000f 00000001 0 0
5 1 1 0 00000020 75410d35 00000000 0 1
5 1 0 0 00000008 00000017 00000000 0 1
5 1 1 0 00000002 0000000e 00000000 0 1
5 0 0 0 7fffffff 00000001 3fffffff 0 0
5 0 0 0 00010000 00000014 00000000 0 0
5 0 1 0 0000fffe 0000000a 0000003f 0 0
5 0 1 0 0000000f 00000015 00000000 0 1
5 0 0 0 00000020 00000006 00000000 0 0
5 1 0 0 aaaaaaaa b3b0aea7 01555555 0 1
5 0 1 0 59b6aaee 2fe674b2 0000166d 0 0
5 0 1 0 06dae8d7 00000010 000006da 0 0
5 1 1 0 2892adc8 00000009 00144956 0 0
5 1 0 0 7ffffffe 613e70b5 000003ff 0 0
5 0 0 0 fffffffe 0000000d 0007ffff 0 1
5 0 1 0 a17e78d5 00000000 a17e78d5 0 0
5 0 1 0 1e2ca1b0 147eb02f 00003c59 0 0
5 1 1 0 00000020 0000001d 00000000 0 0
5 0 1 0 d5ba9d70 f869792d 0006add4 0 1
5 1 0 0 0000fffe 00000003 00001fff 0 0
5 1 0 0 00007fff 00000007 000000ff 0 0
5 0 0 0 1a9c18a6 00000019 0000000d 0 0
5 0 1 0 00010000 0000001c 00000000 0 0
5 0 1 0 deadbeef 00000000 deadbeef 0 0
5 0 1 0 ffff0000 94a9aa9c 0000000f 0 0
5 0 0 0 deadbeef 00000014 00000dea 0 1
5 1 1 0 d91dd42a 00000019 0000006c 0 0
5 0 1 0 15680fe6 00000014 00000156 0 0
5 0 1 0 a13f9995 b54207b5 00000509 0 1
5 1 1 0 eca56085 453e461a 0000003b 0 0
5 0 1 0 7fffffff 00000000 7fffffff 0 0
5 0 1 0 3aea494d 0000001a 0000000e 0 0
5 0 1 0 0c1f7a4c ec6e1848 000c1f7a 0 1
5 0 0 0 0f0f0f0f 00000012 000003c3 0 0
5 0 1 0 c0000000 0000000f 00018000 0 0
5 0 1 0 ced0e857 00000015 00000676 0 0
5 0 1 0 f3d61fca 0000001b 0000001e 0 0
5 1 1 0 aaaaaaaa 00000012 00002aaa 0 0
5 0 1 0 01f35fee 42a38379 00000000 0 1
5 0 0 0 2f3aa30b 0000000b 0005e754 0 0
5 0 1 0 fbc55717 00000005 07de2ab8 0 0
5 1 0 0 80000000 0000000e 00020000 0 1
5 0 1 0 207f531d 0000001f 00000000 0 0
5 1 1 0 0000ffff 0000000c 0000000f 0 0
5 0 1 0 66ec7674 00000014 0000066e 0 0
5 1 1 0 00000003 0000001c 00000000 0 1
5 0 1 0 f79e763e 3bbb4cdf 00000001 0 0
5 1 0 0 00000004 0000000a 00000000 0 1
5 1 0 0 0000fffe 00000006 000003ff 0 0
5 1 1 0 d0308ebb 00000001 6818475d 0 0
5 1 1 0 89f02bd8 00000008 0089f02b 0 0
5 1 0 0 00000020 00000016 00000000 0 0
5 1 1 0 31f1bb08 0000000b 00063e37 0 0
5 1 1 0 3130f28e 00000008 003130f2 0 0
5 1 1 0 00000002 0000000f 00000000 0 1
5 0 0 0 55555555 00000019 0000002a 0 0
5 0 1 0 f0f0f0f0 0000000e 0003c3c3 0 0
5 0 1 0 b1a122cf 0000000a 002c6848 0 0
5 0 1 0 00000001 00000000 00000001 0 0
5 0 1 0 fffffffe 00000004 0fffffff 0 0
5 1 1 0 0f0f0f0f 0000001d 00000000 0 0
5 1 1 0 c0000000 0000001d 00000006 0 0
5 0 1 0 ca4309e4 00000007 01948613 0 0
5 0 1 0 da0f8f14 0000000f 0001b41f 0 0
5 0 0 0 188c98a0 0000000e 00006232 0 0
5 1 0 0 57c1b4e1 0000000d 0002be0d 0 0
5 1 1 0 0000ffff 00000006 000003ff 0 0
5 0 0 0 c98afc43 b1689899 00000064 0 0
5 0 1 0 00000008 0000000e 00000000 0 1
5 0 0 0 172bea1f 00a508ba 00000005 0 0
5 0 0 0 4e6f45f4 00000002 139bd17d 0 0
5 0 0 0 00010000 00000009 00000080 0 0
5 1 0 0 4df27dfe 0000001b 00000009 0 0
5 0 0 0 6a722bb4 083e0c16 000001a9 0 0
5 1 0 0 ffff0000 0000000b 001fffe0 0 1
5 0 0 0 08c2f123 00000003 01185e24 0 0
5 0 1 0 faff238d 0000001f 00000001 0 0
5 0 0 0 deadbeef 0000000a 0037ab6f 0 1
5 0 1 0 80000000 00000003 10000000 0 0
5 1 1 0 aaaaaaaa 0000000f 00015555 0 0
5 1 0 0 0000000f 00000009 00000000 0 0
5 1 1 0 7fffffff 00000007 00ffffff 0 0
5 0 1 0 6092bf6a 00000001 30495fb5 0 0
5 0 0 0 80000000 0000001d 00000004 0 1
5 1 1 0 7ffffffe 0000001e 00000001 0 0
5 1 0 0 7ffffffe 0000001d 00000003 0 0
5 0 1 0 0000ffff 00000011 00000000 0 0
5 1 0 0 00000010 00000013 00000000 0 1
5 1 0 0 00008000 00000006 00000200 0 0
5 0 0 0 41fc0050 0a84f69e 00000001 0 0
5 1 1 0 00000004 00000018 00000000 0 1
5 0 0 0 00007fff 0000001f 00000000 0 0
5 1 0 0 0fffffff 0000001a 00000003 0 0
5 0 0 0 deadbeef 0000001b 0000001b 0 1
5 1 0 0 f0f0f0f0 00000010 0000f0f0 0 1
5 0 0 0 e0c5c642 21dae130 0000e0c5 0 1
5 0 0 0 0f0f0f0f 0000001c 00000000 0 0
5 0 0 0 0fffffff 00000004 00ffffff 0 0
5 0 0 0 0000fffe 0000001a 00000000 0 0
5 0 1 0 0000001f 0000001f 00000000 1 0
5 0 1 0 55555555 00000002 15555555 0 0
5 0 0 0 3f837ccd 00000017 0000007f 0 0
5 0 0 0 0fffffff 0000001c 00000000 0 0
5 0 1 0 deadbeef 0000001c 0000000d 0 0
5 1 1 0 2b3fa367 0000001e 00000000 0 0
5 0 0 0 aaaaaaaa 00000013 00001555 0 1
5 1 1 0 00000003 6848e788 00000000 0 1
5 0 0 0 e4817f62 f60c9c25 07240bfb 0 1
5 1 0 0 ffff0000 0000000e 0003fffc 0 1
5 1 1 0 80000000 00000004 08000000 0 0
5 0 0 0 0fffffff 00000018 0000000f 0 0
5 1 0 0 0000000f 00000012 00000000 0 1
5 0 0 0 c0000000 0000000e 00030000 0 1
5 0 0 0 1ff94491 00000016 0000007f 0 0
5 1 0 0 7083568d 79d0d8e6 01c20d5a 0 1
5 0 0 0 8510eae2 0000001d 00000004 0 1
5 1 0 0 0f0f0f0f 00000015 00000078 0 0
5 1 1 0 c64960e5 0000001d 00000006 0 0
5 0 0 0 0fffffff 3072bfcf 00001fff 0 1
5 1 1 0 4eef50dd 5cfea767 009ddea1 0 1
5 0 0 0 00000001 00000003 00000000 0 1
5 1 1 0 00000010 00000011 00000000 0 1
5 0 1 0 80e8c7f0 f3d253c7 0101d18f 0 1
5 1 0 0 c0000000 0000001e 00000003 0 1
5 1 0 0 80000001 0000000f 00010000 0 1
5 0 1 0 0000fffe 00000018 00000000 0 0
5 1 1 0 7fffffff 04747cef 0000ffff 0 0
5 1 1 0 110483cf 0000000d 00008824 0 0
5 0 1 0 f92e27dd 049e92cb 001f25c4 0 0
5 0 1 0 32b2ab17 00000014 0000032b 0 0
5 1 1 0 0fffffff 00000019 00000007 0 0
5 1 0 0 00010000 00000002 00004000 0 0
5 1 0 0 0000ffff 00000013 00000000 0 0
5 0 1 0 5a686b2d 0000001d 00000002 0 0
5 0 0 0 1ce9ae2d 8e2a8338 0000001c 0 0
5 0 1 0 7fffffff 0000000c 0007ffff 0 0
5 1 1 0 fffffffe 00000005 07ffffff 0 0
5 1 0 0 7ffffffe 00000005 03ffffff 0 0
5 0 0 0 0000ffff f4ae1c03 00001fff 0 0
5 0 0 0 0000000f 0000001b 00000000 0 1
5 0 0 0 deadbeef 0000001c 0000000d 0 1
5 0 1 0 00000003 00000011 00000000 0 1
5 0 0 0 00000002 0000001d 00000000 0 1
5 0 0 0 ffff0000 00000013 00001fff 0 1
5 0 1 0 aaaaaaaa 4dd303b6 000002aa 0 0
5 0 1 0 c7c8bbe9 86dd1958 000000c7 0 0
5 0 0 0 8ee86c4b 9657c7b9 00000047 0 1
5 0 1 0 00010000 00000007 00000200 0 0
5 1 0 0 f0f0f0f0 0000000a 003c3c3c 0 1
5 1 1 0 aaaaaaaa 00000005 05555555 0 0
5 0 1 0 ffffffff 00000005 07ffffff 0 0
5 1 1 0 fffffffe 0000001c 0000000f 0 0
5 1 1 0 c0afb277 0683ec85 06057d93 0 0
5 1 1 0 ce678a69 00000012 00003399 0 0
5 1 1 0 a9bc839e 8a5990ce 0002a6f2 0 0
5 0 1 0 e539007e 00000005 0729c803 0 0
5 0 0 0 00000020 00000010 00000000 0 0
5 1 0 0 80000001 00000005 04000000 0 1
5 1 1 0 deadbeef 00000011 00006f56 0 0
5 1 0 0 0f0f0f0f 00000014 000000f0 0 0
5 1 0 0 0000fffe 00000019 00000000 0 0
5 0 1 0 0000fffe 00000016 00000000 0 0
5 1 0 0 0000000f 96e04ed3 00000000 0 0
5 0 1 0 00000002 00000011 00000000 0 1
5 0 1 0 503df1b1 a366cde0 503df1b1 0 1
5 0 1 0 66e9c0f5 6b7b9205 03374e07 0 1
5 0 1 0 20ca3977 03a135f6 00000083 0 0
5 1 1 0 7fffffff 00000009 003fffff 0 0
5 1 1 0 00000000 0000000d 00000000 0 1
5 1 0 0 638dbfd7 7bee5988 00638dbf 0 1
5 0 0 0 00000020 00000013 00000000 0 0
5 1 1 0 7fffffff 0000000f 0000ffff 0 0
5 0 0 0 000000ff 00000018 00000000 0 0
5 0 0 0 0000000f 0000001c 00000000 0 1
5 0 1 0 0f0f0f0f 00000019 00000007 0 0
5 1 1 0 c7f29cf5 00000019 00000063 0 0
5 1 1 0 03bf5b3f 8d2a1e86 000efd6c 0 1
5 1 0 0 00008000 0000001b 00000000 0 0
5 1 1 0 ffffffff b2f33a2a 003fffff 0 0
5 0 0 0 1967d3ad c9c2806b 00032cfa 0 0
5 1 0 0 55555555 00000019 0000002a 0 0
5 0 0 0 55555555 00000009 002aaaaa 0 0
5 0 1 0 f0f0f0f0 4414d0a5 07878787 0 0
5 0 1 0 fffffffe 0000000b 001fffff 0 0
5 1 0 0 81ab787f 00000018 00000081 0 1
5 1 0 0 7ffffffe 00000005 03ffffff 0 0
5 0 0 0 0000ffff 00000014 00000000 0 0
5 1 0 0 96a965c2 00000015 000004b5 0 1
5 1 0 0 355f4386 1f19d971 00001aaf 0 0
5 1 0 0 22a870ed 0000000c 00022a87 0 0
5 0 0 0 7fffffff 0000001e 00000001 0 0
5 1 0 0 00000010 00000016 00000000 0 1
5 0 1 0 aaaaaaaa 00000012 00002aaa 0 0
5 0 0 0 00010000 00000013 00000000 0 0
5 1 1 0 0000ffff 00000017 00000000 0 0
5 1 0 0 5034d50c 0000001e 00000001 0 0
5 1 0 0 80000000 0000001a 00000020 0 1
5 0 0 0 00000002 0000000b 00000000 0 1
5 0 0 0 7fffffff 00000014 000007ff 0 0
5 0 0 0 00000001 0000001e 00000000 0 1
5 1 1 0 ffff0000 00000014 00000fff 0 0
5 1 1 0 ffffffff 0000001d 00000007 0 0
5 0 0 0 0cd40db0 00000013 0000019a 0 0
5 1 1 0 00008000 0000001b 00000000 0 0
5 1 1 0 00000020 a56e0919 00000000 0 1
5 0 0 0 2825c991 0000001c 00000002 0 0
5 0 0 0 0000000f 00000014 00000000 0 1
5 1 0 0 2a62a719 00000010 00002a62 0 0
5 1 1 0 51d3a2d0 f189ec7e 00000001 0 1
5 1 0 0 f925fcca 2a2f779b 0000001f 0 1
5 1 1 0 b6ad3661 0000001f 00000001 0 0
5 0 1 0 541dd1b6 0000001c 00000005 0 0
5 1 1 0 0000001f 00000001 0000000f 0 0
5 1 1 0 5c303121 0af40775 000002e1 0 0
5 0 1 0 ffffffff 00000018 000000ff 0 0
5 0 1 0 ee1315ed 9b47721f 00000001 0 0
5 0 0 0 9ec5a3a7 a148a187 013d8b47 0 1
5 1 0 0 77e349e7 0000001a 0000001d 0 0
5 1 0 0 00000008 00000007 00000000 0 0
5 1 1 0 fffffffe 00000002 3fffffff 0 0
5 0 0 0 ffffffff 00000017 000001ff 0 1
5 0 0 0 aaaaaaaa 0000001c 0000000a 0 1
5 1 0 0 fffffffe 0000001f 00000001 0 1
5 1 1 0 977da7cd 00000008 00977da7 0 0
5 0 0 0 ffff0000 4a3d0262 3fffc000 0 1
5 1 1 0 0000fffe 0000000e 00000003 0 0
5 1 1 0 ddebc4d1 0000001e 00000003 0 0
5 1 1 0 00000000 0000000f 00000000 0 1
5 1 1 0 00000000 00000002 00000000 0 1
5 0 0 0 00000008 00000015 00000000 0 1
5 0 0 0 80000000 0000000c 00080000 0 1
5 1 1 0 00000001 00000012 00000000 0 1
5 1 1 0 ffff0000 00000014 00000fff 0 0
5 1 1 0 80000001 00000004 08000000 0 0
5 0 0 0 bbab530e e0dec714 00000bba 0 1
5 1 1 0 7ffffffe 00000015 000003ff 0 0
5 1 0 0 0595bfff 09a9a748 000595bf 0 1
5 1 1 0 a236c5a7 0000000d 000511b6 0 0
5 1 1 0 00000002 00000019 00000000 0 1
5 0 0 0 0f0f0f0f 0000000c 0000f0f0 0 0
5 1 0 0 000000ff 00000014 00000000 0 0
5 0 1 0 ffffffff 0000000a 003fffff 0 0
5 1 1 0 00008000 00000010 00000000 0 0
5 1 0 0 ffffffff 0000001a 0000003f 0 1
5 1 1 0 00000001 0000001f 00000000 0 1
5 1 1 0 b87734d3 0000001f 00000001 0 0
5 0 1 0 bfb96e49 66a6df26 02fee5b9 0 0
5 1 0 0 0000ffff 00000015 00000000 0 0
5 0 0 0 768f1692 0000001e 00000001 0 0
5 1 1 0 00000008 3221a32b 00000000 0 1
5 1 1 0 aad512d3 b0efb1b6 000002ab 0 1
5 0 0 0 93a60fbf 66780da2 24e983ef 0 1
5 1 0 0 0f0f0f0f 00000013 000001e1 0 0
5 1 0 0 c0000000 3a83f224 0c000000 0 1
5 0 0 0 00000000 0000000d 00000000 0 1
5 0 0 0 51d6b4de b2d438c5 028eb5a6 0 0
5 0 0 0 00010000 0000000e 00000004 0 0
5 0 0 0 29dbb077 0000001c 00000002 0 0
5 1 0 0 00000020 00000017 00000000 0 0
5 1 0 0 7fffffff 0000001a 0000001f 0 0
5 1 1 0 00000000 0000001d 00000000 0 1
5 1 1 0 00000020 b215b659 00000000 0 1
5 0 1 0 00000004 99fc7cdd 00000000 0 1
5 0 0 0 7ffffffe 034ac7c6 01ffffff 0 0
5 1 0 0 000000ff 0000001e 00000000 0 0
5 1 0 0 c784a63f 00000014 00000c78 0 1
5 0 0 0 33df1895 071a26de 00000000 0 0
5 1 0 0 36a803a0 0000001e 00000000 0 0
5 1 0 0 ffffffff 00000012 00003fff 0 1
5 0 0 0 6e2fd6bc a30a160c 0006e2fd 0 0
5 0 1 0 36a66e02 9f50f100 36a66e02 0 1
5 0 1 0 aaaaaaaa d07e2501 55555555 0 1
5 1 0 0 f0f0f0f0 00000008 00f0f0f0 0 1
5 1 1 0 00000000 0000001c 00000000 0 1
5 0 0 0 8ccc1672 97856efb 00000011 0 1
5 0 0 0 1ff8b63f 8c32365a 00000007 0 0
5 0 0 0 80000000 00000001 40000000 0 1
5 1 1 0 fffffffe 00000013 00001fff 0 0
5 0 1 0 7fffffff 00000008 007fffff 0 0
5 1 0 0 f3686489 a9d54027 01e6d0c9 0 0
5 0 0 0 ffff0000 0000001e 00000003 0 1
5 0 0 0 0000000f 0000001d 00000000 0 1
5 0 0 0 0000fffe 8a8abf26 000003ff 0 0
5 1 0 0 ffff0000 0000001c 0000000f 0 1
5 0 0 0 7fffffff 00000012 00001fff 0 0
5 0 1 0 000000ff 0000000c 00000000 0 0
5 1 1 0 d611f182 11bac395 000006b0 0 0
5 0 1 0 a453187c 0000000c 000a4531 0 0
5 1 1 0 00008000 00000015 00000000 0 0
5 0 0 0 2423d2f2 00000001 1211e979 0 0
5 0 0 0 6d5ce8ef 00000000 6d5ce8ef 0 0
5 1 0 0 0000ffff 974a5789 0000007f 0 0
5 0 0 0 c0000000 00000015 00000600 0 1
5 0 0 0 deadbeef 0000000d 0006f56d 0 1
5 0 0 0 fffffffe 0000001b 0000001f 0 1
5 0 1 0 0f0f0f0f 0000001e 00000000 0 0
5 0 1 0 64713b34 00000000 64713b34 0 0
5 0 1 0 0000000f 00000018 00000000 0 1
5 0 0 0 409b4596 00000003 081368b2 0 0
5 1 0 0 00000000 00000001 00000000 0 1
5 0 0 0 00010000 00000008 00000100 0 0
5 0 1 0 8a113708 2731a5d0 00008a11 0 0
5 1 0 0 bd7447ad 0000000d 0005eba2 0 1
5 0 1 0 55555555 4a86849d 00000002 0 0
5 1 0 0 00007fff 0000000c 00000007 0 0
5 0 1 0 0ee08069 00000006 003b8201 0 0
5 1 1 0 aaaaaaaa 78607ace 0002aaaa 0 0
5 0 0 0 f0f0f0f0 0000001c 0000000f 0 1
5 0 1 0 00008000 d45562bd 00000000 0 1
5 1 0 0 00000002 00000016 00000000 0 1
5 0 1 0 000000ff 0000000f 00000000 0 0
5 0 1 0 00010000 00000010 00000001 0 0
5 1 0 0 00000004 00000009 00000000 0 1
5 0 0 0 80000001 00000009 00400000 0 1
5 1 0 0 0000fffe 0000001f 00000000 0 0
5 0 0 0 00000020 00b62634 00000000 0 1
5 0 1 0 80000001 00000002 20000000 0 0
5 1 1 0 7ffffffe 00000001 3fffffff 0 0
5 1 1 0 80000001 00000011 00004000 0 0
5 1 0 0 0f0f0f0f 00000011 00000787 0 0
5 0 1 0 7ffffffe 0000001f 00000000 0 0
5 1 1 0 00000003 00000019 00000000 0 1
5 1 1 0 d91899f0 00000013 00001b23 0 0
5 0 1 0 a16395e0 00000002 2858e578 0 0
5 0 0 0 80000001 0000000d 00040000 0 1
5 0 1 0 ffff0000 0000000c 000ffff0 0 0
5 1 1 0 ed666efc 982d6781 76b3377e 0 0
5 0 1 0 e9e2f35a 0000001b 0000001d 0 0
5 0 0 0 00008000 00000007 00000100 0 0
5 0 0 0 c2575ebd 00000016 00000309 0 1
5 1 1 0 c0000000 00000010 0000c000 0 0
5 1 1 0 000000ff 00000005 00000007 0 0
5 1 0 0 1f2101b0 e2066cd0 00001f21 0 0
5 1 1 0 00000004 00000011 00000000 0 1
5 1 1 0 00000004 00000005 00000000 0 1
5 1 1 0 00007fff 0000001d 00000000 0 0
5 1 0 0 0000fffe 4216c734 00000000 0 1
5 0 0 0 21f3bdf1 a8ba5d01 10f9def8 0 0
5 1 1 0 00000001 0000001a 00000000 0 1
5 1 1 0 80000001 0000000e 00020000 0 0
5 0 1 0 c0000000 00000008 00c00000 0 0
5 0 0 0 00000001 06e6cdc8 00000000 0 1
5 0 0 0 7f963938 00000011 00003fcb 0 0
5 1 1 0 aaaaaaaa 4b88e1d0 0000aaaa 0 0
5 1 1 0 c869bbe8 7409d34d 0006434d 0 0
5 1 0 0 00000003 00000005 00000000 0 1
5 0 0 0 900431d8 00000008 00900431 0 1
5 0 0 0 00000004 537a69fa 00000000 0 1
5 1 1 0 1bacc139 00000010 00001bac 0 0
5 0 0 0 00000004 00000002 00000001 0 0
5 1 1 0 f75b7037 00000015 000007ba 0 0
5 0 0 0 53b96039 d11bf435 0000029d 0 0
5 1 1 0 4b48378a df531180 4b48378a 0 1
5 1 1 0 e042f5bc 00000015 00000702 0 0
5 1 0 0 7137ec3b 00000006 01c4dfb0 0 0
5 0 1 0 0000fffe 0000000b 0000001f 0 0
5 1 1 0 0f0f0f0f 0000000f 00001e1e 0 0
5 1 1 0 cd03c3ed 0000000c 000cd03c 0 0
5 1 1 0 4c1a197a 00000002 1306865e 0 0
5 0 1 0 c666bd24 00000008 00c666bd 0 0
5 0 0 0 aaaaaaaa 00000002 2aaaaaaa 0 1
5 0 0 0 00000003 0000000e 00000000 0 1
5 1 1 0 9b6afb59 98dd9f17 00000136 0 0
5 0 0 0 0fffffff 00000005 007fffff 0 0
5 0 0 0 fffffffe 0000000c 000fffff 0 1
5 1 1 0 ffefa59e 6737daa6 03ffbe96 0 0
5 0 1 0 d7ac59d0 0000000c 000d7ac5 0 0
5 1 1 0 f0f0f0f0 00000000 f0f0f0f0 0 0
5 1 1 0 7fffffff 00000017 000000ff 0 0
5 1 1 0 d58e090d 2cd1c0ab 001ab1c1 0 0
5 1 1 0 12e3a9e4 fd8d4e5a 00000004 0 1
5 0 1 0 36730cb3 acd1a75d 00000001 0 1
5 0 0 0 80000000 00000008 00800000 0 1
5 1 1 0 7ffffffe 00000000 7ffffffe 0 0
5 0 0 0 deadbeef 00000010 0000dead 0 1
5 1 0 0 aaa226ab ae12d761 55511355 0 1
5 0 1 0 ffffffff 00000004 0fffffff 0 0
5 1 1 0 0000fffe 00000011 00000000 0 0
5 1 0 0 80000000 0000000b 00100000 0 1
5 1 0 0 00000000 0000001b 00000000 0 1
5 0 0 0 00000001 00000013 00000000 0 1
5 1 1 0 0000ffff 81da022c 0000000f 0 1
5 1 1 0 77cbd145 f1394540 77cbd145 0 1
5 0 0 0 d5daa57c 00000018 000000d5 0 1
5 1 0 0 00010000 00000011 00000000 0 0
5 1 1 0 00000020 0000000c 00000000 0 0
5 0 0 0 9ad3a4cb 1cfb0976 0000026b 0 1
5 1 0 0 d4147432 7516f7fa 00000035 0 1
5 1 1 0 00000003 00000016 00000000 0 1
5 1 0 0 86c3b4f1 0000001a 00000021 0 1
5 0 1 0 76c8efe1 89fe1956 000001db 0 1
5 0 0 0 9d29bbb4 39fcc333 000013a5 0 1
5 0 1 0 ffffffff 0000000d 0007ffff 0 0
5 1 0 0 d344b3fd 18451616 0000034d 0 1
5 0 1 0 be9f6c7b 00000007 017d3ed8 0 0
5 0 0 0 deadbeef 00000009 006f56df 0 1
5 1 0 0 00010000 00000006 00000400 0 0
5 0 1 0 000000ff 00000006 00000003 0 0
5 1 0 0 00000010 0000001a 00000000 0 1
5 0 0 0 00000000 00000011 00000000 0 1
5 1 0 0 00000004 0000000f 00000000 0 1
5 1 0 0 0000fffe 00000012 00000000 0 0
5 0 0 0 7ffffffe 00000018 0000007f 0 0
# --- SRA ---
# i_opsel i_sub i_unsigned i_arith i_op1 i_op2 | o_result o_eq o_slt
5 0 1 1 0000fffe 00000004 00000fff 0 0
5 0 0 1 00008000 0000000e 00000002 0 0
5 0 1 1 e661b530 00000003 fccc36a6 0 0
5 1 0 1 aa4ae579 0000000f ffff5495 0 1
5 0 0 1 00008000 1f7793cc 00000008 0 1
5 1 0 1 00007fff 00000015 00000000 0 0
5 0 1 1 00000003 00000017 00000000 0 1
5 0 1 1 2158a4dd 00000010 00002158 0 0
5 0 1 1 00000001 00000007 00000000 0 1
5 1 1 1 fffffffe 0000000f ffffffff 0 0
5 0 1 1 18ab7bad 466ab1bf 00000000 0 1
5 1 0 1 b4f028c4 00000015 fffffda7 0 1
5 0 0 1 f7d20331 0000001e ffffffff 0 1
5 1 0 1 d3113c95 00000015 fffffe98 0 1
5 0 1 1 00007fff 0000001e 00000000 0 0
5 1 0 1 6e328536 0000001f 00000000 0 0
5 1 0 1 00000003 00000018 00000000 0 1
5 0 1 1 43c5bb20 00000015 0000021e 0 0
5 0 0 1 7915cd7c 00000010 00007915 0 0
5 1 1 1 55555555 00000009 002aaaaa 0 0
5 0 1 1 37508dbe 9cc33046 00dd4236 0 1
5 1 1 1 00008000 00000005 00000400 0 0
5 0 1 1 0000001f 00000010 00000000 0 0
5 1 1 1 8d9633d6 52731b12 ffffe365 0 0
5 0 0 1 5216a40c 00000006 01485a90 0 0
5 1 1 1 b9a8f980 b131f5e5 fdcd47cc 0 0
5 1 1 1 b6516dfc f816db92 ffffed94 0 1
5 0 0 1 aaaaaaaa 0000001e fffffffe 0 1
5 1 1 1 80000001 0000001e fffffffe 0 0
5 1 0 1 00000001 00000008 00000000 0 1
5 1 0 1 bed8928c 0000000b fff7db12 0 1
5 1 0 1 00000004 0000000e 00000000 0 1
5 0 1 1 7ffffffe 0000001e 00000001 0 0
5 1 1 1 00000002 00000009 00000000 0 1
5 1 1 1 80000001 00000015 fffffc00 0 0
5 0 0 1 c444889f 126f5b60 c444889f 0 1
5 1 0 1 ffff0000 00000019 ffffffff 0 1
5 1 0 1 17183883 00000017 0000002e 0 0
5 1 0 1 ffffffff cca85130 ffffffff 0 0
5 1 1 1 ffff0000 00000000 ffff0000 0 0
5 0 1 1 00000008 0000000d 00000000 0 1
5 0 1 1 00010000 00000005 00000800 0 0
5 0 0 1 bfca9c31 98d59944 fbfca9c3 0 0
5 1 0 1 79a80071 00000014 0000079a 0 0
5 0 1 1 aaaaaaaa 0000000d fffd5555 0 0
5 0 0 1 00000004 d749b3fb 00000000 0 0
5 1 1 1 00000008 00000007 00000000 0 0
5 0 1 1 00010000 0000001e 00000000 0 0
5 1 0 1 bfe66b24 00000016 fffffeff 0 1
5 0 0 1 55555555 0000001f 00000000 0 0
5 1 0 1 d51c858c 00000015 fffffea8 0 1
5 1 0 1 7ffffffe 00000004 07ffffff 0 0
5 1 1 1 0000ffff 00000013 00000000 0 0
5 1 1 1 928f6198 77d2bae5 fc947b0c 0 0
5 1 1 1 0f0f0f0f 00000010 00000f0f 0 0
5 1 0 1 ffff0000 0000000e fffffffc 0 1
5 0 1 1 0000fffe 00000001 00007fff 0 0
5 1 1 1 aaaaaaaa 0000001e fffffffe 0 0
5 1 0 1 00000000 0000000d 00000000 0 1
5 1 0 1 0f0f0f0f 00000019 00000007 0 0
5 0 1 1 7ffffffe 0000000b 000fffff 0 0
5 1 0 1 edb03ac6 3ddb771a fffffffb 0 1
5 1 0 1 80000001 0000000c fff80000 0 1
5 0 1 1 00000004 00000006 00000000 0 1
5 0 1 1 0000ffff 00000010 00000000 0 0
5 1 1 1 00010000 00000007 00000200 0 0
5 0 1 1 000000ff 0000000f 00000000 0 0
5 1 1 1 00000010 e8e0148e 00000000 0 1
5 0 0 1 00000003 00000003 00000000 1 0
5 0 1 1 00000003 00000016 00000000 0 1
5 1 0 1 b7bf45bb 3fe10699 ffffffdb 0 1
5 1 1 1 e345603a 0000000f ffffc68a 0 0
5 0 0 1 ffff0000 00000013 ffffffff 0 1
5 1 1 1 80000001 0000000f ffff0000 0 0
5 0 1 1 62d9c73e a797e04e 00018b67 0 1
5 1 0 1 00000001 00000018 00000000 0 1
5 0 1 1 9931f206 02e48c9f ffffffff 0 0
5 1 1 1 ffffffff 4c4f8b05 ffffffff 0 0
5 1 1 1 80000001 00000007 ff000000 0 0
5 0 0 1 ffffffff 00000001 ffffffff 0 1
5 0 1 1 fbbf31bd f5ec2f88 fffbbf31 0 0
5 1 1 1 00000010 00000009 00000000 0 0
5 0 1 1 0000ffff 0000000d 00000007 0 0
5 0 0 1 f0f0f0f0 00000001 f8787878 0 1
5 0 1 1 f0f0f0f0 00000008 fff0f0f0 0 0
5 0 1 1 00010000 00000005 00000800 0 0
5 0 0 1 cd3ab5b9 00000017 ffffff9a 0 1
5 1 1 1 81931a64 00000002 e064c699 0 0
5 0 0 1 00000010 0000001b 00000000 0 1
5 1 1 1 0000001f 0000000c 00000000 0 0
5 1 1 1 00000001 00000006 00000000 0 1
5 0 1 1 a6f73383 2aefaf28 ffa6f733 0 0
5 1 1 1 0f0f0f0f 0000000d 00007878 0 0
5 0 1 1 bad88b10 00000004 fbad88b1 0 0
5 1 1 1 00007fff 66aa837b 00000000 0 1
5 1 1 1 79bfdd28 00000011 00003cdf 0 0
5 0 1 1 ffff0000 0000000d fffffff8 0 0
5 1 0 1 0000000f 0000001f 00000000 0 1
5 1 0 1 00008000 00000014 00000000 0 0
5 0 0 1 0000000f 00000001 00000007 0 0
5 0 0 1 00000003 00000001 00000001 0 0
5 0 1 1 1c473324 6078d2a3 0388e664 0 1
5 1 0 1 7d77cbe4 00000012 00001f5d 0 0
5 1 0 1 00000008 00000014 00000000 0 1
5 1 1 1 00000003 0000001e 00000000 0 1
5 1 1 1 7fffffff 0000000a 001fffff 0 0
5 0 1 1 314a5139 00000001 18a5289c 0 0
5 0 1 1 00010000 00000004 00001000 0 0
5 0 1 1 00008000 00000016 00000000 0 0
5 0 1 1 a69e519b 00000015 fffffd34 0 0
5 1 0 1 1d9fe047 00000002 0767f811 0 0
5 1 1 1 00000000 00000013 00000000 0 1
5 0 1 1 ec7fa7e6 a4782ea8 ffec7fa7 0 0
5 0 1 1 9980e4af 0000001f ffffffff 0 0
5 1 0 1 934d248b 1e9c62a3 f269a491 0 1
5 0 1 1 b9bb38af 00000014 fffffb9b 0 0
5 1 0 1 80000001 0000000d fffc0000 0 1
5 0 0 1 34f33473 00000019 0000001a 0 0
5 0 0 1 0000ffff 00000017 00000000 0 0
5 0 1 1 ffde9cc8 84757ff1 ffffffef 0 0
5 1 0 1 c0000000 0000000c fffc0000 0 1
5 0 1 1 00000020 0000000c 00000000 0 0
5 0 0 1 7b812e56 0000000c 0007b812 0 0
5 1 0 1 52c9235a 3f19f5ea 0014b248 0 0
5 0 1 1 7388e736 00000005 039c4739 0 0
5 0 0 1 0e1c00c6 00000019 00000007 0 0
5 1 0 1 0000000f 0000000a 00000000 0 0
5 0 0 1 2e7fa690 00000008 002e7fa6 0 0
5 0 1 1 fffffffe 00000013 ffffffff 0 0
5 1 0 1 00000004 0000001c 00000000 0 1
5 1 1 1 00008000 00000003 00001000 0 0
5 0 0 1 d0d3f0e6 16e28828 ffd0d3f0 0 1
5 1 1 1 00000004 00000004 00000000 1 0
5 0 1 1 d999d16c 00000004 fd999d16 0 0
5 0 1 1 8ab1b21d c0a55011 ffffc558 0 1
5 1 1 1 aaaaaaaa 0000001e fffffffe 0 0
5 0 1 1 95f1bac9 00000006 fe57c6eb 0 0
5 0 1 1 00000000 00000018 00000000 0 1
5 0 0 1 8b875691 00000001 c5c3ab48 0 1
5 0 0 1 0f0f0f0f 00000009 00078787 0 0
5 1 0 1 000000ff 00000008 00000000 0 0
5 0 0 1 2124a193 0000001d 00000001 0 0
5 1 0 1 0f0f0f0f 00000003 01e1e1e1 0 0
5 1 0 1 7ffffffe 00000002 1fffffff 0 0
5 1 1 1 5d2b4451 0000000e 000174ad 0 0
5 0 1 1 0000000f 00000000 0000000f 0 0
5 1 0 1 7ffffffe 00000008 007fffff 0 0
5 1 1 1 deadbeef 00000012 fffff7ab 0 0
5 1 0 1 00010000 0000000f 00000002 0 0
5 0 0 1 9c752a5a 0000000b fff38ea5 0 1
5 0 0 1 00000004 00000014 00000000 0 1
5 0 0 1 0af47cbe 6d1b6bb1 0000057a 0 1
5 0 0 1 72e529a5 0000001c 00000007 0 0
5 1 0 1 e15802a3 00000006 ff85600a 0 1
5 0 1 1 00000001 0000000e 00000000 0 1
5 1 0 1 80000000 00000007 ff000000 0 1
5 1 1 1 d817582e 00000000 d817582e 0 0
5 0 0 1 0000fffe 190fc0cb 0000001f 0 1
5 0 0 1 a7720eea 4fa3126d fffd3b90 0 1
5 0 1 1 ccee829b 00000008 ffccee82 0 0
5 1 1 1 ffffffff 00000017 ffffffff 0 0
5 0 0 1 2616acc8 00000013 000004c2 0 0
5 1 0 1 0fffffff 0000001a 00000003 0 0
5 0 0 1 1dcce9c4 9a676420 1dcce9c4 0 0
5 0 0 1 0000001f 00000015 00000000 0 0
5 1 1 1 00000003 00000008 00000000 0 1
5 1 0 1 aaaaaaaa 00000012 ffffeaaa 0 1
5 1 1 1 0000000f 0000001b 00000000 0 1
5 1 1 1 c83bcc01 0000000f ffff9077 0 0
5 0 1 1 0000001f ec6d8ba0 0000001f 0 1
5 1 0 1 f0f0f0f0 00000014 ffffff0f 0 1
5 1 0 1 faa92653 c0d1f905 ffd54932 0 0
5 0 0 1 7740f3ec 00000019 0000003b 0 0
5 1 1 1 aaaaaaaa 00000006 feaaaaaa 0 0
5 0 0 1 00000008 00000009 00000000 0 1
5 0 1 1 00000000 0000000b 00000000 0 1
5 0 1 1 99f8c96b 0000001f ffffffff 0 0
5 1 0 1 deadbeef 0000001e ffffffff 0 1
5 0 1 1 00000000 00000011 00000000 0 1
5 0 0 1 80000001 0000001d fffffffc 0 1
5 0 1 1 00000000 00000005 00000000 0 1
5 0 0 1 e63232f5 33dde6f6 ffffff98 0 1
5 0 0 1 f0f0f0f0 00000005 ff878787 0 1
5 0 1 1 794a6d92 00000019 0000003c 0 0
5 0 1 1 547489c7 00000010 00005474 0 0
5 1 1 1 c87d6753 00000019 ffffffe4 0 0
5 1 1 1 00008000 0000000a 00000020 0 0
5 1 0 1 fffffffe 0000001f ffffffff 0 1
5 1 1 1 209524b0 00000002 0825492c 0 0
5 1 0 1 d0a15237 0a2b4939 ffffffe8 0 1
5 0 1 1 ab72a568 00000006 feadca95 0 0
5 1 1 1 0000ffff 0000001a 00000000 0 0
5 0 1 1 983736c1 255cc379 ffffffcc 0 0
5 1 0 1 afacc0f0 cb3ad065 fd7d6607 0 1
5 0 0 1 80000000 a2c40d0d fffc0000 0 1
5 1 1 1 00000020 00000014 00000000 0 0
5 0 1 1 00000004 de5a6843 00000000 0 1
5 1 1 1 00007fff 00000014 00000000 0 0
5 1 1 1 84df257f 046bb98f ffff09be 0 0
5 0 0 1 ffffffff 0000001b ffffffff 0 1
5 1 0 1 fffffffe 00000017 ffffffff 0 1
5 1 0 1 0fffffff 0000001d 00000000 0 0
5 0 1 1 ffffffff 4a9dd771 ffffffff 0 0
5 0 0 1 0000ffff 0000000a 0000003f 0 0
5 0 1 1 252265a1 0000001c 00000002 0 0
5 1 0 1 fe14645e 00000004 ffe14645 0 1
5 1 0 1 973ef8fa 00000015 fffffcb9 0 1
5 0 0 1 62c710ff 0000000c 00062c71 0 0
5 0 0 1 000000ff 0000000d 00000000 0 0
5 1 1 1 ffffffff 00000001 ffffffff 0 0
5 0 1 1 0fffffff 00000001 07ffffff 0 0
5 0 0 1 00000008 00000004 00000000 0 0
5 1 0 1 c0000000 00000002 f0000000 0 1
5 0 1 1 deadbeef 00000008 ffdeadbe 0 0
5 1 1 1 0000001f 00000003 00000003 0 0
5 0 1 1 aaaaaaaa 0000001c fffffffa 0 0
5 1 1 1 f0f0f0f0 2d16e313 fffffe1e 0 0
5 0 0 1 55555555 00000000 55555555 0 0
5 0 1 1 e41898ce b4677305 ff20c4c6 0 0
5 0 0 1 00000001 00000013 00000000 0 1
5 1 0 1 deadbeef 00000004 fdeadbee 0 1
5 0 1 1 010a0950 0000001b 00000000 0 0
5 0 1 1 80000000 0000000c fff80000 0 0
5 1 1 1 aaaaaaaa 0000001b fffffff5 0 0
5 0 1 1 55555555 2d5d390d 0002aaaa 0 0
5 1 0 1 ffffffff 0000001c ffffffff 0 1
5 1 0 1 8e15a01c 168c6e9b fffffff1 0 1
5 0 0 1 aae09388 0000001d fffffffd 0 1
5 1 0 1 8d05cfd2 00000009 ffc682e7 0 1
5 1 1 1 80000001 00000011 ffffc000 0 0
5 1 1 1 4b95b256 1180308d 00025cad 0 0
5 0 1 1 04ec2c67 0000001c 00000000 0 0
5 1 1 1 aaaaaaaa 00000005 fd555555 0 0
5 0 1 1 69d2fca7 cf6e1607 00d3a5f9 0 1
5 1 1 1 80000000 00000002 e0000000 0 0
5 1 1 1 d96af8ac 7d746155 fffffecb 0 0
5 1 1 1 c0000000 0000001c fffffffc 0 0
5 0 0 1 bc2cdbeb 7a4c6ff5 fffffde1 0 1
5 1 1 1 00010000 0000001a 00000000 0 0
5 1 1 1 00010000 0000001b 00000000 0 0
5 1 1 1 ceb1af2d adc7b63b fffffff9 0 0
5 0 1 1 55555555 00000008 00555555 0 0
5 1 1 1 00000010 00000018 00000000 0 1
5 1 0 1 00000010 00000004 00000001 0 0
5 1 0 1 5a520b5e 00000002 169482d7 0 0
5 1 0 1 3a92399a 0000000a 000ea48e 0 0
5 0 1 1 00000002 00000000 00000002 0 0
5 0 0 1 00000004 81296207 00000000 0 0
5 0 0 1 528927cc 20e944db 0000000a 0 0
5 1 1 1 00000003 00000014 00000000 0 1
5 1 1 1 00000002 0000001f 00000000 0 1
5 0 0 1 deadbeef 0000001c fffffffd 0 1
5 1 1 1 9ad11a99 00000013 fffff35a 0 0
5 0 1 1 00000001 afd09fca 00000000 0 1
5 1 0 1 00008000 00000013 00000000 0 0
5 1 0 1 0000000f 00000015 00000000 0 1
5 1 0 1 00000008 3fde1a25 00000000 0 1
5 0 1 1 394efbe9 00000013 00000729 0 0
5 1 1 1 deadbeef 00000007 ffbd5b7d 0 0
5 1 1 1 de15ccee 00000005 fef0ae67 0 0
5 0 1 1 0000ffff 0000000e 00000003 0 0
5 0 0 1 b7ef35e9 00000003 f6fde6bd 0 1
5 0 0 1 00000004 00000009 00000000 0 1
5 0 1 1 f0f0f0f0 00000010 fffff0f0 0 0
5 0 1 1 00000008 00000000 00000008 0 0
5 1 0 1 fffffffe 00000009 ffffffff 0 1
5 1 1 1 000000ff 00000017 00000000 0 0
5 0 1 1 c2651142 125cde77 ffffff84 0 0
5 0 0 1 0fffffff 00000003 01ffffff 0 0
5 0 0 1 db859cfa 75f0a6e8 ffdb859c 0 1
5 0 0 1 b44b8e9a 0000001e fffffffe 0 1
5 0 1 1 80000000 00000010 ffff8000 0 0
5 1 0 1 d9e8c0a5 0000001f ffffffff 0 1
5 1 0 1 7fffffff 00000016 000001ff 0 0
5 1 0 1 80000001 0000000a ffe00000 0 1
5 0 0 1 d7e9a3dc 0000000a fff5fa68 0 1
5 0 1 1 ed32c7ee f457ed6b fffda658 0 1
5 0 1 1 00007fff 0000000a 0000001f 0 0
5 1 0 1 00000000 00000009 00000000 0 1
5 0 0 1 00007fff 00000010 00000000 0 0
5 0 1 1 7fffffff 0000001d 00000003 0 0
5 0 0 1 09c0456e 00000015 0000004e 0 0
5 0 1 1 0fffffff 00000006 003fffff 0 0
5 0 1 1 1b8e35c0 0000001c 00000001 0 0
5 1 1 1 6b37a6fc bc131eb1 0000359b 0 1
5 1 1 1 a79eb1f8 2d584bf5 fffffd3c 0 0
5 1 0 1 006863a2 5241c760 006863a2 0 1
5 1 1 1 80000000 00000003 f0000000 0 0
5 1 0 1 95a90c6b 5a3eb319 ffffffca 0 1
5 0 0 1 00000004 0000001b 00000000 0 1
5 0 0 1 7ffffffe 0000000c 0007ffff 0 0
5 0 0 1 bf73b3f2 00000014 fffffbf7 0 1
5 0 0 1 352e8545 c0b259e7 006a5d0a 0 0
5 1 0 1 deadbeef 0000000f ffffbd5b 0 1
5 0 0 1 2e1aa2eb 00000012 00000b86 0 0
5 0 0 1 00000010 0000001f 00000000 0 1
5 0 0 1 0fffffff 00000008 000fffff 0 0
5 0 0 1 5df338c6 0000000b 000bbe67 0 0
5 0 0 1 652794b9 00000017 000000ca 0 0
5 0 0 1 00000004 00000001 00000002 0 0
5 1 1 1 deadbeef 00000001 ef56df77 0 0
5 0 0 1 0000000f 0000000f 00000000 1 0
5 1 0 1 000000ff 00000014 00000000 0 0
5 0 0 1 ce9a0f3d 00000019 ffffffe7 0 1
5 1 1 1 cd2cac3d 0000001d fffffffe 0 0
5 0 1 1 00010000 00000013 00000000 0 0
5 1 1 1 00000004 0000001f 00000000 0 1
5 1 1 1 f0f0f0f0 00000003 fe1e1e1e 0 0
5 0 0 1 82aa1b2b 0000001f ffffffff 0 1
5 1 1 1 c0d75732 00000004 fc0d7573 0 0
5 0 1 1 e8f91308 63e21356 ffffffa3 0 0
5 1 0 1 0000ffff 00000008 000000ff 0 0
5 1 0 1 00000001 0000000f 00000000 0 1
5 1 0 1 6182f12e 00000011 000030c1 0 0
5 1 0 1 6270be57 fe174a27 00c4e17c 0 0
5 0 1 1 be78ee83 9c8643f7 ffffff7c 0 0
5 1 0 1 ffff0000 0000001c ffffffff 0 1
5 1 0 1 7fffffff 0000001c 00000007 0 0
5 1 0 1 052288b8 a61bdd6f 00000a45 0 0
5 1 1 1 0000ffff 00000000 0000ffff 0 0
5 1 0 1 7ffffffe 00000001 3fffffff 0 0
5 0 0 1 00000003 00000004 00000000 0 1
5 0 1 1 00000020 00000016 00000000 0 0
5 0 0 1 993a44d4 00000000 993a44d4 0 1
5 0 1 1 c0000000 14c72f5b fffffff8 0 0
5 0 1 1 00007fff 00000011 00000000 0 0
5 0 1 1 00000001 0000000d 00000000 0 1
5 0 0 1 4ad5f6bc 00000017 00000095 0 0
5 1 1 1 00000001 0000000a 00000000 0 1
5 0 0 1 8262228c 0000000f ffff04c4 0 1
5 0 0 1 cd202911 00000017 ffffff9a 0 1
5 1 1 1 00000001 0000001e 00000000 0 1
5 0 0 1 045fc057 0000000d 000022fe 0 0
5 1 0 1 80000000 0000001b fffffff0 0 1
5 1 1 1 deadbeef 0000001f ffffffff 0 0
5 0 1 1 00000010 00000017 00000000 0 1
5 1 0 1 00010000 00000010 00000001 0 0
5 1 1 1 00000000 00000006 00000000 0 1
5 1 1 1 80000001 00000008 ff800000 0 0
5 0 1 1 3ae5e1ea 77b3f515 000001d7 0 1
5 0 1 1 0000fffe 00000008 000000ff 0 0
5 1 0 1 e53f5000 0000000e ffff94fd 0 1
5 1 0 1 00000008 0000001d 00000000 0 1
5 0 1 1 d32d66c5 6e5de1b2 fffff4cb 0 0
5 1 0 1 dd73ad3c 0000001f ffffffff 0 1
5 0 1 1 e03a9de6 0000000d ffff01d4 0 0
5 0 0 1 62e9e730 c25e4bab 000c5d3c 0 0
5 0 0 1 00000008 00000018 00000000 0 1
5 1 0 1 30c51da2 00000009 0018628e 0 0
5 1 1 1 80000000 0000000d fffc0000 0 0
5 0 0 1 1074b2c1 5acf5cc0 1074b2c1 0 1
5 0 1 1 fffffffe 823a1bdf ffffffff 0 0
5 0 1 1 012af734 f12c381d 00000000 0 1
5 1 1 1 0000000f 00000008 00000000 0 0
5 0 0 1 5241f1f3 73ba7a95 00000292 0 1
5 1 1 1 0000ffff 0000001d 00000000 0 0
5 1 0 1 ef180a06 3f4c10d2 fffffbc6 0 1
5 0 1 1 cb38e263 00000008 ffcb38e2 0 0
5 1 0 1 0000000f 0000000d 00000000 0 0
5 0 1 1 00000010 0000000b 00000000 0 0
5 0 0 1 b703cb74 0000000e fffedc0f 0 1
5 0 0 1 a6580b6b 00000007 ff4cb016 0 1
5 0 1 1 ffff0000 0000000c fffffff0 0 0
5 1 0 1 55555555 00000014 00000555 0 0
5 0 1 1 aaaaaaaa 845bc13c fffffffa 0 0
5 0 1 1 ffff0000 00000007 fffffe00 0 0
5 0 0 1 f28792cb 8f7b82e7 ffe50f25 0 0
5 1 1 1 80000000 00000016 fffffe00 0 0
5 0 1 1 f17c6569 82b27cfe ffffffff 0 0
5 0 1 1 00000008 0000001b 00000000 0 1
5 1 0 1 d6f3f878 991072fc fffffffd 0 0
5 0 1 1 d2036671 bbae9515 fffffe90 0 0
5 1 0 1 2c3671a9 9f3c344f 0000586c 0 0
5 1 0 1 c0000000 0000001f ffffffff 0 1
5 1 1 1 00000010 00000000 00000010 0 0
5 0 0 1 aaaaaaaa 0000001d fffffffd 0 1
5 1 1 1 1028dab8 ad5ae8e4 01028dab 0 1
5 0 0 1 ffffffff 00000002 ffffffff 0 1
5 0 0 1 80000001 00000005 fc000000 0 1
5 0 0 1 13eddf6f cf78d49b 00000002 0 0
5 0 1 1 cb4cf3a8 0000000d fffe5a67 0 0
5 1 0 1 70f7364f 0000000e 0001c3dc 0 0
5 1 1 1 00010000 00000014 00000000 0 0
5 0 1 1 ffffffff 00000007 ffffffff 0 0
5 1 0 1 ffffffff 00000009 ffffffff 0 1
5 0 0 1 0000fffe 00000011 00000000 0 0
5 1 1 1 7fffffff 0000001f 00000000 0 0
5 0 1 1 c0000000 00000005 fe000000 0 0
5 1 1 1 0fffffff 00000009 0007ffff 0 0
5 0 1 1 000000ff 00000018 00000000 0 0
5 0 0 1 27a06d52 076b30fe 00000000 0 0
5 1 1 1 a5afe077 00000017 ffffff4b 0 0
5 0 0 1 80000000 00000001 c0000000 0 1
5 0 1 1 ffff0000 0000000b ffffffe0 0 0
5 0 1 1 00000008 0000000f 00000000 0 1
5 1 1 1 0000001f 0000001a 00000000 0 0
5 1 1 1 0000fffe 0000000e 00000003 0 0
5 0 0 1 2ef3e58c 00000008 002ef3e5 0 0
5 0 1 1 80000000 00000005 fc000000 0 0
5 1 1 1 ffff0000 0000000b ffffffe0 0 0
5 0 0 1 00000008 0000001a 00000000 0 1
5 1 1 1 00007fff 00000002 00001fff 0 0
5 0 1 1 00000004 00000002 00000001 0 0
5 1 1 1 7fffffff 00000012 00001fff 0 0
5 1 1 1 000000ff 0000001b 00000000 0 0
5 0 0 1 79513450 00000010 00007951 0 0
5 1 1 1 0fffffff 0000001b 00000001 0 0
5 1 0 1 fffffffe 0000001c ffffffff 0 1
5 0 1 1 0fffffff 33a6a6c7 001fffff 0 1
5 0 0 1 aaaaaaaa a9d32e36 fffffeaa 0 0
5 0 1 1 7ffffffe 00000013 00000fff 0 0
5 0 0 1 0000fffe ed8b02c9 0000007f 0 0
5 1 1 1 ffff0000 00000005 fffff800 0 0
5 1 0 1 00000008 00000012 00000000 0 1
5 1 1 1 55555555 00000013 00000aaa 0 0
5 0 1 1 7ffffffe 0000001f 00000000 0 0
5 1 0 1 0000000f 00000004 00000000 0 0
5 0 1 1 87d2dcdd 2b76643b fffffff0 0 0
5 0 1 1 80000000 00000012 ffffe000 0 0
5 1 1 1 f0f0f0f0 00000017 ffffffe1 0 0
5 1 0 1 1c5de41d 00000003 038bbc83 0 0
5 0 1 1 a8b70cd4 0000000f ffff516e 0 0
5 1 0 1 0fffffff 00000012 000003ff 0 0
5 1 1 1 ae57d9f3 0000000c fffae57d 0 0
5 0 0 1 000000ff 0000000e 00000000 0 0
5 1 1 1 6639452f 00000007 00cc728a 0 0
5 0 1 1 ffff0000 272858b7 ffffffff 0 0
5 0 1 1 299410a9 00000011 000014ca 0 0
5 0 0 1 80000001 00000000 80000001 0 1
5 1 1 1 4b5aaa97 7fd08762 12d6aaa5 0 1
5 1 0 1 cddf015b 0000001b fffffff9 0 1
5 0 1 1 578e4d54 00000001 2bc726aa 0 0
5 1 0 1 00000000 0000000c 00000000 0 1
5 0 0 1 84c2a78c 1bc55480 84c2a78c 0 1
5 0 1 1 1973831e ec6f30de 00000000 0 1
5 0 0 1 aaaaaaaa 0000000e fffeaaaa 0 1
5 1 0 1 cdd049b6 2a823491 ffffe6e8 0 1
5 1 1 1 f17eedb8 3a551888 fff17eed 0 0
5 1 0 1 0fffffff 0000000a 0003ffff 0 0
5 0 0 1 c75e1c88 033bd438 ffffffc7 0 1
5 1 0 1 deadbeef 00000009 ffef56df 0 1
5 1 1 1 7fe19d8e bfb98079 0000003f 0 1
5 0 0 1 80000000 00000009 ffc00000 0 1
5 0 0 1 00010000 00000017 00000000 0 0
5 0 0 1 0000000f 00000016 00000000 0 1
5 0 0 1 aaaaaaaa 00000003 f5555555 0 1
5 0 0 1 f0f0f0f0 0000001c ffffffff 0 1
5 1 1 1 bc41e72a d20a3529 ffde20f3 0 1
5 0 1 1 8c0163f0 9c66e38b fff1802c 0 1
5 0 0 1 cc868ad6 f7d5c09d fffffffe 0 1
5 1 1 1 4f929ec0 6a95e0a6 013e4a7b 0 1
5 0 0 1 55555555 00000011 00002aaa 0 0
5 1 0 1 55555555 00000007 00aaaaaa 0 0
5 0 1 1 c0000000 00000015 fffffe00 0 0
5 1 0 1 3777096e 05e7de00 3777096e 0 0
5 1 1 1 00000008 0000001b 00000000 0 1
5 1 1 1 c0000000 00000003 f8000000 0 0
5 1 0 1 000000ff f068a4ce 00000000 0 0
5 1 0 1 914ce35a 00000013 fffff229 0 1
5 1 0 1 f0f0f0f0 00000004 ff0f0f0f 0 1
5 0 0 1 0f79baee 2d1291ff 00000000 0 1
5 1 1 1 0000fffe 00000006 000003ff 0 0
5 0 0 1 74f239b6 0000001e 00000001 0 0
5 0 0 1 30a27a78 713a8c3d 00000001 0 1
5 0 0 1 00007fff 0000001f 00000000 0 0
5 1 0 1 80000001 b6a9dc6b fff00000 0 1
5 1 0 1 9388772b 0000000c fff93887 0 1
5 1 1 1 00000002 0000000d 00000000 0 1
5 0 1 1 7ffffffe 0000001c 00000007 0 0
5 1 1 1 fffffffe 00000002 ffffffff 0 0
5 1 0 1 62394fa7 00000000 62394fa7 0 0
5 1 1 1 0000ffff 00000007 000001ff 0 0
5 1 1 1 c410b497 2373cff7 ffffff88 0 0
5 0 1 1 fffffffe 0000001a ffffffff 0 0
5 0 1 1 0000001f 0000001b 00000000 0 0
5 0 0 1 f0f0f0f0 00000018 fffffff0 0 1
5 0 1 1 0a2f5d05 0000000e 000028bd 0 0
5 1 0 1 56cba087 00000001 2b65d043 0 0
5 1 1 1 ffff0000 00000002 ffffc000 0 0
5 1 1 1 ef85131d dcf5faf7 ffffffdf 0 0
5 1 1 1 00008000 00000008 00000080 0 0
5 1 0 1 1fa061b1 30bf6cc9 000fd030 0 1
5 0 0 1 aaaaaaaa 00000017 ffffff55 0 1
5 0 0 1 7a2654fc dd9d59fc 00000007 0 0
5 1 0 1 7fffffff 00000006 01ffffff 0 0
5 1 1 1 0f0f0f0f 0000000a 0003c3c3 0 0
5 1 0 1 718d2ea4 00000017 000000e3 0 0
5 1 1 1 ea66e078 00000002 fa99b81e 0 0
5 1 1 1 80000001 00000019 ffffffc0 0 0
5 1 1 1 00000010 00000015 00000000 0 1
5 1 1 1 f45f782d 00000000 f45f782d 0 0
5 0 1 1 00000002 00000017 00000000 0 1
5 1 1 1 80000000 00000014 fffff800 0 0
5 1 1 1 99d33d25 42558f5c fffffff9 0 0
5 0 1 1 ffffffff 0000001e ffffffff 0 0
5 1 0 1 5c9498c7 0000001c 00000005 0 0
5 0 0 1 4b1f275d 5b7e2639 00000025 0 1
5 0 1 1 2078774f 278a11f4 00000207 0 1
5 0 1 1 00007fff 0000000f 00000000 0 0
5 0 0 1 81c937e9 00000013 fffff039 0 1
5 1 0 1 00c62ed6 bb43adb7 00000001 0 0
5 1 1 1 0000001f 00000005 00000000 0 0
5 0 0 1 4909e27e 17971d35 00000248 0 0
5 0 1 1 0000ffff 916b7c77 00000000 0 1
5 1 1 1 aaaaaaaa 00000007 ff555555 0 0
5 1 0 1 00008000 0000000d 00000004 0 0
5 0 0 1 375595a0 00000017 0000006e 0 0
5 0 0 1 c0000000 0000001e ffffffff 0 1
5 0 1 1 85a1a58d 0000001c fffffff8 0 0
5 1 1 1 0000ffff 00000004 00000fff 0 0
5 1 1 1 00000004 00000008 00000000 0 1
5 0 1 1 80000001 00000017 ffffff00 0 0
5 1 0 1 f0f0f0f0 0000001e ffffffff 0 1
5 1 0 1 55555555 0000001d 00000002 0 0
5 0 0 1 ffff0000 00000004 fffff000 0 1
5 0 1 1 00000004 0000000a 00000000 0 1
5 0 1 1 80000001 0000001c fffffff8 0 0
5 0 1 1 4d4dfbe4 0000000a 0013537e 0 0
5 0 1 1 0000001f 0000001e 00000000 0 0
5 1 1 1 00000002 0000001b 00000000 0 1
5 0 1 1 00000001 5a41f026 00000000 0 1
5 1 0 1 f0f0f0f0 0000001f ffffffff 0 1
5 0 1 1 e69785d2 0000001c fffffffe 0 0
5 1 1 1 7e2c3570 00000011 00003f16 0 0
5 0 0 1 3aae3f19 33434977 00000075 0 0
5 1 1 1 000000ff 0000001e 00000000 0 0
5 1 0 1 00000020 00000011 00000000 0 0
5 0 0 1 c1de8447 0000001d fffffffe 0 1
5 1 0 1 55555555 0000000c 00055555 0 0
5 0 0 1 80000000 9fc68434 fffff800 0 1
5 1 0 1 8f91ec34 00000002 e3e47b0d 0 1
5 1 0 1 a0faa73f 00000009 ffd07d53 0 1
5 0 1 1 80000000 0000000e fffe0000 0 0
5 1 0 1 6ba33998 bd4f3b53 00000d74 0 0
5 0 1 1 7ffffffe 0000000e 0001ffff 0 0
5 0 1 1 0fffffff 00000017 0000001f 0 0
5 1 1 1 000000ff 00000019 00000000 0 0
5 1 0 1 00000002 00000008 00000000 0 1
5 0 1 1 0ca403e1 f3ca9b44 00ca403e 0 1
5 0 1 1 7fffffff 00000009 003fffff 0 0
5 1 0 1 0fffffff 00000016 0000003f 0 0
5 0 1 1 1cec9e6a b12c4d9c 00000001 0 1
5 0 0 1 0000001f 6a2febc1 0000000f 0 1
5 0 0 1 17507293 5495b31e 00000000 0 1
5 0 0 1 0000fffe 0000000f 00000001 0 0
5 0 1 1 00000003 0000000b 00000000 0 1
5 0 1 1 00010000 00000019 00000000 0 0
5 1 0 1 00010000 00000015 00000000 0 0
5 0 1 1 e0af236c 76e71ab0 ffffe0af 0 0
5 1 0 1 c0000000 0000001b fffffff8 0 1
5 1 1 1 7ffffffe 00000013 00000fff 0 0
5 1 1 1 1bd96f26 0000001a 00000006 0 0
5 1 1 1 0f0f0f0f 0000001a 00000003 0 0
5 1 1 1 aaaaaaaa 78f91cd7 ffffff55 0 0
5 0 1 1 65b94977 00000004 065b9497 0 0
5 0 0 1 7ffffffe 00000019 0000003f 0 0
5 0 0 1 fffffffe 00000018 ffffffff 0 1
5 1 0 1 00000008 0000000a 00000000 0 1
5 0 1 1 47361c08 0000000e 00011cd8 0 0
5 1 0 1 00000001 00000011 00000000 0 1
5 0 0 1 88f8241a 9d6659f7 ffffff11 0 1
5 1 1 1 00000000 00000019 00000000 0 1
5 0 1 1 d9cb8a05 cdd33915 fffffece 0 0
5 1 0 1 7336eed9 0000001e 00000001 0 0
5 1 0 1 0000000f 0000001c 00000000 0 1
5 1 1 1 aaaaaaaa 00000009 ffd55555 0 0
5 0 1 1 ffffffff 0000000a ffffffff 0 0
5 0 1 1 fffffffe 00000006 ffffffff 0 0
5 1 1 1 1abc9334 bc5c97b2 000006af 0 1
5 0 1 1 00000020 00000019 00000000 0 0
5 0 1 1 fffffffe 0000000d ffffffff 0 0
5 0 0 1 00000002 0000001c 00000000 0 1
5 0 0 1 d29283b2 47b7f106 ff4a4a0e 0 1
5 0 1 1 80000000 00000004 f8000000 0 0
5 0 0 1 6a4769c8 0000001f 00000000 0 0
5 0 0 1 00000003 00000012 00000000 0 1
5 0 0 1 2eda7b0d 2f0016ee 0000bb69 0 1
5 1 1 1 000000ff 00000010 00000000 0 0
5 0 0 1 b74c9c14 00000012 ffffedd3 0 1
5 0 1 1 0f0f0f0f 00000015 00000078 0 0
5 0 1 1 d03fce8b 983846df ffffffff 0 0
5 1 1 1 0000001f 0000000b 00000000 0 0
5 1 1 1 52ff80eb 00000018 00000052 0 0
5 0 0 1 532ee95e 0000000f 0000a65d 0 0
5 1 0 1 42b1225e 00000004 042b1225 0 0
5 1 1 1 9a8c36d0 00000002 e6a30db4 0 0
5 0 0 1 0d215aae a4765a6f 00001a42 0 0
5 1 0 1 06a13f89 956ceeb8 00000006 0 0
5 0 1 1 fe9165d1 3317b154 ffffffe9 0 0
5 1 1 1 e4d90778 0000000f ffffc9b2 0 0
5 1 0 1 00000003 fdf543f2 00000000 0 0
5 1 0 1 ffffffff 00000000 ffffffff 0 1
5 1 0 1 55555555 00000010 00005555 0 0
5 1 1 1 30d7b634 6f628366 00c35ed8 0 1
5 1 1 1 00000008 172a9efb 00000000 0 1
5 1 0 1 0000001f 00000013 00000000 0 0
5 0 1 1 00000003 0000001b 00000000 0 1
5 0 1 1 4f82bc03 0000001b 00000009 0 0
5 1 1 1 00008000 0000001f 00000000 0 0
5 0 0 1 ffffffff 00000004 ffffffff 0 1
5 1 0 1 0000000f ee56e802 00000003 0 0
5 1 1 1 00007fff 00000019 00000000 0 0
5 0 1 1 e556ea68 5c92a6cf ffffcaad 0 0
5 0 0 1 00008000 00000015 00000000 0 0
5 0 1 1 00000004 00000010 00000000 0 1
5 0 0 1 80000000 36936896 fffffe00 0 1
5 1 1 1 263b94c3 f45472b3 000004c7 0 1
5 1 1 1 a00d39d0 0000000b fff401a7 0 0
5 1 1 1 0000001f de5145e6 00000000 0 1
5 1 0 1 0f0f0f0f 00000014 000000f0 0 0
5 0 0 1 00010000 00000012 00000000 0 0
5 1 0 1 c0000000 0000000d fffe0000 0 1
5 0 0 1 00000001 00000012 00000000 0 1
5 1 1 1 ce99b4e5 f86a5721 e74cda72 0 1
5 1 0 1 aaaaaaaa 00000014 fffffaaa 0 1
5 0 1 1 80000000 00000015 fffffc00 0 0
5 0 1 1 ffff0000 00000012 ffffffff 0 0
5 0 0 1 1b477ccf 36a682a0 1b477ccf 0 1
5 0 1 1 0e9566fc 83ffd6ea 0003a559 0 1
5 1 1 1 3872d3d4 00000010 00003872 0 0
5 1 0 1 f0f0f0f0 00000013 fffffe1e 0 1
5 1 0 1 0000fffe 00000019 00000000 0 0
5 1 0 1 4902729e 25f06822 12409ca7 0 0
5 1 0 1 98758b06 00000019 ffffffcc 0 1
5 0 0 1 e352f716 518d42b4 fffffe35 0 1
5 0 0 1 357804e6 b2ce0f71 00001abc 0 0
5 1 1 1 00000000 00000018 00000000 0 1
5 1 0 1 aaaaaaaa 03318f45 fd555555 0 1
5 0 0 1 00000002 00000002 00000000 1 0
5 0 0 1 9e906080 0ac313ae fffe7a41 0 1
5 0 0 1 00010000 00000000 00010000 0 0
5 1 0 1 0fffffff 0000000a 0003ffff 0 0
5 1 1 1 000000ff 0000000b 00000000 0 0
5 0 1 1 3f165610 9a527fe6 00fc5958 0 1
5 1 1 1 f42d06d0 0000000c ffff42d0 0 0
5 1 1 1 13823432 00000011 000009c1 0 0
5 1 1 1 ffff0000 00000017 ffffffff 0 0
5 1 1 1 55555555 00000003 0aaaaaaa 0 0
5 1 1 1 a0d6db16 e0bf6f07 ff41adb6 0 1
5 1 1 1 00000001 70e7968f 00000000 0 1
5 0 0 1 00000020 0000000e 00000000 0 0
5 0 1 1 57341f3c 629c2f94 00000573 0 1
5 1 1 1 0000000f 00000013 00000000 0 1
5 0 1 1 62ba2470 00000004 062ba247 0 0
5 1 1 1 aaaaaaaa 00000013 fffff555 0 0
5 1 0 1 93581771 358d8d0b fff26b02 0 1
5 1 0 1 03294c22 0000001a 00000000 0 0
5 0 1 1 2a60f4e8 0000001d 00000001 0 0
5 0 0 1 5bf3e92c 15859092 000016fc 0 0
5 1 1 1 c27dcf24 c17fac4f ffff84fb 0 0
5 1 1 1 b1627182 0000001a ffffffec 0 0
5 0 0 1 ffff0000 00000011 ffffffff 0 1
5 0 0 1 deadbeef a76491bc fffffffd 0 0
5 1 1 1 f0f0f0f0 0000001b fffffffe 0 0
5 0 0 1 95082cc6 00000015 fffffca8 0 1
5 0 0 1 c1aa4df8 ae3876c2 f06a937e 0 0
5 1 0 1 a51de9ea 0000001f ffffffff 0 1
5 1 0 1 02e2bf0a 0000000d 00001715 0 0
5 1 1 1 80000001 00000014 fffff800 0 0
5 0 1 1 0000000f 0000000b 00000000 0 0
5 1 1 1 0000ffff 00000011 00000000 0 0
5 0 0 1 000000ff 0000001a 00000000 0 0
5 0 1 1 c8466ea3 00000008 ffc8466e 0 0
5 1 1 1 aaaaaaaa 0000000c fffaaaaa 0 0
5 0 1 1 a8f2ff9f 43780810 ffffa8f2 0 0
5 1 0 1 00000001 0000000c 00000000 0 1
5 1 1 1 ffff0000 00000015 ffffffff 0 0
5 0 1 1 b8cbfacc fd38b1f8 ffffffb8 0 1
5 1 1 1 0f0f0f0f 00000013 000001e1 0 0
5 1 0 1 00000002 00000019 00000000 0 1
5 0 0 1 000000ff 0000000a 00000000 0 0
5 1 0 1 321f1bf0 0000001e 00000000 0 0
5 1 1 1 d6f76dac 0000001c fffffffd 0 0
5 0 1 1 0000ffff e0084643 00001fff 0 1
5 0 1 1 80000001 00000004 f8000000 0 0
5 0 1 1 00000020 00000009 00000000 0 0
5 0 1 1 9f3ec948 0000000b fff3e7d9 0 0
5 0 1 1 00000010 00000008 00000000 0 0
5 0 1 1 0f0f0f0f 0000001d 00000000 0 0
5 0 1 1 d8a9c7a1 771a059b fffffffb 0 0
5 0 1 1 9ecd321f 2e16402e fffe7b34 0 0
5 1 1 1 00000004 00000005 00000000 0 1
5 1 0 1 74991c9d 48f6c6cd 0003a4c8 0 0
5 1 1 1 0000ffff 0000001f 00000000 0 0
5 1 0 1 00007fff 00000008 0000007f 0 0
5 1 1 1 c0000000 00000014 fffffc00 0 0
5 1 0 1 00000000 0000000f 00000000 0 1
5 0 1 1 f9e9aa06 00000006 ffe7a6a8 0 0
5 1 1 1 00000004 fc5360b4 00000000 0 1
5 1 0 1 80000000 0000001c fffffff8 0 1
5 1 0 1 aaaaaaaa 00000010 ffffaaaa 0 1
5 0 0 1 fffffffe 00000003 ffffffff 0 1
5 1 0 1 00000000 00000015 00000000 0 1
5 1 0 1 60afbb16 90b3328d 0003057d 0 0
5 1 0 1 64ef5ff9 4d2d6859 00000032 0 0
5 1 0 1 0000000f 00000018 00000000 0 1
5 1 0 1 00000010 0000000e 00000000 0 0
5 0 1 1 00000003 00000019 00000000 0 1
5 0 1 1 85db1418 00000000 85db1418 0 0
5 1 1 1 00000008 0000001c 00000000 0 1
5 1 1 1 00000000 00000014 00000000 0 1
5 1 0 1 000000ff 5c00bd6d 00000000 0 1
5 1 0 1 55555555 0000001a 00000015 0 0
5 0 0 1 99dcaa45 0000001e fffffffe 0 1
5 0 1 1 00000008 e8ea3aed 00000000 0 1
5 0 0 1 8a734347 3384b04b fff14e68 0 1
5 0 0 1 c0000000 0000001a fffffff0 0 1
5 0 1 1 000000ff 00000003 0000001f 0 0
5 1 1 1 55555555 0000001b 0000000a 0 0
5 1 1 1 dc8ed9d2 00000014 fffffdc8 0 0
5 1 0 1 7bbdc7aa ce8fa4dc 00000007 0 0
5 0 0 1 ed8a197c ebe4c7b2 fffffb62 0 0
5 0 0 1 6e2d4f6e ccf79f2c 0006e2d4 0 0
5 1 1 1 0000001f 00000013 00000000 0 0
5 0 1 1 1cf31272 00000015 000000e7 0 0
5 0 1 1 2a6fa9b4 0000001e 00000000 0 0
5 0 1 1 deadbeef 00000003 fbd5b7dd 0 0
5 1 0 1 37227930 0000001c 00000003 0 0
5 1 0 1 0fffffff 0000000e 00003fff 0 0
5 0 0 1 8d885fca 7d215a7a ffffffe3 0 1
5 1 0 1 f0f0f0f0 0000001d ffffffff 0 1
5 1 0 1 deadbeef 0000000a fff7ab6f 0 1
5 0 0 1 0000fffe 00000009 0000007f 0 0
5 0 0 1 000000ff 0000001d 00000000 0 0
5 0 0 1 e43d8dca 979cde59 fffffff2 0 0
5 0 0 1 00007fff bc7263fa 00000000 0 0
5 1 0 1 ffffffff 0000000c ffffffff 0 1
5 1 1 1 0bf0dca8 00000018 0000000b 0 0
5 1 1 1 05c6b447 d5b2d1a4 005c6b44 0 1
5 0 1 1 00008000 0000001c 00000000 0 0
5 0 1 1 00008000 00000002 00002000 0 0
5 1 0 1 870cb060 00000016 fffffe1c 0 1
5 1 1 1 6a093716 b4835132 00001a82 0 1
5 1 0 1 0000fffe f7df5946 000003ff 0 0
5 1 1 1 00000020 00000006 00000000 0 0
5 1 1 1 00000000 00000010 00000000 0 1
5 1 1 1 cf1457a9 00000019 ffffffe7 0 0
5 1 0 1 55555555 56ddc4db 0000000a 0 1
5 0 1 1 cbe4ade8 0000000a fff2f92b 0 0
5 0 0 1 5ea13755 00000012 000017a8 0 0
5 1 1 1 fffffffe 00000004 ffffffff 0 0
5 0 1 1 480296be 00000002 1200a5af 0 0
5 0 1 1 00000002 0000000d 00000000 0 1
5 1 0 1 ffffffff 00000014 ffffffff 0 1
5 0 1 1 24473658 d8ea0406 00911cd9 0 1
5 0 1 1 8e111652 00000006 fe384459 0 0
5 1 1 1 f0f0f0f0 0000000c ffff0f0f 0 0
5 0 0 1 00000004 0000001e 00000000 0 1
5 1 0 1 f0f0f0f0 0000000b fffe1e1e 0 1
5 0 1 1 3f42ec20 00000000 3f42ec20 0 0
5 1 0 1 38053f2c 7ea01852 00000e01 0 1
5 0 1 1 1724b8c7 744c3c35 000000b9 0 1
5 0 1 1 4608bfde 0000000f 00008c11 0 0
5 0 1 1 00000010 0000000c 00000000 0 0
5 0 1 1 fc08cec1 00000001 fe046760 0 0
5 1 0 1 0000ffff 0000001b 00000000 0 0
5 0 1 1 6d0e8716 f4fe04bd 00000003 0 1
5 1 0 1 1974ba84 0000000c 0001974b 0 0
5 0 0 1 deadbeef 00000019 ffffffef 0 1
5 1 1 1 00000003 0000000a 00000000 0 1
5 0 0 1 88a9948c 0000001c fffffff8 0 1
5 0 0 1 00000001 0000001f 00000000 0 1
5 1 0 1 0f0f0f0f 0000000f 00001e1e 0 0
5 0 0 1 d505e03f cc9186b5 fffffea8 0 0
5 0 1 1 198e6f4f 0000001a 00000006 0 0
5 1 1 1 97b49e43 0000000f ffff2f69 0 0
5 1 0 1 00000000 0000001e 00000000 0 1
5 0 1 1 7ffffffe 0000001b 0000000f 0 0
5 0 0 1 00000004 00000000 00000004 0 0
5 0 1 1 7fffffff 00000017 000000ff 0 0
5 1 1 1 577a3d84 d9eae76c 000577a3 0 1
5 0 0 1 0c23ce9c 1f839cbc 00000000 0 1
5 1 0 1 da5ec271 384a8c3a fffffff6 0 1
5 1 0 1 fffffffe 00000008 ffffffff 0 1
5 1 0 1 fae122f0 0c74ee67 fff5c245 0 1
5 0 0 1 00008000 0000001d 00000000 0 0
5 1 1 1 cffa95cc c5836cf5 fffffe7f 0 0
5 1 0 1 5636df61 00000017 000000ac 0 0
5 1 0 1 55555555 00000012 00001555 0 0
5 0 1 1 c0000000 0000001d fffffffe 0 0
5 0 1 1 06a391eb 011db311 00000351 0 0
5 1 1 1 ccd37f74 00000010 ffffccd3 0 0
5 0 1 1 0000000f 00000002 00000003 0 0
5 0 1 1 a18324e4 00000004 fa18324e 0 0
5 0 0 1 aaaaaaaa 0000001a ffffffea 0 1
5 0 0 1 0000fffe 00000007 000001ff 0 0
5 1 0 1 51532569 00000003 0a2a64ad 0 0
5 1 0 1 d9bfdaee 7fd762cd fffecdfe 0 1
5 1 0 1 00007fff 00000004 000007ff 0 0
5 1 1 1 6183eec6 0000000c 0006183e 0 0
5 1 1 1 0000fffe 00000014 00000000 0 0
5 1 1 1 c0000000 00000012 fffff000 0 0
5 1 0 1 deadbeef 0000001b fffffffb 0 1
5 0 0 1 4e16ac2e ba88a9f8 0000004e 0 0
5 0 0 1 ffffffff 00000012 ffffffff 0 1
5 0 1 1 00010000 00000008 00000100 0 0
5 0 0 1 80000001 00000009 ffc00000 0 1
5 1 0 1 e5a534b7 5e62a7a6 ff9694d2 0 1
5 1 0 1 bb026713 24d7f263 f7604ce2 0 1
5 0 1 1 b9cee965 c70236d3 fffff739 0 1
5 1 0 1 00010000 0000000d 00000008 0 0
5 0 1 1 697b10ab 546080f8 00000069 0 0
5 0 1 1 00010000 0000000a 00000040 0 0
5 0 1 1 55555555 00000001 2aaaaaaa 0 0
5 1 1 1 0000ffff 0000001c 00000000 0 0
5 0 0 1 000000ff 0000001c 00000000 0 0
5 1 1 1 cb642863 e1357e3b fffffff9 0 1
5 1 1 1 00010000 0000001d 00000000 0 0
5 0 0 1 d2766d7f e1f1b38f ffffa4ec 0 1
5 0 1 1 67a93c9d 00000016 0000019e 0 0
5 0 1 1 fffffffe 00000000 fffffffe 0 0
5 1 1 1 fd292528 00000015 ffffffe9 0 0
5 1 1 1 fffffffe 00000017 ffffffff 0 0
5 0 0 1 c0000000 00000019 ffffffe0 0 1
5 0 1 1 00000010 0000001c 00000000 0 1
5 1 1 1 0000ffff 00000014 00000000 0 0
5 0 1 1 0000ffff 0000000b 0000001f 0 0
5 1 0 1 00000020 0000000a 00000000 0 0
5 1 0 1 0f8aba11 00000000 0f8aba11 0 0
5 1 1 1 c0000000 0000000b fff80000 0 0
5 0 0 1 00000001 00000015 00000000 0 1
5 1 0 1 f0f0f0f0 00000015 ffffff87 0 1
5 0 0 1 00000003 0000000c 00000000 0 1
5 0 1 1 ffffffff 0000000b ffffffff 0 0
5 1 1 1 0000001f 0000000f 00000000 0 0
5 0 1 1 00010000 00000003 00002000 0 0
5 0 1 1 601d0e6d 0000001a 00000018 0 0
5 1 1 1 5c53b6d5 0000001b 0000000b 0 0
5 0 0 1 5b7c711b cf100970 00005b7c 0 0
5 0 0 1 2d55279f 3176ad2b 0005aaa4 0 1
5 1 0 1 8d5756cb 0000000d fffc6aba 0 1
5 1 1 1 bd53048d b8cc21ef ffff7aa6 0 0
5 0 0 1 46b6436f bd5410c7 008d6c86 0 0
5 0 0 1 45226ed4 4831f345 02291376 0 1
5 1 1 1 71c7d46c 0000001b 0000000e 0 0
5 0 1 1 000000ff d32a9e6a 00000000 0 1
5 0 1 1 00000000 6fcfd86a 00000000 0 1
5 1 1 1 81c287cd 00000011 ffffc0e1 0 0
5 0 0 1 30c96744 1e34e37c 00000003 0 0
5 1 0 1 b4e98253 d00bbf34 fffffb4e 0 1
5 0 0 1 7fffffff 0000000d 0003ffff 0 0
5 1 1 1 55555555 00000004 05555555 0 0
5 0 1 1 834b8a99 c8bccd2e fffe0d2e 0 1
5 1 1 1 3962b0ee 03811fe3 072c561d 0 0
5 0 1 1 5c64f91d 8d611b85 02e327c8 0 1
5 0 0 1 43bdc369 00000000 43bdc369 0 0
5 0 0 1 7fffffff 00000005 03ffffff 0 0
5 0 0 1 00007fff c49841bb 00000000 0 0
5 1 0 1 00000020 00000001 00000010 0 0
5 0 0 1 80000000 00000007 ff000000 0 1
5 0 0 1 aaaaaaaa 0000001f ffffffff 0 1
5 0 0 1 00000010 00000013 00000000 0 1
5 1 1 1 7fffffff 00000007 00ffffff 0 0
5 0 1 1 deadbeef 4680d2a3 fbd5b7dd 0 0
5 1 0 1 deadbeef 00000002 f7ab6fbb 0 1
5 1 0 1 80000001 0000001a ffffffe0 0 1
5 0 1 1 00010000 0000001f 00000000 0 0
5 1 1 1 deadbeef 00000017 ffffffbd 0 0
5 0 1 1 af41a099 36344872 ffffebd0 0 0
5 1 1 1 deadbeef 00000010 ffffdead 0 0
5 0 1 1 00000008 00000019 00000000 0 1
5 1 0 1 0000fffe 00000010 00000000 0 0
5 0 1 1 0000ffff 00000002 00003fff 0 0
5 1 0 1 01eb9732 bb25acc2 007ae5cc 0 0
5 0 1 1 7ffffffe 00000007 00ffffff 0 0
5 1 1 1 ffffffff 00000018 ffffffff 0 0
5 0 1 1 dbbc5bcf 00000019 ffffffed 0 0
5 1 1 1 00000001 ed1ae1e7 00000000 0 1
5 1 0 1 eb99d9ab 4d0e5959 fffffff5 0 1
5 1 0 1 deadbeef 00000016 ffffff7a 0 1
5 1 1 1 00000003 00000015 00000000 0 1
5 1 0 1 c3596fd0 6cfb931c fffffffc 0 1
5 1 0 1 0fffffff 00000018 0000000f 0 0
5 0 1 1 b8adc82b 0000000a ffee2b72 0 0
5 0 0 1 00010000 0000000e 00000004 0 0
5 1 0 1 deadbeef 0000001d fffffffe 0 1
5 1 0 1 00008000 0000001e 00000000 0 0
5 1 1 1 00010000 2f8027d7 00000000 0 1
5 0 1 1 b0d58dc0 7c0d93ec fffb0d58 0 0
5 0 1 1 27f63576 05fd9df8 00000027 0 0
5 1 0 1 0000001f 0000001d 00000000 0 0
5 0 1 1 00008000 0000000b 00000010 0 0
5 1 0 1 be86ddeb 0000000c fffbe86d 0 1
5 0 1 1 7fffffff 0000001a 0000001f 0 0
5 1 1 1 7ffffffe 00000014 000007ff 0 0
5 0 0 1 000000ff 275e0638 00000000 0 1
5 0 1 1 00000002 0000001e 00000000 0 1
5 1 1 1 80000001 e0475e80 80000001 0 1
5 0 1 1 21bf59a7 2fd5d8a5 010dfacd 0 1
5 1 0 1 62dbd85e bfdb99e6 018b6f61 0 0
5 0 1 1 030c1b40 00000015 00000018 0 0
5 1 0 1 00000010 00000019 00000000 0 1
5 0 1 1 24f1bac3 0000001b 00000004 0 0
5 1 0 1 ffff0000 0000000e fffffffc 0 1
5 0 1 1 0000000f 00000005 00000000 0 0
5 1 0 1 80000001 0000000e fffe0000 0 1
5 1 1 1 c4b5df20 8cfc6768 ffc4b5df 0 0
5 1 1 1 6e7698fe 64185bfb 0000000d 0 0
5 1 1 1 0000ffff 00000005 000007ff 0 0
5 1 1 1 00000020 00000002 00000008 0 0
5 1 1 1 5f6330c8 00000003 0bec6619 0 0
5 1 0 1 deadbeef 00000014 fffffdea 0 1
5 0 1 1 3330be17 b12d2112 00000ccc 0 1
5 1 0 1 82d3b2e6 00000013 fffff05a 0 1
5 1 0 1 00000010 0000000f 00000000 0 0
5 1 1 1 c7f5f1ff f01f875a fffffff1 0 1
5 0 0 1 00007fff 0000000d 00000003 0 0
5 0 1 1 fffffffe 00000016 ffffffff 0 0
5 1 0 1 158ccf78 00000009 000ac667 0 0
5 1 1 1 000000ff 00000007 00000001 0 0
5 0 1 1 0fffffff 00000007 001fffff 0 0
5 0 0 1 5a1a5da5 174561f7 000000b4 0 0
5 0 1 1 00000004 00000016 00000000 0 1
5 0 1 1 c0000000 00000000 c0000000 0 0
5 1 0 1 4381095e bdf3b5a4 04381095 0 0
5 0 1 1 c642182c 00000015 fffffe32 0 0
5 0 0 1 f0a00b71 1e637a73 fffffe14 0 1
5 1 0 1 4cc05f5d 833d861c 00000004 0 0
5 0 1 1 0fffffff 00000011 000007ff 0 0
5 1 1 1 00000008 00000017 00000000 0 1
5 0 0 1 0000001f 00000014 00000000 0 0
5 0 1 1 a96d374a 0000000e fffea5b4 0 0
5 1 1 1 54b508bc 5e023bad 0002a5a8 0 1
5 0 0 1 00000020 0000001b 00000000 0 0
5 1 1 1 437532ec 4f9d1735 0000021b 0 1
5 0 0 1 0000000f 00000006 00000000 0 0
5 0 0 1 000000ff 00000011 00000000 0 0
5 0 1 1 80000001 00000012 ffffe000 0 0
5 1 1 1 0f0f0f0f 00000011 00000787 0 0
5 0 1 1 00000010 00000005 00000000 0 0
5 1 1 1 00007fff 0000001d 00000000 0 0
5 0 0 1 0fffffff 00000010 00000fff 0 0
5 1 1 1 0000fffe 00000017 00000000 0 0
5 1 1 1 f5923600 86583bb7 ffffffeb 0 0
5 0 0 1 a36c40e4 00000011 ffffd1b6 0 1
5 1 1 1 fffffffe 00000007 ffffffff 0 0
5 1 0 1 80000000 bb284d07 ff000000 0 1
5 0 1 1 6f6188ee 86746025 037b0c47 0 1
5 1 1 1 00000004 00000003 00000000 0 0
5 1 0 1 00000001 0000001a 00000000 0 1
5 1 0 1 ec424cc1 192026c7 ffd88499 0 1
5 0 0 1 0000000f 00000010 00000000 0 1
5 0 0 1 90bc4faa 7a534b01 c85e27d5 0 1
5 0 0 1 00010000 0000000b 00000020 0 0
5 1 0 1 00000020 00000015 00000000 0 0
5 0 0 1 00000000 00000012 00000000 0 1
5 1 1 1 fffffffe 00000014 ffffffff 0 0
5 1 1 1 0000fffe 00000015 00000000 0 0
5 0 1 1 9f0c7d4e d59399f4 fffff9f0 0 1
5 1 0 1 ffff0000 0000000f fffffffe 0 1
5 1 0 1 1dfc3dfd a2404a26 0077f0f7 0 0
5 0 1 1 e43bed51 86a644b7 ffffffc8 0 0
5 1 0 1 1a26d163 e4c4be70 00001a26 0 0
5 1 1 1 ffff0000 0000000d fffffff8 0 0
5 1 0 1 d247915a 00000007 ffa48f22 0 1
5 0 0 1 1f25fbba 921890a2 07c97eee 0 0
5 1 1 1 9f182b17 93688c98 ffffff9f 0 0
5 1 1 1 00000002 00000010 00000000 0 1
5 0 1 1 75a61355 00000006 01d6984d 0 0
5 0 1 1 ffffffff 00000015 ffffffff 0 0
5 1 1 1 7ffffffe 00000009 003fffff 0 0
5 0 0 1 9a24e7db 67555959 ffffffcd 0 1
5 0 0 1 7f3f2819 3ae3b354 000007f3 0 0
5 0 0 1 f0f0f0f0 97639ff0 fffff0f0 0 0
5 0 0 1 0000fffe 0000001f 00000000 0 0
5 1 1 1 80000000 0000001d fffffffc 0 0
5 0 1 1 a77619cf 00000010 ffffa776 0 0
5 0 1 1 a93ed556 00000004 fa93ed55 0 0
5 0 1 1 deadbeef 860d7456 ffffff7a 0 0
5 0 1 1 ffff0000 00000018 ffffffff 0 0
5 1 0 1 0f0f0f0f 00000008 000f0f0f 0 0
5 1 0 1 0f0f0f0f 0000001e 00000000 0 0
5 0 0 1 a8bfac82 10680c0e fffea2fe 0 1
5 0 1 1 fa15d511 4cccdb97 fffffff4 0 0
5 1 1 1 377b5127 00000011 00001bbd 0 0
5 1 1 1 00007fff 0000001a 00000000 0 0
5 0 1 1 000000ff 00000005 00000007 0 0
5 1 1 1 7ffffffe 00000003 0fffffff 0 0
5 1 1 1 00000010 00000019 00000000 0 1
5 0 0 1 f0f0f0f0 0000001a fffffffc 0 1
5 1 0 1 00000001 0000001d 00000000 0 1
5 0 1 1 0fffffff db60d0ba 00000003 0 1
5 1 0 1 00000004 0000000c 00000000 0 1
5 1 0 1 00000020 0000000d 00000000 0 0
5 1 0 1 00008000 00000000 00008000 0 0
5 1 1 1 d04d4b4d 54c2e7a4 fd04d4b4 0 0
5 1 0 1 30400e50 0000001b 00000006 0 0
5 0 1 1 00000001 00000000 00000001 0 0
5 1 0 1 177b37a9 0000000f 00002ef6 0 0
5 1 1 1 0f0f0f0f 00000006 003c3c3c 0 0
5 0 0 1 00010000 0000000c 00000010 0 0
5 1 1 1 00000010 0000001e 00000000 0 1
5 0 0 1 0324e72b 27bb2646 000c939c 0 1
5 0 0 1 ffff0000 0000001e ffffffff 0 1
5 1 0 1 cf347828 09f9d370 ffffcf34 0 1
5 0 1 1 b6b5f0ef 6b138c2e fffedad7 0 0
5 1 1 1 00000020 00000016 00000000 0 0
5 1 1 1 ffffffff 00000006 ffffffff 0 0
5 0 0 1 f0f0f0f0 00000000 f0f0f0f0 0 1
5 0 0 1 0f0f0f0f 00000017 0000001e 0 0
# --- OR ---
# i_opsel i_sub i_unsigned i_arith i_op1 i_op2 | o_result o_eq o_slt
6 1 0 0 00000020 ffff0000 ffff0020 0 0
6 1 1 0 00000004 aaaaaaaa aaaaaaae 0 1
6 1 1 0 22e478a7 0000fffe 22e4ffff 0 0
6 0 1 0 d2ead8a9 d0adbd63 d2effdeb 0 0
6 1 1 0 d5e12887 11310026 d5f128a7 0 0
6 1 1 0 aaaaaaaa 00000000 aaaaaaaa 0 0
6 1 1 1 7ffffffe 80000001 ffffffff 0 1
6 0 1 0 deadbeef 0000001f deadbeff 0 0
6 1 1 1 2d6888ed 2d665fa2 2d6edfef 0 0
6 1 1 0 0429788d 0000001f 0429789f 0 0
6 1 1 1 0000fffe 32a98eac 32a9fffe 0 1
6 1 0 1 0000ffff 00000008 0000ffff 0 0
6 1 0 1 7ffffffe 0000001f 7fffffff 0 0
6 0 1 1 ffffffff c0000000 ffffffff 0 0
6 1 1 1 00000002 0f0f0f0f 0f0f0f0f 0 1
6 0 0 0 00000010 7ffffffe 7ffffffe 0 1
6 0 0 0 fffffffe 55555555 ffffffff 0 1
6 1 0 1 c0000000 00000000 c0000000 0 1
6 1 1 0 00000004 0fffffff 0fffffff 0 1
6 0 1 0 2f459cb9 da0b5347 ff4fdfff 0 1
6 0 1 0 12cd2597 85f6b78c 97ffb79f 0 1
6 1 0 1 00000002 091e6722 091e6722 0 1
6 0 1 1 deadbeef 0000000f deadbeef 0 0
6 1 0 1 49a12c6b 735a7f21 7bfb7f6b 0 1
6 0 1 1 80000000 c0000000 c0000000 0 1
6 1 0 0 000000ff 7fffffff 7fffffff 0 1
6 1 1 1 000000ff 80000000 800000ff 0 1
6 0 0 1 80000000 0f0f0f0f 8f0f0f0f 0 1
6 1 0 0 c0000000 00000008 c0000008 0 1
6 0 0 0 b8ee896b 49698064 f9ef896f 0 1
6 1 0 0 7fffffff fffffffe ffffffff 0 0
6 1 0 0 b957df7e 00000003 b957df7f 0 1
6 0 0 1 222009ed 6c05671f 6e256fff 0 1
6 1 1 1 00000020 00000010 00000030 0 0
6 0 0 1 0000fffe 000000ff 0000ffff 0 0
6 1 0 1 14834c20 f9f435da fdf77dfa 0 0
6 1 0 0 ffffffff deadbeef ffffffff 0 0
6 0 1 1 0fffffff bf29b1c1 bfffffff 0 1
6 0 0 0 00000004 0f0f0f0f 0f0f0f0f 0 1
6 1 1 0 ffff0000 d04ccf73 ffffcf73 0 0
6 0 0 1 e28ecce2 eb522842 ebdeece2 0 1
6 0 1 1 00000004 0000000f 0000000f 0 1
6 1 0 0 6f024303 7038410b 7f3a430b 0 1
6 1 0 0 0f0f0f0f 00000000 0f0f0f0f 0 0
6 1 0 1 00010000 5327e75e 5327e75e 0 1
6 0 0 1 d17fba5a 00000004 d17fba5e 0 1
6 0 0 0 5beb26d9 074ab5f7 5febb7ff 0 0
6 1 0 0 0000000f c0000000 c000000f 0 0
6 0 1 1 6441006b eb80f065 efc1f06f 0 1
6 0 0 1 0000ffff c0000000 c000ffff 0 0
6 0 0 1 7fffffff deadbeef ffffffff 0 0
6 1 0 0 72a80ecb f0f0f0f0 f2f8fefb 0 0
6 0 0 0 440ff8c4 da7f702b de7ff8ef 0 0
6 0 0 0 7ffffffe f7b0299c fffffffe 0 0
6 0 0 1 0000000f ffff0000 ffff000f 0 0
6 0 1 1 0000ffff 0000ffff 0000ffff 1 0
6 0 1 0 b9e09f80 2d1c328a bdfcbf8a 0 0
6 0 0 0 80000001 00000020 80000021 0 1
6 1 0 1 cbd38b0a 540055c2 dfd3dfca 0 1
6 0 1 0 38ba4318 0000000f 38ba431f 0 0
6 1 1 1 00010000 f0f0f0f0 f0f1f0f0 0 1
6 1 1 0 15e9cbde 7c5fd7d1 7dffdfdf 0 1
6 0 0 0 37a79e8b 39f3abb1 3ff7bfbb 0 1
6 0 1 1 00007fff 00000000 00007fff 0 0
6 1 1 0 1327cc5d 2934a7d1 3b37efdd 0 1
6 1 1 1 a87af4ee 46313220 ee7bf6ee 0 0
6 0 0 1 41744408 40198430 417dc438 0 0
6 0 1 1 e202f5c5 236412f9 e366f7fd 0 0
6 1 0 0 4c9ac79b 0aec2f81 4efeef9b 0 0
6 1 0 1 00000020 00000020 00000020 1 0
6 1 1 1 0fffffff 80000001 8fffffff 0 1
6 1 1 1 00010000 00000003 00010003 0 0
6 1 0 1 2087328e 1d659cef 3de7beef 0 0
6 0 0 0 00000000 f0f0f0f0 f0f0f0f0 0 0
6 1 1 0 1fd67a7a 48d02676 5fd67e7e 0 1
6 0 0 0 422c5598 69f523be 6bfd77be 0 1
6 1 0 0 0000000f 0000fffe 0000ffff 0 1
6 1 0 1 ffff0000 00000003 ffff0003 0 1
6 0 1 0 f0f0f0f0 00000004 f0f0f0f4 0 0
6 0 0 0 0f0f0f0f 0f0f0f0f 0f0f0f0f 1 0
6 0 0 1 c54cb791 80000000 c54cb791 0 0
6 0 1 0 00008000 55555555 5555d555 0 1
6 1 1 1 00000002 0fffffff 0fffffff 0 1
6 1 0 0 0000000f 00000020 0000002f 0 1
6 1 0 0 00000002 f0f0f0f0 f0f0f0f2 0 0
6 0 0 1 00000003 00000008 0000000b 0 1
6 0 0 1 7800abf3 00008000 7800abf3 0 0
6 1 0 0 00000010 f0f0f0f0 f0f0f0f0 0 0
6 0 1 1 4654f99e 3715b732 7755ffbe 0 0
6 0 1 1 7ffffffe 00000004 7ffffffe 0 0
6 1 1 1 00010000 7ffffffe 7ffffffe 0 1
6 1 0 0 deadbeef 00000010 deadbeff 0 1
6 1 0 1 e07a6eb5 221a5ac0 e27a7ef5 0 1
6 0 1 0 0000000f 0fffffff 0fffffff 0 1
6 1 1 1 00000020 00000002 00000022 0 0
6 1 0 1 9ed1970e 1aa8d830 9ef9df3e 0 1
6 1 1 1 e0503011 7a3cc931 fa7cf931 0 0
6 1 0 0 00000003 00000003 00000003 1 0
6 1 1 1 c0000000 000000ff c00000ff 0 0
6 0 1 1 00000008 0269fd63 0269fd6b 0 1
6 0 1 0 00000000 aaaaaaaa aaaaaaaa 0 1
6 1 1 1 0f0f0f0f 2902f68a 2f0fff8f 0 1
6 1 0 0 a3e5a751 511dd20c f3fdf75d 0 1
6 0 0 0 a831d465 956570d9 bd75f4fd 0 0
6 0 1 0 99ff6569 7ef07104 ffff756d 0 0
6 1 0 0 00010000 80000001 80010001 0 0
6 0 1 0 6e7e63c8 ee5dbfb5 ee7ffffd 0 1
6 1 0 1 07b745e0 77b8ab18 77bfeff8 0 1
6 0 0 1 55555555 00000008 5555555d 0 0
6 1 1 1 fffffffe 0000ffff ffffffff 0 0
6 1 1 1 00010000 783f592e 783f592e 0 1
6 1 1 1 0f0f0f0f 00000002 0f0f0f0f 0 0
6 1 1 0 00000003 0000ffff 0000ffff 0 1
6 1 0 1 396739db 7e70dbfa 7f77fbfb 0 1
6 1 0 0 627fc1c4 707e0af9 727fcbfd 0 1
6 1 1 1 0000000f 55555555 5555555f 0 1
6 1 0 1 e5b2bada 87638404 e7f3bede 0 0
6 1 0 1 0fffffff 00000008 0fffffff 0 0
6 0 0 0 72aeed41 74a5c52f 76afed6f 0 1
6 0 0 0 c0397203 52eaca62 d2fbfa63 0 1
6 1 0 1 d4cf6866 26dff410 f6dffc76 0 1
6 1 0 0 aaaaaaaa 00010000 aaabaaaa 0 1
6 0 0 0 d1003e2c cd3740df dd377eff 0 0
6 0 0 1 00000020 55555555 55555575 0 1
6 1 0 0 449ca866 c4400f10 c4dcaf76 0 0
6 0 1 1 fb24407f deadbeef ffadfeff 0 0
6 1 1 0 fffffffe 7ffffffe fffffffe 0 0
6 0 0 1 55555555 aaaaaaaa ffffffff 0 0
6 0 0 0 0fffffff 00000010 0fffffff 0 0
6 0 0 0 93aa7b46 ea7a5480 fbfa7fc6 0 1
6 1 1 1 862d3fe7 7f37fb1a ff3fffff 0 0
6 0 0 0 a8ef3e40 7fffffff ffffffff 0 1
6 1 0 1 4611f0c1 5db7c7f0 5fb7f7f1 0 1
6 0 0 1 55555555 00008000 5555d555 0 0
6 0 0 1 00000010 000000ff 000000ff 0 1
6 1 0 0 f0f0f0f0 80000001 f0f0f0f1 0 0
6 0 1 1 00007fff 00000020 00007fff 0 0
6 0 1 0 462d3295 a4074f6c e62f7ffd 0 1
6 0 0 1 c0000000 00007fff c0007fff 0 1
6 0 1 0 00010000 00000000 00010000 0 0
6 1 0 0 00000004 dced9933 dced9937 0 0
6 1 1 1 67466a8b c537f51e e777ff9f 0 1
6 0 0 1 6cbb7009 4a3c8341 6ebff349 0 0
6 1 0 0 0000000f 00000000 0000000f 0 0
6 0 0 0 e7769006 0eeaee61 effefe67 0 1
6 1 0 0 00000003 aaaaaaaa aaaaaaab 0 0
6 0 0 0 00000004 00000001 00000005 0 0
6 1 0 0 ffff0000 59a84afa ffff4afa 0 1
6 1 0 0 623092e6 3a419a42 7a719ae6 0 0
6 1 1 0 6212cf84 deadbeef febfffef 0 1
6 0 0 0 7ffffffe 0000000f 7fffffff 0 0
6 0 0 1 0000fffe 55555555 5555ffff 0 1
6 1 0 1 00000010 0000001f 0000001f 0 1
6 1 0 0 27e805de 62479330 67ef97fe 0 1
6 0 0 0 a9416bae e82ea367 e96febef 0 1
6 1 0 0 ffff0000 4344d0bd ffffd0bd 0 1
6 0 0 1 44ee6c86 d9b63932 ddfe7db6 0 0
6 0 0 1 80000001 00000002 80000003 0 1
6 0 0 0 00007fff 7fffffff 7fffffff 0 1
6 0 1 1 b0485a6f 00010000 b0495a6f 0 0
6 0 0 0 0fffffff f0f0f0f0 ffffffff 0 0
6 0 0 0 80000001 00000000 80000001 0 1
6 0 1 0 00000004 79fbb7bd 79fbb7bd 0 1
6 0 0 1 19f5e67d 7360bd31 7bf5ff7d 0 1
6 0 1 0 00000001 00000003 00000003 0 1
6 0 1 1 ffffffff 000000ff ffffffff 0 0
6 1 1 0 0fffffff 0000fffe 0fffffff 0 0
6 0 0 0 ff6ce09a ffffffff ffffffff 0 1
6 1 0 0 785b8898 00000008 785b8898 0 0
6 1 0 1 ffffffff aaaaaaaa ffffffff 0 0
6 0 0 0 3f72edf7 00000003 3f72edf7 0 0
6 0 1 1 00000008 f0f0f0f0 f0f0f0f8 0 1
6 0 0 0 5f2c8a28 aaaaaaaa ffaeaaaa 0 0
6 0 0 0 0f0f0f0f 00008000 0f0f8f0f 0 0
6 1 1 1 00010000 0f0f0f0f 0f0f0f0f 0 1
6 0 0 0 ca37bc78 d5888da0 dfbfbdf8 0 1
6 1 0 0 83cd83b9 2f330503 afff87bb 0 1
6 1 0 0 6110cf2a 4c03bbdc 6d13fffe 0 0
6 0 0 1 80000000 aaaaaaaa aaaaaaaa 0 1
6 0 0 1 f09f4252 770c613e f79f637e 0 1
6 1 0 0 449b9f36 e02fb520 e4bfbf36 0 0
6 0 1 0 fdcc4161 85e4cbab fdeccbeb 0 0
6 0 1 0 55555555 00007fff 55557fff 0 0
6 1 0 0 20f509f3 26de61d7 26ff69f7 0 1
6 0 0 1 7ffffffe 00007fff 7fffffff 0 0
6 0 1 1 00000020 00000001 00000021 0 0
6 1 1 0 3dc72f2f 4fab934d 7fefbf6f 0 1
6 1 0 0 78886790 0f0f0f0f 7f8f6f9f 0 0
6 0 0 1 1481864b f63ddbdc f6bddfdf 0 0
6 1 0 1 00007fff 00008000 0000ffff 0 1
6 1 1 1 00000004 00000008 0000000c 0 1
6 0 1 1 55555555 7ffffffe 7fffffff 0 1
6 0 0 1 80000001 7fffffff ffffffff 0 1
6 0 1 0 7ffffffe 7ffffffe 7ffffffe 1 0
6 0 1 1 e2f8ba8f efa010ca eff8bacf 0 1
6 1 0 0 0000ffff fffffffe ffffffff 0 0
6 0 0 1 80000001 deadbeef deadbeef 0 1
6 1 0 0 aaaaaaaa 58fa0503 fafaafab 0 1
6 1 1 1 260fae3e 00007fff 260fffff 0 0
6 0 1 1 00008000 85bf46b3 85bfc6b3 0 1
6 1 0 1 00000008 deadbeef deadbeef 0 0
6 0 0 1 00010000 aaaaaaaa aaabaaaa 0 0
6 0 1 1 9b4bd8dd 5d2a4cce df6bdcdf 0 0
6 0 1 1 ffff0000 00010000 ffff0000 0 0
6 1 1 0 2edb65a0 33f3a9c4 3ffbede4 0 1
6 1 1 0 960f150c f740345b f74f355f 0 1
6 1 1 0 8918b91b 0cc7b982 8ddfb99b 0 0
6 1 0 0 deadbeef 00000001 deadbeef 0 1
6 0 0 0 91cd27fb c2e1d1da d3edf7fb 0 1
6 0 1 1 0000fffe 7fffffff 7fffffff 0 1
6 1 1 0 ae1b7e71 3cf6e420 befffe71 0 0
6 1 1 1 63c77738 77db0781 77df77b9 0 1
6 1 1 1 cda53ab4 2402a281 eda7bab5 0 0
6 0 0 1 deadbeef 952c18eb dfadbeef 0 0
6 1 1 0 cc52ec4e 00000003 cc52ec4f 0 0
6 1 0 1 c9564fe0 384bb457 f95ffff7 0 1
6 0 0 1 0000fffe 00000010 0000fffe 0 0
6 0 0 0 e3e840a5 0bd76800 ebff68a5 0 1
6 1 0 0 0000fffe 4119be2e 4119fffe 0 1
6 1 0 1 00000002 ffffffff ffffffff 0 0
6 1 0 1 00000001 0000000f 0000000f 0 1
6 1 1 1 00000010 00000000 00000010 0 0
6 1 1 0 42c92af5 7ffffffe 7fffffff 0 1
6 1 1 1 0000ffff deadbeef deadffff 0 1
6 0 1 1 aaaaaaaa 00000002 aaaaaaaa 0 0
6 1 1 1 00010000 90dfdfad 90dfdfad 0 1
6 1 1 0 43a39ca2 b3a239c0 f3a3bde2 0 1
6 1 0 1 3aa7a2ad 2d3fff4d 3fbfffed 0 0
6 0 1 0 c0000000 7fffffff ffffffff 0 0
6 0 0 1 d09486d6 1833c030 d8b7c6f6 0 1
6 0 0 0 80000001 0000fffe 8000ffff 0 1
6 1 1 0 00007fff 00000003 00007fff 0 0
6 0 0 1 ce92499c 000000ff ce9249ff 0 1
6 0 0 0 a4558e37 5c2058de fc75deff 0 1
6 0 0 0 74b4f3d2 00000020 74b4f3f2 0 0
6 0 0 0 c8ef498c 98e0b262 d8effbee 0 0
6 0 1 1 b5e885e2 87756cc5 b7fdede7 0 0
6 0 0 1 7fffffff 567850c3 7fffffff 0 0
6 1 0 1 195aa995 0e3fdc51 1f7ffdd5 0 0
6 1 1 0 93bea881 42da7188 d3fef989 0 0
6 0 1 1 0000fffe 60275f01 6027ffff 0 1
6 1 1 0 5269b6ec 6870591a 7a79fffe 0 1
6 0 0 0 384e3648 cb0d2d8d fb4f3fcd 0 0
6 1 0 0 c0000000 0000ffff c000ffff 0 1
6 1 1 0 0000001f ffffffff ffffffff 0 1
6 0 0 0 0000001f 00000001 0000001f 0 0
6 0 1 1 75169fac 00010000 75179fac 0 0
6 0 1 1 0000000f 8053283c 8053283f 0 1
6 1 1 1 00000008 00000020 00000028 0 1
6 0 0 0 f68ab6e2 2a90a155 fe9ab7f7 0 1
6 1 1 0 4c1a0068 7ffffffe 7ffffffe 0 1
6 0 1 1 0fffffff aaaaaaaa afffffff 0 1
6 1 0 0 00000003 00000001 00000003 0 0
6 1 1 0 51767503 80a4263e d1f6773f 0 1
6 0 0 0 00008000 00000020 00008020 0 0
6 1 0 0 deadbeef 00010000 deadbeef 0 1
6 0 0 0 00000020 7ffffffe 7ffffffe 0 1
6 0 1 1 00000000 0fffffff 0fffffff 0 1
6 0 0 1 00000008 0000001f 0000001f 0 1
6 1 0 1 00000008 0fffffff 0fffffff 0 1
6 0 1 0 00000001 00000004 00000005 0 1
6 1 0 0 0000000f 00000008 0000000f 0 0
6 1 0 0 9c4f0a05 72ac98a5 feef9aa5 0 1
6 1 1 0 00007fff 7ffffffe 7fffffff 0 1
6 1 1 1 00000004 00000003 00000007 0 0
6 1 0 1 1e65d85e c28d2c83 deedfcdf 0 0
6 1 1 0 f9011aae f5c935e5 fdc93fef 0 0
6 1 1 1 0000000f 5261a07f 5261a07f 0 1
6 0 0 0 a446f570 a969f9fc ad6ffdfc 0 1
6 0 0 1 e892f4ca eb822f88 eb92ffca 0 1
6 1 1 0 ffff0000 0f0f0f0f ffff0f0f 0 0
6 0 1 0 aaaaaaaa 00008000 aaaaaaaa 0 0
6 0 1 0 88395224 65320f1b ed3b5f3f 0 0
6 1 0 1 0fb402b7 96cd35c9 9ffd37ff 0 0
6 0 1 0 00000001 00000000 00000001 0 0
6 0 1 1 d3721976 1c96c164 dff6d976 0 0
6 1 1 0 b7dc32a3 abdbc97a bfdffbfb 0 0
6 0 0 0 0000ffff e16b0493 e16bffff 0 0
6 1 0 0 00000002 0000ffff 0000ffff 0 1
6 0 1 1 f0f0f0f0 00000002 f0f0f0f2 0 0
6 0 0 0 80000001 1915ffeb 9915ffeb 0 1
6 1 1 1 fffffffe 80000000 fffffffe 0 0
6 1 0 1 04efe250 b94a8085 bdefe2d5 0 0
6 1 1 1 1502e322 dac37b10 dfc3fb32 0 1
6 0 1 1 5f20e5e6 fffffffe fffffffe 0 1
6 1 0 1 99f832f4 ea0ba083 fbfbb2f7 0 1
6 1 1 1 f2b76be7 7abb2656 fabf6ff7 0 0
6 1 0 1 ffffffff 0000ffff ffffffff 0 1
6 1 1 1 00008000 1147f826 1147f826 0 1
6 0 1 1 fffffffe 26c78811 ffffffff 0 0
6 1 1 0 00000001 80000000 80000001 0 1
6 1 0 0 00000001 03c53da5 03c53da5 0 1
6 0 0 1 00000000 55555555 55555555 0 1
6 1 1 0 58dd084f 4a856c26 5add6c6f 0 0
6 1 1 1 06b78b14 10fc8436 16ff8f36 0 1
6 1 0 1 00000000 a752ed66 a752ed66 0 0
6 1 0 0 ffff0000 80000000 ffff0000 0 0
6 1 0 0 00010000 c0000000 c0010000 0 0
6 1 0 0 c0000000 ffffffff ffffffff 0 1
6 1 1 1 00000003 e7b96ce9 e7b96ceb 0 1
6 0 0 1 c0000000 00000020 c0000020 0 1
6 0 0 0 7ffffffe ffff0000 fffffffe 0 0
6 1 1 0 0000000f 7ffffffe 7fffffff 0 1
6 0 0 1 d96e249b 5ca2c106 ddeee59f 0 1
6 0 0 1 55555555 0000000f 5555555f 0 0
6 1 1 1 28e45a60 0fffffff 2fffffff 0 0
6 1 0 0 a6759e36 f99daf60 fffdbf76 0 1
6 1 1 1 0f0f0f0f ffff0000 ffff0f0f 0 1
6 1 1 0 2488321f 000000ff 248832ff 0 0
6 0 0 0 5fa8f7fb 50bffea5 5fbfffff 0 0
6 1 0 0 00000001 1854d9f0 1854d9f1 0 1
6 0 1 0 00000002 00000008 0000000a 0 1
6 0 0 1 c2ab5632 8d874fca cfaf5ffa 0 0
6 1 0 0 f0f0f0f0 ffffffff ffffffff 0 1
6 0 1 1 ae558196 81d07ac1 afd5fbd7 0 0
6 0 1 0 3340363f 26794f30 37797f3f 0 0
6 0 1 0 ffff0000 aaaaaaaa ffffaaaa 0 0
6 1 0 0 deadbeef ffffffff ffffffff 0 1
6 0 1 1 f449879f 5f3b50fa ff7bd7ff 0 0
6 1 0 1 0f0f0f0f fffffffe ffffffff 0 0
6 0 1 0 c0000000 fffffffe fffffffe 0 1
6 0 1 1 2700492e 2825c820 2f25c92e 0 1
6 1 1 0 0000000f 0f0f0f0f 0f0f0f0f 0 1
6 0 1 1 592483e9 b5d15949 fdf5dbe9 0 1
6 1 1 0 c4af33b4 a15495cf e5ffb7ff 0 0
6 1 0 1 00000020 00000004 00000024 0 0
6 1 1 0 376f49c2 c7941105 f7ff59c7 0 1
6 1 1 1 fd5aa1ec fb3cb6ee ff7eb7ee 0 0
6 1 1 0 ffff0000 00000000 ffff0000 0 0
6 0 1 1 00000008 00000004 0000000c 0 0
6 1 0 0 0000001f 00010000 0001001f 0 1
6 1 1 1 00000008 9f23da33 9f23da3b 0 1
6 1 1 0 ffffffff 7fffffff ffffffff 0 0
6 0 0 0 8019778d 5da0511e ddb9779f 0 1
6 1 1 0 ffffffff 00000010 ffffffff 0 0
6 1 1 1 00000002 00000001 00000003 0 0
6 1 1 0 4aa9d623 c59e6c12 cfbffe33 0 1
6 0 0 0 00008000 0000ffff 0000ffff 0 1
6 0 1 0 ffff0000 fffffffe fffffffe 0 1
6 0 0 0 e7fd90b5 7ebb1c47 ffff9cf7 0 1
6 0 0 1 00000001 ffffffff ffffffff 0 0
6 0 1 1 fd22ce62 00000000 fd22ce62 0 0
6 1 1 1 aaaaaaaa d460002d feeaaaaf 0 1
6 0 0 0 0000ffff 0000000f 0000ffff 0 0
6 1 1 1 00000004 f0f0f0f0 f0f0f0f4 0 1
6 1 1 0 99f75345 0000001f 99f7535f 0 0
6 0 0 1 83ad85dd fffffffe ffffffff 0 1
6 0 0 1 ffff0000 ffff0000 ffff0000 1 0
6 1 0 0 f0f0f0f0 0f0f0f0f ffffffff 0 1
6 1 1 0 80000000 a508549f a508549f 0 1
6 0 0 1 00000010 0000ffff 0000ffff 0 1
6 1 0 1 f508e0ff f0f0f0f0 f5f8f0ff 0 0
6 1 1 1 0000ffff 00000003 0000ffff 0 0
6 1 0 0 0f0f0f0f 000000ff 0f0f0fff 0 0
6 1 0 0 a65c80fd 0000000f a65c80ff 0 1
6 1 1 1 0000001f deadbeef deadbeff 0 1
6 1 1 0 daef325d 2e82379a feef37df 0 0
6 0 0 1 db52062f 4d05f4e2 df57f6ef 0 1
6 1 0 1 000000ff 7ffffffe 7fffffff 0 1
6 0 0 1 372c8eaf 00007fff 372cffff 0 0
6 0 0 0 00000020 80000000 80000020 0 0
6 1 0 1 8ec49230 ffaa43fa ffeed3fa 0 1
6 1 1 0 8bbb6436 abee8f7d abffef7f 0 1
6 1 0 1 000000ff 00008000 000080ff 0 1
6 0 0 0 00000001 f0f0f0f0 f0f0f0f1 0 0
6 1 1 0 7fffffff aaaaaaaa ffffffff 0 1
6 1 0 1 00000002 0000fffe 0000fffe 0 1
6 1 1 1 7ffffffe ffffffff ffffffff 0 1
6 1 0 1 00000020 00000008 00000028 0 0
6 1 0 1 fffffffe 00000003 ffffffff 0 1
6 1 1 0 fffffffe 0000000f ffffffff 0 0
6 1 1 1 7fffffff 7fffffff 7fffffff 1 0
6 0 1 1 8f7305ae 00008000 8f7385ae 0 0
6 1 1 1 55555555 55555555 55555555 1 0
6 1 0 1 55555555 00000020 55555575 0 0
6 0 1 0 00007fff 00007fff 00007fff 1 0
6 0 0 0 c6396a1f fdf571c8 fffd7bdf 0 1
6 0 1 1 71505b1f a334afca f374ffdf 0 1
6 1 1 0 e7c320c6 6c8d2f6f efcf2fef 0 0
6 0 0 0 00008000 00000000 00008000 0 0
6 1 1 0 0000000f 00000010 0000001f 0 1
6 1 1 1 e87890aa 7ffffffe fffffffe 0 0
6 0 1 0 00000000 bfdf34a0 bfdf34a0 0 1
6 0 1 0 00000000 c2ff1bfd c2ff1bfd 0 1
6 0 1 1 00000003 00000004 00000007 0 1
6 0 1 0 3f370ef9 4eb71192 7fb71ffb 0 1
6 0 1 0 00000000 29134513 29134513 0 1
6 1 0 1 00000002 00000000 00000002 0 0
6 1 1 0 00000020 e991d106 e991d126 0 1
6 0 0 0 d02eba1a 06c1f15c d6effb5e 0 1
6 0 0 0 0f0f0f0f fffffffe ffffffff 0 0
6 0 1 0 00000004 000000ff 000000ff 0 1
6 1 1 0 6cc22fe9 f0f0f0f0 fcf2fff9 0 1
6 0 1 1 3bddc533 3beac76c 3bffc77f 0 1
6 1 0 0 0000000f deadbeef deadbeef 0 0
6 0 0 0 0000001f ffff0000 ffff001f 0 0
6 1 0 0 d09456c8 2d51e639 fdd5f6f9 0 1
6 1 1 1 00000000 c0000000 c0000000 0 1
6 1 1 1 00000020 0000000f 0000002f 0 0
6 0 0 0 00008000 00000010 00008010 0 0
6 0 1 1 ab4f4c8b b67b2059 bf7f6cdb 0 1
6 1 0 1 2136a6a9 00000004 2136a6ad 0 0
6 1 1 1 455df05e e723b4ec e77ff4fe 0 1
6 1 0 1 4c1920d5 0000ffff 4c19ffff 0 0
6 0 0 1 00000008 fffffffe fffffffe 0 0
6 0 0 0 fffffffe 0fffffff ffffffff 0 1
6 1 1 0 0000001f 00000003 0000001f 0 0
6 1 1 0 0000000f 0365f2e2 0365f2ef 0 1
6 1 0 1 e65a9b9d 00000020 e65a9bbd 0 1
6 1 0 1 28c5147e 212b33c7 29ef37ff 0 0
6 1 0 1 c05d791e 47c91ece c7dd7fde 0 1
6 1 1 0 fe7acb1e bc721bd7 fe7adbdf 0 0
6 1 0 0 9d7b351f f227b837 ff7fbd3f 0 1
6 1 0 0 3d527af3 69aabd7e 7dfaffff 0 1
6 1 1 0 89674b4e 000000ff 89674bff 0 0
6 0 1 1 00008000 fffffffe fffffffe 0 1
6 0 0 0 00000000 00000002 00000002 0 1
6 1 1 1 7ffffffe 00000020 7ffffffe 0 0
6 1 0 1 00000001 00000001 00000001 1 0
6 0 1 1 f5f2b8fb 9def9ee7 fdffbeff 0 0
6 0 1 0 7fffffff 00000002 7fffffff 0 0
6 0 1 1 0000001f c0000000 c000001f 0 1
6 0 1 0 00000003 5f783c86 5f783c87 0 1
6 0 0 0 475dc351 00000001 475dc351 0 0
6 0 0 1 00008000 00000008 00008008 0 0
6 0 0 0 f5defb7a 0000fffe f5defffe 0 1
6 1 1 0 8d0185d9 c0000000 cd0185d9 0 1
6 1 0 1 00000004 0000001f 0000001f 0 1
6 1 0 0 cbf81ba5 00000003 cbf81ba7 0 1
6 0 1 1 00000010 df477816 df477816 0 1
6 0 0 0 6bcfe44d d1a01284 fbeff6cd 0 0
6 1 1 0 8b94b047 aaaaaaaa abbebaef 0 1
6 0 0 0 18bd7dd5 76cdbd57 7efdfdd7 0 1
6 1 0 0 6b932bd6 3a8610c2 7b973bd6 0 0
6 0 1 1 19569e7e 534379e8 5b57fffe 0 1
6 0 0 1 80000000 55555555 d5555555 0 1
6 0 1 1 ffff0000 0000ffff ffffffff 0 0
6 1 1 1 bcbed7d5 a7f68d10 bffedfd5 0 0
6 0 0 1 00010000 00008000 00018000 0 0
6 0 1 0 c693e891 0000fffe c693ffff 0 0
6 1 0 0 7fffffff a91ee656 ffffffff 0 0
6 1 1 0 00008000 ffffffff ffffffff 0 1
6 1 1 0 00000001 e22564c3 e22564c3 0 1
6 1 0 1 00000020 a441ed6f a441ed6f 0 0
6 0 0 0 000000ff 00007fff 00007fff 0 1
6 0 0 0 00000003 000000ff 000000ff 0 1
6 1 1 1 f0f0f0f0 00000008 f0f0f0f8 0 0
6 0 1 1 00000010 0000fffe 0000fffe 0 1
6 1 1 0 f2ce9ae2 f1b88977 f3fe9bf7 0 0
6 0 0 0 0f0f0f0f 00007fff 0f0f7fff 0 0
6 1 0 0 d1ac6b8b 5e0c08cf dfac6bcf 0 1
6 0 1 1 0000fffe aaaaaaaa aaaafffe 0 1
6 0 0 0 b0839a39 a350a0c5 b3d3bafd 0 0
6 0 1 0 00000003 7ffffffe 7fffffff 0 1
6 1 0 0 f0f0f0f0 00000003 f0f0f0f3 0 1
6 1 1 1 00000004 7ffffffe 7ffffffe 0 1
6 0 1 0 08c7ec19 341c913f 3cdffd3f 0 1
6 1 1 0 00000003 0fffffff 0fffffff 0 1
6 0 0 1 6844a435 82332d41 ea77ad75 0 0
6 1 0 1 57087b6c 7fd72b33 7fdf7b7f 0 1
6 1 0 1 9da309f2 c0ba8561 ddbb8df3 0 1
6 1 1 1 0000ffff 7fffffff 7fffffff 0 1
6 1 1 0 80000000 0000000f 8000000f 0 0
6 1 1 1 ffffffff 00007fff ffffffff 0 0
6 0 0 1 9e0bcc0e 6644e66e fe4fee6e 0 1
6 0 1 0 0fffffff 0000000f 0fffffff 0 0
6 1 0 1 0000000f fffffffe ffffffff 0 0
6 1 1 0 0fffffff 80000001 8fffffff 0 1
6 1 0 1 00000010 aaaaaaaa aaaaaaba 0 0
6 1 1 1 00007fff 0fffffff 0fffffff 0 1
6 0 1 1 00007fff deadbeef deadffff 0 1
6 0 0 0 00000008 00000002 0000000a 0 0
6 1 0 1 0000ffff 00000000 0000ffff 0 0
6 0 1 1 00000001 39a30084 39a30085 0 1
6 0 0 1 00000000 00000004 00000004 0 1
6 0 0 1 00000002 00000010 00000012 0 1
6 1 0 0 00000010 2c862159 2c862159 0 1
6 0 1 0 ffffffff 55555555 ffffffff 0 0
6 1 0 1 82d8083b 919df5f8 93ddfdfb 0 1
6 1 1 1 00000001 00000002 00000003 0 1
6 1 0 0 55555555 80000000 d5555555 0 0
6 0 0 0 177f815f 036c2774 177fa77f 0 0
6 1 1 0 0f0f0f0f 6ae8653d 6fef6f3f 0 1
6 0 1 0 1964c301 04f07c62 1df4ff63 0 0
6 1 1 1 00007fff 0f0f0f0f 0f0f7fff 0 1
6 0 0 1 0000fffe 00000004 0000fffe 0 0
6 1 0 1 7ffffffe 00000001 7fffffff 0 0
6 0 0 0 1ef4944b 0f0f0f0f 1fff9f4f 0 0
6 1 1 1 00010000 000000ff 000100ff 0 0
6 1 1 0 86cca90b 9c29550b 9eedfd0b 0 1
6 0 0 1 00008000 00000004 00008004 0 0
6 0 1 1 a021f964 c0000000 e021f964 0 1
6 1 1 0 0fffffff 0f0f0f0f 0fffffff 0 0
6 1 0 0 85bf2f97 75cb3943 f5ff3fd7 0 1
6 0 1 0 0000fffe 7339ff07 7339ffff 0 1
6 0 1 0 0fffffff 80000000 8fffffff 0 1
6 0 1 0 00000002 7fffffff 7fffffff 0 1
6 0 0 0 00000010 ffff0000 ffff0010 0 0
6 1 1 0 00008000 2c196767 2c19e767 0 1
6 0 1 0 36062da3 cfc0af53 ffc6aff3 0 1
6 1 0 0 7191c56e 00010000 7191c56e 0 0
6 1 0 1 dff9a7df 346e18ae ffffbfff 0 1
6 1 0 1 ae0383a5 5c9ac8fd fe9bcbfd 0 1
6 1 1 1 548e586b 7e3c72d8 7ebe7afb 0 1
6 0 0 0 00000010 00010000 00010010 0 1
6 0 1 1 00010000 00000004 00010004 0 0
6 1 1 0 90edfb73 dde36b79 ddeffb7b 0 1
6 1 1 1 29674cd2 f407b506 fd67fdd6 0 1
6 0 0 1 c0000000 00010000 c0010000 0 1
6 0 0 0 fc827ef1 e4f65b12 fcf67ff3 0 0
6 1 0 1 7fffffff 0000ffff 7fffffff 0 0
6 0 0 0 00010000 00000008 00010008 0 0
6 0 0 1 bf123cb6 c8d3cd74 ffd3fdf6 0 1
6 1 0 0 f25be979 0f0f0f0f ff5fef7f 0 1
6 1 0 0 7fc05966 b9cc1e9d ffcc5fff 0 0
6 1 0 1 00000000 7646edde 7646edde 0 1
6 0 1 0 0000000f 00000004 0000000f 0 0
6 1 1 1 bdb14d67 690cccaf fdbdcdef 0 0
6 0 1 0 ffff0000 7ffffffe fffffffe 0 0
6 1 1 1 f0f0f0f0 0000001f f0f0f0ff 0 0
6 0 1 0 fffffffe 00000020 fffffffe 0 0
6 1 1 1 fd18e2b9 deadbeef ffbdfeff 0 0
6 1 1 0 7ffffffe 55555555 7fffffff 0 0
6 1 1 1 0000ffff 19498737 1949ffff 0 1
6 1 0 1 00010000 00010000 00010000 1 0
6 0 0 1 00010000 7fffffff 7fffffff 0 1
6 0 0 0 fffffffe 00000008 fffffffe 0 1
6 1 0 1 401e5b2a b8197417 f81f7f3f 0 0
6 0 0 0 00000003 ffff0000 ffff0003 0 0
6 1 0 0 b2f32535 689b76b2 fafb77b7 0 1
6 0 0 0 ffffffff fffffffe ffffffff 0 0
6 0 0 1 000000ff 441523a8 441523ff 0 1
6 0 0 1 2f1ed60b 8d4b3063 af5ff66b 0 0
6 0 1 1 0000ffff 00000001 0000ffff 0 0
6 0 1 1 aaaaaaaa f0f0f0f0 fafafafa 0 1
6 1 0 1 00000020 fed6005b fed6007b 0 0
6 0 1 0 00000004 c0000000 c0000004 0 1
6 1 0 1 0000ffff 00000020 0000ffff 0 0
6 0 0 0 55555555 f0f0f0f0 f5f5f5f5 0 0
6 1 1 0 00000002 ffff0000 ffff0002 0 1
6 1 1 1 00008000 0f0f0f0f 0f0f8f0f 0 1
6 0 0 0 a85d6146 89b732b9 a9ff73ff 0 0
6 0 0 0 a2f5bac1 9bb9f65a bbfdfedb 0 0
6 0 0 1 544bd7f9 1bd5191b 5fdfdffb 0 0
6 0 1 1 7ffffffe 00000008 7ffffffe 0 0
6 1 1 1 0000000f 80000001 8000000f 0 1
6 1 0 1 00000003 00000020 00000023 0 1
6 0 1 1 f0f0f0f0 ffff0000 fffff0f0 0 1
6 1 1 0 738029d2 0006f3ad 7386fbff 0 0
6 0 1 1 00007fff 00000002 00007fff 0 0
6 1 1 1 7ffffffe 0000ffff 7fffffff 0 0
6 1 0 0 ffffffff aaaaaaaa ffffffff 0 0
6 0 1 1 80000001 f0f0f0f0 f0f0f0f1 0 1
6 1 1 1 80000000 000000ff 800000ff 0 0
6 0 0 0 c0000000 deadbeef deadbeef 0 1
6 1 1 0 00007fff 00000001 00007fff 0 0
6 0 0 1 f0f0f0f0 deadbeef fefdfeff 0 0
6 1 1 1 b8523441 07eb6038 bffb7479 0 0
6 0 0 1 ffffffff 00000001 ffffffff 0 1
6 0 0 1 00008000 0fffffff 0fffffff 0 1
6 1 1 1 80000001 0000000f 8000000f 0 0
6 0 0 0 00000000 7ffffffe 7ffffffe 0 1
6 1 0 0 00000020 0fffffff 0fffffff 0 1
6 0 0 0 00000000 8b20431e 8b20431e 0 0
6 1 1 1 b188f71e ceb21f65 ffbaff7f 0 1
6 0 1 1 0000fffe deadbeef deadffff 0 1
6 0 1 1 00000000 80000000 80000000 0 1
6 0 1 1 00000002 c0000000 c0000002 0 1
6 1 0 1 00000004 00010000 00010004 0 1
6 1 1 0 0f0f0f0f aaaaaaaa afafafaf 0 1
6 1 0 1 db915df3 0cbec5eb dfbfddfb 0 1
6 1 0 0 00000000 c0000000 c0000000 0 0
6 0 0 0 7fffffff 000000ff 7fffffff 0 0
6 0 0 1 b60a463c ffffffff ffffffff 0 1
6 0 0 0 ffaccdd5 ffff0000 ffffcdd5 0 1
6 0 0 0 0000ffff 00008000 0000ffff 0 0
6 1 1 1 00000002 00000020 00000022 0 1
6 1 1 1 80000000 00000000 80000000 0 0
6 1 0 1 4972152d 67e77e48 6ff77f6d 0 1
6 1 1 1 a043e79b c92f60c1 e96fe7db 0 1
6 0 1 1 00000004 162c6f20 162c6f24 0 1
6 1 1 0 9f348dec 80000000 9f348dec 0 0
6 0 0 1 d2e99222 9d902643 dff9b663 0 0
6 1 1 0 c0000000 00000010 c0000010 0 0
6 1 1 1 a5609d28 861549ce a775ddee 0 0
6 1 0 1 3c9d553b bd640f56 bdfd5f7f 0 0
6 0 0 1 000000ff deadbeef deadbeff 0 0
6 0 0 1 ffffffff 00000008 ffffffff 0 1
6 0 0 0 deadbeef 0e8f64bd deaffeff 0 1
6 0 0 1 a1fe276b b167ca98 b1ffeffb 0 1
6 0 0 1 c0000000 0000000f c000000f 0 1
6 1 1 0 c05ebcfc 4a6d8f50 ca7fbffc 0 0
6 1 1 0 0000000f 00008000 0000800f 0 1
6 1 0 0 0f0f0f0f 80000001 8f0f0f0f 0 0
6 1 0 0 0000001f 80000001 8000001f 0 0
6 0 1 1 a39658fd 8104049f a3965cff 0 0
6 0 0 1 1ac9fab1 d830f7bb daf9ffbb 0 0
6 0 0 0 2f9911aa 00000004 2f9911ae 0 0
6 1 0 1 ef242339 00007fff ef247fff 0 1
6 1 0 0 c0000000 00000003 c0000003 0 1
6 1 1 1 f0f0f0f0 c0000000 f0f0f0f0 0 0
6 1 0 0 15ca3a27 da34dc34 dffefe37 0 0
6 0 1 0 00010000 deadbeef deadbeef 0 1
6 0 1 1 0000ffff 000000ff 0000ffff 0 0
6 0 0 0 0000fffe 00000000 0000fffe 0 0
6 1 1 0 00010000 00000010 00010010 0 0
6 0 0 0 0000fffe 0f0f0f0f 0f0fffff 0 1
6 0 0 1 fffffffe ffff0000 fffffffe 0 0
6 1 1 0 c0000000 f0f0f0f0 f0f0f0f0 0 1
6 0 1 1 aaaaaaaa 3074b358 bafebbfa 0 0
6 0 0 0 aaaaaaaa 00000020 aaaaaaaa 0 1
6 1 0 1 8221bfff df8565c0 dfa5ffff 0 1
6 1 0 1 83af8ee8 1c2a6d9a 9fafeffa 0 1
6 0 0 0 ffffffff 00008000 ffffffff 0 1
6 1 1 1 80000001 00007fff 80007fff 0 0
6 0 1 1 61354c78 e8679038 e977dc78 0 1
6 0 0 0 f85f0a16 6a5f5054 fa5f5a56 0 1
6 0 0 0 46fdce33 70094aa9 76fdcebb 0 1
6 1 1 0 00000001 0000fffe 0000ffff 0 1
6 1 1 1 e03afde3 62671339 e27ffffb 0 0
6 1 0 1 0000fffe 80000000 8000fffe 0 0
6 1 0 0 c9153dcc 9d19e6ef dd1dffef 0 0
6 0 1 1 d53f5183 ea22cc91 ff3fdd93 0 1
6 0 0 1 fffffffe 00010000 fffffffe 0 1
6 1 0 1 fffffffe 00000010 fffffffe 0 1
6 1 0 1 2c3cf753 c122a0c6 ed3ef7d7 0 0
6 1 0 0 0000000f 00007fff 00007fff 0 1
6 0 1 0 0000000f 0000000f 0000000f 1 0
6 1 0 1 8397ee7f eed16a4b efd7ee7f 0 1
6 0 1 0 f0f0f0f0 f0f0f0f0 f0f0f0f0 1 0
6 1 0 0 b7c52b42 deadbeef ffedbfef 0 1
6 1 0 1 54c43651 c0000000 d4c43651 0 0
6 0 1 1 d41b80c9 8adc0640 dedf86c9 0 0
6 0 1 0 deadbeef 00000008 deadbeef 0 0
6 0 1 0 000000ff 00000003 000000ff 0 0
6 0 1 0 771eda91 419d9a95 779fda95 0 0
6 0 0 1 0000fffe 000000ff 0000ffff 0 0
6 1 1 0 cfd38c08 0000000f cfd38c0f 0 0
6 1 0 1 fffffffe 7fffffff ffffffff 0 1
6 0 0 0 79ab8dfe 1022dfb9 79abdfff 0 0
6 1 0 0 96a6dd6e 90fe11eb 96feddef 0 0
6 0 0 1 c1c3c2cb 4298f3f1 c3dbf3fb 0 1
6 1 1 0 aaaaaaaa 0000000f aaaaaaaf 0 0
6 1 0 0 aaaaaaaa fffffffe fffffffe 0 1
6 0 0 0 7ffffffe 00000000 7ffffffe 0 0
6 0 0 1 55555555 00000003 55555557 0 0
6 1 1 1 00000008 0f0f0f0f 0f0f0f0f 0 1
6 1 1 1 fffffffe 0000001f ffffffff 0 0
6 1 0 1 7d95852c 27c4c9b7 7fd5cdbf 0 0
6 1 1 0 016234de 00000010 016234de 0 0
6 0 1 0 ffff0000 1d7d6bc8 ffff6bc8 0 0
6 1 1 0 fb6841e1 5254cf70 fb7ccff1 0 0
6 1 1 0 0000000f 8db91961 8db9196f 0 1
6 0 1 0 0000001f 0000ffff 0000ffff 0 1
6 1 1 0 0000001f 7fffffff 7fffffff 0 1
6 1 1 1 2ede605c 3245de3e 3edffe7e 0 1
6 1 1 0 0000001f fffffffe ffffffff 0 1
6 1 1 1 f0f0f0f0 000000ff f0f0f0ff 0 0
6 1 1 0 80000001 fffffffe ffffffff 0 1
6 1 1 0 ffff0000 1269373f ffff373f 0 0
6 0 1 0 0000001f aaaaaaaa aaaaaabf 0 1
6 1 1 0 00000020 0000ffff 0000ffff 0 1
6 1 0 1 c0000000 0f0f0f0f cf0f0f0f 0 1
6 1 1 0 2340178e d80fb558 fb4fb7de 0 1
6 0 1 0 00000001 0f0f0f0f 0f0f0f0f 0 1
6 0 0 1 248df198 738944f9 778df5f9 0 1
6 1 1 1 000000ff 0000001f 000000ff 0 0
6 1 1 0 8863ae2b 702c0f55 f86faf7f 0 0
6 0 1 0 deadbeef 00000000 deadbeef 0 0
6 1 0 0 00000001 0fffffff 0fffffff 0 1
6 1 0 1 deadbeef 00000003 deadbeef 0 1
6 1 1 0 bf25ff43 d267ab3b ff67ff7b 0 1
6 1 1 0 00000002 fffffffe fffffffe 0 1
6 1 0 1 aaaaaaaa deadbeef feafbeef 0 1
6 0 1 1 aaaaaaaa 00000001 aaaaaaab 0 0
6 0 1 1 d8fe38da 6d3dfa91 fdfffadb 0 0
6 0 0 1 7fffffff 00007fff 7fffffff 0 0
6 1 0 0 28c69c1f 00000008 28c69c1f 0 0
6 1 1 0 00000020 0000001f 0000003f 0 0
6 1 1 0 00007fff 00000008 00007fff 0 0
6 1 1 0 0fffffff 000000ff 0fffffff 0 0
6 1 0 0 08b4e6ac ffff0000 ffffe6ac 0 0
6 1 0 1 b5807add 1fa8d83b bfa8faff 0 1
6 1 1 0 80000001 55555555 d5555555 0 0
6 1 0 1 6459a39a 10ef6d23 74ffefbb 0 0
6 1 0 1 f3fc01c3 ef5b5c97 ffff5dd7 0 0
6 0 0 1 52017408 f0f0f0f0 f2f1f4f8 0 0
6 0 1 1 c0000000 0fffffff cfffffff 0 0
6 1 1 0 80000001 7ffffffe ffffffff 0 0
6 1 0 0 00000000 0000001f 0000001f 0 1
6 1 0 1 2a847646 e9d2e8c5 ebd6fec7 0 0
6 1 0 0 4fb41049 799281e9 7fb691e9 0 1
6 0 1 1 80000000 0fffffff 8fffffff 0 0
6 1 1 1 80000000 ffff0000 ffff0000 0 1
6 1 0 0 00000001 0000001f 0000001f 0 1
6 1 1 0 fba21ba9 3b5a852e fbfa9faf 0 0
6 0 1 0 ff4316dc 00010000 ff4316dc 0 0
6 0 1 1 55555555 deadbeef dffdffff 0 1
6 1 1 0 853f8e82 8831efbd 8d3fefbf 0 1
6 1 0 1 000000ff 0000ffff 0000ffff 0 1
6 1 0 1 200e1f68 0000ffff 200effff 0 0
6 1 0 1 0000ffff 00000010 0000ffff 0 0
6 1 1 1 326995d9 38394cbb 3a79ddfb 0 1
6 1 1 0 7fffffff 0000fffe 7fffffff 0 0
6 1 1 0 00000002 00008000 00008002 0 1
6 1 1 1 9b53a942 bd828eeb bfd3afeb 0 1
6 0 1 1 00000010 7ebd4e5e 7ebd4e5e 0 1
6 1 0 0 000000ff 0000000f 000000ff 0 0
6 1 0 0 3099524d e6b46c22 f6bd7e6f 0 0
6 1 0 1 4dcc1be9 18616e5e 5ded7fff 0 0
6 1 0 0 00000000 fffffffe fffffffe 0 0
6 0 1 0 c3ef8df1 deadbeef dfefbfff 0 1
6 0 0 0 00010000 00000002 00010002 0 0
6 0 0 0 00000002 d8d941d0 d8d941d2 0 0
6 1 1 1 13469c1a 00000010 13469c1a 0 0
6 1 1 0 67b8b903 2ec8ad4c 6ff8bd4f 0 0
6 0 0 0 00000003 0000fffe 0000ffff 0 1
6 0 0 1 fffffffe 0000fffe fffffffe 0 1
6 1 1 0 80000000 0000001f 8000001f 0 0
6 0 1 1 55555555 7fffffff 7fffffff 0 1
6 1 1 0 7c9f133f c497bf3f fc9fbf3f 0 1
6 0 0 0 4c889332 00000010 4c889332 0 0
6 0 1 0 0fffffff aaaaaaaa afffffff 0 1
6 1 0 1 16901ef0 d9234297 dfb35ef7 0 0
6 0 1 0 a5d5bc22 596ad3e9 fdffffeb 0 0
6 1 1 1 dd7ea44c 9fc3c00b dfffe44f 0 0
6 0 0 1 0000000f 80000000 8000000f 0 0
6 0 0 0 70550f27 c3c66d77 f3d76f77 0 0
6 1 0 0 ffad97cc 565fefab ffffffef 0 1
6 1 0 0 0fffffff 00000003 0fffffff 0 0
6 0 1 1 0fffffff 00000002 0fffffff 0 0
6 1 1 1 0fffffff ffffffff ffffffff 0 1
6 0 0 1 00000008 00000003 0000000b 0 0
6 0 0 0 ffff0000 0000000f ffff000f 0 1
6 1 0 1 ffffffff 80000000 ffffffff 0 0
6 1 1 0 80000000 fb2c24a0 fb2c24a0 0 1
6 1 0 1 000000ff 00000001 000000ff 0 0
6 0 1 1 00000008 0000000f 0000000f 0 1
6 1 1 0 0f0b4cff b2e3b350 bfebffff 0 1
6 1 1 0 ecd2f942 00000003 ecd2f943 0 0
6 1 0 0 ffff0000 00000008 ffff0008 0 1
6 0 0 1 9962a44d 3767db53 bf67ff5f 0 1
6 1 0 0 80000001 0000001f 8000001f 0 1
6 1 0 1 000000ff ffff0000 ffff00ff 0 0
6 0 0 1 fe8f6797 b9395dee ffbf7fff 0 0
6 0 0 1 0000001f ffffffff ffffffff 0 0
6 1 0 0 f0f0f0f0 00000010 f0f0f0f0 0 1
6 1 1 1 8863aa60 0000fffe 8863fffe 0 0
6 1 1 1 f098a3c6 ae44b44c fedcb7ce 0 0
6 0 0 0 f0f0f0f0 80000000 f0f0f0f0 0 0
6 0 0 1 00000003 55555555 55555557 0 1
6 0 1 1 191367ab 6ea27bb4 7fb37fbf 0 1
6 1 0 1 00000008 00007fff 00007fff 0 1
6 1 1 1 0000ffff f0f0f0f0 f0f0ffff 0 1
6 1 1 1 66a63f5e 601c1cdd 66be3fdf 0 0
6 1 1 1 6259b762 deadbeef fefdbfef 0 1
6 1 1 1 c0000000 55555555 d5555555 0 0
6 1 1 0 0f0f0f0f 0000001f 0f0f0f1f 0 0
6 1 0 1 0000000f 8f48cb34 8f48cb3f 0 0
6 1 1 0 03ad9981 bee15e8c bfeddf8d 0 1
6 1 0 1 00000000 0000000f 0000000f 0 1
6 0 0 0 80000000 fffffffe fffffffe 0 1
6 1 1 1 62a2b019 00000020 62a2b039 0 0
6 1 1 1 3dda9f6f 00007fff 3ddaffff 0 0
6 1 0 1 00000003 c0000000 c0000003 0 0
6 1 0 1 aaaaaaaa 0fffffff afffffff 0 1
6 1 1 1 c0000000 2f631ba5 ef631ba5 0 0
6 0 0 0 7ffffffe 00010000 7ffffffe 0 0
6 0 0 0 55555555 0fffffff 5fffffff 0 0
6 0 1 0 15107e84 00000020 15107ea4 0 0
6 1 0 1 94126347 00000010 94126357 0 1
6 0 1 0 55555555 00000020 55555575 0 0
6 0 0 0 000000ff ffffffff ffffffff 0 0
6 1 1 1 00000003 deadbeef deadbeef 0 1
6 1 0 1 00010000 00000020 00010020 0 0
6 0 0 0 f0f0f0f0 0248f23b f2f8f2fb 0 1
6 0 0 0 cf1fb72c a3e871d1 effff7fd 0 0
6 1 0 0 46c0268e f0f6f809 f6f6fe8f 0 0
6 1 0 1 efd76f22 0026b35a eff7ff7a 0 1
6 1 1 1 ea596898 34d85546 fed97dde 0 0
6 0 1 1 7ffffffe 7fffffff 7fffffff 0 1
6 0 1 0 f27bbdcf 4f40ab52 ff7bbfdf 0 0
6 1 1 1 00000001 90c17f8b 90c17f8b 0 1
6 1 1 1 0fffffff 00007fff 0fffffff 0 0
6 0 1 1 ffff0000 c0000000 ffff0000 0 0
6 0 1 0 afb0ec86 93a2ce9b bfb2ee9f 0 0
6 0 1 1 00000001 00007fff 00007fff 0 1
6 1 1 0 68214ef6 4acb77dd 6aeb7fff 0 0
6 0 0 0 4ef1d8b1 ecccdf68 eefddff9 0 0
6 1 0 0 aaabc7d5 b7f867b6 bffbe7f7 0 1
6 0 0 0 00000010 0f0f0f0f 0f0f0f1f 0 1
6 1 0 1 7bbedc71 18bd9bea 7bbfdffb 0 0
6 0 1 0 aaaaaaaa 0f0f0f0f afafafaf 0 0
6 1 0 1 7fffffff ffff0000 ffffffff 0 0
6 0 0 0 2a87d622 0f0f0f0f 2f8fdf2f 0 0
6 0 1 1 00000020 7fffffff 7fffffff 0 1
6 1 0 0 00000003 ffffffff ffffffff 0 0
6 0 1 0 17716dc7 cba897b7 dff9fff7 0 1
6 0 1 1 0000ffff 0000001f 0000ffff 0 0
6 1 1 1 05fdd9da 00000020 05fdd9fa 0 0
6 0 1 1 80000001 3ff586d7 bff586d7 0 0
6 1 1 0 00010000 00000010 00010010 0 0
6 0 0 1 00000000 00000020 00000020 0 1
6 0 0 0 5acd4ee2 c0000000 dacd4ee2 0 0
6 0 0 0 00000002 80000001 80000003 0 0
6 0 0 1 fb894008 04b1c359 ffb9c359 0 1
6 0 0 1 00000000 00000000 00000000 1 0
6 0 1 0 00000004 80000000 80000004 0 1
6 0 1 0 c42ebf26 eae748fe eeeffffe 0 1
6 0 0 0 7fffffff 00000002 7fffffff 0 0
6 1 1 0 00000002 55555555 55555557 0 1
6 1 0 0 00000000 95cbf85e 95cbf85e 0 0
6 0 0 0 0000fffe f0f0f0f0 f0f0fffe 0 0
6 0 0 1 46839e0a 8e00dd52 ce83df5a 0 0
6 1 0 1 00000002 ffff0000 ffff0002 0 0
6 0 1 0 f0f0f0f0 55555555 f5f5f5f5 0 0
6 0 1 0 f0f0f0f0 7ffffffe fffffffe 0 0
6 0 1 1 bf7dfd1b c3d64c7c fffffd7f 0 1
6 1 1 0 00000000 00008000 00008000 0 1
6 0 1 0 00000003 ebec8232 ebec8233 0 1
6 1 1 0 55555555 0000fffe 5555ffff 0 0
6 0 0 1 fffffffe c0000000 fffffffe 0 0
6 0 0 0 6f3feacf 0b319aa9 6f3ffaef 0 0
6 0 1 0 00000001 55555555 55555555 0 1
6 0 0 0 7fffffff 4b8fc00f 7fffffff 0 0
6 0 1 0 28252d42 d07761e0 f8776de2 0 1
6 0 0 1 00000003 fffffffe ffffffff 0 0
6 1 1 0 5398e64a 9e69c1e8 dff9e7ea 0 1
6 0 0 0 f0f0f0f0 0000ffff f0f0ffff 0 1
6 0 0 1 562dbf3c 6a72e763 7e7fff7f 0 1
6 1 1 1 00008000 0000001f 0000801f 0 0
6 1 0 1 e41457c1 d4f960d7 f4fd77d7 0 0
6 0 1 0 f973a7fe 9aff1e61 fbffbfff 0 0
6 1 1 0 00010000 0000000f 0001000f 0 0
6 0 0 0 00000020 000000ff 000000ff 0 1
6 1 0 0 dabf93a6 ab20f51a fbbff7be 0 0
6 1 0 1 00000010 80000000 80000010 0 0
6 0 1 1 0000000f 7fffffff 7fffffff 0 1
6 1 1 0 deadbeef 7fffffff ffffffff 0 0
6 0 1 0 000000ff 0fffffff 0fffffff 0 1
6 0 1 0 42b44a1f 00000001 42b44a1f 0 0
6 0 0 1 00000000 0000fffe 0000fffe 0 1
6 0 1 0 00000003 0000001f 0000001f 0 1
6 1 1 1 2f63e600 6e0acec0 6f6beec0 0 1
6 1 0 0 00000020 00000003 00000023 0 0
6 1 0 0 00000001 aaaaaaaa aaaaaaab 0 0
6 1 0 0 80000001 0f0f0f0f 8f0f0f0f 0 1
6 0 0 1 72ebe853 c5d5255f f7ffed5f 0 0
6 0 1 1 b97b9b2e 97edd748 bfffdf6e 0 0
6 1 0 1 27c7cfdd 087e68dd 2fffefdd 0 0
6 0 0 0 ffffffff 0f0f0f0f ffffffff 0 1
6 1 1 0 3c595109 0f0f0f0f 3f5f5f0f 0 0
6 1 0 0 8c95c3a3 40faf4c0 ccfff7e3 0 1
6 1 1 1 98abca6a 2bc2d590 bbebdffa 0 0
6 1 1 1 ba10d340 176fbf2a bf7fff6a 0 0
6 0 0 0 0000001f 0000001f 0000001f 1 0
6 0 1 0 00000020 00007fff 00007fff 0 1
6 0 1 0 00000008 00000010 00000018 0 1
6 1 0 1 00000020 ffff0000 ffff0020 0 0
6 1 0 0 a033367a 812cdee6 a13ffefe 0 0
6 1 0 1 80000001 00000003 80000003 0 1
6 1 0 0 a3cc062d bcd8b41b bfdcb63f 0 1
6 1 1 1 767cf5f3 0000001f 767cf5ff 0 0
6 0 0 0 aaaaaaaa 00000003 aaaaaaab 0 1
6 0 0 1 00000010 deadbeef deadbeff 0 0
6 1 1 1 9c82ef4b 6b01aaea ff83efeb 0 0
6 0 0 1 74e35492 b44314de f4e354de 0 0
6 0 0 0 fffffffe deadbeef ffffffff 0 0
6 0 1 1 a53c73fa a8d2de51 adfefffb 0 1
6 0 0 1 0fffffff c0000000 cfffffff 0 0
6 1 0 0 26d9d721 8220dd0e a6f9df2f 0 0
6 1 0 1 1ccfa00f a3c9ded4 bfcffedf 0 0
6 0 1 0 00000004 00000000 00000004 0 0
6 1 1 1 68ec8199 80000001 e8ec8199 0 1
6 1 1 0 fffffffe 98114f9e fffffffe 0 0
6 1 1 1 000000ff 09b1c037 09b1c0ff 0 1
6 0 0 0 fffffffe 00007fff ffffffff 0 1
6 0 1 0 7f6d8f7e a58f5b93 ffefdfff 0 1
6 1 0 0 00007fff 0000001f 00007fff 0 0
6 0 0 1 d01b1b00 44c1f277 d4dbfb77 0 1
6 1 0 0 00008000 7fffffff 7fffffff 0 1
6 1 1 0 00000010 00007fff 00007fff 0 1
6 1 1 1 80000001 ce1fde91 ce1fde91 0 1
6 0 0 0 0000001f 000000ff 000000ff 0 1
6 1 1 0 4f46d015 2a04dfe9 6f46dffd 0 0
6 1 1 1 f3dbe69b 063bb119 f7fbf79b 0 0
6 0 1 0 66f71f2b 0f0f0f0f 6fff1f2f 0 0
6 1 0 0 0f0f0f0f c0000000 cf0f0f0f 0 0
6 0 1 1 0fffffff 00010000 0fffffff 0 0
6 1 1 1 e8247a9b 0a5b2610 ea7f7e9b 0 0
6 1 1 1 0fffffff fffffffe ffffffff 0 1
6 0 1 0 6493b956 bc9c9687 fc9fbfd7 0 1
6 1 1 1 0fffffff 0000001f 0fffffff 0 0
6 1 1 0 49be2be2 6c559501 6dffbfe3 0 1
6 1 1 0 2d8bb8de e7f1eb58 effbfbde 0 1
6 1 1 0 0000000f 00000002 0000000f 0 0
6 0 0 1 b18c1eef fd7967af fdfd7fef 0 1
6 1 1 0 000000ff 00010000 000100ff 0 1
6 0 0 0 7ffffffe 0fffffff 7fffffff 0 0
6 1 0 0 00000008 00000000 00000008 0 0
6 0 0 1 00000000 ace6f9e6 ace6f9e6 0 0
6 0 1 1 0000fffe 0000001f 0000ffff 0 0
6 0 1 0 00010000 00007fff 00017fff 0 0
6 0 1 1 0000001f 00000004 0000001f 0 0
6 0 0 0 00000010 00000010 00000010 1 0
6 1 0 0 054dc102 0000ffff 054dffff 0 0
6 0 0 0 0859fa2a ad7b52e3 ad7bfaeb 0 0
6 0 0 0 1e0a7a6b 398a2b6d 3f8a7b6f 0 1
6 0 0 1 fffffffe 00000004 fffffffe 0 1
6 1 0 1 55555555 fffffffe ffffffff 0 0
6 1 1 1 00007fff fffffffe ffffffff 0 1
6 0 1 0 80000001 00008000 80008001 0 0
6 1 1 0 c0000000 00008000 c0008000 0 0
6 0 1 0 c0000000 00000004 c0000004 0 0
6 0 1 1 ffff0000 00010000 ffff0000 0 0
6 0 0 1 00010000 00000008 00010008 0 0
6 1 1 0 00007fff 0000fffe 0000ffff 0 1
6 0 1 0 686edac0 d261bea9 fa6ffee9 0 1
6 1 0 1 00000004 ffffffff ffffffff 0 0
6 0 0 0 aaaaaaaa 00000008 aaaaaaaa 0 1
6 0 0 0 0f0f0f0f c0000000 cf0f0f0f 0 0
6 1 1 1 7e1f192f d19feb75 ff9ffb7f 0 1
6 0 0 0 00000003 00007fff 00007fff 0 1
6 1 0 1 80000001 00000010 80000011 0 1
6 1 1 0 ffff0000 4a757efc ffff7efc 0 0
6 0 1 0 0000000f 00000001 0000000f 0 0
6 0 0 1 00000004 0000fffe 0000fffe 0 1
6 0 0 0 80000001 0000ffff 8000ffff 0 1
6 1 0 0 aaaaaaaa 80000001 aaaaaaab 0 0
6 0 0 1 000000ff 4294c7a0 4294c7ff 0 1
6 0 1 0 25b70c02 a7eaddc6 a7ffddc6 0 1
6 1 0 1 7fffffff 7ffffffe 7fffffff 0 0
6 0 1 0 fffffffe 00000000 fffffffe 0 0
6 0 1 0 00000004 00000002 00000006 0 0
6 1 1 0 7ffffffe aaaaaaaa fffffffe 0 1
6 1 0 1 0f0f0f0f 80000000 8f0f0f0f 0 0
6 0 0 0 80000000 00000008 80000008 0 1
6 0 1 0 7ffffffe f0f0f0f0 fffffffe 0 1
6 0 0 0 00000004 00000001 00000005 0 0
6 0 1 1 2550a2a4 80000001 a550a2a5 0 1
6 1 1 0 55555555 00000010 55555555 0 0
6 1 1 1 2796292b 1766bbcc 37f6bbef 0 0
6 1 0 0 50d9e70c 3e5ff878 7edfff7c 0 0
6 1 0 0 761df176 635cd979 775df97f 0 0
6 0 0 1 aaaaaaaa ffff0000 ffffaaaa 0 1
6 1 1 0 00000004 deadbeef deadbeef 0 1
6 1 1 0 0fffffff ffff0000 ffffffff 0 1
6 1 0 1 6b23a080 191f4926 7b3fe9a6 0 0
6 1 1 0 b063fa62 0a7aa0c3 ba7bfae3 0 0
6 1 0 1 51c8f4be 48b2a515 59faf5bf 0 0
6 1 1 1 deadbeef 0000ffff deadffff 0 0
6 0 1 1 80000000 deadbeef deadbeef 0 1
6 0 1 0 8209825a 0fffffff 8fffffff 0 0
6 0 1 0 55555555 0000ffff 5555ffff 0 0
6 0 0 1 55555555 00000001 55555555 0 0
6 1 1 1 aaaaaaaa 00000008 aaaaaaaa 0 0
6 1 0 1 0000001f 00010000 0001001f 0 1
6 1 1 0 ffffffff 00010000 ffffffff 0 0
6 0 1 1 00007fff 103b0488 103b7fff 0 1
6 0 1 1 9e9c8a83 4236101e debe9a9f 0 0
6 1 1 0 00000000 00010000 00010000 0 1
6 1 0 0 16d2a18a 00000001 16d2a18b 0 0
6 0 0 1 00000010 00000004 00000014 0 0
6 0 0 1 bd5956c9 a891f13c bdd9f7fd 0 0
6 0 0 1 00000002 0000000f 0000000f 0 1
6 0 1 1 9fb6d05c b8ed30ff bffff0ff 0 1
6 1 0 1 ffff0000 0000001f ffff001f 0 1
6 1 1 0 0000fffe 00000002 0000fffe 0 0
6 0 0 0 fbc00044 37dd6886 ffdd68c6 0 1
6 0 0 1 ffffffff 0000fffe ffffffff 0 1
6 0 0 0 aaaaaaaa 7fffffff ffffffff 0 1
6 1 0 1 00000001 deadbeef deadbeef 0 0
6 0 0 1 5a7a78a6 80000000 da7a78a6 0 0
6 1 0 1 7fffffff 0000000f 7fffffff 0 0
6 1 1 1 00000001 ffff0000 ffff0001 0 1
6 0 1 1 00000008 7ffffffe 7ffffffe 0 1
6 1 0 0 0f0f0f0f 0000000f 0f0f0f0f 0 0
6 1 0 0 0f013c73 aaaaaaaa afabbefb 0 0
6 0 1 1 36e52468 a693e92f b6f7ed6f 0 1
6 1 1 0 0f0f0f0f 7fffffff 7fffffff 0 1
6 1 1 0 3ce70846 4f90df3c 7ff7df7e 0 1
6 1 0 0 00000003 00000000 00000003 0 0
6 0 0 1 23acd35f baa3179e bbafd7df 0 0
6 0 1 1 00008000 f0f0f0f0 f0f0f0f0 0 1
6 0 0 1 00000001 c0000000 c0000001 0 0
6 1 0 0 deadbeef fffffffe ffffffff 0 1
6 1 0 0 ffff0000 ffffffff ffffffff 0 1
6 1 0 0 ffff0000 deadbeef ffffbeef 0 0
6 0 1 0 dbc41a7c c7ceb2d4 dfcebafc 0 0
6 1 1 0 0000fffe 00000003 0000ffff 0 0
6 1 1 1 0000000f 80000000 8000000f 0 1
6 1 1 0 80000001 deadbeef deadbeef 0 1
6 1 0 0 703fa548 7c6cdd55 7c7ffd5d 0 1
6 1 1 1 caa9b423 18be9071 dabfb473 0 0
6 1 1 0 7fffffff 00000020 7fffffff 0 0
6 0 0 1 0000fffe b0cc15da b0ccfffe 0 0
6 1 1 0 0000ffff 00010000 0001ffff 0 1
6 0 0 0 72227007 8d818c19 ffa3fc1f 0 0
6 0 0 0 0000001f 00000020 0000003f 0 1
6 0 0 1 3f10a4b9 e1613e10 ff71beb9 0 0
# --- AND ---
# i_opsel i_sub i_unsigned i_arith i_op1 i_op2 | o_result o_eq o_slt
7 0 0 0 55555555 7fffffff 55555555 0 1
7 0 0 1 00010000 0000000f 00000000 0 0
7 0 0 1 c2897def cbbce748 c2886548 0 1
7 0 1 1 ffffffff fffffffe fffffffe 0 0
7 1 1 0 c0000000 4dc2747d 40000000 0 0
7 0 0 0 010c7c77 7fffffff 010c7c77 0 1
7 1 1 1 8011bec4 97d719b7 80111884 0 1
7 1 1 1 80000000 00000020 00000000 0 0
7 0 1 1 00000002 c0000000 00000000 0 1
7 1 0 1 ffffffff 0fffffff 0fffffff 0 1
7 1 0 1 000000ff 00000008 00000008 0 0
7 1 1 0 577b2995 215177f5 01512195 0 0
7 0 0 0 00000004 ffff0000 00000000 0 0
7 0 0 1 1d8c23f7 79a9ff53 19882353 0 1
7 0 1 1 fffffffe 00000020 00000020 0 0
7 1 1 0 0f0f0f0f 0000fffe 00000f0e 0 0
7 1 0 1 01a7b274 1a884333 00800230 0 1
7 1 0 1 ffccc24f 5f626087 5f404007 0 1
7 0 0 0 00000010 7fffffff 00000010 0 1
7 1 1 0 ffff0000 80000000 80000000 0 0
7 0 0 1 deadbeef 80000000 80000000 0 0
7 1 1 0 9e8a848c 49fd1890 08880080 0 0
7 1 1 0 add85efd a18b9730 a1881630 0 0
7 1 1 1 aa2c60c9 00000001 00000001 0 0
7 1 1 0 00010000 14aa45c3 00000000 0 1
7 1 0 0 acaa5db7 5a32b304 08221104 0 1
7 1 0 0 00000020 15a76a7e 00000020 0 1
7 0 1 0 dcb75330 d14dac3c d0050030 0 0
7 1 0 1 00008000 00000010 00000000 0 0
7 0 0 1 00000003 0000fffe 00000002 0 1
7 1 1 1 00000008 0000ffff 00000008 0 1
7 0 0 1 00007fff 80000001 00000001 0 0
7 0 1 0 aaaaaaaa 00000010 00000000 0 0
7 0 0 0 7fffffff 00000020 00000020 0 0
7 0 1 0 0000ffff deadbeef 0000beef 0 1
7 1 1 0 0f0f0f0f ed5aa3ce 0d0a030e 0 1
7 1 0 0 00000000 deadbeef 00000000 0 0
7 0 0 0 00000001 47e1a83d 00000001 0 1
7 0 1 1 00008000 0000001f 00000000 0 0
7 1 0 0 c3195577 d69fb265 c2191065 0 1
7 1 0 0 80000001 7ffffffe 00000000 0 1
7 1 1 1 0000fffe 0000000f 0000000e 0 0
7 1 0 1 8434b6e9 f7de3b78 84143268 0 1
7 1 0 1 00000010 0f0f0f0f 00000000 0 1
7 1 1 0 0000000f c3ab861a 0000000a 0 1
7 0 1 1 0000ffff c0000000 00000000 0 1
7 0 0 0 0000ffff 000000ff 000000ff 0 0
7 1 1 0 96bba9c7 a4f1babe 84b1a886 0 1
7 0 1 1 00000010 80000000 00000000 0 1
7 0 0 0 00000008 80000000 00000000 0 0
7 1 0 0 126dda8f 0000ffff 0000da8f 0 0
7 0 0 1 80000001 7fffffff 00000001 0 1
7 0 1 0 80000000 55555555 00000000 0 0
7 0 0 0 0000ffff 2a79acfa 0000acfa 0 1
7 1 1 1 3e352c5e 4250f6e6 02102446 0 1
7 1 0 1 00000000 0000001f 00000000 0 1
7 1 1 1 7fffffff aaaaaaaa 2aaaaaaa 0 1
7 1 0 1 00010000 0000ffff 00000000 0 0
7 0 0 1 715546cb e85b1277 60510243 0 0
7 0 0 0 fffffffe 0000ffff 0000fffe 0 1
7 0 0 0 c0000000 fffffffe c0000000 0 1
7 0 0 1 deadbeef f0f0f0f0 d0a0b0e0 0 1
7 0 0 0 80000001 0000ffff 00000001 0 1
7 1 1 0 3980d6c9 24734849 20004049 0 0
7 1 1 1 f9c01b0c de96b73d d880130c 0 0
7 1 0 1 80000001 80000000 80000000 0 0
7 0 0 1 0fffffff c0000000 00000000 0 0
7 1 0 0 0000001f deadbeef 0000000f 0 0
7 1 1 1 000000ff aaaaaaaa 000000aa 0 1
7 0 1 1 6bd1d0c1 a2a582d9 228180c1 0 1
7 0 1 1 ffff0000 deadbeef dead0000 0 0
7 1 1 1 b605ebe2 ffffffff b605ebe2 0 1
7 0 0 0 ec60568b 2bea69b1 28604081 0 1
7 0 1 0 0000000f ffff0000 00000000 0 1
7 0 0 1 80000000 87de5ac7 80000000 0 1
7 0 0 0 0fffffff 0000001f 0000001f 0 0
7 0 1 1 00000003 0000000f 00000003 0 1
7 1 1 0 00007fff decd6209 00006209 0 1
7 0 0 1 aaaaaaaa 55555555 00000000 0 1
7 0 1 1 00007fff 00000002 00000002 0 0
7 0 1 1 00000003 33bbca27 00000003 0 1
7 1 1 0 000000ff ffff0000 00000000 0 1
7 0 0 1 7fffffff 0fffffff 0fffffff 0 0
7 0 0 1 2c76dcd5 7c2ee933 2c26c811 0 1
7 0 0 0 cad4ce47 9a9a9362 8a908242 0 0
7 0 0 1 ad76c08c 268a9701 24028000 0 1
7 1 0 0 00000008 00000001 00000000 0 0
7 0 0 1 2f39a7f8 0a2e6748 0a282748 0 0
7 0 1 1 0a37bac5 53f19c0e 02319804 0 1
7 0 1 1 00000002 c0000000 00000000 0 1
7 1 0 1 00000001 80000000 00000000 0 0
7 0 0 0 06ff4bce 445dcb51 045d4b40 0 1
7 1 1 1 21a7356b 03d15636 01811422 0 0
7 0 1 0 0000000f deadbeef 0000000f 0 1
7 0 0 0 ffff0000 fffffffe ffff0000 0 1
7 0 1 1 fffffffe aaaaaaaa aaaaaaaa 0 0
7 0 0 0 43dedaf3 112d6276 010c4272 0 0
7 1 0 0 0000001f 000000ff 0000001f 0 1
7 0 0 1 ec5950a6 748426e1 640000a0 0 1
7 0 0 0 0fffffff 00000000 00000000 0 0
7 1 0 0 0000fffe 0fffffff 0000fffe 0 1
7 0 1 1 00000000 f0f0f0f0 00000000 0 1
7 1 1 0 00007fff f2330f1a 00000f1a 0 1
7 1 0 0 c3832dc2 9200ef2d 82002d00 0 0
7 0 0 1 aaaaaaaa 7fffffff 2aaaaaaa 0 1
7 1 1 1 80000000 fffffffe 80000000 0 1
7 1 0 1 00008000 00000004 00000000 0 0
7 0 1 0 00010000 0000001f 00000000 0 0
7 1 1 0 36d5b592 0df4362b 04d43402 0 0
7 1 1 1 de623fc8 3fec876f 1e600748 0 0
7 0 1 1 0000ffff fcdb734f 0000734f 0 1
7 0 0 1 00008000 0f0f0f0f 00000000 0 1
7 1 1 1 58574783 2415d23e 00154202 0 0
7 1 1 0 c0000000 aaaaaaaa 80000000 0 0
7 0 1 1 00010000 00000004 00000000 0 0
7 1 1 0 136cf48b 129b0d55 12080401 0 0
7 1 1 0 62d062dd 7b2797b3 62000291 0 1
7 0 0 0 0000ffff 00000003 00000003 0 0
7 1 1 0 5715acb0 da887ec5 52002c80 0 1
7 0 1 1 ef9e25e0 2b42dec8 2b0204c0 0 0
7 0 0 0 35ec5156 2388774a 21885142 0 0
7 1 0 1 000000ff 80000000 00000000 0 0
7 0 1 1 00008000 88ade423 00008000 0 1
7 1 1 1 aaaaaaaa 00000003 00000002 0 0
7 0 0 0 8af77c8f b0ea1382 80e21082 0 1
7 1 1 0 afa29982 00000008 00000000 0 0
7 0 0 0 00000010 00000002 00000000 0 0
7 0 0 1 00000010 80000001 00000000 0 0
7 0 1 0 80000001 00000008 00000000 0 0
7 0 0 1 ce3f64ab 7c4e31dd 4c0e2089 0 1
7 0 1 1 562a707d bf04e6ac 1600602c 0 1
7 0 1 1 0000f1f5 6aba7de2 000071e0 0 1
7 1 0 0 00000020 00008000 00000000 0 1
7 0 1 1 a846fca4 7fffffff 2846fca4 0 0
7 1 1 0 eed9a9bc 76177bdb 66112998 0 0
7 1 1 1 0f0f0f0f 80000000 00000000 0 1
7 1 1 0 381805cb 29c93d3b 2808050b 0 0
7 0 0 0 00000004 00000010 00000000 0 1
7 0 0 0 ffff0000 0f0f0f0f 0f0f0000 0 1
7 0 1 1 80000001 deadbeef 80000001 0 1
7 1 0 0 7a697f78 ab6625b9 2a602538 0 0
7 0 1 1 000000ff 00000000 00000000 0 0
7 1 1 1 deadbeef 0fffffff 0eadbeef 0 0
7 1 1 1 0000fffe 00000002 00000002 0 0
7 1 0 0 ffffffff 0000ffff 0000ffff 0 1
7 0 1 0 cb9690b7 3bdf9133 0b969033 0 0
7 0 1 1 416cd3fd 55555555 41445155 0 1
7 0 1 1 c0000000 00000001 00000000 0 0
7 0 1 1 00000004 00010000 00000000 0 1
7 1 0 0 cc15721e 0b3e5952 08145012 0 1
7 0 0 1 00000001 00000008 00000000 0 1
7 1 0 1 00000020 ffff0000 00000000 0 0
7 1 0 1 5daea3de 7e158cde 5c0480de 0 1
7 0 1 1 7a0986ca dc5bc967 58098042 0 1
7 0 0 1 7ffffffe 55555555 55555554 0 0
7 0 1 1 00007fff 00000004 00000004 0 0
7 1 0 0 00000001 d79c0dd2 00000000 0 0
7 0 1 0 deadbeef 0f0f0f0f 0e0d0e0f 0 0
7 0 1 1 4c4a3a25 0b728a11 08420a01 0 0
7 1 1 1 a75ea6ab eea6030b a606020b 0 1
7 0 0 1 0000001f 0000ffff 0000001f 0 1
7 0 1 0 00008000 7ffffffe 00008000 0 1
7 0 1 1 987cad85 e498335e 80182104 0 1
7 1 1 1 84ffa6ea 3ab4ca50 00b48240 0 0
7 0 0 0 deadbeef 00000003 00000003 0 1
7 1 1 1 00000020 7fffffff 00000020 0 1
7 0 0 1 fbcaf1d4 000000ff 000000d4 0 1
7 0 0 1 bf9fa69c deadbeef 9e8da68c 0 1
7 1 0 0 deadbeef 4cb1b6cb 4ca1b6cb 0 1
7 0 0 1 0000ffff 00010000 00000000 0 1
7 1 0 1 de1c08c9 e840ff16 c8000800 0 1
7 0 1 0 00000010 7ffffffe 00000010 0 1
7 1 1 1 0f0f0f0f 1f57863e 0f07060e 0 1
7 0 1 0 ffffffff 00000010 00000010 0 0
7 1 0 1 8b58e187 3c894cc8 08084080 0 1
7 1 0 1 0000000f 7fffffff 0000000f 0 1
7 0 1 0 adcafd1f 6d59f440 2d48f400 0 0
7 0 0 1 8100a812 f91bee86 8100a802 0 1
7 1 1 1 00000002 e39207b0 00000000 0 1
7 0 1 1 00000010 00008000 00000000 0 1
7 1 1 1 7fffffff f0f0f0f0 70f0f0f0 0 1
7 0 0 0 0000000f 00008000 00000000 0 1
7 0 1 1 fdb25d7b a47a01c3 a4320143 0 0
7 0 0 1 0000000f b75a7f6c 0000000c 0 0
7 0 1 1 0000fffe f0f0f0f0 0000f0f0 0 1
7 0 0 0 0000ffff 3f866d47 00006d47 0 1
7 0 1 1 000000ff 7ffffffe 000000fe 0 1
7 1 0 0 d8b3af31 e64dba55 c001aa11 0 1
7 1 0 1 cedc7d75 00000008 00000000 0 1
7 0 0 0 fffffffe 9e9d8ec8 9e9d8ec8 0 0
7 1 0 1 0fffffff 0911a303 0911a303 0 0
7 0 0 1 fbc6b9b0 bb297bf7 bb0039b0 0 0
7 1 0 0 0000000f 0000001f 0000000f 0 1
7 0 0 0 4035c836 f69f7216 40154016 0 0
7 1 0 0 00000001 ffffffff 00000001 0 0
7 0 1 0 f0f0f0f0 aaaaaaaa a0a0a0a0 0 0
7 1 0 0 0fffffff 000000ff 000000ff 0 0
7 0 0 1 00000010 deadbeef 00000000 0 0
7 1 0 1 00000000 00000008 00000000 0 1
7 0 0 0 0000000f 80000001 00000001 0 0
7 1 0 0 417264fc 1230c08a 00304088 0 0
7 1 1 0 00008000 f0f0f0f0 00008000 0 1
7 1 1 0 dc02758d 46453253 44003001 0 0
7 0 0 1 7052ae8e 5324c7c7 50008686 0 0
7 0 0 1 00007fff 000000ff 000000ff 0 0
7 1 0 1 00000008 ffff0000 00000000 0 0
7 0 1 1 25eed215 8217abd7 00068215 0 1
7 1 1 0 b82ee464 722230ea 30222060 0 0
7 1 1 0 00007fff fffffffe 00007ffe 0 1
7 0 1 1 00000003 fffffffe 00000002 0 1
7 1 1 1 80000000 c0000000 80000000 0 1
7 0 1 0 b617ab14 40243b34 00042b14 0 0
7 0 0 1 0fffffff 00007fff 00007fff 0 0
7 0 1 0 25102b89 ab5eedb7 21102981 0 1
7 0 0 1 55555555 00000020 00000000 0 0
7 0 1 0 00000000 77e1790d 00000000 0 1
7 0 0 0 ffff0000 0000ffff 00000000 0 1
7 0 0 1 aaaaaaaa f0f0f0f0 a0a0a0a0 0 1
7 0 1 1 55555555 0fffffff 05555555 0 0
7 1 0 1 00000001 00000000 00000000 0 0
7 0 0 0 55555555 aaaaaaaa 00000000 0 0
7 0 0 0 0fffffff 00000020 00000020 0 0
7 1 1 0 ffffffff 00000008 00000008 0 0
7 0 0 1 0000fffe aaaaaaaa 0000aaaa 0 0
7 0 1 1 00000010 f0f0f0f0 00000010 0 1
7 0 1 1 03616aa4 03005873 03004820 0 0
7 1 0 1 00010000 c0000000 00000000 0 0
7 1 0 0 000000ff 00007fff 000000ff 0 1
7 0 1 1 00000002 80000001 00000000 0 1
7 0 1 0 0000ffff 00000020 00000020 0 0
7 1 0 0 00000003 7ffffffe 00000002 0 1
7 0 0 1 00010000 00000010 00000000 0 0
7 0 1 1 245daace a253b34c 2051a24c 0 1
7 1 0 1 01c7fb2c c0000000 00000000 0 0
7 0 0 0 cbe1102d 51626f42 41600000 0 1
7 1 1 0 5ad65540 ec342a0e 48140000 0 1
7 0 0 0 00000020 0f0f0f0f 00000000 0 1
7 0 1 0 99a1755f 68b947dc 08a1455c 0 0
7 1 1 0 f0f0f0f0 5c69b33f 5060b030 0 0
7 1 0 0 00000000 0fffffff 00000000 0 1
7 0 1 0 d1905db8 4bae73ef 418051a8 0 0
7 0 1 0 00000001 deadbeef 00000001 0 1
7 1 0 0 501ba914 3108ae5b 1008a810 0 0
7 0 0 0 ffffffff 80000001 80000001 0 0
7 1 0 1 dba3a682 fc314eab d8210682 0 1
7 0 1 0 00000020 80000000 00000000 0 1
7 0 0 0 b99ce379 bffb7d4c b9986148 0 1
7 1 1 0 00000010 00000004 00000000 0 0
7 0 1 0 0000001f 00000004 00000004 0 0
7 1 1 1 f0f0f0f0 0d0dea50 0000e050 0 0
7 0 1 1 000000ff 00000001 00000001 0 0
7 1 0 0 c0000000 8456b4d7 80000000 0 0
7 1 1 0 7ffffffe acbeea2b 2cbeea2a 0 1
7 0 0 0 ffff0000 94f75e3f 94f70000 0 0
7 0 0 1 ffffffff 00000002 00000002 0 1
7 1 1 1 27826492 88ffde14 00824410 0 1
7 0 1 0 b14b056c 6129c539 21090528 0 0
7 1 1 0 00008000 00000020 00000000 0 0
7 1 1 0 00000008 ec3e81de 00000008 0 1
7 1 0 0 0a2d02c5 0fffffff 0a2d02c5 0 1
7 0 0 0 0000000f 00000008 00000008 0 0
7 0 0 1 0000000f c0000000 00000000 0 0
7 1 1 0 7fffffff c0000000 40000000 0 1
7 1 0 1 55555555 00000010 00000010 0 0
7 1 1 1 0000001f deadbeef 0000000f 0 1
7 0 0 0 d6a86271 261f25f5 06082071 0 1
7 0 1 1 cc3e4b1d 337d9c4c 003c080c 0 0
7 0 1 1 ffff0000 80000001 80000000 0 0
7 0 0 1 456430aa e4271f33 44241022 0 0
7 0 1 1 0000000f ffffffff 0000000f 0 1
7 0 0 1 c0000000 00007fff 00000000 0 1
7 1 1 1 10361f25 a93dc89d 00340805 0 1
7 1 1 1 0f0f0f0f 00000002 00000002 0 0
7 0 1 0 b6735dc9 17f7f83b 16735809 0 0
7 1 1 0 09a0833f e0abe41f 00a0801f 0 1
7 1 1 1 d2c90966 a58d0289 80890000 0 0
7 1 0 1 7ffffffe 00000010 00000010 0 0
7 1 0 1 00000020 00000002 00000000 0 0
7 1 0 0 00008000 aaaaaaaa 00008000 0 0
7 0 1 1 00000004 0000000f 00000004 0 1
7 0 1 1 fffffffe ac0e1c61 ac0e1c60 0 0
7 0 1 1 708c4b8c 626a8637 60080204 0 0
7 1 1 1 00010000 00000000 00000000 0 0
7 0 0 0 0000ffff 00008000 00008000 0 0
7 1 1 1 00000008 00000003 00000000 0 0
7 0 1 0 00000010 00007fff 00000010 0 1
7 1 0 0 a7dba860 644d1dae 24490820 0 1
7 1 0 0 7ffffffe 00000000 00000000 0 0
7 0 0 0 7fffffff 00010000 00010000 0 0
7 0 1 0 737506e2 ffff0000 73750000 0 1
7 0 0 0 791fd96c 7094a835 70148824 0 0
7 1 1 0 5dfa6239 a2b179a9 00b06029 0 1
7 1 0 1 55555555 000000ff 00000055 0 0
7 1 0 0 dd239ac6 0000ffff 00009ac6 0 1
7 1 1 0 4d9dbddd 8352f1af 0110b18d 0 1
7 0 0 1 b258e870 58bb46ad 10184020 0 1
7 1 0 1 a67440c9 72e11c4d 22600049 0 1
7 1 0 0 1d8a8e5a 32e7f1a9 10828008 0 1
7 1 0 1 00000003 7973ae01 00000001 0 1
7 1 1 1 00000020 deadbeef 00000020 0 1
7 0 0 1 e8c16829 3bdf9764 28c10020 0 1
7 1 1 0 725045d5 aaaaaaaa 22000080 0 1
7 0 0 1 deadbeef 80000001 80000001 0 0
7 1 0 1 0f0f0f0f 00000008 00000008 0 0
7 0 0 0 6ccaef9a baa4dcbe 2880cc9a 0 0
7 1 0 1 8e95597b fc98d3c7 8c905143 0 1
7 0 0 1 1099200f 00000020 00000000 0 0
7 0 1 0 0000000f 7ffffffe 0000000e 0 1
7 0 1 0 2e65471a 7d259b9e 2c25031a 0 1
7 0 1 0 00000004 d65d1548 00000000 0 1
7 1 1 1 b2fa7ca4 54b37045 10b27004 0 0
7 0 0 0 00000010 0000ffff 00000010 0 1
7 0 1 1 46c0851d 00008000 00008000 0 0
7 1 1 1 c0000000 0fffffff 00000000 0 0
7 0 0 0 cb243e3e 3af8da6f 0a201a2e 0 1
7 1 1 0 6c1db9f9 0000000f 00000009 0 0
7 1 1 0 0f0f0f0f 00000004 00000004 0 0
7 1 0 1 55555555 00000001 00000001 0 0
7 0 1 0 80000000 80000000 80000000 1 0
7 0 0 1 cab6b8ec 65f532b0 40b430a0 0 1
7 1 1 1 39c160cb 43e56ba8 01c16088 0 1
7 0 1 0 ce65d4b0 c228e233 c220c030 0 0
7 0 1 1 fffffffe 00010000 00010000 0 0
7 0 0 1 26f817cc 76c2ff79 26c01748 0 1
7 0 0 0 f0f0f0f0 0000000f 00000000 0 1
7 0 1 1 e72427cf 8b481097 83000087 0 0
7 0 0 1 00007fff 00008000 00000000 0 1
7 0 1 1 00000001 7fffffff 00000001 0 1
7 0 0 0 58c16ea9 03ec9aeb 00c00aa9 0 0
7 0 0 0 00007fff 00000010 00000010 0 0
7 0 1 1 343c430d 042d9ba2 042c0300 0 0
7 0 1 1 fffffffe c0000000 c0000000 0 0
7 0 0 1 c0000000 0000001f 00000000 0 1
7 0 1 1 a8d34fad 5b19d585 08114585 0 0
7 0 0 1 de6cf0e6 a42648a3 842440a2 0 0
7 1 1 0 deadbeef 7fffffff 5eadbeef 0 0
7 0 1 0 6c4fd8b1 be7b0084 2c4b0080 0 1
7 1 0 1 7fffffff 0000fffe 0000fffe 0 0
7 1 1 1 eef52b40 f9356ae4 e8352a40 0 1
7 1 1 0 aaaaaaaa 80000001 80000000 0 0
7 1 1 0 a5838702 51000dd6 01000502 0 0
7 0 0 0 bb115df2 0e8ecd15 0a004d10 0 1
7 0 0 1 00000004 00008000 00000000 0 1
7 1 0 0 fffffffe be5fff92 be5fff92 0 0
7 1 0 0 000000ff 00000010 00000010 0 0
7 1 1 0 15a22a69 c64236c7 04022241 0 1
7 1 1 1 80000000 0fffffff 00000000 0 0
7 0 0 1 deadbeef 0000fffe 0000beee 0 1
7 0 0 1 378153fa 00000003 00000002 0 0
7 1 1 1 55555555 0f0f0f0f 05050505 0 0
7 1 0 0 bc63f09c 00010000 00010000 0 1
7 0 1 1 1f864011 3b5a87a6 1b020000 0 1
7 1 1 1 00000020 00000010 00000000 0 0
7 1 1 1 00000008 aaaaaaaa 00000008 0 1
7 1 0 0 00000000 00000003 00000000 0 1
7 0 1 1 0fffffff f0f0f0f0 00f0f0f0 0 1
7 0 0 0 00000002 deadbeef 00000002 0 0
7 1 0 0 3df8536d 3321a794 31200304 0 0
7 1 0 0 55555555 ffff0000 55550000 0 0
7 0 1 1 43ab05cb dd6d009c 41290088 0 1
7 1 1 0 acf9c626 c0000000 80000000 0 1
7 1 1 1 88ef897d 532a2e6c 002a086c 0 0
7 0 0 0 00010000 00008000 00000000 0 0
7 0 1 0 a5c116b4 2cdbb179 24c11030 0 0
7 0 1 1 0000001f 00000003 00000003 0 0
7 1 0 0 8b659197 00000001 00000001 0 1
7 0 0 1 00000003 00000020 00000000 0 1
7 0 0 1 0000001f 00000000 00000000 0 0
7 0 0 1 1f9d2d40 ae9de485 0e9d2400 0 0
7 0 0 1 aaaaaaaa 000000ff 000000aa 0 1
7 0 1 0 ffffffff 00000000 00000000 0 0
7 1 0 1 01bd0081 5dc8ca0f 01880001 0 1
7 1 0 1 ffffffff 00010000 00010000 0 1
7 0 1 0 7ffffffe fffffffe 7ffffffe 0 1
7 0 0 1 dd7219b7 b5514334 95500134 0 0
7 1 1 1 0000fffe 2afe07b7 000007b6 0 1
7 0 0 1 0000000f 0000fffe 0000000e 0 1
7 1 0 1 69acf3f4 06061fb2 000413b0 0 0
7 1 1 0 aaaaaaaa 00000004 00000000 0 0
7 1 0 0 80000001 00000003 00000001 0 1
7 1 0 0 00000002 00000002 00000002 1 0
7 1 0 0 55555555 0000ffff 00005555 0 0
7 0 0 0 00000020 00010000 00000000 0 1
7 1 0 1 00000010 8fcb1ca2 00000000 0 0
7 1 1 1 51db0f48 b4db4c79 10db0c48 0 1
7 1 1 0 00000002 c0000000 00000000 0 1
7 0 1 1 b3711d72 cf439fcf 83411d42 0 1
7 1 1 0 acb83358 d76cf80c 84283008 0 1
7 0 0 1 7fffffff 0000001f 0000001f 0 0
7 1 1 1 f0f0f0f0 00010000 00000000 0 0
7 0 1 0 0000ffff 00000002 00000002 0 0
7 1 0 0 ffff0000 00000002 00000000 0 1
7 1 0 0 000000ff 00008000 00000000 0 1
7 0 0 1 c32b9ff6 0d867425 01021424 0 1
7 0 1 0 0000000f fffffffe 0000000e 0 1
7 0 0 1 45b52bda 7d188cd7 451008d2 0 1
7 0 0 0 9a46bcbd 7b553359 1a443019 0 1
7 0 1 1 00000004 0fffffff 00000004 0 1
7 1 1 1 c0000000 00000000 00000000 0 0
7 1 1 1 80000000 ffff0000 80000000 0 1
7 0 1 1 0c1a8eb6 f2bdcb63 00188a22 0 1
7 1 1 0 00000004 c0000000 00000000 0 1
7 0 0 1 00010000 ffffffff 00010000 0 0
7 1 0 1 deadbeef 00000004 00000004 0 1
7 1 1 1 000000ff 55555555 00000055 0 1
7 1 1 0 00000008 7fffffff 00000008 0 1
7 1 1 0 00000002 fffffffe 00000002 0 1
7 1 1 1 fef56f9a e63bc7ff e631479a 0 0
7 1 0 0 bf6e5afb 80cdfdeb 804c58eb 0 0
7 0 0 1 99df6879 91aedb4f 918e4849 0 0
7 1 0 1 0fffffff 55555555 05555555 0 1
7 0 1 1 f0f0f0f0 0000001f 00000010 0 0
7 1 1 1 65d03e93 cd05429e 45000292 0 1
7 1 1 0 00007fff 7c3bd442 00005442 0 1
7 1 1 1 00008000 fffffffe 00008000 0 1
7 0 0 0 5487e3f3 fa2eb7dc 5006a3d0 0 0
7 1 1 1 d4a08fad 7df3bb5e 54a08b0c 0 0
7 0 1 0 f0f0f0f0 0f0f0f0f 00000000 0 0
7 1 0 1 00000010 00000003 00000000 0 0
7 0 1 1 00007fff 00000008 00000008 0 0
7 1 1 0 aaaaaaaa c8ca0cbb 888a08aa 0 1
7 0 0 0 0000ffff 0f0f0f0f 00000f0f 0 1
7 0 1 1 7ffffffe 7ffffffe 7ffffffe 1 0
7 0 0 0 fffffffe 00000001 00000000 0 1
7 0 1 1 1a8c4ffa 60478373 00040372 0 1
7 0 0 0 80000001 00252f08 00000000 0 1
7 1 1 1 00000010 00010000 00000000 0 1
7 0 1 1 0fffffff 00000003 00000003 0 0
7 1 1 0 5748bee6 efc28563 47408462 0 1
7 0 0 1 7ffffffe f0f0f0f0 70f0f0f0 0 0
7 1 0 0 aaaaaaaa 0000000f 0000000a 0 1
7 0 1 0 e1bd0565 0232c7b7 00300525 0 0
7 1 0 0 389aa96d b62b0e5d 300a084d 0 0
7 0 1 0 80000001 c0000000 80000000 0 1
7 1 1 1 7ffffffe ffffffff 7ffffffe 0 1
7 1 0 0 80000000 00000003 00000000 0 1
7 1 1 0 dffab142 095d409f 09580002 0 0
7 0 1 0 0f0f0f0f deadbeef 0e0d0e0f 0 1
7 1 1 0 0000001f c0000000 00000000 0 1
7 0 1 1 00000020 00000004 00000000 0 0
7 0 1 0 deadbeef 00000010 00000000 0 0
7 1 1 0 00000002 00008000 00000000 0 1
7 1 0 0 00010000 80000001 00000000 0 0
7 0 1 1 ffffffff 55555555 55555555 0 0
7 1 1 1 3962add2 80000001 00000000 0 1
7 0 1 0 00000010 0000fffe 00000010 0 1
7 0 0 0 00010000 994cce20 00000000 0 0
7 1 1 0 cc6931bc cf227357 cc203114 0 1
7 1 0 0 00010000 0000fffe 00000000 0 0
7 1 0 0 7fffffff fffffffe 7ffffffe 0 0
7 1 1 0 f55139a1 0fffffff 055139a1 0 0
7 0 1 0 473c59df c13beac3 413848c3 0 1
7 0 0 1 00000001 00000010 00000000 0 1
7 1 1 0 00000008 927a63e0 00000000 0 1
7 0 0 0 00000003 90183431 00000001 0 0
7 0 0 0 7ffffffe 80000001 00000000 0 0
7 1 0 1 80000001 ffffffff 80000001 0 1
7 0 1 0 39488bc2 00000008 00000000 0 0
7 1 0 0 0f0f0f0f 0b2683f2 0b060302 0 0
7 0 1 1 bec33f8e a6e3cb4c a6c30b0c 0 0
7 1 1 1 fffffffe 80000000 80000000 0 0
7 0 1 1 0fffffff aaaaaaaa 0aaaaaaa 0 1
7 1 1 1 000000ff c7c6783d 0000003d 0 1
7 1 0 0 ffff0000 0000fffe 00000000 0 1
7 0 0 1 ffff0000 00000010 00000000 0 1
7 0 1 0 c0000000 c0000000 c0000000 1 0
7 0 1 1 00010000 7fffffff 00010000 0 1
7 1 1 1 1b77f4a3 0f0f0f0f 0b070403 0 0
7 0 1 0 000000ff deadbeef 000000ef 0 1
7 0 0 0 f0f0f0f0 9b9d600e 90906000 0 0
7 1 0 1 7ffffffe c0000000 40000000 0 0
7 1 1 1 00000002 fffffffe 00000002 0 1
7 0 0 1 80000001 80000001 80000001 1 0
7 0 0 1 8e639497 55555555 04411415 0 1
7 0 0 0 0000001f 7fffffff 0000001f 0 1
7 1 0 0 aaaaaaaa 00010000 00000000 0 1
7 0 0 1 b19c52ec ad7b8168 a1180068 0 0
7 1 0 1 13c84077 00000001 00000001 0 0
7 0 0 1 c7a22194 c88fdc3e c0820014 0 1
7 1 0 1 112c0c35 3f58ce1a 11080c10 0 1
7 0 1 0 ffff0000 00000020 00000000 0 0
7 1 0 0 00000008 fffffffe 00000008 0 0
7 0 0 0 ffff0000 00000001 00000000 0 1
7 1 1 0 0000000f 00000000 00000000 0 0
7 1 0 1 be3b9497 5a706fd0 1a300490 0 1
7 0 0 1 00000008 00000000 00000000 0 0
7 1 1 1 00000010 234bc3bb 00000010 0 1
7 1 1 0 3c18758d 5410d720 14105500 0 1
7 1 0 1 0fffffff fffffffe 0ffffffe 0 0
7 1 0 1 11d31bcf 696bff9d 01431b8d 0 1
7 1 0 1 000000ff 000000ff 000000ff 1 0
7 0 1 0 00008000 00000002 00000000 0 0
7 1 1 0 00000003 00000004 00000000 0 1
7 0 0 1 d70197ef 1bbedcf3 130094e3 0 1
7 1 1 0 df1a7f4e 16e5b070 16003040 0 0
7 1 0 1 7fffffff 0000ffff 0000ffff 0 0
7 1 0 0 7fffffff 80000001 00000001 0 0
7 0 0 0 5dc5cec0 60a22e8d 40800e80 0 1
7 1 0 0 00000003 00010000 00000000 0 1
7 1 0 1 c0000000 80000001 80000000 0 0
7 1 1 1 3bf26346 0295db7d 02904344 0 0
7 1 1 1 00000000 55555555 00000000 0 1
7 0 1 0 00010000 aaaaaaaa 00000000 0 1
7 1 1 1 deadbeef 00000001 00000001 0 0
7 1 1 1 00000000 0000000f 00000000 0 1
7 0 0 1 1a1c54a6 8debe748 08084400 0 0
7 0 1 1 ffffffff 0000000f 0000000f 0 0
7 1 0 1 0000fffe c0000000 00000000 0 0
7 0 0 0 55555555 00000002 00000000 0 0
7 1 0 1 0000000f aaaaaaaa 0000000a 0 0
7 1 0 1 7ecd9b86 00000002 00000002 0 0
7 1 1 0 80000001 00007fff 00000001 0 0
7 1 1 1 20838318 55555555 00010110 0 1
7 0 1 1 0000ffff aaaaaaaa 0000aaaa 0 1
7 0 1 1 7fffffff ffffffff 7fffffff 0 1
7 1 0 1 ffffffff 00000004 00000004 0 1
7 0 0 1 00000001 00007fff 00000001 0 1
7 1 1 0 524bd5df dc2cd0f6 5008d0d6 0 1
7 1 0 0 80000001 9aa8e849 80000001 0 1
7 0 0 0 b5dbdfe5 2956f748 2152d740 0 1
7 0 0 1 967ca354 08710292 00700210 0 1
7 1 0 1 aaaaaaaa 00000001 00000000 0 1
7 0 0 1 ffff0000 aaaaaaaa aaaa0000 0 0
7 1 0 0 79a12dcb b06d1de2 30210dc2 0 0
7 1 0 1 0fbfd8cf 76f183f7 06b180c7 0 1
7 0 1 1 7fffffff 55555555 55555555 0 0
7 0 0 1 aaaaaaaa c8014a1e 88000a0a 0 1
7 1 1 0 aaaaaaaa 00000000 00000000 0 0
7 0 1 0 00000002 00000001 00000000 0 0
7 0 1 1 000000ff 80000001 00000001 0 1
7 1 1 1 75ed574a 2e4a838e 2448030a 0 0
7 0 1 1 0000001f 00008000 00000000 0 1
7 0 0 1 00000002 0f0f0f0f 00000002 0 1
7 1 1 0 ffffffff 00000001 00000001 0 0
7 0 0 1 00000004 0f0f0f0f 00000004 0 1
7 0 1 0 404613a1 f0f0f0f0 404010a0 0 1
7 1 0 0 aaaaaaaa 00000020 00000020 0 1
7 0 0 1 9fb9cb94 00000004 00000004 0 1
7 1 1 0 49ab8223 71fe2a49 41aa0201 0 1
7 0 1 0 deadbeef ffffffff deadbeef 0 1
7 1 1 1 00007fff f0f0f0f0 000070f0 0 1
7 0 0 0 dfa4ca2a 9ec2e180 9e80c000 0 0
7 1 0 1 7ffffffe 00000003 00000002 0 0
7 1 0 1 55555555 0000000f 00000005 0 0
7 1 1 0 000000ff 17e6d488 00000088 0 1
7 0 1 0 00000010 0000000f 00000000 0 0
7 1 1 0 0000000f 0f0f0f0f 0000000f 0 1
7 0 1 0 00010000 fffffffe 00010000 0 1
7 1 1 0 0000ffff 0000001f 0000001f 0 0
7 0 1 1 00010000 7eb86d1e 00000000 0 1
7 1 0 1 00000000 0000ffff 00000000 0 1
7 1 1 0 00000004 55555555 00000004 0 1
7 0 1 0 0000000f 80000000 00000000 0 1
7 1 1 1 d28dfcab a9391ec5 80091c81 0 0
7 1 1 1 7fffffff 80000000 00000000 0 1
7 0 0 1 0f0f0f0f 8a2c2f84 0a0c0f04 0 0
7 0 0 1 fffffffe 7ffffffe 7ffffffe 0 1
7 1 1 1 0000fffe deadbeef 0000beee 0 1
7 0 1 1 bf87fbba 88596ab2 88016ab2 0 0
7 0 1 1 0000000f 1837e794 00000004 0 1
7 0 1 1 0f0f0f0f 000000ff 0000000f 0 0
7 0 1 0 0e4c42e1 9dcf7d0e 0c4c4000 0 1
7 1 0 0 55555555 0000001f 00000015 0 0
7 0 0 0 ffff0000 cecf033a cecf0000 0 0
7 1 0 1 00000020 0000001f 00000000 0 0
7 1 1 0 80000000 7ffffffe 00000000 0 0
7 1 1 1 000000ff 00000002 00000002 0 0
7 1 1 1 ffff0000 4be775f6 4be70000 0 0
7 1 1 1 7c0a3f99 fffffffe 7c0a3f98 0 1
7 1 0 1 38969a1e 024c2744 00040204 0 0
7 0 1 0 fffffffe 00000002 00000002 0 0
7 1 1 1 8e837ae4 501d4da6 000148a4 0 0
7 1 1 1 0000ffff ffffffff 0000ffff 0 1
7 1 1 1 00007fff 0000001f 0000001f 0 0
7 0 0 1 b609d26e 525cdf54 1208d244 0 1
7 1 1 0 e0f0c273 4093e7e0 4090c260 0 0
7 1 0 0 36c94939 0000000f 00000009 0 0
7 1 1 1 f0f0f0f0 00000004 00000000 0 0
7 0 1 0 0000ffff 7fffffff 0000ffff 0 1
7 0 0 1 0fffffff ffffffff 0fffffff 0 0
7 1 1 1 00000008 07ea7cae 00000008 0 1
7 0 0 1 0fffffff 80000001 00000001 0 0
7 0 0 0 80000000 0000001f 00000000 0 1
7 1 1 1 00008000 7fffffff 00008000 0 1
7 1 0 1 c0000000 f0f0f0f0 c0000000 0 1
7 1 0 1 3647d57e b96ea447 30468446 0 0
7 1 0 0 00010000 00010000 00010000 1 0
7 1 1 1 00000010 704ebac5 00000000 0 1
7 0 1 0 7ffffffe 0000ffff 0000fffe 0 0
7 0 0 1 00007fff a8825d51 00005d51 0 0
7 0 0 1 00000003 00007fff 00000003 0 1
7 0 0 1 7fffffff 0f0f0f0f 0f0f0f0f 0 0
7 1 0 1 c6124cb4 0000000f 00000004 0 1
7 1 0 1 00010000 f0f0f0f0 00000000 0 0
7 0 0 1 f2bfb10f b5a6ae09 b0a6a009 0 0
7 0 0 1 0fffffff b217dad5 0217dad5 0 0
7 0 0 0 96c1b122 deadbeef 9681b022 0 1
7 1 0 0 0f0f0f0f 7fffffff 0f0f0f0f 0 1
7 0 1 0 50f0a43e 646d8fa4 40608424 0 1
7 0 1 1 00000002 ffff0000 00000000 0 1
7 0 1 1 68d09065 2c684967 28400065 0 0
7 0 1 0 00007fff 00000003 00000003 0 0
7 1 1 1 55555555 095f1e9c 01551414 0 0
7 0 1 0 7fffffff 00008000 00008000 0 0
7 0 1 1 f0f0f0f0 00000008 00000000 0 0
7 0 0 0 cc7f3b13 c86c71a3 c86c3103 0 0
7 1 0 1 aaaaaaaa fffffffe aaaaaaaa 0 1
7 0 0 0 7863a616 00000004 00000004 0 0
7 0 0 0 00000002 0fffffff 00000002 0 1
7 1 1 1 7151c7b5 96d2aab9 105082b1 0 1
7 0 0 1 80000001 f0f0f0f0 80000000 0 1
7 1 0 0 df972234 f448a560 d4002020 0 1
7 1 1 0 00010000 0f0f0f0f 00010000 0 1
7 0 0 1 00000008 00000010 00000000 0 1
7 0 1 0 5221673e 00000008 00000008 0 0
7 1 0 0 7f425dd2 0000ffff 00005dd2 0 0
7 0 1 0 a638369d fffffffe a638369c 0 1
7 1 1 1 00007fff 54ed5cae 00005cae 0 1
7 1 1 0 0000001f 55555555 00000015 0 1
7 1 0 0 f81370dc 0e3d2fed 081120cc 0 1
7 0 1 0 50139a66 fcf4795b 50101842 0 1
7 1 1 0 80000001 0000000f 00000001 0 0
7 0 1 0 00008000 00010000 00000000 0 1
7 0 1 0 00010000 feaf9e4e 00010000 0 1
7 1 0 0 55555555 0000000f 00000005 0 0
7 1 0 0 00000020 0000000f 00000000 0 0
7 0 0 1 749080a5 80000001 00000001 0 0
7 1 0 1 3ef5c4e7 dc76821c 1c748004 0 0
7 0 0 1 f3f10b65 fffffffe f3f10b64 0 1
7 0 0 1 0000000f 00000001 00000001 0 0
7 1 0 1 0000001f 80000000 00000000 0 0
7 1 1 0 0000001f 80000001 00000001 0 1
7 1 0 0 000000ff 00000003 00000003 0 0
7 1 1 0 f0f0f0f0 3e82a917 3080a010 0 0
7 1 0 0 0fffffff ffff0000 0fff0000 0 0
7 1 1 1 55555555 00000003 00000001 0 0
7 0 1 0 80000001 55555555 00000001 0 0
7 1 0 0 00000010 55555555 00000010 0 1
7 1 1 0 0f0f0f0f 0000ffff 00000f0f 0 0
7 0 1 1 768f7034 e661589a 66015010 0 1
7 1 0 0 918de9fb 498cc219 018cc019 0 1
7 1 1 0 000000ff c0000000 00000000 0 1
7 0 1 0 94ea1846 0d0510b2 04001002 0 0
7 1 1 0 a9d6ba47 ef93b211 a992b201 0 1
7 1 0 1 db50e0c5 0000ffff 0000e0c5 0 1
7 1 1 1 bcee0414 00000004 00000004 0 0
7 0 0 1 fc23206f e341b855 e0012045 0 0
7 0 1 0 00000004 00000000 00000000 0 0
7 0 1 0 fffffffe ffffffff fffffffe 0 1
7 1 0 1 511e9837 c1582a5c 41180814 0 0
7 1 0 1 ef08f07c 049a5940 04085040 0 1
7 0 0 1 7ffffffe 00000020 00000020 0 0
7 1 0 0 00000001 ffff0000 00000000 0 0
7 1 1 0 0f0f0f0f 00000001 00000001 0 0
7 0 1 1 aaaaaaaa deadbeef 8aa8aaaa 0 1
7 0 1 0 00000000 fffffffe 00000000 0 1
7 0 1 0 081ce7fc 4feb127f 0808027c 0 1
7 1 1 1 0000001f 00010000 00000000 0 1
7 1 0 1 ffffffff 00007fff 00007fff 0 1
7 0 1 1 55555555 0000fffe 00005554 0 0
7 1 1 1 0000fffe 0000ffff 0000fffe 0 1
7 0 0 0 80000000 0f0f0f0f 00000000 0 1
7 0 0 1 00000004 aaaaaaaa 00000000 0 0
7 0 1 1 00000000 00000020 00000000 0 1
7 0 0 1 e3537a20 9a144829 82104820 0 0
7 0 0 0 ffffffff aaaaaaaa aaaaaaaa 0 0
7 0 0 0 00000004 00000001 00000000 0 0
7 0 0 0 57471b8a 3967ecb1 11470880 0 0
7 0 1 0 5cad1a5b 8bd5c343 08850243 0 1
7 1 0 1 00000020 bcb784ac 00000020 0 0
7 1 1 0 ffff0000 00000003 00000000 0 0
7 0 1 1 42e67e3a 00000004 00000000 0 0
7 0 1 0 0000fffe ffffffff 0000fffe 0 1
7 0 1 0 ac345c52 1347133f 00041012 0 0
7 1 0 1 da843c1b b508494a 9000080a 0 0
7 1 0 1 80000000 f0f0f0f0 80000000 0 1
7 0 0 0 f6e2ba7f ffffffff f6e2ba7f 0 1
7 0 1 0 7ffffffe 00000004 00000004 0 0
7 0 1 0 dca3ef04 c0000000 c0000000 0 0
7 0 1 1 00000002 e2f99672 00000002 0 1
7 1 0 1 67024c85 08da0efa 00020c80 0 0
7 0 0 0 00000008 00010000 00000000 0 1
7 0 0 0 908db365 b7933855 90813045 0 1
7 1 0 0 c0000000 00000003 00000000 0 1
7 0 1 0 7fffffff 00007fff 00007fff 0 0
7 0 0 0 c0000000 16820909 00000000 0 1
7 1 0 1 3c44c272 837fb7de 00448252 0 0
7 0 0 0 7211fb00 7fffffff 7211fb00 0 1
7 0 0 0 a7405396 2eb4f5e3 26005182 0 1
7 0 1 0 00000010 ffffffff 00000010 0 1
7 1 0 1 035e744b 6fcf8e41 034e0441 0 1
7 0 1 1 00010000 361814fe 00000000 0 1
7 1 0 0 9395c87a e3285881 83004800 0 1
7 1 1 1 deadbeef 00008000 00008000 0 0
7 0 0 1 c782cd88 00000003 00000000 0 1
7 0 1 1 0000001f 0000000f 0000000f 0 0
7 1 1 1 4a8095fa e94ea058 48008058 0 1
7 0 0 0 b1294091 907666a4 90204080 0 0
7 0 1 1 0000fffe fffffffe 0000fffe 0 1
7 1 1 1 00000004 00000020 00000000 0 1
7 1 1 0 7ffffffe 00000008 00000008 0 0
7 0 0 0 eeca76b9 7ffffffe 6eca76b8 0 1
7 1 0 0 ecca8496 4e575422 4c420402 0 1
7 1 1 0 c0000000 00000010 00000000 0 0
7 1 1 1 772325a0 58e105ce 50210580 0 0
7 1 1 0 f0f0f0f0 0000fffe 0000f0f0 0 0
7 1 1 0 0f0f0f0f 000000ff 0000000f 0 0
7 1 0 0 0fffffff 00000004 00000004 0 0
7 0 0 1 00000002 aaaaaaaa 00000002 0 0
7 1 1 1 8dd1a827 c469f453 8441a003 0 1
7 0 0 1 55555555 7ffffffe 55555554 0 1
7 0 1 1 49beca87 e227635a 40264202 0 1
7 1 1 1 438df66b 0f610eb5 03010621 0 0
7 1 0 1 cd2fb621 fee5f115 cc25b001 0 1
7 1 0 1 96060f1d 630f106a 02060008 0 1
7 1 0 0 aaaaaaaa 00000002 00000002 0 1
7 0 0 1 ffffffff 00000001 00000001 0 1
7 0 1 0 00000010 1b71dd06 00000000 0 1
7 0 0 0 00007fff a5662781 00002781 0 0
7 0 1 1 0000001f aaaaaaaa 0000000a 0 1
7 1 1 0 00000003 80000001 00000001 0 1
7 1 0 1 00000002 70e0271f 00000002 0 1
7 0 1 1 0000001f 0fffffff 0000001f 0 1
7 0 1 0 0000000f 8f62ae83 00000003 0 1
7 1 1 1 00000000 0f0f0f0f 00000000 0 1
7 1 1 1 ab545d55 a200f062 a2005040 0 0
7 0 1 0 181d73d7 a730a84d 00102045 0 1
7 0 1 1 cdce721c 96c1ee2b 84c06208 0 0
7 1 0 0 49d23728 d2dfe9ad 40d22128 0 0
7 1 1 0 00000020 0fffffff 00000020 0 1
7 1 1 1 80000001 00000002 00000000 0 0
7 1 1 1 fd6d969e 74d511a6 74451086 0 0
7 1 0 1 ce2bc786 09c012ca 08000282 0 1
7 0 0 0 7748cc47 00000002 00000002 0 0
7 0 0 1 000000ff ffffffff 000000ff 0 0
7 1 0 1 00000002 0fffffff 00000002 0 1
7 0 1 0 00000010 00000010 00000010 1 0
7 0 0 0 00000008 4c8e8aa5 00000000 0 1
7 1 0 0 5224af35 f84fd90d 50048905 0 0
7 1 0 1 d7a52417 eff8b043 c7a02003 0 1
7 1 1 0 f0f0f0f0 80000001 80000000 0 0
7 0 1 1 9d7293a7 01d0d3af 015093a7 0 0
7 1 0 0 00000002 3795ddd7 00000002 0 1
7 1 1 1 00010000 00000010 00000000 0 0
7 0 1 0 fffffffe cb60a799 cb60a798 0 0
7 1 0 1 46d45866 c90888fa 40000862 0 0
7 0 0 0 00000002 0000001f 00000002 0 1
7 1 0 0 00000001 0f0f0f0f 00000001 0 1
7 1 1 0 0000000f 55555555 00000005 0 1
7 1 0 1 00000008 0000001f 00000008 0 1
7 1 1 1 0000fffe 00007fff 00007ffe 0 0
7 1 0 1 306b314e 00ed4b21 00690100 0 0
7 1 0 0 0000ffff 0000ffff 0000ffff 1 0
7 1 0 1 4cf8199e 7fffffff 4cf8199e 0 1
7 0 1 0 c0000000 00000020 00000000 0 0
7 1 1 0 ffffffff dba82503 dba82503 0 0
7 0 1 0 69656a05 c1bac00b 41204001 0 1
7 0 1 0 0b1a2a92 2783ceb1 03020a90 0 1
7 1 1 1 00000002 00000000 00000000 0 0
7 0 0 1 0000fffe 00000010 00000010 0 0
7 1 0 1 d7a58fc1 b14ab84e 91008840 0 0
7 0 0 1 ac3f79d1 4747f843 04077841 0 1
7 0 1 0 0000000f 0fffffff 0000000f 0 1
7 0 0 1 7ffffffe 0000001f 0000001e 0 0
7 0 1 0 00000003 ffff0000 00000000 0 1
7 1 0 1 4ac3f958 79995e0d 48815808 0 1
7 0 1 0 7ffffffe 00000008 00000008 0 0
7 0 1 1 fc5224e4 00000020 00000020 0 0
7 1 1 1 f4da4ef6 441823e6 441802e6 0 0
7 0 1 1 7ffffffe 00008000 00008000 0 0
7 1 0 0 0000ffff 00000000 00000000 0 0
7 1 0 1 dee728c3 197fbfbd 18672881 0 1
7 1 0 1 f0f0f0f0 7fffffff 70f0f0f0 0 1
7 0 1 1 bd1f39c5 ad6f3734 ad0f3104 0 0
7 1 1 1 2cb8a164 5b15be0c 0810a004 0 1
7 0 1 0 0000fffe 0f0f0f0f 00000f0e 0 1
7 0 1 0 316bba8f 47838a94 01038a84 0 1
7 0 1 1 00000008 c0000000 00000000 0 1
7 1 1 0 c93ba8ee deadbeef c829a8ee 0 1
7 0 0 0 80000000 0000000f 00000000 0 1
7 0 1 0 1028d255 1481d5af 1000d005 0 1
7 1 0 1 5da6859b 0241a759 00008519 0 0
7 1 0 0 00000010 00000000 00000000 0 0
7 1 0 0 c0000000 ffffffff c0000000 0 1
7 1 1 1 dc59cb15 60da6e06 40584a04 0 0
7 1 0 1 910d2862 83f238b3 81002822 0 0
7 1 1 1 6f5a4001 cb2e75bc 4b0a4000 0 1
7 1 0 0 83182118 068e9279 02080018 0 1
7 0 0 0 000000ff 00000020 00000020 0 0
7 0 1 0 ffff0000 0fffffff 0fff0000 0 0
7 0 1 1 00000002 0000ffff 00000002 0 1
7 0 0 0 55555555 00000002 00000000 0 0
7 0 0 1 bcd77293 5dd98487 1cd10083 0 1
7 1 1 1 0f0f0f0f f0f0f0f0 00000000 0 1
7 1 1 0 2e15f487 c0000000 00000000 0 1
7 1 0 0 9ff48f52 a9e298f5 89e08850 0 1
7 0 1 1 deadbeef 0000000f 0000000f 0 0
7 1 0 0 040d9a29 e79e7bf2 040c1a20 0 0
7 0 1 0 4912e0a4 279ca2ac 0110a0a4 0 0
7 0 0 0 9a0e2bb4 fffffffe 9a0e2bb4 0 1
7 0 0 1 2b68ea63 95b19145 01208041 0 0
7 1 1 0 f8febfb5 00008000 00008000 0 0
7 0 1 1 8b367c7a 1e3832aa 0a30302a 0 0
7 0 1 1 00000004 deadbeef 00000004 0 1
7 1 1 1 11e51b42 c0416d3d 00410900 0 1
7 0 1 0 65cf82d8 f64ded84 644d8080 0 1
7 1 0 1 00000020 0000fffe 00000020 0 1
7 0 0 1 52aea874 0a68d1ce 02288044 0 0
7 1 1 0 9bbdf739 2e89d568 0a89d528 0 0
7 1 1 0 0f0f0f0f 00010000 00010000 0 0
7 1 1 1 d821734f ffffffff d821734f 0 1
7 1 1 1 ffffffff bf9833a9 bf9833a9 0 0
7 1 0 0 deadbeef c0000000 c0000000 0 0
7 1 1 1 00000003 00000000 00000000 0 0
7 1 0 0 a6d63c6c 0fffffff 06d63c6c 0 1
7 1 1 1 c0000000 0000ffff 00000000 0 0
7 0 1 1 98cdefe7 deadbeef 988daee7 0 1
7 0 1 1 55555555 ffffffff 55555555 0 1
7 1 1 0 00007fff deadbeef 00003eef 0 1
7 1 0 1 bb374331 37e16917 33214111 0 1
7 0 1 1 1cf5e62b 6a99dab0 0891c220 0 1
7 1 0 0 00000002 ffffffff 00000002 0 0
7 0 1 0 00000008 f0f0f0f0 00000000 0 1
7 1 1 0 00010000 00000020 00000000 0 0
7 1 0 1 00000003 55555555 00000001 0 1
7 1 0 1 0000001f 0f0f0f0f 0000000f 0 1
7 0 1 1 831f330d 18ec92d0 000c1200 0 0
7 0 1 1 0000001f 00000010 00000010 0 0
7 0 0 0 b4119e8e b6f4fc56 b4109c06 0 1
7 1 1 1 ffff0000 00007fff 00000000 0 0
7 1 0 0 40daadae bbe1774c 00c0250c 0 0
7 0 0 0 00008000 00007fff 00000000 0 0
7 1 1 0 0fffffff 3de86a53 0de86a53 0 1
7 0 1 1 821ce062 c0000000 80000000 0 1
7 0 0 0 aaaaaaaa 0000fffe 0000aaaa 0 1
7 0 0 0 c0000000 0000001f 00000000 0 1
7 0 1 0 0f0f0f0f 00000020 00000000 0 0
7 0 1 0 00000004 0000001f 00000004 0 1
7 1 1 0 dc7395b5 5adb3031 58531031 0 0
7 1 1 1 0000ffff 0000fffe 0000fffe 0 0
7 1 1 1 0f0f0f0f 55555555 05050505 0 1
7 1 1 0 00000010 501f12fc 00000010 0 1
7 1 0 0 7ffffffe 0000fffe 0000fffe 0 0
7 0 1 0 fffffffe 7fffffff 7ffffffe 0 0
7 1 0 0 0f8eae16 f46ab42a 040aa402 0 0
7 1 1 1 00010000 deadbeef 00010000 0 1
7 1 0 0 00000002 00000008 00000000 0 1
7 1 1 1 8dcd9ff0 00000008 00000000 0 0
7 0 0 0 000000ff 00000004 00000004 0 0
7 0 1 0 00000004 becdaab6 00000004 0 1
7 0 0 0 0000ffff fffffffe 0000fffe 0 0
7 1 0 1 6e1a5c44 23641a83 22001800 0 0
7 0 0 1 0000ffff 0fffffff 0000ffff 0 1
7 0 1 0 ffff0000 c0000000 c0000000 0 0
7 0 0 0 17690848 da802e7b 12000848 0 0
7 0 1 1 b6cc28f2 fd80fd78 b4802870 0 1
7 0 0 1 aaaaaaaa 80000000 80000000 0 0
7 1 1 0 0fffffff deadbeef 0eadbeef 0 1
7 1 1 1 00000003 0000001f 00000003 0 1
7 1 0 1 00000020 00000000 00000000 0 0
7 1 1 0 80000001 00010000 00000000 0 0
7 0 1 1 851603f5 245bfbb8 041203b0 0 0
7 0 1 1 00000001 00000020 00000000 0 1
7 1 1 1 2360515e 5b78f151 03605150 0 1
7 1 1 0 00010000 00000001 00000000 0 0
7 0 0 0 80000000 0000ffff 00000000 0 1
7 0 1 1 ffffffff 00000020 00000020 0 0
7 1 1 0 5551200d aaee8d64 00400004 0 1
7 1 1 1 fe0b89a5 9d208eb1 9c0088a1 0 0
7 1 1 0 c0000000 000000ff 00000000 0 0
7 1 1 0 565519b4 eaeb39de 42411994 0 1
7 0 1 1 4ad49fbb 6b68c987 4a408983 0 1
7 0 1 1 7ee20a28 023e4036 02220020 0 0
7 0 0 0 00000002 00000003 00000002 0 1
7 0 1 0 5d3c4db3 59166347 59144103 0 0
7 1 0 1 80000001 00000004 00000000 0 1
7 0 0 1 2a8ae7ee 00007fff 000067ee 0 0
7 1 1 0 0fffffff 00000003 00000003 0 0
7 1 1 1 55555555 00010000 00010000 0 0
7 0 1 1 2e5f279c 21def7ac 205e278c 0 0
7 1 1 1 6aa94578 0000001f 00000018 0 0
7 1 1 1 7b2343f1 5c52567c 58024270 0 0
7 1 1 1 000000ff 00010000 00000000 0 1
7 0 1 0 7fffffff 7ffffffe 7ffffffe 0 0
7 1 0 0 0000001f ffff0000 00000000 0 0
7 0 1 0 455c3ab3 7ffffffe 455c3ab2 0 1
7 0 1 0 0fffffff 00010000 00010000 0 0
7 1 1 0 5e4f7a9b ffffffff 5e4f7a9b 0 1
7 1 1 1 f1d4dea5 5e672af4 50440aa4 0 0
7 0 1 0 00000003 e5907bdb 00000003 0 1
7 1 0 1 802d8a1c 00008000 00008000 0 1
7 1 0 0 9aed8686 4e2459e1 0a240080 0 1
7 0 1 1 fffffffe 00000002 00000002 0 0
7 1 0 1 fffffffe 000000ff 000000fe 0 1
7 1 1 0 80000000 000000ff 00000000 0 0
7 1 0 1 00000020 ffffffff 00000020 0 0
7 1 1 1 8d356034 db88b7cd 89002004 0 1
7 0 1 1 3ef5b4d5 b28db95f 3285b055 0 1
7 1 1 1 0f0f0f0f aaaaaaaa 0a0a0a0a 0 1
7 1 1 0 b4092e14 82bb71a5 80092004 0 0
7 0 1 1 0000ffff 0000000f 0000000f 0 0
7 0 0 1 fffffffe 00000000 00000000 0 1
7 1 0 0 80000000 0000fffe 00000000 0 1
7 0 1 0 00000020 aaaaaaaa 00000020 0 1
7 0 1 1 00008000 55555555 00000000 0 1
7 1 1 1 deadbeef 00010000 00010000 0 0
7 0 1 1 3438a836 837c875d 00388014 0 1
7 1 1 0 0000000f 00000003 00000003 0 0
7 0 0 0 ffff0000 258b0e6f 258b0000 0 1
7 1 0 1 0000ffff f8181254 00001254 0 0
7 0 0 1 26bccaa3 d3735291 02304281 0 0
7 0 0 0 0000001f 00007fff 0000001f 0 1
7 0 1 1 80000000 000000ff 00000000 0 0
7 0 0 0 08a217b0 deadbeef 08a016a0 0 0
7 1 1 1 ea4123b2 00000003 00000002 0 0
7 0 1 1 0f0f0f0f 00000000 00000000 0 0
7 1 1 1 c0d5b956 7ef0bc49 40d0b840 0 0
7 1 0 0 aaaaaaaa 00007fff 00002aaa 0 1
7 1 1 0 fffffffe 80000001 80000000 0 0
7 1 0 0 0000fffe 00000008 00000008 0 0
7 0 1 1 c36a271b d31259e2 c3020102 0 1
7 1 1 0 107dd4c0 1b1bb3bc 10199080 0 1
7 0 0 1 80000001 00000020 00000000 0 1
7 1 1 1 83882a35 6fed4fba 03880a30 0 0
7 1 0 1 55555555 00007fff 00005555 0 0
7 0 0 1 b477d62e d70d10c3 94051002 0 1
7 0 1 1 4bc1cef2 cd450466 49410462 0 1
7 1 0 0 f0f0f0f0 f0f0f0f0 f0f0f0f0 1 0
7 1 1 1 87ebb067 489749f6 00830066 0 0
7 0 1 0 b9f1e410 0000ffff 0000e410 0 0
7 1 0 0 0000001f d2d20fc4 00000004 0 0
7 1 0 1 80000000 7fffffff 00000000 0 1
7 0 1 0 aaaaaaaa 00000020 00000020 0 0
7 1 1 0 806d55e6 00000010 00000000 0 0
7 1 1 0 60618ac2 10f700d3 006100c2 0 0
7 0 1 1 c0000000 0000fffe 00000000 0 0
7 0 1 1 ffff0000 00008000 00000000 0 0
7 0 1 1 7e368a9e 79f064d9 78300098 0 0
7 1 1 0 71fc2e59 0f0f0f0f 010c0e09 0 0
7 1 0 1 00000020 80000000 00000000 0 0
7 1 1 1 40e9bdc2 aaaaaaaa 00a8a882 0 1
7 0 1 1 00000003 ffff0000 00000000 0 1
7 0 0 1 2e056607 634e5f66 22044606 0 1
7 1 1 1 08e8d0d5 4c2b6642 08284040 0 1
7 1 0 0 00000010 00000001 00000000 0 0
7 1 0 1 fe791001 7933fd6e 78311000 0 1
7 1 1 1 0f0f0f0f ffff0000 0f0f0000 0 1
7 0 0 0 b5ecee2d 0000001f 0000000d 0 1
7 0 0 0 f1ca40f3 8c673de8 804200e0 0 0
7 1 0 1 7207ffbb 0f0f0f0f 02070f0b 0 0
7 0 0 0 80000000 00000000 00000000 0 1
7 0 0 0 7fffffff 7fffffff 7fffffff 1 0
7 1 1 0 00000001 00000004 00000000 0 1
7 1 0 0 16baedd4 8a8f12f6 028a00d4 0 0
7 0 1 0 e996d1c2 49ce116b 49861142 0 0
7 1 0 0 000000ff d65fdec0 000000c0 0 0
7 1 0 1 00000010 aaaaaaaa 00000000 0 0
7 1 0 1 00008000 0000fffe 00008000 0 1
7 1 1 1 ad6abb22 c38603ea 81020322 0 1
7 0 1 0 f0f0f0f0 94f4bdc2 90f0b0c0 0 0
7 0 0 1 de5f439a 396bbc8e 184b008a 0 1
7 1 1 1 ffff0000 7ffffffe 7fff0000 0 0
7 0 1 0 38165f2f 634c35bd 2004152d 0 1
7 1 1 0 7ffffffe 0f0f0f0f 0f0f0f0e 0 0
7 1 1 1 597d21bd dee7aecb 58652089 0 1
7 1 0 1 aaaaaaaa 0000001f 0000000a 0 1
7 1 0 0 00008000 00000008 00000000 0 0
7 0 0 0 000000ff d4304555 00000055 0 0
7 1 1 0 7fffffff 00000010 00000010 0 0
7 0 0 0 4ab7aa2d 7fffffff 4ab7aa2d 0 1
7 0 1 0 e3c70635 735e0d8d 63460405 0 0
7 0 0 1 00000020 efc43cfb 00000020 0 0
7 1 0 1 2d5dcaf3 0000fffe 0000caf2 0 0
7 0 0 0 2e35d413 0fffffff 0e35d413 0 0
7 1 1 1 0fffffff 7ffffffe 0ffffffe 0 1
7 1 1 0 9462b017 e379eba0 8060a000 0 1
7 1 0 0 5bff5a05 e42d824c 402d0204 0 0
7 1 0 0 0000fffe 00000000 00000000 0 0
7 0 1 1 0000fffe 04e5e475 0000e474 0 1
7 1 0 0 0000000f 0fffffff 0000000f 0 1
7 1 0 1 ffffffff ffffffff ffffffff 1 0
7 0 0 0 000000ff f0f0f0f0 000000f0 0 0
7 0 0 1 32e102b5 18ff4249 10e10201 0 0
7 1 0 1 e7e0d249 00007fff 00005249 0 1
7 1 1 1 1f681a35 14124ec2 14000a00 0 0
7 0 0 0 00000001 00000003 00000001 0 1
7 1 1 1 91ee85b8 0924e6dd 01248498 0 0
7 0 1 1 deadbeef 00000000 00000000 0 0
7 1 1 1 00007fff c0000000 00000000 0 1
7 1 1 1 d36c78c9 1291185c 12001848 0 0
7 0 1 0 00000000 00010000 00000000 0 1
7 0 1 1 c0000000 00010000 00000000 0 0
7 0 1 0 f0f0f0f0 00000020 00000020 0 0
7 0 1 1 00008000 0000ffff 00008000 0 1
7 0 1 0 7ffffffe deadbeef 5eadbeee 0 1
7 1 1 1 d4f2e552 8c4d5b18 84404110 0 0
7 0 1 1 ef03d6ec b9f281ab a90280a8 0 0
7 0 1 0 00000001 f0f0f0f0 00000000 0 1
7 1 1 0 80000001 00000000 00000000 0 0
7 0 0 1 7fffffff 1495895c 1495895c 0 0
