# columns, left to right:
#
#   drive these into the design:
#    1  i_inst         [31:0]
#
#   compare these against the design's outputs:
#    2  o_legal
#    3  o_halt
#    4  o_rs1          [4:0]
#    5  o_rs2          [4:0]
#    6  o_rd           [4:0]
#    7  o_immediate    [31:0]
#    8  o_op1_sel
#    9  o_op2_sel
#   10  o_alu_opsel    [2:0]
#   11  o_alu_sub
#   12  o_alu_unsigned
#   13  o_alu_arith
#   14  o_branch
#   15  o_jump
#   16  o_branch_equal
#   17  o_branch_unsigned
#   18  o_branch_invert
#   19  o_dmem_ren
#   20  o_dmem_wen
#   21  o_dmem_align   [1:0]
#   22  o_dmem_memb
#   23  o_dmem_memh
#   24  o_dmem_memw
#   25  o_dmem_memu
#   26  o_rd_sel       [3:0]
#   27  o_pc_sel

# --- OP ---
# i_inst | o_legal o_halt o_rs1 o_rs2 o_rd o_immediate o_op1_sel o_op2_sel
#     o_alu_opsel o_alu_sub o_alu_unsigned o_alu_arith o_branch o_jump
#     o_branch_equal o_branch_unsigned o_branch_invert o_dmem_ren o_dmem_wen
#     o_dmem_align o_dmem_memb o_dmem_memh o_dmem_memw o_dmem_memu o_rd_sel
#     o_pc_sel
01f90e33 1 0 12 1f 1c xxxxxxxx 0 0 0 0 x x 0 0 x x x 0 0 x x x x x 1 x
016c1e33 1 0 18 16 1c xxxxxxxx 0 0 1 x x x 0 0 x x x 0 0 x x x x x 1 x
010d2333 1 0 1a 10 06 xxxxxxxx 0 0 2 x 0 x 0 0 x x x 0 0 x x x x x 1 x
0060b833 1 0 01 06 10 xxxxxxxx 0 0 3 x 1 x 0 0 x x x 0 0 x x x x x 1 x
01634333 1 0 06 16 06 xxxxxxxx 0 0 4 x x x 0 0 x x x 0 0 x x x x x 1 x
00655fb3 1 0 0a 06 1f xxxxxxxx 0 0 5 x x 0 0 0 x x x 0 0 x x x x x 1 x
007062b3 1 0 00 07 05 xxxxxxxx 0 0 6 x x x 0 0 x x x 0 0 x x x x x 1 x
0178feb3 1 0 11 17 1d xxxxxxxx 0 0 7 x x x 0 0 x x x 0 0 x x x x x 1 x
41a48c33 1 0 09 1a 18 xxxxxxxx 0 0 0 1 x x 0 0 x x x 0 0 x x x x x 1 x
4001d033 1 0 03 00 00 xxxxxxxx 0 0 5 x x 1 0 0 x x x 0 0 x x x x x 1 x
00ac02b3 1 0 18 0a 05 xxxxxxxx 0 0 0 0 x x 0 0 x x x 0 0 x x x x x 1 x
013696b3 1 0 0d 13 0d xxxxxxxx 0 0 1 x x x 0 0 x x x 0 0 x x x x x 1 x
0051aa33 1 0 03 05 14 xxxxxxxx 0 0 2 x 0 x 0 0 x x x 0 0 x x x x x 1 x
00b2bb33 1 0 05 0b 16 xxxxxxxx 0 0 3 x 1 x 0 0 x x x 0 0 x x x x x 1 x
01ad4533 1 0 1a 1a 0a xxxxxxxx 0 0 4 x x x 0 0 x x x 0 0 x x x x x 1 x
008cdbb3 1 0 19 08 17 xxxxxxxx 0 0 5 x x 0 0 0 x x x 0 0 x x x x x 1 x
01306033 1 0 00 13 00 xxxxxxxx 0 0 6 x x x 0 0 x x x 0 0 x x x x x 1 x
0000f033 1 0 01 00 00 xxxxxxxx 0 0 7 x x x 0 0 x x x 0 0 x x x x x 1 x
410a02b3 1 0 14 10 05 xxxxxxxx 0 0 0 1 x x 0 0 x x x 0 0 x x x x x 1 x
40cc5033 1 0 18 0c 00 xxxxxxxx 0 0 5 x x 1 0 0 x x x 0 0 x x x x x 1 x
01be83b3 1 0 1d 1b 07 xxxxxxxx 0 0 0 0 x x 0 0 x x x 0 0 x x x x x 1 x
01d690b3 1 0 0d 1d 01 xxxxxxxx 0 0 1 x x x 0 0 x x x 0 0 x x x x x 1 x
01e82033 1 0 10 1e 00 xxxxxxxx 0 0 2 x 0 x 0 0 x x x 0 0 x x x x x 1 x
000ab033 1 0 15 00 00 xxxxxxxx 0 0 3 x 1 x 0 0 x x x 0 0 x x x x x 1 x
01c04c33 1 0 00 1c 18 xxxxxxxx 0 0 4 x x x 0 0 x x x 0 0 x x x x x 1 x
017fd5b3 1 0 1f 17 0b xxxxxxxx 0 0 5 x x 0 0 0 x x x 0 0 x x x x x 1 x
01d06433 1 0 00 1d 08 xxxxxxxx 0 0 6 x x x 0 0 x x x 0 0 x x x x x 1 x
0064f2b3 1 0 09 06 05 xxxxxxxx 0 0 7 x x x 0 0 x x x 0 0 x x x x x 1 x
400f8133 1 0 1f 00 02 xxxxxxxx 0 0 0 1 x x 0 0 x x x 0 0 x x x x x 1 x
4053dc33 1 0 07 05 18 xxxxxxxx 0 0 5 x x 1 0 0 x x x 0 0 x x x x x 1 x
01d805b3 1 0 10 1d 0b xxxxxxxx 0 0 0 0 x x 0 0 x x x 0 0 x x x x x 1 x
00ad1ab3 1 0 1a 0a 15 xxxxxxxx 0 0 1 x x x 0 0 x x x 0 0 x x x x x 1 x
01f9a933 1 0 13 1f 12 xxxxxxxx 0 0 2 x 0 x 0 0 x x x 0 0 x x x x x 1 x
01f43b33 1 0 08 1f 16 xxxxxxxx 0 0 3 x 1 x 0 0 x x x 0 0 x x x x x 1 x
001bc233 1 0 17 01 04 xxxxxxxx 0 0 4 x x x 0 0 x x x 0 0 x x x x x 1 x
01d85133 1 0 10 1d 02 xxxxxxxx 0 0 5 x x 0 0 0 x x x 0 0 x x x x x 1 x
003c6fb3 1 0 18 03 1f xxxxxxxx 0 0 6 x x x 0 0 x x x 0 0 x x x x x 1 x
01957033 1 0 0a 19 00 xxxxxxxx 0 0 7 x x x 0 0 x x x 0 0 x x x x x 1 x
409504b3 1 0 0a 09 09 xxxxxxxx 0 0 0 1 x x 0 0 x x x 0 0 x x x x x 1 x
41f65fb3 1 0 0c 1f 1f xxxxxxxx 0 0 5 x x 1 0 0 x x x 0 0 x x x x x 1 x
01360bb3 1 0 0c 13 17 xxxxxxxx 0 0 0 0 x x 0 0 x x x 0 0 x x x x x 1 x
01d01db3 1 0 00 1d 1b xxxxxxxx 0 0 1 x x x 0 0 x x x 0 0 x x x x x 1 x
0022a0b3 1 0 05 02 01 xxxxxxxx 0 0 2 x 0 x 0 0 x x x 0 0 x x x x x 1 x
00903bb3 1 0 00 09 17 xxxxxxxx 0 0 3 x 1 x 0 0 x x x 0 0 x x x x x 1 x
01904033 1 0 00 19 00 xxxxxxxx 0 0 4 x x x 0 0 x x x 0 0 x x x x x 1 x
00b05733 1 0 00 0b 0e xxxxxxxx 0 0 5 x x 0 0 0 x x x 0 0 x x x x x 1 x
01b3e8b3 1 0 07 1b 11 xxxxxxxx 0 0 6 x x x 0 0 x x x 0 0 x x x x x 1 x
00c9f1b3 1 0 13 0c 03 xxxxxxxx 0 0 7 x x x 0 0 x x x 0 0 x x x x x 1 x
41af8733 1 0 1f 1a 0e xxxxxxxx 0 0 0 1 x x 0 0 x x x 0 0 x x x x x 1 x
410b5c33 1 0 16 10 18 xxxxxxxx 0 0 5 x x 1 0 0 x x x 0 0 x x x x x 1 x
01b88e33 1 0 11 1b 1c xxxxxxxx 0 0 0 0 x x 0 0 x x x 0 0 x x x x x 1 x
01f79a33 1 0 0f 1f 14 xxxxxxxx 0 0 1 x x x 0 0 x x x 0 0 x x x x x 1 x
0145ab33 1 0 0b 14 16 xxxxxxxx 0 0 2 x 0 x 0 0 x x x 0 0 x x x x x 1 x
017ab033 1 0 15 17 00 xxxxxxxx 0 0 3 x 1 x 0 0 x x x 0 0 x x x x x 1 x
00804fb3 1 0 00 08 1f xxxxxxxx 0 0 4 x x x 0 0 x x x 0 0 x x x x x 1 x
007f5c33 1 0 1e 07 18 xxxxxxxx 0 0 5 x x 0 0 0 x x x 0 0 x x x x x 1 x
010e62b3 1 0 1c 10 05 xxxxxxxx 0 0 6 x x x 0 0 x x x 0 0 x x x x x 1 x
014e71b3 1 0 1c 14 03 xxxxxxxx 0 0 7 x x x 0 0 x x x 0 0 x x x x x 1 x
40838b33 1 0 07 08 16 xxxxxxxx 0 0 0 1 x x 0 0 x x x 0 0 x x x x x 1 x
4003dfb3 1 0 07 00 1f xxxxxxxx 0 0 5 x x 1 0 0 x x x 0 0 x x x x x 1 x
002409b3 1 0 08 02 13 xxxxxxxx 0 0 0 0 x x 0 0 x x x 0 0 x x x x x 1 x
008a1fb3 1 0 14 08 1f xxxxxxxx 0 0 1 x x x 0 0 x x x 0 0 x x x x x 1 x
0076a8b3 1 0 0d 07 11 xxxxxxxx 0 0 2 x 0 x 0 0 x x x 0 0 x x x x x 1 x
01e038b3 1 0 00 1e 11 xxxxxxxx 0 0 3 x 1 x 0 0 x x x 0 0 x x x x x 1 x
01fac433 1 0 15 1f 08 xxxxxxxx 0 0 4 x x x 0 0 x x x 0 0 x x x x x 1 x
00005bb3 1 0 00 00 17 xxxxxxxx 0 0 5 x x 0 0 0 x x x 0 0 x x x x x 1 x
00f5ef33 1 0 0b 0f 1e xxxxxxxx 0 0 6 x x x 0 0 x x x 0 0 x x x x x 1 x
010ff0b3 1 0 1f 10 01 xxxxxxxx 0 0 7 x x x 0 0 x x x 0 0 x x x x x 1 x
40030833 1 0 06 00 10 xxxxxxxx 0 0 0 1 x x 0 0 x x x 0 0 x x x x x 1 x
400e56b3 1 0 1c 00 0d xxxxxxxx 0 0 5 x x 1 0 0 x x x 0 0 x x x x x 1 x
018f8833 1 0 1f 18 10 xxxxxxxx 0 0 0 0 x x 0 0 x x x 0 0 x x x x x 1 x
01ff93b3 1 0 1f 1f 07 xxxxxxxx 0 0 1 x x x 0 0 x x x 0 0 x x x x x 1 x
019fac33 1 0 1f 19 18 xxxxxxxx 0 0 2 x 0 x 0 0 x x x 0 0 x x x x x 1 x
002d3bb3 1 0 1a 02 17 xxxxxxxx 0 0 3 x 1 x 0 0 x x x 0 0 x x x x x 1 x
007cc1b3 1 0 19 07 03 xxxxxxxx 0 0 4 x x x 0 0 x x x 0 0 x x x x x 1 x
01bc5433 1 0 18 1b 08 xxxxxxxx 0 0 5 x x 0 0 0 x x x 0 0 x x x x x 1 x
0111efb3 1 0 03 11 1f xxxxxxxx 0 0 6 x x x 0 0 x x x 0 0 x x x x x 1 x
0093f0b3 1 0 07 09 01 xxxxxxxx 0 0 7 x x x 0 0 x x x 0 0 x x x x x 1 x
400f89b3 1 0 1f 00 13 xxxxxxxx 0 0 0 1 x x 0 0 x x x 0 0 x x x x x 1 x
419fdf33 1 0 1f 19 1e xxxxxxxx 0 0 5 x x 1 0 0 x x x 0 0 x x x x x 1 x
000f8433 1 0 1f 00 08 xxxxxxxx 0 0 0 0 x x 0 0 x x x 0 0 x x x x x 1 x
01e79e33 1 0 0f 1e 1c xxxxxxxx 0 0 1 x x x 0 0 x x x 0 0 x x x x x 1 x
01ca25b3 1 0 14 1c 0b xxxxxxxx 0 0 2 x 0 x 0 0 x x x 0 0 x x x x x 1 x
018fb833 1 0 1f 18 10 xxxxxxxx 0 0 3 x 1 x 0 0 x x x 0 0 x x x x x 1 x
000fcbb3 1 0 1f 00 17 xxxxxxxx 0 0 4 x x x 0 0 x x x 0 0 x x x x x 1 x
004e52b3 1 0 1c 04 05 xxxxxxxx 0 0 5 x x 0 0 0 x x x 0 0 x x x x x 1 x
0028e033 1 0 11 02 00 xxxxxxxx 0 0 6 x x x 0 0 x x x 0 0 x x x x x 1 x
01f875b3 1 0 10 1f 0b xxxxxxxx 0 0 7 x x x 0 0 x x x 0 0 x x x x x 1 x
400d0333 1 0 1a 00 06 xxxxxxxx 0 0 0 1 x x 0 0 x x x 0 0 x x x x x 1 x
412a5db3 1 0 14 12 1b xxxxxxxx 0 0 5 x x 1 0 0 x x x 0 0 x x x x x 1 x
01f58433 1 0 0b 1f 08 xxxxxxxx 0 0 0 0 x x 0 0 x x x 0 0 x x x x x 1 x
01ae1eb3 1 0 1c 1a 1d xxxxxxxx 0 0 1 x x x 0 0 x x x 0 0 x x x x x 1 x
00d520b3 1 0 0a 0d 01 xxxxxxxx 0 0 2 x 0 x 0 0 x x x 0 0 x x x x x 1 x
019b3533 1 0 16 19 0a xxxxxxxx 0 0 3 x 1 x 0 0 x x x 0 0 x x x x x 1 x
00c54133 1 0 0a 0c 02 xxxxxxxx 0 0 4 x x x 0 0 x x x 0 0 x x x x x 1 x
00505eb3 1 0 00 05 1d xxxxxxxx 0 0 5 x x 0 0 0 x x x 0 0 x x x x x 1 x
01f66033 1 0 0c 1f 00 xxxxxxxx 0 0 6 x x x 0 0 x x x 0 0 x x x x x 1 x
011d76b3 1 0 1a 11 0d xxxxxxxx 0 0 7 x x x 0 0 x x x 0 0 x x x x x 1 x
40268033 1 0 0d 02 00 xxxxxxxx 0 0 0 1 x x 0 0 x x x 0 0 x x x x x 1 x
4008d533 1 0 11 00 0a xxxxxxxx 0 0 5 x x 1 0 0 x x x 0 0 x x x x x 1 x
01ee8533 1 0 1d 1e 0a xxxxxxxx 0 0 0 0 x x 0 0 x x x 0 0 x x x x x 1 x
00001533 1 0 00 00 0a xxxxxxxx 0 0 1 x x x 0 0 x x x 0 0 x x x x x 1 x
0071a8b3 1 0 03 07 11 xxxxxxxx 0 0 2 x 0 x 0 0 x x x 0 0 x x x x x 1 x
00b333b3 1 0 06 0b 07 xxxxxxxx 0 0 3 x 1 x 0 0 x x x 0 0 x x x x x 1 x
00904333 1 0 00 09 06 xxxxxxxx 0 0 4 x x x 0 0 x x x 0 0 x x x x x 1 x
01f4d033 1 0 09 1f 00 xxxxxxxx 0 0 5 x x 0 0 0 x x x 0 0 x x x x x 1 x
0191e133 1 0 03 19 02 xxxxxxxx 0 0 6 x x x 0 0 x x x 0 0 x x x x x 1 x
00067b33 1 0 0c 00 16 xxxxxxxx 0 0 7 x x x 0 0 x x x 0 0 x x x x x 1 x
40d503b3 1 0 0a 0d 07 xxxxxxxx 0 0 0 1 x x 0 0 x x x 0 0 x x x x x 1 x
400fdbb3 1 0 1f 00 17 xxxxxxxx 0 0 5 x x 1 0 0 x x x 0 0 x x x x x 1 x
002603b3 1 0 0c 02 07 xxxxxxxx 0 0 0 0 x x 0 0 x x x 0 0 x x x x x 1 x
00719133 1 0 03 07 02 xxxxxxxx 0 0 1 x x x 0 0 x x x 0 0 x x x x x 1 x
00bf2433 1 0 1e 0b 08 xxxxxxxx 0 0 2 x 0 x 0 0 x x x 0 0 x x x x x 1 x
000e3bb3 1 0 1c 00 17 xxxxxxxx 0 0 3 x 1 x 0 0 x x x 0 0 x x x x x 1 x
01d24833 1 0 04 1d 10 xxxxxxxx 0 0 4 x x x 0 0 x x x 0 0 x x x x x 1 x
00705033 1 0 00 07 00 xxxxxxxx 0 0 5 x x 0 0 0 x x x 0 0 x x x x x 1 x
01bde833 1 0 1b 1b 10 xxxxxxxx 0 0 6 x x x 0 0 x x x 0 0 x x x x x 1 x
018fff33 1 0 1f 18 1e xxxxxxxx 0 0 7 x x x 0 0 x x x 0 0 x x x x x 1 x
41df85b3 1 0 1f 1d 0b xxxxxxxx 0 0 0 1 x x 0 0 x x x 0 0 x x x x x 1 x
4108dab3 1 0 11 10 15 xxxxxxxx 0 0 5 x x 1 0 0 x x x 0 0 x x x x x 1 x
000f83b3 1 0 1f 00 07 xxxxxxxx 0 0 0 0 x x 0 0 x x x 0 0 x x x x x 1 x
00a099b3 1 0 01 0a 13 xxxxxxxx 0 0 1 x x x 0 0 x x x 0 0 x x x x x 1 x
00e0a133 1 0 01 0e 02 xxxxxxxx 0 0 2 x 0 x 0 0 x x x 0 0 x x x x x 1 x
018fbfb3 1 0 1f 18 1f xxxxxxxx 0 0 3 x 1 x 0 0 x x x 0 0 x x x x x 1 x
00d0ce33 1 0 01 0d 1c xxxxxxxx 0 0 4 x x x 0 0 x x x 0 0 x x x x x 1 x
00ff51b3 1 0 1e 0f 03 xxxxxxxx 0 0 5 x x 0 0 0 x x x 0 0 x x x x x 1 x
011068b3 1 0 00 11 11 xxxxxxxx 0 0 6 x x x 0 0 x x x 0 0 x x x x x 1 x
000a7633 1 0 14 00 0c xxxxxxxx 0 0 7 x x x 0 0 x x x 0 0 x x x x x 1 x
41f207b3 1 0 04 1f 0f xxxxxxxx 0 0 0 1 x x 0 0 x x x 0 0 x x x x x 1 x
40b55533 1 0 0a 0b 0a xxxxxxxx 0 0 5 x x 1 0 0 x x x 0 0 x x x x x 1 x
01588033 1 0 11 15 00 xxxxxxxx 0 0 0 0 x x 0 0 x x x 0 0 x x x x x 1 x
016b9733 1 0 17 16 0e xxxxxxxx 0 0 1 x x x 0 0 x x x 0 0 x x x x x 1 x
000b24b3 1 0 16 00 09 xxxxxxxx 0 0 2 x 0 x 0 0 x x x 0 0 x x x x x 1 x
01283833 1 0 10 12 10 xxxxxxxx 0 0 3 x 1 x 0 0 x x x 0 0 x x x x x 1 x
00f04833 1 0 00 0f 10 xxxxxxxx 0 0 4 x x x 0 0 x x x 0 0 x x x x x 1 x
01ca5033 1 0 14 1c 00 xxxxxxxx 0 0 5 x x 0 0 0 x x x 0 0 x x x x x 1 x
00d76033 1 0 0e 0d 00 xxxxxxxx 0 0 6 x x x 0 0 x x x 0 0 x x x x x 1 x
006f7233 1 0 1e 06 04 xxxxxxxx 0 0 7 x x x 0 0 x x x 0 0 x x x x x 1 x
40558533 1 0 0b 05 0a xxxxxxxx 0 0 0 1 x x 0 0 x x x 0 0 x x x x x 1 x
419adfb3 1 0 15 19 1f xxxxxxxx 0 0 5 x x 1 0 0 x x x 0 0 x x x x x 1 x
000b8833 1 0 17 00 10 xxxxxxxx 0 0 0 0 x x 0 0 x x x 0 0 x x x x x 1 x
00031033 1 0 06 00 00 xxxxxxxx 0 0 1 x x x 0 0 x x x 0 0 x x x x x 1 x
000ea0b3 1 0 1d 00 01 xxxxxxxx 0 0 2 x 0 x 0 0 x x x 0 0 x x x x x 1 x
00103e33 1 0 00 01 1c xxxxxxxx 0 0 3 x 1 x 0 0 x x x 0 0 x x x x x 1 x
013d4733 1 0 1a 13 0e xxxxxxxx 0 0 4 x x x 0 0 x x x 0 0 x x x x x 1 x
004e5633 1 0 1c 04 0c xxxxxxxx 0 0 5 x x 0 0 0 x x x 0 0 x x x x x 1 x
002d60b3 1 0 1a 02 01 xxxxxxxx 0 0 6 x x x 0 0 x x x 0 0 x x x x x 1 x
01507033 1 0 00 15 00 xxxxxxxx 0 0 7 x x x 0 0 x x x 0 0 x x x x x 1 x
41fe0033 1 0 1c 1f 00 xxxxxxxx 0 0 0 1 x x 0 0 x x x 0 0 x x x x x 1 x
41ffd933 1 0 1f 1f 12 xxxxxxxx 0 0 5 x x 1 0 0 x x x 0 0 x x x x x 1 x
01b30bb3 1 0 06 1b 17 xxxxxxxx 0 0 0 0 x x 0 0 x x x 0 0 x x x x x 1 x
00ca1233 1 0 14 0c 04 xxxxxxxx 0 0 1 x x x 0 0 x x x 0 0 x x x x x 1 x
00a92133 1 0 12 0a 02 xxxxxxxx 0 0 2 x 0 x 0 0 x x x 0 0 x x x x x 1 x
01bab4b3 1 0 15 1b 09 xxxxxxxx 0 0 3 x 1 x 0 0 x x x 0 0 x x x x x 1 x
01d24a33 1 0 04 1d 14 xxxxxxxx 0 0 4 x x x 0 0 x x x 0 0 x x x x x 1 x
00d75533 1 0 0e 0d 0a xxxxxxxx 0 0 5 x x 0 0 0 x x x 0 0 x x x x x 1 x
01f262b3 1 0 04 1f 05 xxxxxxxx 0 0 6 x x x 0 0 x x x 0 0 x x x x x 1 x
00987ab3 1 0 10 09 15 xxxxxxxx 0 0 7 x x x 0 0 x x x 0 0 x x x x x 1 x
40080033 1 0 10 00 00 xxxxxxxx 0 0 0 1 x x 0 0 x x x 0 0 x x x x x 1 x
400b51b3 1 0 16 00 03 xxxxxxxx 0 0 5 x x 1 0 0 x x x 0 0 x x x x x 1 x
01f509b3 1 0 0a 1f 13 xxxxxxxx 0 0 0 0 x x 0 0 x x x 0 0 x x x x x 1 x
010412b3 1 0 08 10 05 xxxxxxxx 0 0 1 x x x 0 0 x x x 0 0 x x x x x 1 x
00e425b3 1 0 08 0e 0b xxxxxxxx 0 0 2 x 0 x 0 0 x x x 0 0 x x x x x 1 x
00efbeb3 1 0 1f 0e 1d xxxxxxxx 0 0 3 x 1 x 0 0 x x x 0 0 x x x x x 1 x
00044333 1 0 08 00 06 xxxxxxxx 0 0 4 x x x 0 0 x x x 0 0 x x x x x 1 x
00935833 1 0 06 09 10 xxxxxxxx 0 0 5 x x 0 0 0 x x x 0 0 x x x x x 1 x
0056e433 1 0 0d 05 08 xxxxxxxx 0 0 6 x x x 0 0 x x x 0 0 x x x x x 1 x
01daf733 1 0 15 1d 0e xxxxxxxx 0 0 7 x x x 0 0 x x x 0 0 x x x x x 1 x
416b8933 1 0 17 16 12 xxxxxxxx 0 0 0 1 x x 0 0 x x x 0 0 x x x x x 1 x
40c7d5b3 1 0 0f 0c 0b xxxxxxxx 0 0 5 x x 1 0 0 x x x 0 0 x x x x x 1 x
01f887b3 1 0 11 1f 0f xxxxxxxx 0 0 0 0 x x 0 0 x x x 0 0 x x x x x 1 x
00df1cb3 1 0 1e 0d 19 xxxxxxxx 0 0 1 x x x 0 0 x x x 0 0 x x x x x 1 x
0102afb3 1 0 05 10 1f xxxxxxxx 0 0 2 x 0 x 0 0 x x x 0 0 x x x x x 1 x
01f83233 1 0 10 1f 04 xxxxxxxx 0 0 3 x 1 x 0 0 x x x 0 0 x x x x x 1 x
00d94633 1 0 12 0d 0c xxxxxxxx 0 0 4 x x x 0 0 x x x 0 0 x x x x x 1 x
00705033 1 0 00 07 00 xxxxxxxx 0 0 5 x x 0 0 0 x x x 0 0 x x x x x 1 x
0029e033 1 0 13 02 00 xxxxxxxx 0 0 6 x x x 0 0 x x x 0 0 x x x x x 1 x
01d17133 1 0 02 1d 02 xxxxxxxx 0 0 7 x x x 0 0 x x x 0 0 x x x x x 1 x
415e0eb3 1 0 1c 15 1d xxxxxxxx 0 0 0 1 x x 0 0 x x x 0 0 x x x x x 1 x
41f45133 1 0 08 1f 02 xxxxxxxx 0 0 5 x x 1 0 0 x x x 0 0 x x x x x 1 x
01f30033 1 0 06 1f 00 xxxxxxxx 0 0 0 0 x x 0 0 x x x 0 0 x x x x x 1 x
00b39fb3 1 0 07 0b 1f xxxxxxxx 0 0 1 x x x 0 0 x x x 0 0 x x x x x 1 x
00de24b3 1 0 1c 0d 09 xxxxxxxx 0 0 2 x 0 x 0 0 x x x 0 0 x x x x x 1 x
00fbb133 1 0 17 0f 02 xxxxxxxx 0 0 3 x 1 x 0 0 x x x 0 0 x x x x x 1 x
0044c9b3 1 0 09 04 13 xxxxxxxx 0 0 4 x x x 0 0 x x x 0 0 x x x x x 1 x
01f25033 1 0 04 1f 00 xxxxxxxx 0 0 5 x x 0 0 0 x x x 0 0 x x x x x 1 x
00a46b33 1 0 08 0a 16 xxxxxxxx 0 0 6 x x x 0 0 x x x 0 0 x x x x x 1 x
000ff533 1 0 1f 00 0a xxxxxxxx 0 0 7 x x x 0 0 x x x 0 0 x x x x x 1 x
41ef81b3 1 0 1f 1e 03 xxxxxxxx 0 0 0 1 x x 0 0 x x x 0 0 x x x x x 1 x
40c6de33 1 0 0d 0c 1c xxxxxxxx 0 0 5 x x 1 0 0 x x x 0 0 x x x x x 1 x
00df08b3 1 0 1e 0d 11 xxxxxxxx 0 0 0 0 x x 0 0 x x x 0 0 x x x x x 1 x
01c990b3 1 0 13 1c 01 xxxxxxxx 0 0 1 x x x 0 0 x x x 0 0 x x x x x 1 x
01fb2a33 1 0 16 1f 14 xxxxxxxx 0 0 2 x 0 x 0 0 x x x 0 0 x x x x x 1 x
00933c33 1 0 06 09 18 xxxxxxxx 0 0 3 x 1 x 0 0 x x x 0 0 x x x x x 1 x
01b34233 1 0 06 1b 04 xxxxxxxx 0 0 4 x x x 0 0 x x x 0 0 x x x x x 1 x
0045d1b3 1 0 0b 04 03 xxxxxxxx 0 0 5 x x 0 0 0 x x x 0 0 x x x x x 1 x
001d6d33 1 0 1a 01 1a xxxxxxxx 0 0 6 x x x 0 0 x x x 0 0 x x x x x 1 x
019a7e33 1 0 14 19 1c xxxxxxxx 0 0 7 x x x 0 0 x x x 0 0 x x x x x 1 x
40ff0533 1 0 1e 0f 0a xxxxxxxx 0 0 0 1 x x 0 0 x x x 0 0 x x x x x 1 x
4084dab3 1 0 09 08 15 xxxxxxxx 0 0 5 x x 1 0 0 x x x 0 0 x x x x x 1 x
006007b3 1 0 00 06 0f xxxxxxxx 0 0 0 0 x x 0 0 x x x 0 0 x x x x x 1 x
007116b3 1 0 02 07 0d xxxxxxxx 0 0 1 x x x 0 0 x x x 0 0 x x x x x 1 x
00022bb3 1 0 04 00 17 xxxxxxxx 0 0 2 x 0 x 0 0 x x x 0 0 x x x x x 1 x
01f8bfb3 1 0 11 1f 1f xxxxxxxx 0 0 3 x 1 x 0 0 x x x 0 0 x x x x x 1 x
0056c2b3 1 0 0d 05 05 xxxxxxxx 0 0 4 x x x 0 0 x x x 0 0 x x x x x 1 x
00045fb3 1 0 08 00 1f xxxxxxxx 0 0 5 x x 0 0 0 x x x 0 0 x x x x x 1 x
018ce6b3 1 0 19 18 0d xxxxxxxx 0 0 6 x x x 0 0 x x x 0 0 x x x x x 1 x
01f773b3 1 0 0e 1f 07 xxxxxxxx 0 0 7 x x x 0 0 x x x 0 0 x x x x x 1 x
40088033 1 0 11 00 00 xxxxxxxx 0 0 0 1 x x 0 0 x x x 0 0 x x x x x 1 x
40e15133 1 0 02 0e 02 xxxxxxxx 0 0 5 x x 1 0 0 x x x 0 0 x x x x x 1 x
01368fb3 1 0 0d 13 1f xxxxxxxx 0 0 0 0 x x 0 0 x x x 0 0 x x x x x 1 x
006a1f33 1 0 14 06 1e xxxxxxxx 0 0 1 x x x 0 0 x x x 0 0 x x x x x 1 x
00f02ab3 1 0 00 0f 15 xxxxxxxx 0 0 2 x 0 x 0 0 x x x 0 0 x x x x x 1 x
00d23033 1 0 04 0d 00 xxxxxxxx 0 0 3 x 1 x 0 0 x x x 0 0 x x x x x 1 x
01744bb3 1 0 08 17 17 xxxxxxxx 0 0 4 x x x 0 0 x x x 0 0 x x x x x 1 x
000057b3 1 0 00 00 0f xxxxxxxx 0 0 5 x x 0 0 0 x x x 0 0 x x x x x 1 x
0075e833 1 0 0b 07 10 xxxxxxxx 0 0 6 x x x 0 0 x x x 0 0 x x x x x 1 x
01407133 1 0 00 14 02 xxxxxxxx 0 0 7 x x x 0 0 x x x 0 0 x x x x x 1 x
41b38833 1 0 07 1b 10 xxxxxxxx 0 0 0 1 x x 0 0 x x x 0 0 x x x x x 1 x
4026dab3 1 0 0d 02 15 xxxxxxxx 0 0 5 x x 1 0 0 x x x 0 0 x x x x x 1 x
011c0db3 1 0 18 11 1b xxxxxxxx 0 0 0 0 x x 0 0 x x x 0 0 x x x x x 1 x
00bf1033 1 0 1e 0b 00 xxxxxxxx 0 0 1 x x x 0 0 x x x 0 0 x x x x x 1 x
018ea5b3 1 0 1d 18 0b xxxxxxxx 0 0 2 x 0 x 0 0 x x x 0 0 x x x x x 1 x
01713fb3 1 0 02 17 1f xxxxxxxx 0 0 3 x 1 x 0 0 x x x 0 0 x x x x x 1 x
015cc033 1 0 19 15 00 xxxxxxxx 0 0 4 x x x 0 0 x x x 0 0 x x x x x 1 x
0130d6b3 1 0 01 13 0d xxxxxxxx 0 0 5 x x 0 0 0 x x x 0 0 x x x x x 1 x
0070e933 1 0 01 07 12 xxxxxxxx 0 0 6 x x x 0 0 x x x 0 0 x x x x x 1 x
005f7fb3 1 0 1e 05 1f xxxxxxxx 0 0 7 x x x 0 0 x x x 0 0 x x x x x 1 x
41da8433 1 0 15 1d 08 xxxxxxxx 0 0 0 1 x x 0 0 x x x 0 0 x x x x x 1 x
415c5033 1 0 18 15 00 xxxxxxxx 0 0 5 x x 1 0 0 x x x 0 0 x x x x x 1 x
01b38633 1 0 07 1b 0c xxxxxxxx 0 0 0 0 x x 0 0 x x x 0 0 x x x x x 1 x
00879033 1 0 0f 08 00 xxxxxxxx 0 0 1 x x x 0 0 x x x 0 0 x x x x x 1 x
00ce2eb3 1 0 1c 0c 1d xxxxxxxx 0 0 2 x 0 x 0 0 x x x 0 0 x x x x x 1 x
003fba33 1 0 1f 03 14 xxxxxxxx 0 0 3 x 1 x 0 0 x x x 0 0 x x x x x 1 x
006a4d33 1 0 14 06 1a xxxxxxxx 0 0 4 x x x 0 0 x x x 0 0 x x x x x 1 x
01c85233 1 0 10 1c 04 xxxxxxxx 0 0 5 x x 0 0 0 x x x 0 0 x x x x x 1 x
00726033 1 0 04 07 00 xxxxxxxx 0 0 6 x x x 0 0 x x x 0 0 x x x x x 1 x
009a7033 1 0 14 09 00 xxxxxxxx 0 0 7 x x x 0 0 x x x 0 0 x x x x x 1 x
40050e33 1 0 0a 00 1c xxxxxxxx 0 0 0 1 x x 0 0 x x x 0 0 x x x x x 1 x
408cd033 1 0 19 08 00 xxxxxxxx 0 0 5 x x 1 0 0 x x x 0 0 x x x x x 1 x
00800333 1 0 00 08 06 xxxxxxxx 0 0 0 0 x x 0 0 x x x 0 0 x x x x x 1 x
00ae91b3 1 0 1d 0a 03 xxxxxxxx 0 0 1 x x x 0 0 x x x 0 0 x x x x x 1 x
0001a833 1 0 03 00 10 xxxxxxxx 0 0 2 x 0 x 0 0 x x x 0 0 x x x x x 1 x
01ebbfb3 1 0 17 1e 1f xxxxxxxx 0 0 3 x 1 x 0 0 x x x 0 0 x x x x x 1 x
000547b3 1 0 0a 00 0f xxxxxxxx 0 0 4 x x x 0 0 x x x 0 0 x x x x x 1 x
0080dcb3 1 0 01 08 19 xxxxxxxx 0 0 5 x x 0 0 0 x x x 0 0 x x x x x 1 x
00a0edb3 1 0 01 0a 1b xxxxxxxx 0 0 6 x x x 0 0 x x x 0 0 x x x x x 1 x
01707633 1 0 00 17 0c xxxxxxxx 0 0 7 x x x 0 0 x x x 0 0 x x x x x 1 x
409f83b3 1 0 1f 09 07 xxxxxxxx 0 0 0 1 x x 0 0 x x x 0 0 x x x x x 1 x
41d9d0b3 1 0 13 1d 01 xxxxxxxx 0 0 5 x x 1 0 0 x x x 0 0 x x x x x 1 x
00d409b3 1 0 08 0d 13 xxxxxxxx 0 0 0 0 x x 0 0 x x x 0 0 x x x x x 1 x
004092b3 1 0 01 04 05 xxxxxxxx 0 0 1 x x x 0 0 x x x 0 0 x x x x x 1 x
00202b33 1 0 00 02 16 xxxxxxxx 0 0 2 x 0 x 0 0 x x x 0 0 x x x x x 1 x
00093fb3 1 0 12 00 1f xxxxxxxx 0 0 3 x 1 x 0 0 x x x 0 0 x x x x x 1 x
0112c633 1 0 05 11 0c xxxxxxxx 0 0 4 x x x 0 0 x x x 0 0 x x x x x 1 x
009cdab3 1 0 19 09 15 xxxxxxxx 0 0 5 x x 0 0 0 x x x 0 0 x x x x x 1 x
01d86fb3 1 0 10 1d 1f xxxxxxxx 0 0 6 x x x 0 0 x x x 0 0 x x x x x 1 x
0194fcb3 1 0 09 19 19 xxxxxxxx 0 0 7 x x x 0 0 x x x 0 0 x x x x x 1 x
41f585b3 1 0 0b 1f 0b xxxxxxxx 0 0 0 1 x x 0 0 x x x 0 0 x x x x x 1 x
404357b3 1 0 06 04 0f xxxxxxxx 0 0 5 x x 1 0 0 x x x 0 0 x x x x x 1 x
01ff09b3 1 0 1e 1f 13 xxxxxxxx 0 0 0 0 x x 0 0 x x x 0 0 x x x x x 1 x
01261f33 1 0 0c 12 1e xxxxxxxx 0 0 1 x x x 0 0 x x x 0 0 x x x x x 1 x
00ffaab3 1 0 1f 0f 15 xxxxxxxx 0 0 2 x 0 x 0 0 x x x 0 0 x x x x x 1 x
01cfb2b3 1 0 1f 1c 05 xxxxxxxx 0 0 3 x 1 x 0 0 x x x 0 0 x x x x x 1 x
00f6c2b3 1 0 0d 0f 05 xxxxxxxx 0 0 4 x x x 0 0 x x x 0 0 x x x x x 1 x
01535c33 1 0 06 15 18 xxxxxxxx 0 0 5 x x 0 0 0 x x x 0 0 x x x x x 1 x
00bdeab3 1 0 1b 0b 15 xxxxxxxx 0 0 6 x x x 0 0 x x x 0 0 x x x x x 1 x
00b9f733 1 0 13 0b 0e xxxxxxxx 0 0 7 x x x 0 0 x x x 0 0 x x x x x 1 x
411a0fb3 1 0 14 11 1f xxxxxxxx 0 0 0 1 x x 0 0 x x x 0 0 x x x x x 1 x
40a9d533 1 0 13 0a 0a xxxxxxxx 0 0 5 x x 1 0 0 x x x 0 0 x x x x x 1 x
01ca80b3 1 0 15 1c 01 xxxxxxxx 0 0 0 0 x x 0 0 x x x 0 0 x x x x x 1 x
009516b3 1 0 0a 09 0d xxxxxxxx 0 0 1 x x x 0 0 x x x 0 0 x x x x x 1 x
01dcaf33 1 0 19 1d 1e xxxxxxxx 0 0 2 x 0 x 0 0 x x x 0 0 x x x x x 1 x
000e34b3 1 0 1c 00 09 xxxxxxxx 0 0 3 x 1 x 0 0 x x x 0 0 x x x x x 1 x
01e04133 1 0 00 1e 02 xxxxxxxx 0 0 4 x x x 0 0 x x x 0 0 x x x x x 1 x
000c5f33 1 0 18 00 1e xxxxxxxx 0 0 5 x x 0 0 0 x x x 0 0 x x x x x 1 x
007b6433 1 0 16 07 08 xxxxxxxx 0 0 6 x x x 0 0 x x x 0 0 x x x x x 1 x
00677f33 1 0 0e 06 1e xxxxxxxx 0 0 7 x x x 0 0 x x x 0 0 x x x x x 1 x
40f10bb3 1 0 02 0f 17 xxxxxxxx 0 0 0 1 x x 0 0 x x x 0 0 x x x x x 1 x
41c55db3 1 0 0a 1c 1b xxxxxxxx 0 0 5 x x 1 0 0 x x x 0 0 x x x x x 1 x
00f00633 1 0 00 0f 0c xxxxxxxx 0 0 0 0 x x 0 0 x x x 0 0 x x x x x 1 x
01401db3 1 0 00 14 1b xxxxxxxx 0 0 1 x x x 0 0 x x x 0 0 x x x x x 1 x
01a022b3 1 0 00 1a 05 xxxxxxxx 0 0 2 x 0 x 0 0 x x x 0 0 x x x x x 1 x
01f0b033 1 0 01 1f 00 xxxxxxxx 0 0 3 x 1 x 0 0 x x x 0 0 x x x x x 1 x
01ebc7b3 1 0 17 1e 0f xxxxxxxx 0 0 4 x x x 0 0 x x x 0 0 x x x x x 1 x
01b451b3 1 0 08 1b 03 xxxxxxxx 0 0 5 x x 0 0 0 x x x 0 0 x x x x x 1 x
010fe733 1 0 1f 10 0e xxxxxxxx 0 0 6 x x x 0 0 x x x 0 0 x x x x x 1 x
00047033 1 0 08 00 00 xxxxxxxx 0 0 7 x x x 0 0 x x x 0 0 x x x x x 1 x
41008a33 1 0 01 10 14 xxxxxxxx 0 0 0 1 x x 0 0 x x x 0 0 x x x x x 1 x
40785033 1 0 10 07 00 xxxxxxxx 0 0 5 x x 1 0 0 x x x 0 0 x x x x x 1 x
01288433 1 0 11 12 08 xxxxxxxx 0 0 0 0 x x 0 0 x x x 0 0 x x x x x 1 x
000f9033 1 0 1f 00 00 xxxxxxxx 0 0 1 x x x 0 0 x x x 0 0 x x x x x 1 x
018badb3 1 0 17 18 1b xxxxxxxx 0 0 2 x 0 x 0 0 x x x 0 0 x x x x x 1 x
008bbc33 1 0 17 08 18 xxxxxxxx 0 0 3 x 1 x 0 0 x x x 0 0 x x x x x 1 x
00cf45b3 1 0 1e 0c 0b xxxxxxxx 0 0 4 x x x 0 0 x x x 0 0 x x x x x 1 x
0180d1b3 1 0 01 18 03 xxxxxxxx 0 0 5 x x 0 0 0 x x x 0 0 x x x x x 1 x
002a6bb3 1 0 14 02 17 xxxxxxxx 0 0 6 x x x 0 0 x x x 0 0 x x x x x 1 x
00b1f3b3 1 0 03 0b 07 xxxxxxxx 0 0 7 x x x 0 0 x x x 0 0 x x x x x 1 x
40478633 1 0 0f 04 0c xxxxxxxx 0 0 0 1 x x 0 0 x x x 0 0 x x x x x 1 x
41eedb33 1 0 1d 1e 16 xxxxxxxx 0 0 5 x x 1 0 0 x x x 0 0 x x x x x 1 x
004f8ab3 1 0 1f 04 15 xxxxxxxx 0 0 0 0 x x 0 0 x x x 0 0 x x x x x 1 x
003f1fb3 1 0 1e 03 1f xxxxxxxx 0 0 1 x x x 0 0 x x x 0 0 x x x x x 1 x
00c52b33 1 0 0a 0c 16 xxxxxxxx 0 0 2 x 0 x 0 0 x x x 0 0 x x x x x 1 x
019bb8b3 1 0 17 19 11 xxxxxxxx 0 0 3 x 1 x 0 0 x x x 0 0 x x x x x 1 x
00e9cfb3 1 0 13 0e 1f xxxxxxxx 0 0 4 x x x 0 0 x x x 0 0 x x x x x 1 x
01475db3 1 0 0e 14 1b xxxxxxxx 0 0 5 x x 0 0 0 x x x 0 0 x x x x x 1 x
00006033 1 0 00 00 00 xxxxxxxx 0 0 6 x x x 0 0 x x x 0 0 x x x x x 1 x
001e7333 1 0 1c 01 06 xxxxxxxx 0 0 7 x x x 0 0 x x x 0 0 x x x x x 1 x
40a986b3 1 0 13 0a 0d xxxxxxxx 0 0 0 1 x x 0 0 x x x 0 0 x x x x x 1 x
411dd233 1 0 1b 11 04 xxxxxxxx 0 0 5 x x 1 0 0 x x x 0 0 x x x x x 1 x
01158333 1 0 0b 11 06 xxxxxxxx 0 0 0 0 x x 0 0 x x x 0 0 x x x x x 1 x
00d79133 1 0 0f 0d 02 xxxxxxxx 0 0 1 x x x 0 0 x x x 0 0 x x x x x 1 x
00052bb3 1 0 0a 00 17 xxxxxxxx 0 0 2 x 0 x 0 0 x x x 0 0 x x x x x 1 x
011932b3 1 0 12 11 05 xxxxxxxx 0 0 3 x 1 x 0 0 x x x 0 0 x x x x x 1 x
007a44b3 1 0 14 07 09 xxxxxxxx 0 0 4 x x x 0 0 x x x 0 0 x x x x x 1 x
01abdd33 1 0 17 1a 1a xxxxxxxx 0 0 5 x x 0 0 0 x x x 0 0 x x x x x 1 x
00906ab3 1 0 00 09 15 xxxxxxxx 0 0 6 x x x 0 0 x x x 0 0 x x x x x 1 x
01f57a33 1 0 0a 1f 14 xxxxxxxx 0 0 7 x x x 0 0 x x x 0 0 x x x x x 1 x
41ff8bb3 1 0 1f 1f 17 xxxxxxxx 0 0 0 1 x x 0 0 x x x 0 0 x x x x x 1 x
409051b3 1 0 00 09 03 xxxxxxxx 0 0 5 x x 1 0 0 x x x 0 0 x x x x x 1 x
018f8e33 1 0 1f 18 1c xxxxxxxx 0 0 0 0 x x 0 0 x x x 0 0 x x x x x 1 x
017093b3 1 0 01 17 07 xxxxxxxx 0 0 1 x x x 0 0 x x x 0 0 x x x x x 1 x
00e0adb3 1 0 01 0e 1b xxxxxxxx 0 0 2 x 0 x 0 0 x x x 0 0 x x x x x 1 x
000eba33 1 0 1d 00 14 xxxxxxxx 0 0 3 x 1 x 0 0 x x x 0 0 x x x x x 1 x
01be4433 1 0 1c 1b 08 xxxxxxxx 0 0 4 x x x 0 0 x x x 0 0 x x x x x 1 x
0003dfb3 1 0 07 00 1f xxxxxxxx 0 0 5 x x 0 0 0 x x x 0 0 x x x x x 1 x
01c5ecb3 1 0 0b 1c 19 xxxxxxxx 0 0 6 x x x 0 0 x x x 0 0 x x x x x 1 x
006d7a33 1 0 1a 06 14 xxxxxxxx 0 0 7 x x x 0 0 x x x 0 0 x x x x x 1 x
419206b3 1 0 04 19 0d xxxxxxxx 0 0 0 1 x x 0 0 x x x 0 0 x x x x x 1 x
40a15033 1 0 02 0a 00 xxxxxxxx 0 0 5 x x 1 0 0 x x x 0 0 x x x x x 1 x
007b8b33 1 0 17 07 16 xxxxxxxx 0 0 0 0 x x 0 0 x x x 0 0 x x x x x 1 x
01f49033 1 0 09 1f 00 xxxxxxxx 0 0 1 x x x 0 0 x x x 0 0 x x x x x 1 x
00b3a1b3 1 0 07 0b 03 xxxxxxxx 0 0 2 x 0 x 0 0 x x x 0 0 x x x x x 1 x
000b3033 1 0 16 00 00 xxxxxxxx 0 0 3 x 1 x 0 0 x x x 0 0 x x x x x 1 x
016d4fb3 1 0 1a 16 1f xxxxxxxx 0 0 4 x x x 0 0 x x x 0 0 x x x x x 1 x
002a5033 1 0 14 02 00 xxxxxxxx 0 0 5 x x 0 0 0 x x x 0 0 x x x x x 1 x
0174efb3 1 0 09 17 1f xxxxxxxx 0 0 6 x x x 0 0 x x x 0 0 x x x x x 1 x
0184f733 1 0 09 18 0e xxxxxxxx 0 0 7 x x x 0 0 x x x 0 0 x x x x x 1 x
41c204b3 1 0 04 1c 09 xxxxxxxx 0 0 0 1 x x 0 0 x x x 0 0 x x x x x 1 x
40cb50b3 1 0 16 0c 01 xxxxxxxx 0 0 5 x x 1 0 0 x x x 0 0 x x x x x 1 x
00c20033 1 0 04 0c 00 xxxxxxxx 0 0 0 0 x x 0 0 x x x 0 0 x x x x x 1 x
01d01033 1 0 00 1d 00 xxxxxxxx 0 0 1 x x x 0 0 x x x 0 0 x x x x x 1 x
0020a3b3 1 0 01 02 07 xxxxxxxx 0 0 2 x 0 x 0 0 x x x 0 0 x x x x x 1 x
01a93033 1 0 12 1a 00 xxxxxxxx 0 0 3 x 1 x 0 0 x x x 0 0 x x x x x 1 x
006f4933 1 0 1e 06 12 xxxxxxxx 0 0 4 x x x 0 0 x x x 0 0 x x x x x 1 x
019ad3b3 1 0 15 19 07 xxxxxxxx 0 0 5 x x 0 0 0 x x x 0 0 x x x x x 1 x
001d6733 1 0 1a 01 0e xxxxxxxx 0 0 6 x x x 0 0 x x x 0 0 x x x x x 1 x
0008f333 1 0 11 00 06 xxxxxxxx 0 0 7 x x x 0 0 x x x 0 0 x x x x x 1 x
411d06b3 1 0 1a 11 0d xxxxxxxx 0 0 0 1 x x 0 0 x x x 0 0 x x x x x 1 x
400bd2b3 1 0 17 00 05 xxxxxxxx 0 0 5 x x 1 0 0 x x x 0 0 x x x x x 1 x
014f0db3 1 0 1e 14 1b xxxxxxxx 0 0 0 0 x x 0 0 x x x 0 0 x x x x x 1 x
01ff9e33 1 0 1f 1f 1c xxxxxxxx 0 0 1 x x x 0 0 x x x 0 0 x x x x x 1 x
0093a533 1 0 07 09 0a xxxxxxxx 0 0 2 x 0 x 0 0 x x x 0 0 x x x x x 1 x
000a33b3 1 0 14 00 07 xxxxxxxx 0 0 3 x 1 x 0 0 x x x 0 0 x x x x x 1 x
001ec2b3 1 0 1d 01 05 xxxxxxxx 0 0 4 x x x 0 0 x x x 0 0 x x x x x 1 x
006dd033 1 0 1b 06 00 xxxxxxxx 0 0 5 x x 0 0 0 x x x 0 0 x x x x x 1 x
01f6e333 1 0 0d 1f 06 xxxxxxxx 0 0 6 x x x 0 0 x x x 0 0 x x x x x 1 x
01f371b3 1 0 06 1f 03 xxxxxxxx 0 0 7 x x x 0 0 x x x 0 0 x x x x x 1 x
41630033 1 0 06 16 00 xxxxxxxx 0 0 0 1 x x 0 0 x x x 0 0 x x x x x 1 x
40a7d8b3 1 0 0f 0a 11 xxxxxxxx 0 0 5 x x 1 0 0 x x x 0 0 x x x x x 1 x
000f8bb3 1 0 1f 00 17 xxxxxxxx 0 0 0 0 x x 0 0 x x x 0 0 x x x x x 1 x
000217b3 1 0 04 00 0f xxxxxxxx 0 0 1 x x x 0 0 x x x 0 0 x x x x x 1 x
000621b3 1 0 0c 00 03 xxxxxxxx 0 0 2 x 0 x 0 0 x x x 0 0 x x x x x 1 x
015fbcb3 1 0 1f 15 19 xxxxxxxx 0 0 3 x 1 x 0 0 x x x 0 0 x x x x x 1 x
0020c1b3 1 0 01 02 03 xxxxxxxx 0 0 4 x x x 0 0 x x x 0 0 x x x x x 1 x
0014d2b3 1 0 09 01 05 xxxxxxxx 0 0 5 x x 0 0 0 x x x 0 0 x x x x x 1 x
013064b3 1 0 00 13 09 xxxxxxxx 0 0 6 x x x 0 0 x x x 0 0 x x x x x 1 x
015ef8b3 1 0 1d 15 11 xxxxxxxx 0 0 7 x x x 0 0 x x x 0 0 x x x x x 1 x
408b08b3 1 0 16 08 11 xxxxxxxx 0 0 0 1 x x 0 0 x x x 0 0 x x x x x 1 x
4185d033 1 0 0b 18 00 xxxxxxxx 0 0 5 x x 1 0 0 x x x 0 0 x x x x x 1 x
01688fb3 1 0 11 16 1f xxxxxxxx 0 0 0 0 x x 0 0 x x x 0 0 x x x x x 1 x
01fb9db3 1 0 17 1f 1b xxxxxxxx 0 0 1 x x x 0 0 x x x 0 0 x x x x x 1 x
019b2633 1 0 16 19 0c xxxxxxxx 0 0 2 x 0 x 0 0 x x x 0 0 x x x x x 1 x
01fdb233 1 0 1b 1f 04 xxxxxxxx 0 0 3 x 1 x 0 0 x x x 0 0 x x x x x 1 x
01774db3 1 0 0e 17 1b xxxxxxxx 0 0 4 x x x 0 0 x x x 0 0 x x x x x 1 x
00b057b3 1 0 00 0b 0f xxxxxxxx 0 0 5 x x 0 0 0 x x x 0 0 x x x x x 1 x
01f06b33 1 0 00 1f 16 xxxxxxxx 0 0 6 x x x 0 0 x x x 0 0 x x x x x 1 x
0001f6b3 1 0 03 00 0d xxxxxxxx 0 0 7 x x x 0 0 x x x 0 0 x x x x x 1 x
400004b3 1 0 00 00 09 xxxxxxxx 0 0 0 1 x x 0 0 x x x 0 0 x x x x x 1 x
41e6dbb3 1 0 0d 1e 17 xxxxxxxx 0 0 5 x x 1 0 0 x x x 0 0 x x x x x 1 x
00010eb3 1 0 02 00 1d xxxxxxxx 0 0 0 0 x x 0 0 x x x 0 0 x x x x x 1 x
015f9b33 1 0 1f 15 16 xxxxxxxx 0 0 1 x x x 0 0 x x x 0 0 x x x x x 1 x
011c25b3 1 0 18 11 0b xxxxxxxx 0 0 2 x 0 x 0 0 x x x 0 0 x x x x x 1 x
00b8bfb3 1 0 11 0b 1f xxxxxxxx 0 0 3 x 1 x 0 0 x x x 0 0 x x x x x 1 x
01404633 1 0 00 14 0c xxxxxxxx 0 0 4 x x x 0 0 x x x 0 0 x x x x x 1 x
017258b3 1 0 04 17 11 xxxxxxxx 0 0 5 x x 0 0 0 x x x 0 0 x x x x x 1 x
01656e33 1 0 0a 16 1c xxxxxxxx 0 0 6 x x x 0 0 x x x 0 0 x x x x x 1 x
01837733 1 0 06 18 0e xxxxxxxx 0 0 7 x x x 0 0 x x x 0 0 x x x x x 1 x
412109b3 1 0 02 12 13 xxxxxxxx 0 0 0 1 x x 0 0 x x x 0 0 x x x x x 1 x
41105f33 1 0 00 11 1e xxxxxxxx 0 0 5 x x 1 0 0 x x x 0 0 x x x x x 1 x
014886b3 1 0 11 14 0d xxxxxxxx 0 0 0 0 x x 0 0 x x x 0 0 x x x x x 1 x
01a01933 1 0 00 1a 12 xxxxxxxx 0 0 1 x x x 0 0 x x x 0 0 x x x x x 1 x
01feafb3 1 0 1d 1f 1f xxxxxxxx 0 0 2 x 0 x 0 0 x x x 0 0 x x x x x 1 x
014bbeb3 1 0 17 14 1d xxxxxxxx 0 0 3 x 1 x 0 0 x x x 0 0 x x x x x 1 x
0060cfb3 1 0 01 06 1f xxxxxxxx 0 0 4 x x x 0 0 x x x 0 0 x x x x x 1 x
011e55b3 1 0 1c 11 0b xxxxxxxx 0 0 5 x x 0 0 0 x x x 0 0 x x x x x 1 x
01f0e033 1 0 01 1f 00 xxxxxxxx 0 0 6 x x x 0 0 x x x 0 0 x x x x x 1 x
01f077b3 1 0 00 1f 0f xxxxxxxx 0 0 7 x x x 0 0 x x x 0 0 x x x x x 1 x
41800d33 1 0 00 18 1a xxxxxxxx 0 0 0 1 x x 0 0 x x x 0 0 x x x x x 1 x
403956b3 1 0 12 03 0d xxxxxxxx 0 0 5 x x 1 0 0 x x x 0 0 x x x x x 1 x
01c00133 1 0 00 1c 02 xxxxxxxx 0 0 0 0 x x 0 0 x x x 0 0 x x x x x 1 x
01c59c33 1 0 0b 1c 18 xxxxxxxx 0 0 1 x x x 0 0 x x x 0 0 x x x x x 1 x
01f92033 1 0 12 1f 00 xxxxxxxx 0 0 2 x 0 x 0 0 x x x 0 0 x x x x x 1 x
0048bd33 1 0 11 04 1a xxxxxxxx 0 0 3 x 1 x 0 0 x x x 0 0 x x x x x 1 x
00a4ca33 1 0 09 0a 14 xxxxxxxx 0 0 4 x x x 0 0 x x x 0 0 x x x x x 1 x
016a5b33 1 0 14 16 16 xxxxxxxx 0 0 5 x x 0 0 0 x x x 0 0 x x x x x 1 x
00fe69b3 1 0 1c 0f 13 xxxxxxxx 0 0 6 x x x 0 0 x x x 0 0 x x x x x 1 x
0127f1b3 1 0 0f 12 03 xxxxxxxx 0 0 7 x x x 0 0 x x x 0 0 x x x x x 1 x
419f8d33 1 0 1f 19 1a xxxxxxxx 0 0 0 1 x x 0 0 x x x 0 0 x x x x x 1 x
416dd833 1 0 1b 16 10 xxxxxxxx 0 0 5 x x 1 0 0 x x x 0 0 x x x x x 1 x
01e00233 1 0 00 1e 04 xxxxxxxx 0 0 0 0 x x 0 0 x x x 0 0 x x x x x 1 x
009319b3 1 0 06 09 13 xxxxxxxx 0 0 1 x x x 0 0 x x x 0 0 x x x x x 1 x
00bc27b3 1 0 18 0b 0f xxxxxxxx 0 0 2 x 0 x 0 0 x x x 0 0 x x x x x 1 x
01e03433 1 0 00 1e 08 xxxxxxxx 0 0 3 x 1 x 0 0 x x x 0 0 x x x x x 1 x
005bc433 1 0 17 05 08 xxxxxxxx 0 0 4 x x x 0 0 x x x 0 0 x x x x x 1 x
000fd033 1 0 1f 00 00 xxxxxxxx 0 0 5 x x 0 0 0 x x x 0 0 x x x x x 1 x
0054e733 1 0 09 05 0e xxxxxxxx 0 0 6 x x x 0 0 x x x 0 0 x x x x x 1 x
01c8fa33 1 0 11 1c 14 xxxxxxxx 0 0 7 x x x 0 0 x x x 0 0 x x x x x 1 x
40a387b3 1 0 07 0a 0f xxxxxxxx 0 0 0 1 x x 0 0 x x x 0 0 x x x x x 1 x
40a057b3 1 0 00 0a 0f xxxxxxxx 0 0 5 x x 1 0 0 x x x 0 0 x x x x x 1 x
011001b3 1 0 00 11 03 xxxxxxxx 0 0 0 0 x x 0 0 x x x 0 0 x x x x x 1 x
01801fb3 1 0 00 18 1f xxxxxxxx 0 0 1 x x x 0 0 x x x 0 0 x x x x x 1 x
01b9a5b3 1 0 13 1b 0b xxxxxxxx 0 0 2 x 0 x 0 0 x x x 0 0 x x x x x 1 x
00c0b933 1 0 01 0c 12 xxxxxxxx 0 0 3 x 1 x 0 0 x x x 0 0 x x x x x 1 x
00eacf33 1 0 15 0e 1e xxxxxxxx 0 0 4 x x x 0 0 x x x 0 0 x x x x x 1 x
0005d2b3 1 0 0b 00 05 xxxxxxxx 0 0 5 x x 0 0 0 x x x 0 0 x x x x x 1 x
01f1e033 1 0 03 1f 00 xxxxxxxx 0 0 6 x x x 0 0 x x x 0 0 x x x x x 1 x
003df033 1 0 1b 03 00 xxxxxxxx 0 0 7 x x x 0 0 x x x 0 0 x x x x x 1 x
40ef8fb3 1 0 1f 0e 1f xxxxxxxx 0 0 0 1 x x 0 0 x x x 0 0 x x x x x 1 x
402358b3 1 0 06 02 11 xxxxxxxx 0 0 5 x x 1 0 0 x x x 0 0 x x x x x 1 x
008702b3 1 0 0e 08 05 xxxxxxxx 0 0 0 0 x x 0 0 x x x 0 0 x x x x x 1 x
00be9033 1 0 1d 0b 00 xxxxxxxx 0 0 1 x x x 0 0 x x x 0 0 x x x x x 1 x
017b2833 1 0 16 17 10 xxxxxxxx 0 0 2 x 0 x 0 0 x x x 0 0 x x x x x 1 x
00313833 1 0 02 03 10 xxxxxxxx 0 0 3 x 1 x 0 0 x x x 0 0 x x x x x 1 x
01a0c033 1 0 01 1a 00 xxxxxxxx 0 0 4 x x x 0 0 x x x 0 0 x x x x x 1 x
00505a33 1 0 00 05 14 xxxxxxxx 0 0 5 x x 0 0 0 x x x 0 0 x x x x x 1 x
0024e8b3 1 0 09 02 11 xxxxxxxx 0 0 6 x x x 0 0 x x x 0 0 x x x x x 1 x
0126f033 1 0 0d 12 00 xxxxxxxx 0 0 7 x x x 0 0 x x x 0 0 x x x x x 1 x
404984b3 1 0 13 04 09 xxxxxxxx 0 0 0 1 x x 0 0 x x x 0 0 x x x x x 1 x
40045833 1 0 08 00 10 xxxxxxxx 0 0 5 x x 1 0 0 x x x 0 0 x x x x x 1 x
013f8033 1 0 1f 13 00 xxxxxxxx 0 0 0 0 x x 0 0 x x x 0 0 x x x x x 1 x
01ff9bb3 1 0 1f 1f 17 xxxxxxxx 0 0 1 x x x 0 0 x x x 0 0 x x x x x 1 x
000827b3 1 0 10 00 0f xxxxxxxx 0 0 2 x 0 x 0 0 x x x 0 0 x x x x x 1 x
01babbb3 1 0 15 1b 17 xxxxxxxx 0 0 3 x 1 x 0 0 x x x 0 0 x x x x x 1 x
01f940b3 1 0 12 1f 01 xxxxxxxx 0 0 4 x x x 0 0 x x x 0 0 x x x x x 1 x
0133dcb3 1 0 07 13 19 xxxxxxxx 0 0 5 x x 0 0 0 x x x 0 0 x x x x x 1 x
00516033 1 0 02 05 00 xxxxxxxx 0 0 6 x x x 0 0 x x x 0 0 x x x x x 1 x
00bff833 1 0 1f 0b 10 xxxxxxxx 0 0 7 x x x 0 0 x x x 0 0 x x x x x 1 x
412009b3 1 0 00 12 13 xxxxxxxx 0 0 0 1 x x 0 0 x x x 0 0 x x x x x 1 x
40005033 1 0 00 00 00 xxxxxxxx 0 0 5 x x 1 0 0 x x x 0 0 x x x x x 1 x
01658533 1 0 0b 16 0a xxxxxxxx 0 0 0 0 x x 0 0 x x x 0 0 x x x x x 1 x
00699033 1 0 13 06 00 xxxxxxxx 0 0 1 x x x 0 0 x x x 0 0 x x x x x 1 x
00faafb3 1 0 15 0f 1f xxxxxxxx 0 0 2 x 0 x 0 0 x x x 0 0 x x x x x 1 x
01ffbbb3 1 0 1f 1f 17 xxxxxxxx 0 0 3 x 1 x 0 0 x x x 0 0 x x x x x 1 x
00a5c6b3 1 0 0b 0a 0d xxxxxxxx 0 0 4 x x x 0 0 x x x 0 0 x x x x x 1 x
00e058b3 1 0 00 0e 11 xxxxxxxx 0 0 5 x x 0 0 0 x x x 0 0 x x x x x 1 x
009fedb3 1 0 1f 09 1b xxxxxxxx 0 0 6 x x x 0 0 x x x 0 0 x x x x x 1 x
0003f233 1 0 07 00 04 xxxxxxxx 0 0 7 x x x 0 0 x x x 0 0 x x x x x 1 x
41368733 1 0 0d 13 0e xxxxxxxx 0 0 0 1 x x 0 0 x x x 0 0 x x x x x 1 x
400254b3 1 0 04 00 09 xxxxxxxx 0 0 5 x x 1 0 0 x x x 0 0 x x x x x 1 x
000c87b3 1 0 19 00 0f xxxxxxxx 0 0 0 0 x x 0 0 x x x 0 0 x x x x x 1 x
010b1fb3 1 0 16 10 1f xxxxxxxx 0 0 1 x x x 0 0 x x x 0 0 x x x x x 1 x
0015a333 1 0 0b 01 06 xxxxxxxx 0 0 2 x 0 x 0 0 x x x 0 0 x x x x x 1 x
01a73a33 1 0 0e 1a 14 xxxxxxxx 0 0 3 x 1 x 0 0 x x x 0 0 x x x x x 1 x
00ccc8b3 1 0 19 0c 11 xxxxxxxx 0 0 4 x x x 0 0 x x x 0 0 x x x x x 1 x
0138dfb3 1 0 11 13 1f xxxxxxxx 0 0 5 x x 0 0 0 x x x 0 0 x x x x x 1 x
00bc6eb3 1 0 18 0b 1d xxxxxxxx 0 0 6 x x x 0 0 x x x 0 0 x x x x x 1 x
00407db3 1 0 00 04 1b xxxxxxxx 0 0 7 x x x 0 0 x x x 0 0 x x x x x 1 x
40a70533 1 0 0e 0a 0a xxxxxxxx 0 0 0 1 x x 0 0 x x x 0 0 x x x x x 1 x
400451b3 1 0 08 00 03 xxxxxxxx 0 0 5 x x 1 0 0 x x x 0 0 x x x x x 1 x
002f8fb3 1 0 1f 02 1f xxxxxxxx 0 0 0 0 x x 0 0 x x x 0 0 x x x x x 1 x
00d01033 1 0 00 0d 00 xxxxxxxx 0 0 1 x x x 0 0 x x x 0 0 x x x x x 1 x
0191a3b3 1 0 03 19 07 xxxxxxxx 0 0 2 x 0 x 0 0 x x x 0 0 x x x x x 1 x
012c3233 1 0 18 12 04 xxxxxxxx 0 0 3 x 1 x 0 0 x x x 0 0 x x x x x 1 x
00914f33 1 0 02 09 1e xxxxxxxx 0 0 4 x x x 0 0 x x x 0 0 x x x x x 1 x
00b9d8b3 1 0 13 0b 11 xxxxxxxx 0 0 5 x x 0 0 0 x x x 0 0 x x x x x 1 x
0172ebb3 1 0 05 17 17 xxxxxxxx 0 0 6 x x x 0 0 x x x 0 0 x x x x x 1 x
00977433 1 0 0e 09 08 xxxxxxxx 0 0 7 x x x 0 0 x x x 0 0 x x x x x 1 x
415489b3 1 0 09 15 13 xxxxxxxx 0 0 0 1 x x 0 0 x x x 0 0 x x x x x 1 x
40a255b3 1 0 04 0a 0b xxxxxxxx 0 0 5 x x 1 0 0 x x x 0 0 x x x x x 1 x
01710ab3 1 0 02 17 15 xxxxxxxx 0 0 0 0 x x 0 0 x x x 0 0 x x x x x 1 x
01f01033 1 0 00 1f 00 xxxxxxxx 0 0 1 x x x 0 0 x x x 0 0 x x x x x 1 x
00b7a733 1 0 0f 0b 0e xxxxxxxx 0 0 2 x 0 x 0 0 x x x 0 0 x x x x x 1 x
01e13233 1 0 02 1e 04 xxxxxxxx 0 0 3 x 1 x 0 0 x x x 0 0 x x x x x 1 x
01704933 1 0 00 17 12 xxxxxxxx 0 0 4 x x x 0 0 x x x 0 0 x x x x x 1 x
00ffd3b3 1 0 1f 0f 07 xxxxxxxx 0 0 5 x x 0 0 0 x x x 0 0 x x x x x 1 x
00b26933 1 0 04 0b 12 xxxxxxxx 0 0 6 x x x 0 0 x x x 0 0 x x x x x 1 x
0099f3b3 1 0 13 09 07 xxxxxxxx 0 0 7 x x x 0 0 x x x 0 0 x x x x x 1 x
416d81b3 1 0 1b 16 03 xxxxxxxx 0 0 0 1 x x 0 0 x x x 0 0 x x x x x 1 x
40005033 1 0 00 00 00 xxxxxxxx 0 0 5 x x 1 0 0 x x x 0 0 x x x x x 1 x
00250b33 1 0 0a 02 16 xxxxxxxx 0 0 0 0 x x 0 0 x x x 0 0 x x x x x 1 x
000294b3 1 0 05 00 09 xxxxxxxx 0 0 1 x x x 0 0 x x x 0 0 x x x x x 1 x
01132ab3 1 0 06 11 15 xxxxxxxx 0 0 2 x 0 x 0 0 x x x 0 0 x x x x x 1 x
01fcb233 1 0 19 1f 04 xxxxxxxx 0 0 3 x 1 x 0 0 x x x 0 0 x x x x x 1 x
01eb48b3 1 0 16 1e 11 xxxxxxxx 0 0 4 x x x 0 0 x x x 0 0 x x x x x 1 x
01b1d6b3 1 0 03 1b 0d xxxxxxxx 0 0 5 x x 0 0 0 x x x 0 0 x x x x x 1 x
00906cb3 1 0 00 09 19 xxxxxxxx 0 0 6 x x x 0 0 x x x 0 0 x x x x x 1 x
01ad7cb3 1 0 1a 1a 19 xxxxxxxx 0 0 7 x x x 0 0 x x x 0 0 x x x x x 1 x
40428fb3 1 0 05 04 1f xxxxxxxx 0 0 0 1 x x 0 0 x x x 0 0 x x x x x 1 x
41cc5333 1 0 18 1c 06 xxxxxxxx 0 0 5 x x 1 0 0 x x x 0 0 x x x x x 1 x
01d00cb3 1 0 00 1d 19 xxxxxxxx 0 0 0 0 x x 0 0 x x x 0 0 x x x x x 1 x
01c317b3 1 0 06 1c 0f xxxxxxxx 0 0 1 x x x 0 0 x x x 0 0 x x x x x 1 x
00e02033 1 0 00 0e 00 xxxxxxxx 0 0 2 x 0 x 0 0 x x x 0 0 x x x x x 1 x
01403a33 1 0 00 14 14 xxxxxxxx 0 0 3 x 1 x 0 0 x x x 0 0 x x x x x 1 x
01e9c033 1 0 13 1e 00 xxxxxxxx 0 0 4 x x x 0 0 x x x 0 0 x x x x x 1 x
00c4dbb3 1 0 09 0c 17 xxxxxxxx 0 0 5 x x 0 0 0 x x x 0 0 x x x x x 1 x
00d063b3 1 0 00 0d 07 xxxxxxxx 0 0 6 x x x 0 0 x x x 0 0 x x x x x 1 x
0074f033 1 0 09 07 00 xxxxxxxx 0 0 7 x x x 0 0 x x x 0 0 x x x x x 1 x
41f00b33 1 0 00 1f 16 xxxxxxxx 0 0 0 1 x x 0 0 x x x 0 0 x x x x x 1 x
40055a33 1 0 0a 00 14 xxxxxxxx 0 0 5 x x 1 0 0 x x x 0 0 x x x x x 1 x
00768033 1 0 0d 07 00 xxxxxxxx 0 0 0 0 x x 0 0 x x x 0 0 x x x x x 1 x
00c29933 1 0 05 0c 12 xxxxxxxx 0 0 1 x x x 0 0 x x x 0 0 x x x x x 1 x
01592c33 1 0 12 15 18 xxxxxxxx 0 0 2 x 0 x 0 0 x x x 0 0 x x x x x 1 x
00f73a33 1 0 0e 0f 14 xxxxxxxx 0 0 3 x 1 x 0 0 x x x 0 0 x x x x x 1 x
01a043b3 1 0 00 1a 07 xxxxxxxx 0 0 4 x x x 0 0 x x x 0 0 x x x x x 1 x
0146dcb3 1 0 0d 14 19 xxxxxxxx 0 0 5 x x 0 0 0 x x x 0 0 x x x x x 1 x
01a3ee33 1 0 07 1a 1c xxxxxxxx 0 0 6 x x x 0 0 x x x 0 0 x x x x x 1 x
0172f033 1 0 05 17 00 xxxxxxxx 0 0 7 x x x 0 0 x x x 0 0 x x x x x 1 x
40038cb3 1 0 07 00 19 xxxxxxxx 0 0 0 1 x x 0 0 x x x 0 0 x x x x x 1 x
4039d033 1 0 13 03 00 xxxxxxxx 0 0 5 x x 1 0 0 x x x 0 0 x x x x x 1 x
00218233 1 0 03 02 04 xxxxxxxx 0 0 0 0 x x 0 0 x x x 0 0 x x x x x 1 x
005218b3 1 0 04 05 11 xxxxxxxx 0 0 1 x x x 0 0 x x x 0 0 x x x x x 1 x
017babb3 1 0 17 17 17 xxxxxxxx 0 0 2 x 0 x 0 0 x x x 0 0 x x x x x 1 x
0143bbb3 1 0 07 14 17 xxxxxxxx 0 0 3 x 1 x 0 0 x x x 0 0 x x x x x 1 x
000fc5b3 1 0 1f 00 0b xxxxxxxx 0 0 4 x x x 0 0 x x x 0 0 x x x x x 1 x
0043d033 1 0 07 04 00 xxxxxxxx 0 0 5 x x 0 0 0 x x x 0 0 x x x x x 1 x
00bcebb3 1 0 19 0b 17 xxxxxxxx 0 0 6 x x x 0 0 x x x 0 0 x x x x x 1 x
00007fb3 1 0 00 00 1f xxxxxxxx 0 0 7 x x x 0 0 x x x 0 0 x x x x x 1 x
40918c33 1 0 03 09 18 xxxxxxxx 0 0 0 1 x x 0 0 x x x 0 0 x x x x x 1 x
4009d633 1 0 13 00 0c xxxxxxxx 0 0 5 x x 1 0 0 x x x 0 0 x x x x x 1 x
01cf80b3 1 0 1f 1c 01 xxxxxxxx 0 0 0 0 x x 0 0 x x x 0 0 x x x x x 1 x
01bf1e33 1 0 1e 1b 1c xxxxxxxx 0 0 1 x x x 0 0 x x x 0 0 x x x x x 1 x
015b2c33 1 0 16 15 18 xxxxxxxx 0 0 2 x 0 x 0 0 x x x 0 0 x x x x x 1 x
00823a33 1 0 04 08 14 xxxxxxxx 0 0 3 x 1 x 0 0 x x x 0 0 x x x x x 1 x
00c4c033 1 0 09 0c 00 xxxxxxxx 0 0 4 x x x 0 0 x x x 0 0 x x x x x 1 x
006d55b3 1 0 1a 06 0b xxxxxxxx 0 0 5 x x 0 0 0 x x x 0 0 x x x x x 1 x
01096fb3 1 0 12 10 1f xxxxxxxx 0 0 6 x x x 0 0 x x x 0 0 x x x x x 1 x
01f6fc33 1 0 0d 1f 18 xxxxxxxx 0 0 7 x x x 0 0 x x x 0 0 x x x x x 1 x
40df87b3 1 0 1f 0d 0f xxxxxxxx 0 0 0 1 x x 0 0 x x x 0 0 x x x x x 1 x
41e6ddb3 1 0 0d 1e 1b xxxxxxxx 0 0 5 x x 1 0 0 x x x 0 0 x x x x x 1 x
01b60333 1 0 0c 1b 06 xxxxxxxx 0 0 0 0 x x 0 0 x x x 0 0 x x x x x 1 x
01511733 1 0 02 15 0e xxxxxxxx 0 0 1 x x x 0 0 x x x 0 0 x x x x x 1 x
01a82633 1 0 10 1a 0c xxxxxxxx 0 0 2 x 0 x 0 0 x x x 0 0 x x x x x 1 x
01fc3133 1 0 18 1f 02 xxxxxxxx 0 0 3 x 1 x 0 0 x x x 0 0 x x x x x 1 x
00dccc33 1 0 19 0d 18 xxxxxxxx 0 0 4 x x x 0 0 x x x 0 0 x x x x x 1 x
000b50b3 1 0 16 00 01 xxxxxxxx 0 0 5 x x 0 0 0 x x x 0 0 x x x x x 1 x
01d9e033 1 0 13 1d 00 xxxxxxxx 0 0 6 x x x 0 0 x x x 0 0 x x x x x 1 x
00e07c33 1 0 00 0e 18 xxxxxxxx 0 0 7 x x x 0 0 x x x 0 0 x x x x x 1 x
41f58eb3 1 0 0b 1f 1d xxxxxxxx 0 0 0 1 x x 0 0 x x x 0 0 x x x x x 1 x
40bc5bb3 1 0 18 0b 17 xxxxxxxx 0 0 5 x x 1 0 0 x x x 0 0 x x x x x 1 x
018f8433 1 0 1f 18 08 xxxxxxxx 0 0 0 0 x x 0 0 x x x 0 0 x x x x x 1 x
01f91633 1 0 12 1f 0c xxxxxxxx 0 0 1 x x x 0 0 x x x 0 0 x x x x x 1 x
001fa8b3 1 0 1f 01 11 xxxxxxxx 0 0 2 x 0 x 0 0 x x x 0 0 x x x x x 1 x
009f39b3 1 0 1e 09 13 xxxxxxxx 0 0 3 x 1 x 0 0 x x x 0 0 x x x x x 1 x
01044533 1 0 08 10 0a xxxxxxxx 0 0 4 x x x 0 0 x x x 0 0 x x x x x 1 x
000fd033 1 0 1f 00 00 xxxxxxxx 0 0 5 x x 0 0 0 x x x 0 0 x x x x x 1 x
01f4e033 1 0 09 1f 00 xxxxxxxx 0 0 6 x x x 0 0 x x x 0 0 x x x x x 1 x
0009f533 1 0 13 00 0a xxxxxxxx 0 0 7 x x x 0 0 x x x 0 0 x x x x x 1 x
41cf8bb3 1 0 1f 1c 17 xxxxxxxx 0 0 0 1 x x 0 0 x x x 0 0 x x x x x 1 x
41fdd5b3 1 0 1b 1f 0b xxxxxxxx 0 0 5 x x 1 0 0 x x x 0 0 x x x x x 1 x
006b0e33 1 0 16 06 1c xxxxxxxx 0 0 0 0 x x 0 0 x x x 0 0 x x x x x 1 x
00081833 1 0 10 00 10 xxxxxxxx 0 0 1 x x x 0 0 x x x 0 0 x x x x x 1 x
01bc2e33 1 0 18 1b 1c xxxxxxxx 0 0 2 x 0 x 0 0 x x x 0 0 x x x x x 1 x
0145bd33 1 0 0b 14 1a xxxxxxxx 0 0 3 x 1 x 0 0 x x x 0 0 x x x x x 1 x
01f8c7b3 1 0 11 1f 0f xxxxxxxx 0 0 4 x x x 0 0 x x x 0 0 x x x x x 1 x
015056b3 1 0 00 15 0d xxxxxxxx 0 0 5 x x 0 0 0 x x x 0 0 x x x x x 1 x
00c76933 1 0 0e 0c 12 xxxxxxxx 0 0 6 x x x 0 0 x x x 0 0 x x x x x 1 x
00f67033 1 0 0c 0f 00 xxxxxxxx 0 0 7 x x x 0 0 x x x 0 0 x x x x x 1 x
40100233 1 0 00 01 04 xxxxxxxx 0 0 0 1 x x 0 0 x x x 0 0 x x x x x 1 x
4143d033 1 0 07 14 00 xxxxxxxx 0 0 5 x x 1 0 0 x x x 0 0 x x x x x 1 x
00af8db3 1 0 1f 0a 1b xxxxxxxx 0 0 0 0 x x 0 0 x x x 0 0 x x x x x 1 x
007c9133 1 0 19 07 02 xxxxxxxx 0 0 1 x x x 0 0 x x x 0 0 x x x x x 1 x
014d2133 1 0 1a 14 02 xxxxxxxx 0 0 2 x 0 x 0 0 x x x 0 0 x x x x x 1 x
01063733 1 0 0c 10 0e xxxxxxxx 0 0 3 x 1 x 0 0 x x x 0 0 x x x x x 1 x
001e4033 1 0 1c 01 00 xxxxxxxx 0 0 4 x x x 0 0 x x x 0 0 x x x x x 1 x
00d9d333 1 0 13 0d 06 xxxxxxxx 0 0 5 x x 0 0 0 x x x 0 0 x x x x x 1 x
00f96733 1 0 12 0f 0e xxxxxxxx 0 0 6 x x x 0 0 x x x 0 0 x x x x x 1 x
000fff33 1 0 1f 00 1e xxxxxxxx 0 0 7 x x x 0 0 x x x 0 0 x x x x x 1 x
40df02b3 1 0 1e 0d 05 xxxxxxxx 0 0 0 1 x x 0 0 x x x 0 0 x x x x x 1 x
416fdc33 1 0 1f 16 18 xxxxxxxx 0 0 5 x x 1 0 0 x x x 0 0 x x x x x 1 x
01d30633 1 0 06 1d 0c xxxxxxxx 0 0 0 0 x x 0 0 x x x 0 0 x x x x x 1 x
00801433 1 0 00 08 08 xxxxxxxx 0 0 1 x x x 0 0 x x x 0 0 x x x x x 1 x
00bc24b3 1 0 18 0b 09 xxxxxxxx 0 0 2 x 0 x 0 0 x x x 0 0 x x x x x 1 x
000b38b3 1 0 16 00 11 xxxxxxxx 0 0 3 x 1 x 0 0 x x x 0 0 x x x x x 1 x
00004b33 1 0 00 00 16 xxxxxxxx 0 0 4 x x x 0 0 x x x 0 0 x x x x x 1 x
00b05eb3 1 0 00 0b 1d xxxxxxxx 0 0 5 x x 0 0 0 x x x 0 0 x x x x x 1 x
0007e733 1 0 0f 00 0e xxxxxxxx 0 0 6 x x x 0 0 x x x 0 0 x x x x x 1 x
00bff4b3 1 0 1f 0b 09 xxxxxxxx 0 0 7 x x x 0 0 x x x 0 0 x x x x x 1 x
402a0fb3 1 0 14 02 1f xxxxxxxx 0 0 0 1 x x 0 0 x x x 0 0 x x x x x 1 x
40865fb3 1 0 0c 08 1f xxxxxxxx 0 0 5 x x 1 0 0 x x x 0 0 x x x x x 1 x
01ad8933 1 0 1b 1a 12 xxxxxxxx 0 0 0 0 x x 0 0 x x x 0 0 x x x x x 1 x
005b1533 1 0 16 05 0a xxxxxxxx 0 0 1 x x x 0 0 x x x 0 0 x x x x x 1 x
00ba2f33 1 0 14 0b 1e xxxxxxxx 0 0 2 x 0 x 0 0 x x x 0 0 x x x x x 1 x
01e839b3 1 0 10 1e 13 xxxxxxxx 0 0 3 x 1 x 0 0 x x x 0 0 x x x x x 1 x
00ca4b33 1 0 14 0c 16 xxxxxxxx 0 0 4 x x x 0 0 x x x 0 0 x x x x x 1 x
007ed0b3 1 0 1d 07 01 xxxxxxxx 0 0 5 x x 0 0 0 x x x 0 0 x x x x x 1 x
019467b3 1 0 08 19 0f xxxxxxxx 0 0 6 x x x 0 0 x x x 0 0 x x x x x 1 x
0055f3b3 1 0 0b 05 07 xxxxxxxx 0 0 7 x x x 0 0 x x x 0 0 x x x x x 1 x
41e30fb3 1 0 06 1e 1f xxxxxxxx 0 0 0 1 x x 0 0 x x x 0 0 x x x x x 1 x
40e95bb3 1 0 12 0e 17 xxxxxxxx 0 0 5 x x 1 0 0 x x x 0 0 x x x x x 1 x
010e0233 1 0 1c 10 04 xxxxxxxx 0 0 0 0 x x 0 0 x x x 0 0 x x x x x 1 x
00429033 1 0 05 04 00 xxxxxxxx 0 0 1 x x x 0 0 x x x 0 0 x x x x x 1 x
006627b3 1 0 0c 06 0f xxxxxxxx 0 0 2 x 0 x 0 0 x x x 0 0 x x x x x 1 x
01653fb3 1 0 0a 16 1f xxxxxxxx 0 0 3 x 1 x 0 0 x x x 0 0 x x x x x 1 x
000446b3 1 0 08 00 0d xxxxxxxx 0 0 4 x x x 0 0 x x x 0 0 x x x x x 1 x
000dd533 1 0 1b 00 0a xxxxxxxx 0 0 5 x x 0 0 0 x x x 0 0 x x x x x 1 x
0142e033 1 0 05 14 00 xxxxxxxx 0 0 6 x x x 0 0 x x x 0 0 x x x x x 1 x
013076b3 1 0 00 13 0d xxxxxxxx 0 0 7 x x x 0 0 x x x 0 0 x x x x x 1 x
40220db3 1 0 04 02 1b xxxxxxxx 0 0 0 1 x x 0 0 x x x 0 0 x x x x x 1 x
41005fb3 1 0 00 10 1f xxxxxxxx 0 0 5 x x 1 0 0 x x x 0 0 x x x x x 1 x
00c005b3 1 0 00 0c 0b xxxxxxxx 0 0 0 0 x x 0 0 x x x 0 0 x x x x x 1 x
01029033 1 0 05 10 00 xxxxxxxx 0 0 1 x x x 0 0 x x x 0 0 x x x x x 1 x
01322db3 1 0 04 13 1b xxxxxxxx 0 0 2 x 0 x 0 0 x x x 0 0 x x x x x 1 x
01e43cb3 1 0 08 1e 19 xxxxxxxx 0 0 3 x 1 x 0 0 x x x 0 0 x x x x x 1 x
00f54fb3 1 0 0a 0f 1f xxxxxxxx 0 0 4 x x x 0 0 x x x 0 0 x x x x x 1 x
01fb5233 1 0 16 1f 04 xxxxxxxx 0 0 5 x x 0 0 0 x x x 0 0 x x x x x 1 x
01346fb3 1 0 08 13 1f xxxxxxxx 0 0 6 x x x 0 0 x x x 0 0 x x x x x 1 x
005a7f33 1 0 14 05 1e xxxxxxxx 0 0 7 x x x 0 0 x x x 0 0 x x x x x 1 x
40028033 1 0 05 00 00 xxxxxxxx 0 0 0 1 x x 0 0 x x x 0 0 x x x x x 1 x
4123d3b3 1 0 07 12 07 xxxxxxxx 0 0 5 x x 1 0 0 x x x 0 0 x x x x x 1 x
00ff87b3 1 0 1f 0f 0f xxxxxxxx 0 0 0 0 x x 0 0 x x x 0 0 x x x x x 1 x
01f21533 1 0 04 1f 0a xxxxxxxx 0 0 1 x x x 0 0 x x x 0 0 x x x x x 1 x
01302e33 1 0 00 13 1c xxxxxxxx 0 0 2 x 0 x 0 0 x x x 0 0 x x x x x 1 x
00f73c33 1 0 0e 0f 18 xxxxxxxx 0 0 3 x 1 x 0 0 x x x 0 0 x x x x x 1 x
01f94133 1 0 12 1f 02 xxxxxxxx 0 0 4 x x x 0 0 x x x 0 0 x x x x x 1 x
00d45933 1 0 08 0d 12 xxxxxxxx 0 0 5 x x 0 0 0 x x x 0 0 x x x x x 1 x
0102e433 1 0 05 10 08 xxxxxxxx 0 0 6 x x x 0 0 x x x 0 0 x x x x x 1 x
00127c33 1 0 04 01 18 xxxxxxxx 0 0 7 x x x 0 0 x x x 0 0 x x x x x 1 x
41d98033 1 0 13 1d 00 xxxxxxxx 0 0 0 1 x x 0 0 x x x 0 0 x x x x x 1 x
40af5f33 1 0 1e 0a 1e xxxxxxxx 0 0 5 x x 1 0 0 x x x 0 0 x x x x x 1 x
00100033 1 0 00 01 00 xxxxxxxx 0 0 0 0 x x 0 0 x x x 0 0 x x x x x 1 x
00099033 1 0 13 00 00 xxxxxxxx 0 0 1 x x x 0 0 x x x 0 0 x x x x x 1 x
000ba033 1 0 17 00 00 xxxxxxxx 0 0 2 x 0 x 0 0 x x x 0 0 x x x x x 1 x
002ebfb3 1 0 1d 02 1f xxxxxxxx 0 0 3 x 1 x 0 0 x x x 0 0 x x x x x 1 x
00024b33 1 0 04 00 16 xxxxxxxx 0 0 4 x x x 0 0 x x x 0 0 x x x x x 1 x
0143dd33 1 0 07 14 1a xxxxxxxx 0 0 5 x x 0 0 0 x x x 0 0 x x x x x 1 x
000f65b3 1 0 1e 00 0b xxxxxxxx 0 0 6 x x x 0 0 x x x 0 0 x x x x x 1 x
01bff333 1 0 1f 1b 06 xxxxxxxx 0 0 7 x x x 0 0 x x x 0 0 x x x x x 1 x
401b83b3 1 0 17 01 07 xxxxxxxx 0 0 0 1 x x 0 0 x x x 0 0 x x x x x 1 x
40efde33 1 0 1f 0e 1c xxxxxxxx 0 0 5 x x 1 0 0 x x x 0 0 x x x x x 1 x
01358233 1 0 0b 13 04 xxxxxxxx 0 0 0 0 x x 0 0 x x x 0 0 x x x x x 1 x
01ae1433 1 0 1c 1a 08 xxxxxxxx 0 0 1 x x x 0 0 x x x 0 0 x x x x x 1 x
00cf2033 1 0 1e 0c 00 xxxxxxxx 0 0 2 x 0 x 0 0 x x x 0 0 x x x x x 1 x
00ad3333 1 0 1a 0a 06 xxxxxxxx 0 0 3 x 1 x 0 0 x x x 0 0 x x x x x 1 x
017048b3 1 0 00 17 11 xxxxxxxx 0 0 4 x x x 0 0 x x x 0 0 x x x x x 1 x
0103df33 1 0 07 10 1e xxxxxxxx 0 0 5 x x 0 0 0 x x x 0 0 x x x x x 1 x
01686533 1 0 10 16 0a xxxxxxxx 0 0 6 x x x 0 0 x x x 0 0 x x x x x 1 x
019174b3 1 0 02 19 09 xxxxxxxx 0 0 7 x x x 0 0 x x x 0 0 x x x x x 1 x
40e78033 1 0 0f 0e 00 xxxxxxxx 0 0 0 1 x x 0 0 x x x 0 0 x x x x x 1 x
4199dfb3 1 0 13 19 1f xxxxxxxx 0 0 5 x x 1 0 0 x x x 0 0 x x x x x 1 x
00050c33 1 0 0a 00 18 xxxxxxxx 0 0 0 0 x x 0 0 x x x 0 0 x x x x x 1 x
01b51ab3 1 0 0a 1b 15 xxxxxxxx 0 0 1 x x x 0 0 x x x 0 0 x x x x x 1 x
012624b3 1 0 0c 12 09 xxxxxxxx 0 0 2 x 0 x 0 0 x x x 0 0 x x x x x 1 x
01f4bd33 1 0 09 1f 1a xxxxxxxx 0 0 3 x 1 x 0 0 x x x 0 0 x x x x x 1 x
00dd43b3 1 0 1a 0d 07 xxxxxxxx 0 0 4 x x x 0 0 x x x 0 0 x x x x x 1 x
0040dab3 1 0 01 04 15 xxxxxxxx 0 0 5 x x 0 0 0 x x x 0 0 x x x x x 1 x
01a2ec33 1 0 05 1a 18 xxxxxxxx 0 0 6 x x x 0 0 x x x 0 0 x x x x x 1 x
007bff33 1 0 17 07 1e xxxxxxxx 0 0 7 x x x 0 0 x x x 0 0 x x x x x 1 x
40900333 1 0 00 09 06 xxxxxxxx 0 0 0 1 x x 0 0 x x x 0 0 x x x x x 1 x
41f05333 1 0 00 1f 06 xxxxxxxx 0 0 5 x x 1 0 0 x x x 0 0 x x x x x 1 x
01500eb3 1 0 00 15 1d xxxxxxxx 0 0 0 0 x x 0 0 x x x 0 0 x x x x x 1 x
01241d33 1 0 08 12 1a xxxxxxxx 0 0 1 x x x 0 0 x x x 0 0 x x x x x 1 x
01efac33 1 0 1f 1e 18 xxxxxxxx 0 0 2 x 0 x 0 0 x x x 0 0 x x x x x 1 x
00df30b3 1 0 1e 0d 01 xxxxxxxx 0 0 3 x 1 x 0 0 x x x 0 0 x x x x x 1 x
009b43b3 1 0 16 09 07 xxxxxxxx 0 0 4 x x x 0 0 x x x 0 0 x x x x x 1 x
0020d433 1 0 01 02 08 xxxxxxxx 0 0 5 x x 0 0 0 x x x 0 0 x x x x x 1 x
01e861b3 1 0 10 1e 03 xxxxxxxx 0 0 6 x x x 0 0 x x x 0 0 x x x x x 1 x
01f3fab3 1 0 07 1f 15 xxxxxxxx 0 0 7 x x x 0 0 x x x 0 0 x x x x x 1 x
400382b3 1 0 07 00 05 xxxxxxxx 0 0 0 1 x x 0 0 x x x 0 0 x x x x x 1 x
400258b3 1 0 04 00 11 xxxxxxxx 0 0 5 x x 1 0 0 x x x 0 0 x x x x x 1 x
01968633 1 0 0d 19 0c xxxxxxxx 0 0 0 0 x x 0 0 x x x 0 0 x x x x x 1 x
01801233 1 0 00 18 04 xxxxxxxx 0 0 1 x x x 0 0 x x x 0 0 x x x x x 1 x
00ada9b3 1 0 1b 0a 13 xxxxxxxx 0 0 2 x 0 x 0 0 x x x 0 0 x x x x x 1 x
0054b833 1 0 09 05 10 xxxxxxxx 0 0 3 x 1 x 0 0 x x x 0 0 x x x x x 1 x
0000cb33 1 0 01 00 16 xxxxxxxx 0 0 4 x x x 0 0 x x x 0 0 x x x x x 1 x
002cd033 1 0 19 02 00 xxxxxxxx 0 0 5 x x 0 0 0 x x x 0 0 x x x x x 1 x
001feeb3 1 0 1f 01 1d xxxxxxxx 0 0 6 x x x 0 0 x x x 0 0 x x x x x 1 x
01907633 1 0 00 19 0c xxxxxxxx 0 0 7 x x x 0 0 x x x 0 0 x x x x x 1 x
40cb0133 1 0 16 0c 02 xxxxxxxx 0 0 0 1 x x 0 0 x x x 0 0 x x x x x 1 x
41345533 1 0 08 13 0a xxxxxxxx 0 0 5 x x 1 0 0 x x x 0 0 x x x x x 1 x
01a402b3 1 0 08 1a 05 xxxxxxxx 0 0 0 0 x x 0 0 x x x 0 0 x x x x x 1 x
010913b3 1 0 12 10 07 xxxxxxxx 0 0 1 x x x 0 0 x x x 0 0 x x x x x 1 x
01072e33 1 0 0e 10 1c xxxxxxxx 0 0 2 x 0 x 0 0 x x x 0 0 x x x x x 1 x
01ac36b3 1 0 18 1a 0d xxxxxxxx 0 0 3 x 1 x 0 0 x x x 0 0 x x x x x 1 x
00784033 1 0 10 07 00 xxxxxxxx 0 0 4 x x x 0 0 x x x 0 0 x x x x x 1 x
00c15ab3 1 0 02 0c 15 xxxxxxxx 0 0 5 x x 0 0 0 x x x 0 0 x x x x x 1 x
01e7ebb3 1 0 0f 1e 17 xxxxxxxx 0 0 6 x x x 0 0 x x x 0 0 x x x x x 1 x
009e7c33 1 0 1c 09 18 xxxxxxxx 0 0 7 x x x 0 0 x x x 0 0 x x x x x 1 x
417001b3 1 0 00 17 03 xxxxxxxx 0 0 0 1 x x 0 0 x x x 0 0 x x x x x 1 x
41835033 1 0 06 18 00 xxxxxxxx 0 0 5 x x 1 0 0 x x x 0 0 x x x x x 1 x
01df8033 1 0 1f 1d 00 xxxxxxxx 0 0 0 0 x x 0 0 x x x 0 0 x x x x x 1 x
007094b3 1 0 01 07 09 xxxxxxxx 0 0 1 x x x 0 0 x x x 0 0 x x x x x 1 x
0008a0b3 1 0 11 00 01 xxxxxxxx 0 0 2 x 0 x 0 0 x x x 0 0 x x x x x 1 x
01c4b833 1 0 09 1c 10 xxxxxxxx 0 0 3 x 1 x 0 0 x x x 0 0 x x x x x 1 x
0115cd33 1 0 0b 11 1a xxxxxxxx 0 0 4 x x x 0 0 x x x 0 0 x x x x x 1 x
019ed633 1 0 1d 19 0c xxxxxxxx 0 0 5 x x 0 0 0 x x x 0 0 x x x x x 1 x
00b06e33 1 0 00 0b 1c xxxxxxxx 0 0 6 x x x 0 0 x x x 0 0 x x x x x 1 x
01f97d33 1 0 12 1f 1a xxxxxxxx 0 0 7 x x x 0 0 x x x 0 0 x x x x x 1 x
417205b3 1 0 04 17 0b xxxxxxxx 0 0 0 1 x x 0 0 x x x 0 0 x x x x x 1 x
407256b3 1 0 04 07 0d xxxxxxxx 0 0 5 x x 1 0 0 x x x 0 0 x x x x x 1 x
000a0bb3 1 0 14 00 17 xxxxxxxx 0 0 0 0 x x 0 0 x x x 0 0 x x x x x 1 x
00e41d33 1 0 08 0e 1a xxxxxxxx 0 0 1 x x x 0 0 x x x 0 0 x x x x x 1 x
00522933 1 0 04 05 12 xxxxxxxx 0 0 2 x 0 x 0 0 x x x 0 0 x x x x x 1 x
01f93a33 1 0 12 1f 14 xxxxxxxx 0 0 3 x 1 x 0 0 x x x 0 0 x x x x x 1 x
00954a33 1 0 0a 09 14 xxxxxxxx 0 0 4 x x x 0 0 x x x 0 0 x x x x x 1 x
0109dd33 1 0 13 10 1a xxxxxxxx 0 0 5 x x 0 0 0 x x x 0 0 x x x x x 1 x
014c6633 1 0 18 14 0c xxxxxxxx 0 0 6 x x x 0 0 x x x 0 0 x x x x x 1 x
00f871b3 1 0 10 0f 03 xxxxxxxx 0 0 7 x x x 0 0 x x x 0 0 x x x x x 1 x
41ef8a33 1 0 1f 1e 14 xxxxxxxx 0 0 0 1 x x 0 0 x x x 0 0 x x x x x 1 x
41fbd333 1 0 17 1f 06 xxxxxxxx 0 0 5 x x 1 0 0 x x x 0 0 x x x x x 1 x
00ba0c33 1 0 14 0b 18 xxxxxxxx 0 0 0 0 x x 0 0 x x x 0 0 x x x x x 1 x
00071833 1 0 0e 00 10 xxxxxxxx 0 0 1 x x x 0 0 x x x 0 0 x x x x x 1 x
01f12833 1 0 02 1f 10 xxxxxxxx 0 0 2 x 0 x 0 0 x x x 0 0 x x x x x 1 x
019033b3 1 0 00 19 07 xxxxxxxx 0 0 3 x 1 x 0 0 x x x 0 0 x x x x x 1 x
001fc333 1 0 1f 01 06 xxxxxxxx 0 0 4 x x x 0 0 x x x 0 0 x x x x x 1 x
014351b3 1 0 06 14 03 xxxxxxxx 0 0 5 x x 0 0 0 x x x 0 0 x x x x x 1 x
0112e6b3 1 0 05 11 0d xxxxxxxx 0 0 6 x x x 0 0 x x x 0 0 x x x x x 1 x
00e1f233 1 0 03 0e 04 xxxxxxxx 0 0 7 x x x 0 0 x x x 0 0 x x x x x 1 x
41ac0b33 1 0 18 1a 16 xxxxxxxx 0 0 0 1 x x 0 0 x x x 0 0 x x x x x 1 x
413c55b3 1 0 18 13 0b xxxxxxxx 0 0 5 x x 1 0 0 x x x 0 0 x x x x x 1 x
01f70b33 1 0 0e 1f 16 xxxxxxxx 0 0 0 0 x x 0 0 x x x 0 0 x x x x x 1 x
01541033 1 0 08 15 00 xxxxxxxx 0 0 1 x x x 0 0 x x x 0 0 x x x x x 1 x
01dfa6b3 1 0 1f 1d 0d xxxxxxxx 0 0 2 x 0 x 0 0 x x x 0 0 x x x x x 1 x
00ac3ab3 1 0 18 0a 15 xxxxxxxx 0 0 3 x 1 x 0 0 x x x 0 0 x x x x x 1 x
01694bb3 1 0 12 16 17 xxxxxxxx 0 0 4 x x x 0 0 x x x 0 0 x x x x x 1 x
009fdcb3 1 0 1f 09 19 xxxxxxxx 0 0 5 x x 0 0 0 x x x 0 0 x x x x x 1 x
01a66bb3 1 0 0c 1a 17 xxxxxxxx 0 0 6 x x x 0 0 x x x 0 0 x x x x x 1 x
00037933 1 0 06 00 12 xxxxxxxx 0 0 7 x x x 0 0 x x x 0 0 x x x x x 1 x
419407b3 1 0 08 19 0f xxxxxxxx 0 0 0 1 x x 0 0 x x x 0 0 x x x x x 1 x
41fe59b3 1 0 1c 1f 13 xxxxxxxx 0 0 5 x x 1 0 0 x x x 0 0 x x x x x 1 x
00148db3 1 0 09 01 1b xxxxxxxx 0 0 0 0 x x 0 0 x x x 0 0 x x x x x 1 x
00409fb3 1 0 01 04 1f xxxxxxxx 0 0 1 x x x 0 0 x x x 0 0 x x x x x 1 x
01fb2133 1 0 16 1f 02 xxxxxxxx 0 0 2 x 0 x 0 0 x x x 0 0 x x x x x 1 x
001abab3 1 0 15 01 15 xxxxxxxx 0 0 3 x 1 x 0 0 x x x 0 0 x x x x x 1 x
01f04c33 1 0 00 1f 18 xxxxxxxx 0 0 4 x x x 0 0 x x x 0 0 x x x x x 1 x
014058b3 1 0 00 14 11 xxxxxxxx 0 0 5 x x 0 0 0 x x x 0 0 x x x x x 1 x
01e0e9b3 1 0 01 1e 13 xxxxxxxx 0 0 6 x x x 0 0 x x x 0 0 x x x x x 1 x
0045fab3 1 0 0b 04 15 xxxxxxxx 0 0 7 x x x 0 0 x x x 0 0 x x x x x 1 x
412200b3 1 0 04 12 01 xxxxxxxx 0 0 0 1 x x 0 0 x x x 0 0 x x x x x 1 x
400fdfb3 1 0 1f 00 1f xxxxxxxx 0 0 5 x x 1 0 0 x x x 0 0 x x x x x 1 x
01050c33 1 0 0a 10 18 xxxxxxxx 0 0 0 0 x x 0 0 x x x 0 0 x x x x x 1 x
00041533 1 0 08 00 0a xxxxxxxx 0 0 1 x x x 0 0 x x x 0 0 x x x x x 1 x
018f2b33 1 0 1e 18 16 xxxxxxxx 0 0 2 x 0 x 0 0 x x x 0 0 x x x x x 1 x
000fbcb3 1 0 1f 00 19 xxxxxxxx 0 0 3 x 1 x 0 0 x x x 0 0 x x x x x 1 x
01e44b33 1 0 08 1e 16 xxxxxxxx 0 0 4 x x x 0 0 x x x 0 0 x x x x x 1 x
004fd033 1 0 1f 04 00 xxxxxxxx 0 0 5 x x 0 0 0 x x x 0 0 x x x x x 1 x
011feeb3 1 0 1f 11 1d xxxxxxxx 0 0 6 x x x 0 0 x x x 0 0 x x x x x 1 x
012d7233 1 0 1a 12 04 xxxxxxxx 0 0 7 x x x 0 0 x x x 0 0 x x x x x 1 x
40f60533 1 0 0c 0f 0a xxxxxxxx 0 0 0 1 x x 0 0 x x x 0 0 x x x x x 1 x
41605c33 1 0 00 16 18 xxxxxxxx 0 0 5 x x 1 0 0 x x x 0 0 x x x x x 1 x
01cd81b3 1 0 1b 1c 03 xxxxxxxx 0 0 0 0 x x 0 0 x x x 0 0 x x x x x 1 x
01aa1033 1 0 14 1a 00 xxxxxxxx 0 0 1 x x x 0 0 x x x 0 0 x x x x x 1 x
00c725b3 1 0 0e 0c 0b xxxxxxxx 0 0 2 x 0 x 0 0 x x x 0 0 x x x x x 1 x
01a93433 1 0 12 1a 08 xxxxxxxx 0 0 3 x 1 x 0 0 x x x 0 0 x x x x x 1 x
00674033 1 0 0e 06 00 xxxxxxxx 0 0 4 x x x 0 0 x x x 0 0 x x x x x 1 x
018957b3 1 0 12 18 0f xxxxxxxx 0 0 5 x x 0 0 0 x x x 0 0 x x x x x 1 x
01b06033 1 0 00 1b 00 xxxxxxxx 0 0 6 x x x 0 0 x x x 0 0 x x x x x 1 x
012cf333 1 0 19 12 06 xxxxxxxx 0 0 7 x x x 0 0 x x x 0 0 x x x x x 1 x
403c0633 1 0 18 03 0c xxxxxxxx 0 0 0 1 x x 0 0 x x x 0 0 x x x x x 1 x
41fbd133 1 0 17 1f 02 xxxxxxxx 0 0 5 x x 1 0 0 x x x 0 0 x x x x x 1 x
01f103b3 1 0 02 1f 07 xxxxxxxx 0 0 0 0 x x 0 0 x x x 0 0 x x x x x 1 x
000794b3 1 0 0f 00 09 xxxxxxxx 0 0 1 x x x 0 0 x x x 0 0 x x x x x 1 x
0066a633 1 0 0d 06 0c xxxxxxxx 0 0 2 x 0 x 0 0 x x x 0 0 x x x x x 1 x
017eb0b3 1 0 1d 17 01 xxxxxxxx 0 0 3 x 1 x 0 0 x x x 0 0 x x x x x 1 x
00c34833 1 0 06 0c 10 xxxxxxxx 0 0 4 x x x 0 0 x x x 0 0 x x x x x 1 x
00b05e33 1 0 00 0b 1c xxxxxxxx 0 0 5 x x 0 0 0 x x x 0 0 x x x x x 1 x
01af6eb3 1 0 1e 1a 1d xxxxxxxx 0 0 6 x x x 0 0 x x x 0 0 x x x x x 1 x
01f67a33 1 0 0c 1f 14 xxxxxxxx 0 0 7 x x x 0 0 x x x 0 0 x x x x x 1 x
400a00b3 1 0 14 00 01 xxxxxxxx 0 0 0 1 x x 0 0 x x x 0 0 x x x x x 1 x
41e95433 1 0 12 1e 08 xxxxxxxx 0 0 5 x x 1 0 0 x x x 0 0 x x x x x 1 x
01cf89b3 1 0 1f 1c 13 xxxxxxxx 0 0 0 0 x x 0 0 x x x 0 0 x x x x x 1 x
00081e33 1 0 10 00 1c xxxxxxxx 0 0 1 x x x 0 0 x x x 0 0 x x x x x 1 x
0004a6b3 1 0 09 00 0d xxxxxxxx 0 0 2 x 0 x 0 0 x x x 0 0 x x x x x 1 x
0078bd33 1 0 11 07 1a xxxxxxxx 0 0 3 x 1 x 0 0 x x x 0 0 x x x x x 1 x
00c4cfb3 1 0 09 0c 1f xxxxxxxx 0 0 4 x x x 0 0 x x x 0 0 x x x x x 1 x
00f851b3 1 0 10 0f 03 xxxxxxxx 0 0 5 x x 0 0 0 x x x 0 0 x x x x x 1 x
01c2ed33 1 0 05 1c 1a xxxxxxxx 0 0 6 x x x 0 0 x x x 0 0 x x x x x 1 x
00c17733 1 0 02 0c 0e xxxxxxxx 0 0 7 x x x 0 0 x x x 0 0 x x x x x 1 x
41f805b3 1 0 10 1f 0b xxxxxxxx 0 0 0 1 x x 0 0 x x x 0 0 x x x x x 1 x
41f05033 1 0 00 1f 00 xxxxxxxx 0 0 5 x x 1 0 0 x x x 0 0 x x x x x 1 x
01280ab3 1 0 10 12 15 xxxxxxxx 0 0 0 0 x x 0 0 x x x 0 0 x x x x x 1 x
005d9933 1 0 1b 05 12 xxxxxxxx 0 0 1 x x x 0 0 x x x 0 0 x x x x x 1 x
008ca933 1 0 19 08 12 xxxxxxxx 0 0 2 x 0 x 0 0 x x x 0 0 x x x x x 1 x
000fbcb3 1 0 1f 00 19 xxxxxxxx 0 0 3 x 1 x 0 0 x x x 0 0 x x x x x 1 x
00d24a33 1 0 04 0d 14 xxxxxxxx 0 0 4 x x x 0 0 x x x 0 0 x x x x x 1 x
00c6dfb3 1 0 0d 0c 1f xxxxxxxx 0 0 5 x x 0 0 0 x x x 0 0 x x x x x 1 x
00c76933 1 0 0e 0c 12 xxxxxxxx 0 0 6 x x x 0 0 x x x 0 0 x x x x x 1 x
00f675b3 1 0 0c 0f 0b xxxxxxxx 0 0 7 x x x 0 0 x x x 0 0 x x x x x 1 x
40548933 1 0 09 05 12 xxxxxxxx 0 0 0 1 x x 0 0 x x x 0 0 x x x x x 1 x
40b1d0b3 1 0 03 0b 01 xxxxxxxx 0 0 5 x x 1 0 0 x x x 0 0 x x x x x 1 x
01e78db3 1 0 0f 1e 1b xxxxxxxx 0 0 0 0 x x 0 0 x x x 0 0 x x x x x 1 x
005515b3 1 0 0a 05 0b xxxxxxxx 0 0 1 x x x 0 0 x x x 0 0 x x x x x 1 x
0018a033 1 0 11 01 00 xxxxxxxx 0 0 2 x 0 x 0 0 x x x 0 0 x x x x x 1 x
01f336b3 1 0 06 1f 0d xxxxxxxx 0 0 3 x 1 x 0 0 x x x 0 0 x x x x x 1 x
01ff4ab3 1 0 1e 1f 15 xxxxxxxx 0 0 4 x x x 0 0 x x x 0 0 x x x x x 1 x
00715b33 1 0 02 07 16 xxxxxxxx 0 0 5 x x 0 0 0 x x x 0 0 x x x x x 1 x
016069b3 1 0 00 16 13 xxxxxxxx 0 0 6 x x x 0 0 x x x 0 0 x x x x x 1 x
0003ffb3 1 0 07 00 1f xxxxxxxx 0 0 7 x x x 0 0 x x x 0 0 x x x x x 1 x
409709b3 1 0 0e 09 13 xxxxxxxx 0 0 0 1 x x 0 0 x x x 0 0 x x x x x 1 x
40cfd233 1 0 1f 0c 04 xxxxxxxx 0 0 5 x x 1 0 0 x x x 0 0 x x x x x 1 x
005a8a33 1 0 15 05 14 xxxxxxxx 0 0 0 0 x x 0 0 x x x 0 0 x x x x x 1 x
00591fb3 1 0 12 05 1f xxxxxxxx 0 0 1 x x x 0 0 x x x 0 0 x x x x x 1 x
01192033 1 0 12 11 00 xxxxxxxx 0 0 2 x 0 x 0 0 x x x 0 0 x x x x x 1 x
0148b433 1 0 11 14 08 xxxxxxxx 0 0 3 x 1 x 0 0 x x x 0 0 x x x x x 1 x
00b94233 1 0 12 0b 04 xxxxxxxx 0 0 4 x x x 0 0 x x x 0 0 x x x x x 1 x
000fdbb3 1 0 1f 00 17 xxxxxxxx 0 0 5 x x 0 0 0 x x x 0 0 x x x x x 1 x
01406533 1 0 00 14 0a xxxxxxxx 0 0 6 x x x 0 0 x x x 0 0 x x x x x 1 x
006af8b3 1 0 15 06 11 xxxxxxxx 0 0 7 x x x 0 0 x x x 0 0 x x x x x 1 x
418d8733 1 0 1b 18 0e xxxxxxxx 0 0 0 1 x x 0 0 x x x 0 0 x x x x x 1 x
41f15db3 1 0 02 1f 1b xxxxxxxx 0 0 5 x x 1 0 0 x x x 0 0 x x x x x 1 x
00aa8633 1 0 15 0a 0c xxxxxxxx 0 0 0 0 x x 0 0 x x x 0 0 x x x x x 1 x
00df91b3 1 0 1f 0d 03 xxxxxxxx 0 0 1 x x x 0 0 x x x 0 0 x x x x x 1 x
0012a8b3 1 0 05 01 11 xxxxxxxx 0 0 2 x 0 x 0 0 x x x 0 0 x x x x x 1 x
005d3bb3 1 0 1a 05 17 xxxxxxxx 0 0 3 x 1 x 0 0 x x x 0 0 x x x x x 1 x
01964fb3 1 0 0c 19 1f xxxxxxxx 0 0 4 x x x 0 0 x x x 0 0 x x x x x 1 x
0088dab3 1 0 11 08 15 xxxxxxxx 0 0 5 x x 0 0 0 x x x 0 0 x x x x x 1 x
009cea33 1 0 19 09 14 xxxxxxxx 0 0 6 x x x 0 0 x x x 0 0 x x x x x 1 x
0116f033 1 0 0d 11 00 xxxxxxxx 0 0 7 x x x 0 0 x x x 0 0 x x x x x 1 x
41f68ab3 1 0 0d 1f 15 xxxxxxxx 0 0 0 1 x x 0 0 x x x 0 0 x x x x x 1 x
41f15db3 1 0 02 1f 1b xxxxxxxx 0 0 5 x x 1 0 0 x x x 0 0 x x x x x 1 x
003a8133 1 0 15 03 02 xxxxxxxx 0 0 0 0 x x 0 0 x x x 0 0 x x x x x 1 x
00061633 1 0 0c 00 0c xxxxxxxx 0 0 1 x x x 0 0 x x x 0 0 x x x x x 1 x
00d02bb3 1 0 00 0d 17 xxxxxxxx 0 0 2 x 0 x 0 0 x x x 0 0 x x x x x 1 x
0081bbb3 1 0 03 08 17 xxxxxxxx 0 0 3 x 1 x 0 0 x x x 0 0 x x x x x 1 x
00004033 1 0 00 00 00 xxxxxxxx 0 0 4 x x x 0 0 x x x 0 0 x x x x x 1 x
0106d1b3 1 0 0d 10 03 xxxxxxxx 0 0 5 x x 0 0 0 x x x 0 0 x x x x x 1 x
018b6033 1 0 16 18 00 xxxxxxxx 0 0 6 x x x 0 0 x x x 0 0 x x x x x 1 x
01f37333 1 0 06 1f 06 xxxxxxxx 0 0 7 x x x 0 0 x x x 0 0 x x x x x 1 x
409c0033 1 0 18 09 00 xxxxxxxx 0 0 0 1 x x 0 0 x x x 0 0 x x x x x 1 x
4034d533 1 0 09 03 0a xxxxxxxx 0 0 5 x x 1 0 0 x x x 0 0 x x x x x 1 x
01ec0e33 1 0 18 1e 1c xxxxxxxx 0 0 0 0 x x 0 0 x x x 0 0 x x x x x 1 x
001f9533 1 0 1f 01 0a xxxxxxxx 0 0 1 x x x 0 0 x x x 0 0 x x x x x 1 x
0098adb3 1 0 11 09 1b xxxxxxxx 0 0 2 x 0 x 0 0 x x x 0 0 x x x x x 1 x
000bb8b3 1 0 17 00 11 xxxxxxxx 0 0 3 x 1 x 0 0 x x x 0 0 x x x x x 1 x
01404333 1 0 00 14 06 xxxxxxxx 0 0 4 x x x 0 0 x x x 0 0 x x x x x 1 x
008050b3 1 0 00 08 01 xxxxxxxx 0 0 5 x x 0 0 0 x x x 0 0 x x x x x 1 x
004a6133 1 0 14 04 02 xxxxxxxx 0 0 6 x x x 0 0 x x x 0 0 x x x x x 1 x
00017b33 1 0 02 00 16 xxxxxxxx 0 0 7 x x x 0 0 x x x 0 0 x x x x x 1 x
40760fb3 1 0 0c 07 1f xxxxxxxx 0 0 0 1 x x 0 0 x x x 0 0 x x x x x 1 x
40045e33 1 0 08 00 1c xxxxxxxx 0 0 5 x x 1 0 0 x x x 0 0 x x x x x 1 x
01f802b3 1 0 10 1f 05 xxxxxxxx 0 0 0 0 x x 0 0 x x x 0 0 x x x x x 1 x
00011333 1 0 02 00 06 xxxxxxxx 0 0 1 x x x 0 0 x x x 0 0 x x x x x 1 x
00d2a333 1 0 05 0d 06 xxxxxxxx 0 0 2 x 0 x 0 0 x x x 0 0 x x x x x 1 x
00733eb3 1 0 06 07 1d xxxxxxxx 0 0 3 x 1 x 0 0 x x x 0 0 x x x x x 1 x
01f34fb3 1 0 06 1f 1f xxxxxxxx 0 0 4 x x x 0 0 x x x 0 0 x x x x x 1 x
0015db33 1 0 0b 01 16 xxxxxxxx 0 0 5 x x 0 0 0 x x x 0 0 x x x x x 1 x
017c6db3 1 0 18 17 1b xxxxxxxx 0 0 6 x x x 0 0 x x x 0 0 x x x x x 1 x
010574b3 1 0 0a 10 09 xxxxxxxx 0 0 7 x x x 0 0 x x x 0 0 x x x x x 1 x
41f20633 1 0 04 1f 0c xxxxxxxx 0 0 0 1 x x 0 0 x x x 0 0 x x x x x 1 x
4009d433 1 0 13 00 08 xxxxxxxx 0 0 5 x x 1 0 0 x x x 0 0 x x x x x 1 x
01100db3 1 0 00 11 1b xxxxxxxx 0 0 0 0 x x 0 0 x x x 0 0 x x x x x 1 x
004f9fb3 1 0 1f 04 1f xxxxxxxx 0 0 1 x x x 0 0 x x x 0 0 x x x x x 1 x
01ed2db3 1 0 1a 1e 1b xxxxxxxx 0 0 2 x 0 x 0 0 x x x 0 0 x x x x x 1 x
00003433 1 0 00 00 08 xxxxxxxx 0 0 3 x 1 x 0 0 x x x 0 0 x x x x x 1 x
01454033 1 0 0a 14 00 xxxxxxxx 0 0 4 x x x 0 0 x x x 0 0 x x x x x 1 x
005e5033 1 0 1c 05 00 xxxxxxxx 0 0 5 x x 0 0 0 x x x 0 0 x x x x x 1 x
0163e8b3 1 0 07 16 11 xxxxxxxx 0 0 6 x x x 0 0 x x x 0 0 x x x x x 1 x
01ff7333 1 0 1e 1f 06 xxxxxxxx 0 0 7 x x x 0 0 x x x 0 0 x x x x x 1 x
40628733 1 0 05 06 0e xxxxxxxx 0 0 0 1 x x 0 0 x x x 0 0 x x x x x 1 x
411fdf33 1 0 1f 11 1e xxxxxxxx 0 0 5 x x 1 0 0 x x x 0 0 x x x x x 1 x
00a78d33 1 0 0f 0a 1a xxxxxxxx 0 0 0 0 x x 0 0 x x x 0 0 x x x x x 1 x
01b61fb3 1 0 0c 1b 1f xxxxxxxx 0 0 1 x x x 0 0 x x x 0 0 x x x x x 1 x
00172433 1 0 0e 01 08 xxxxxxxx 0 0 2 x 0 x 0 0 x x x 0 0 x x x x x 1 x
0148b833 1 0 11 14 10 xxxxxxxx 0 0 3 x 1 x 0 0 x x x 0 0 x x x x x 1 x
0001cdb3 1 0 03 00 1b xxxxxxxx 0 0 4 x x x 0 0 x x x 0 0 x x x x x 1 x
00065cb3 1 0 0c 00 19 xxxxxxxx 0 0 5 x x 0 0 0 x x x 0 0 x x x x x 1 x
0004e6b3 1 0 09 00 0d xxxxxxxx 0 0 6 x x x 0 0 x x x 0 0 x x x x x 1 x
014ff6b3 1 0 1f 14 0d xxxxxxxx 0 0 7 x x x 0 0 x x x 0 0 x x x x x 1 x
414d85b3 1 0 1b 14 0b xxxxxxxx 0 0 0 1 x x 0 0 x x x 0 0 x x x x x 1 x
402d51b3 1 0 1a 02 03 xxxxxxxx 0 0 5 x x 1 0 0 x x x 0 0 x x x x x 1 x
015e0333 1 0 1c 15 06 xxxxxxxx 0 0 0 0 x x 0 0 x x x 0 0 x x x x x 1 x
01f29b33 1 0 05 1f 16 xxxxxxxx 0 0 1 x x x 0 0 x x x 0 0 x x x x x 1 x
00bb27b3 1 0 16 0b 0f xxxxxxxx 0 0 2 x 0 x 0 0 x x x 0 0 x x x x x 1 x
0052bfb3 1 0 05 05 1f xxxxxxxx 0 0 3 x 1 x 0 0 x x x 0 0 x x x x x 1 x
01c14cb3 1 0 02 1c 19 xxxxxxxx 0 0 4 x x x 0 0 x x x 0 0 x x x x x 1 x
000fdfb3 1 0 1f 00 1f xxxxxxxx 0 0 5 x x 0 0 0 x x x 0 0 x x x x x 1 x
01d86733 1 0 10 1d 0e xxxxxxxx 0 0 6 x x x 0 0 x x x 0 0 x x x x x 1 x
01cef4b3 1 0 1d 1c 09 xxxxxxxx 0 0 7 x x x 0 0 x x x 0 0 x x x x x 1 x
40048eb3 1 0 09 00 1d xxxxxxxx 0 0 0 1 x x 0 0 x x x 0 0 x x x x x 1 x
415edab3 1 0 1d 15 15 xxxxxxxx 0 0 5 x x 1 0 0 x x x 0 0 x x x x x 1 x
004a8033 1 0 15 04 00 xxxxxxxx 0 0 0 0 x x 0 0 x x x 0 0 x x x x x 1 x
00d39733 1 0 07 0d 0e xxxxxxxx 0 0 1 x x x 0 0 x x x 0 0 x x x x x 1 x
01f22233 1 0 04 1f 04 xxxxxxxx 0 0 2 x 0 x 0 0 x x x 0 0 x x x x x 1 x
00d43733 1 0 08 0d 0e xxxxxxxx 0 0 3 x 1 x 0 0 x x x 0 0 x x x x x 1 x
01134033 1 0 06 11 00 xxxxxxxx 0 0 4 x x x 0 0 x x x 0 0 x x x x x 1 x
0008d033 1 0 11 00 00 xxxxxxxx 0 0 5 x x 0 0 0 x x x 0 0 x x x x x 1 x
0194e8b3 1 0 09 19 11 xxxxxxxx 0 0 6 x x x 0 0 x x x 0 0 x x x x x 1 x
009ff033 1 0 1f 09 00 xxxxxxxx 0 0 7 x x x 0 0 x x x 0 0 x x x x x 1 x
41f88bb3 1 0 11 1f 17 xxxxxxxx 0 0 0 1 x x 0 0 x x x 0 0 x x x x x 1 x
41f1d9b3 1 0 03 1f 13 xxxxxxxx 0 0 5 x x 1 0 0 x x x 0 0 x x x x x 1 x
01020033 1 0 04 10 00 xxxxxxxx 0 0 0 0 x x 0 0 x x x 0 0 x x x x x 1 x
00059233 1 0 0b 00 04 xxxxxxxx 0 0 1 x x x 0 0 x x x 0 0 x x x x x 1 x
01f8a633 1 0 11 1f 0c xxxxxxxx 0 0 2 x 0 x 0 0 x x x 0 0 x x x x x 1 x
000f39b3 1 0 1e 00 13 xxxxxxxx 0 0 3 x 1 x 0 0 x x x 0 0 x x x x x 1 x
00afce33 1 0 1f 0a 1c xxxxxxxx 0 0 4 x x x 0 0 x x x 0 0 x x x x x 1 x
019ad6b3 1 0 15 19 0d xxxxxxxx 0 0 5 x x 0 0 0 x x x 0 0 x x x x x 1 x
019fe033 1 0 1f 19 00 xxxxxxxx 0 0 6 x x x 0 0 x x x 0 0 x x x x x 1 x
007a7233 1 0 14 07 04 xxxxxxxx 0 0 7 x x x 0 0 x x x 0 0 x x x x x 1 x
41f18bb3 1 0 03 1f 17 xxxxxxxx 0 0 0 1 x x 0 0 x x x 0 0 x x x x x 1 x
40c05b33 1 0 00 0c 16 xxxxxxxx 0 0 5 x x 1 0 0 x x x 0 0 x x x x x 1 x
01f80f33 1 0 10 1f 1e xxxxxxxx 0 0 0 0 x x 0 0 x x x 0 0 x x x x x 1 x
01271eb3 1 0 0e 12 1d xxxxxxxx 0 0 1 x x x 0 0 x x x 0 0 x x x x x 1 x
01f62233 1 0 0c 1f 04 xxxxxxxx 0 0 2 x 0 x 0 0 x x x 0 0 x x x x x 1 x
005632b3 1 0 0c 05 05 xxxxxxxx 0 0 3 x 1 x 0 0 x x x 0 0 x x x x x 1 x
00c04033 1 0 00 0c 00 xxxxxxxx 0 0 4 x x x 0 0 x x x 0 0 x x x x x 1 x
0011d233 1 0 03 01 04 xxxxxxxx 0 0 5 x x 0 0 0 x x x 0 0 x x x x x 1 x
01c06b33 1 0 00 1c 16 xxxxxxxx 0 0 6 x x x 0 0 x x x 0 0 x x x x x 1 x
016176b3 1 0 02 16 0d xxxxxxxx 0 0 7 x x x 0 0 x x x 0 0 x x x x x 1 x
40c084b3 1 0 01 0c 09 xxxxxxxx 0 0 0 1 x x 0 0 x x x 0 0 x x x x x 1 x
40d5dd33 1 0 0b 0d 1a xxxxxxxx 0 0 5 x x 1 0 0 x x x 0 0 x x x x x 1 x
00330533 1 0 06 03 0a xxxxxxxx 0 0 0 0 x x 0 0 x x x 0 0 x x x x x 1 x
009018b3 1 0 00 09 11 xxxxxxxx 0 0 1 x x x 0 0 x x x 0 0 x x x x x 1 x
01f4a033 1 0 09 1f 00 xxxxxxxx 0 0 2 x 0 x 0 0 x x x 0 0 x x x x x 1 x
011a3e33 1 0 14 11 1c xxxxxxxx 0 0 3 x 1 x 0 0 x x x 0 0 x x x x x 1 x
0005c933 1 0 0b 00 12 xxxxxxxx 0 0 4 x x x 0 0 x x x 0 0 x x x x x 1 x
006dd4b3 1 0 1b 06 09 xxxxxxxx 0 0 5 x x 0 0 0 x x x 0 0 x x x x x 1 x
00dfe033 1 0 1f 0d 00 xxxxxxxx 0 0 6 x x x 0 0 x x x 0 0 x x x x x 1 x
009e7ab3 1 0 1c 09 15 xxxxxxxx 0 0 7 x x x 0 0 x x x 0 0 x x x x x 1 x
40588233 1 0 11 05 04 xxxxxxxx 0 0 0 1 x x 0 0 x x x 0 0 x x x x x 1 x
41f85c33 1 0 10 1f 18 xxxxxxxx 0 0 5 x x 1 0 0 x x x 0 0 x x x x x 1 x
01c10d33 1 0 02 1c 1a xxxxxxxx 0 0 0 0 x x 0 0 x x x 0 0 x x x x x 1 x
01999533 1 0 13 19 0a xxxxxxxx 0 0 1 x x x 0 0 x x x 0 0 x x x x x 1 x
000325b3 1 0 06 00 0b xxxxxxxx 0 0 2 x 0 x 0 0 x x x 0 0 x x x x x 1 x
0128b633 1 0 11 12 0c xxxxxxxx 0 0 3 x 1 x 0 0 x x x 0 0 x x x x x 1 x
01f0ccb3 1 0 01 1f 19 xxxxxxxx 0 0 4 x x x 0 0 x x x 0 0 x x x x x 1 x
0111d033 1 0 03 11 00 xxxxxxxx 0 0 5 x x 0 0 0 x x x 0 0 x x x x x 1 x
0167e733 1 0 0f 16 0e xxxxxxxx 0 0 6 x x x 0 0 x x x 0 0 x x x x x 1 x
0063fdb3 1 0 07 06 1b xxxxxxxx 0 0 7 x x x 0 0 x x x 0 0 x x x x x 1 x
41488db3 1 0 11 14 1b xxxxxxxx 0 0 0 1 x x 0 0 x x x 0 0 x x x x x 1 x
41c0d0b3 1 0 01 1c 01 xxxxxxxx 0 0 5 x x 1 0 0 x x x 0 0 x x x x x 1 x
004b0f33 1 0 16 04 1e xxxxxxxx 0 0 0 0 x x 0 0 x x x 0 0 x x x x x 1 x
01901433 1 0 00 19 08 xxxxxxxx 0 0 1 x x x 0 0 x x x 0 0 x x x x x 1 x
000022b3 1 0 00 00 05 xxxxxxxx 0 0 2 x 0 x 0 0 x x x 0 0 x x x x x 1 x
000037b3 1 0 00 00 0f xxxxxxxx 0 0 3 x 1 x 0 0 x x x 0 0 x x x x x 1 x
016cc333 1 0 19 16 06 xxxxxxxx 0 0 4 x x x 0 0 x x x 0 0 x x x x x 1 x
01f85333 1 0 10 1f 06 xxxxxxxx 0 0 5 x x 0 0 0 x x x 0 0 x x x x x 1 x
017b6333 1 0 16 17 06 xxxxxxxx 0 0 6 x x x 0 0 x x x 0 0 x x x x x 1 x
014ff533 1 0 1f 14 0a xxxxxxxx 0 0 7 x x x 0 0 x x x 0 0 x x x x x 1 x
413401b3 1 0 08 13 03 xxxxxxxx 0 0 0 1 x x 0 0 x x x 0 0 x x x x x 1 x
400bd4b3 1 0 17 00 09 xxxxxxxx 0 0 5 x x 1 0 0 x x x 0 0 x x x x x 1 x
014b8033 1 0 17 14 00 xxxxxxxx 0 0 0 0 x x 0 0 x x x 0 0 x x x x x 1 x
006019b3 1 0 00 06 13 xxxxxxxx 0 0 1 x x x 0 0 x x x 0 0 x x x x x 1 x
00002d33 1 0 00 00 1a xxxxxxxx 0 0 2 x 0 x 0 0 x x x 0 0 x x x x x 1 x
01573a33 1 0 0e 15 14 xxxxxxxx 0 0 3 x 1 x 0 0 x x x 0 0 x x x x x 1 x
000d42b3 1 0 1a 00 05 xxxxxxxx 0 0 4 x x x 0 0 x x x 0 0 x x x x x 1 x
018bd033 1 0 17 18 00 xxxxxxxx 0 0 5 x x 0 0 0 x x x 0 0 x x x x x 1 x
01396fb3 1 0 12 13 1f xxxxxxxx 0 0 6 x x x 0 0 x x x 0 0 x x x x x 1 x
01a4fc33 1 0 09 1a 18 xxxxxxxx 0 0 7 x x x 0 0 x x x 0 0 x x x x x 1 x
41138033 1 0 07 11 00 xxxxxxxx 0 0 0 1 x x 0 0 x x x 0 0 x x x x x 1 x
4072dd33 1 0 05 07 1a xxxxxxxx 0 0 5 x x 1 0 0 x x x 0 0 x x x x x 1 x
01fd8033 1 0 1b 1f 00 xxxxxxxx 0 0 0 0 x x 0 0 x x x 0 0 x x x x x 1 x
01151033 1 0 0a 11 00 xxxxxxxx 0 0 1 x x x 0 0 x x x 0 0 x x x x x 1 x
015a23b3 1 0 14 15 07 xxxxxxxx 0 0 2 x 0 x 0 0 x x x 0 0 x x x x x 1 x
01a03c33 1 0 00 1a 18 xxxxxxxx 0 0 3 x 1 x 0 0 x x x 0 0 x x x x x 1 x
01824533 1 0 04 18 0a xxxxxxxx 0 0 4 x x x 0 0 x x x 0 0 x x x x x 1 x
001c54b3 1 0 18 01 09 xxxxxxxx 0 0 5 x x 0 0 0 x x x 0 0 x x x x x 1 x
01c56c33 1 0 0a 1c 18 xxxxxxxx 0 0 6 x x x 0 0 x x x 0 0 x x x x x 1 x
0000f2b3 1 0 01 00 05 xxxxxxxx 0 0 7 x x x 0 0 x x x 0 0 x x x x x 1 x
40d380b3 1 0 07 0d 01 xxxxxxxx 0 0 0 1 x x 0 0 x x x 0 0 x x x x x 1 x
41dfd0b3 1 0 1f 1d 01 xxxxxxxx 0 0 5 x x 1 0 0 x x x 0 0 x x x x x 1 x
00100cb3 1 0 00 01 19 xxxxxxxx 0 0 0 0 x x 0 0 x x x 0 0 x x x x x 1 x
007c9833 1 0 19 07 10 xxxxxxxx 0 0 1 x x x 0 0 x x x 0 0 x x x x x 1 x
01c220b3 1 0 04 1c 01 xxxxxxxx 0 0 2 x 0 x 0 0 x x x 0 0 x x x x x 1 x
00053b33 1 0 0a 00 16 xxxxxxxx 0 0 3 x 1 x 0 0 x x x 0 0 x x x x x 1 x
01004f33 1 0 00 10 1e xxxxxxxx 0 0 4 x x x 0 0 x x x 0 0 x x x x x 1 x
0078d5b3 1 0 11 07 0b xxxxxxxx 0 0 5 x x 0 0 0 x x x 0 0 x x x x x 1 x
01e2e233 1 0 05 1e 04 xxxxxxxx 0 0 6 x x x 0 0 x x x 0 0 x x x x x 1 x
01507fb3 1 0 00 15 1f xxxxxxxx 0 0 7 x x x 0 0 x x x 0 0 x x x x x 1 x
40740033 1 0 08 07 00 xxxxxxxx 0 0 0 1 x x 0 0 x x x 0 0 x x x x x 1 x
4192d5b3 1 0 05 19 0b xxxxxxxx 0 0 5 x x 1 0 0 x x x 0 0 x x x x x 1 x
017987b3 1 0 13 17 0f xxxxxxxx 0 0 0 0 x x 0 0 x x x 0 0 x x x x x 1 x
00c59a33 1 0 0b 0c 14 xxxxxxxx 0 0 1 x x x 0 0 x x x 0 0 x x x x x 1 x
017fab33 1 0 1f 17 16 xxxxxxxx 0 0 2 x 0 x 0 0 x x x 0 0 x x x x x 1 x
00013033 1 0 02 00 00 xxxxxxxx 0 0 3 x 1 x 0 0 x x x 0 0 x x x x x 1 x
01b240b3 1 0 04 1b 01 xxxxxxxx 0 0 4 x x x 0 0 x x x 0 0 x x x x x 1 x
01655c33 1 0 0a 16 18 xxxxxxxx 0 0 5 x x 0 0 0 x x x 0 0 x x x x x 1 x
003be433 1 0 17 03 08 xxxxxxxx 0 0 6 x x x 0 0 x x x 0 0 x x x x x 1 x
01f273b3 1 0 04 1f 07 xxxxxxxx 0 0 7 x x x 0 0 x x x 0 0 x x x x x 1 x
41538db3 1 0 07 15 1b xxxxxxxx 0 0 0 1 x x 0 0 x x x 0 0 x x x x x 1 x
408fda33 1 0 1f 08 14 xxxxxxxx 0 0 5 x x 1 0 0 x x x 0 0 x x x x x 1 x
004f0733 1 0 1e 04 0e xxxxxxxx 0 0 0 0 x x 0 0 x x x 0 0 x x x x x 1 x
016891b3 1 0 11 16 03 xxxxxxxx 0 0 1 x x x 0 0 x x x 0 0 x x x x x 1 x
01292eb3 1 0 12 12 1d xxxxxxxx 0 0 2 x 0 x 0 0 x x x 0 0 x x x x x 1 x
001f34b3 1 0 1e 01 09 xxxxxxxx 0 0 3 x 1 x 0 0 x x x 0 0 x x x x x 1 x
01284ab3 1 0 10 12 15 xxxxxxxx 0 0 4 x x x 0 0 x x x 0 0 x x x x x 1 x
01ffdfb3 1 0 1f 1f 1f xxxxxxxx 0 0 5 x x 0 0 0 x x x 0 0 x x x x x 1 x
017b67b3 1 0 16 17 0f xxxxxxxx 0 0 6 x x x 0 0 x x x 0 0 x x x x x 1 x
012ff9b3 1 0 1f 12 13 xxxxxxxx 0 0 7 x x x 0 0 x x x 0 0 x x x x x 1 x
41f88eb3 1 0 11 1f 1d xxxxxxxx 0 0 0 1 x x 0 0 x x x 0 0 x x x x x 1 x
40565033 1 0 0c 05 00 xxxxxxxx 0 0 5 x x 1 0 0 x x x 0 0 x x x x x 1 x
000a01b3 1 0 14 00 03 xxxxxxxx 0 0 0 0 x x 0 0 x x x 0 0 x x x x x 1 x
000e9a33 1 0 1d 00 14 xxxxxxxx 0 0 1 x x x 0 0 x x x 0 0 x x x x x 1 x
0022af33 1 0 05 02 1e xxxxxxxx 0 0 2 x 0 x 0 0 x x x 0 0 x x x x x 1 x
013232b3 1 0 04 13 05 xxxxxxxx 0 0 3 x 1 x 0 0 x x x 0 0 x x x x x 1 x
007fc3b3 1 0 1f 07 07 xxxxxxxx 0 0 4 x x x 0 0 x x x 0 0 x x x x x 1 x
000054b3 1 0 00 00 09 xxxxxxxx 0 0 5 x x 0 0 0 x x x 0 0 x x x x x 1 x
00406d33 1 0 00 04 1a xxxxxxxx 0 0 6 x x x 0 0 x x x 0 0 x x x x x 1 x
019ff833 1 0 1f 19 10 xxxxxxxx 0 0 7 x x x 0 0 x x x 0 0 x x x x x 1 x
41100a33 1 0 00 11 14 xxxxxxxx 0 0 0 1 x x 0 0 x x x 0 0 x x x x x 1 x
415c52b3 1 0 18 15 05 xxxxxxxx 0 0 5 x x 1 0 0 x x x 0 0 x x x x x 1 x
01f106b3 1 0 02 1f 0d xxxxxxxx 0 0 0 0 x x 0 0 x x x 0 0 x x x x x 1 x
00001733 1 0 00 00 0e xxxxxxxx 0 0 1 x x x 0 0 x x x 0 0 x x x x x 1 x
00b62133 1 0 0c 0b 02 xxxxxxxx 0 0 2 x 0 x 0 0 x x x 0 0 x x x x x 1 x
014f30b3 1 0 1e 14 01 xxxxxxxx 0 0 3 x 1 x 0 0 x x x 0 0 x x x x x 1 x
004bc4b3 1 0 17 04 09 xxxxxxxx 0 0 4 x x x 0 0 x x x 0 0 x x x x x 1 x
0185df33 1 0 0b 18 1e xxxxxxxx 0 0 5 x x 0 0 0 x x x 0 0 x x x x x 1 x
000fedb3 1 0 1f 00 1b xxxxxxxx 0 0 6 x x x 0 0 x x x 0 0 x x x x x 1 x
01a9ffb3 1 0 13 1a 1f xxxxxxxx 0 0 7 x x x 0 0 x x x 0 0 x x x x x 1 x
413b0333 1 0 16 13 06 xxxxxxxx 0 0 0 1 x x 0 0 x x x 0 0 x x x x x 1 x
412bd9b3 1 0 17 12 13 xxxxxxxx 0 0 5 x x 1 0 0 x x x 0 0 x x x x x 1 x
013880b3 1 0 11 13 01 xxxxxxxx 0 0 0 0 x x 0 0 x x x 0 0 x x x x x 1 x
00649033 1 0 09 06 00 xxxxxxxx 0 0 1 x x x 0 0 x x x 0 0 x x x x x 1 x
00d02bb3 1 0 00 0d 17 xxxxxxxx 0 0 2 x 0 x 0 0 x x x 0 0 x x x x x 1 x
00f03d33 1 0 00 0f 1a xxxxxxxx 0 0 3 x 1 x 0 0 x x x 0 0 x x x x x 1 x
003dc533 1 0 1b 03 0a xxxxxxxx 0 0 4 x x x 0 0 x x x 0 0 x x x x x 1 x
010cd533 1 0 19 10 0a xxxxxxxx 0 0 5 x x 0 0 0 x x x 0 0 x x x x x 1 x
00e3e2b3 1 0 07 0e 05 xxxxxxxx 0 0 6 x x x 0 0 x x x 0 0 x x x x x 1 x
01e2f033 1 0 05 1e 00 xxxxxxxx 0 0 7 x x x 0 0 x x x 0 0 x x x x x 1 x
40628fb3 1 0 05 06 1f xxxxxxxx 0 0 0 1 x x 0 0 x x x 0 0 x x x x x 1 x
41bb5e33 1 0 16 1b 1c xxxxxxxx 0 0 5 x x 1 0 0 x x x 0 0 x x x x x 1 x
01340e33 1 0 08 13 1c xxxxxxxx 0 0 0 0 x x 0 0 x x x 0 0 x x x x x 1 x
00e219b3 1 0 04 0e 13 xxxxxxxx 0 0 1 x x x 0 0 x x x 0 0 x x x x x 1 x
015fafb3 1 0 1f 15 1f xxxxxxxx 0 0 2 x 0 x 0 0 x x x 0 0 x x x x x 1 x
00eb34b3 1 0 16 0e 09 xxxxxxxx 0 0 3 x 1 x 0 0 x x x 0 0 x x x x x 1 x
00a8ceb3 1 0 11 0a 1d xxxxxxxx 0 0 4 x x x 0 0 x x x 0 0 x x x x x 1 x
01d6d9b3 1 0 0d 1d 13 xxxxxxxx 0 0 5 x x 0 0 0 x x x 0 0 x x x x x 1 x
0000e8b3 1 0 01 00 11 xxxxxxxx 0 0 6 x x x 0 0 x x x 0 0 x x x x x 1 x
01de7c33 1 0 1c 1d 18 xxxxxxxx 0 0 7 x x x 0 0 x x x 0 0 x x x x x 1 x
418a8533 1 0 15 18 0a xxxxxxxx 0 0 0 1 x x 0 0 x x x 0 0 x x x x x 1 x
400dd2b3 1 0 1b 00 05 xxxxxxxx 0 0 5 x x 1 0 0 x x x 0 0 x x x x x 1 x
001181b3 1 0 03 01 03 xxxxxxxx 0 0 0 0 x x 0 0 x x x 0 0 x x x x x 1 x
01331ab3 1 0 06 13 15 xxxxxxxx 0 0 1 x x x 0 0 x x x 0 0 x x x x x 1 x
01b62c33 1 0 0c 1b 18 xxxxxxxx 0 0 2 x 0 x 0 0 x x x 0 0 x x x x x 1 x
01c3bf33 1 0 07 1c 1e xxxxxxxx 0 0 3 x 1 x 0 0 x x x 0 0 x x x x x 1 x
01b446b3 1 0 08 1b 0d xxxxxxxx 0 0 4 x x x 0 0 x x x 0 0 x x x x x 1 x
000edab3 1 0 1d 00 15 xxxxxxxx 0 0 5 x x 0 0 0 x x x 0 0 x x x x x 1 x
0073eb33 1 0 07 07 16 xxxxxxxx 0 0 6 x x x 0 0 x x x 0 0 x x x x x 1 x
017476b3 1 0 08 17 0d xxxxxxxx 0 0 7 x x x 0 0 x x x 0 0 x x x x x 1 x
40300cb3 1 0 00 03 19 xxxxxxxx 0 0 0 1 x x 0 0 x x x 0 0 x x x x x 1 x
4006d2b3 1 0 0d 00 05 xxxxxxxx 0 0 5 x x 1 0 0 x x x 0 0 x x x x x 1 x
008e08b3 1 0 1c 08 11 xxxxxxxx 0 0 0 0 x x 0 0 x x x 0 0 x x x x x 1 x
016f9e33 1 0 1f 16 1c xxxxxxxx 0 0 1 x x x 0 0 x x x 0 0 x x x x x 1 x
009aa6b3 1 0 15 09 0d xxxxxxxx 0 0 2 x 0 x 0 0 x x x 0 0 x x x x x 1 x
0005bb33 1 0 0b 00 16 xxxxxxxx 0 0 3 x 1 x 0 0 x x x 0 0 x x x x x 1 x
01204bb3 1 0 00 12 17 xxxxxxxx 0 0 4 x x x 0 0 x x x 0 0 x x x x x 1 x
006058b3 1 0 00 06 11 xxxxxxxx 0 0 5 x x 0 0 0 x x x 0 0 x x x x x 1 x
01f06033 1 0 00 1f 00 xxxxxxxx 0 0 6 x x x 0 0 x x x 0 0 x x x x x 1 x
00fff6b3 1 0 1f 0f 0d xxxxxxxx 0 0 7 x x x 0 0 x x x 0 0 x x x x x 1 x
414e0833 1 0 1c 14 10 xxxxxxxx 0 0 0 1 x x 0 0 x x x 0 0 x x x x x 1 x
4009dab3 1 0 13 00 15 xxxxxxxx 0 0 5 x x 1 0 0 x x x 0 0 x x x x x 1 x
000d0333 1 0 1a 00 06 xxxxxxxx 0 0 0 0 x x 0 0 x x x 0 0 x x x x x 1 x
015694b3 1 0 0d 15 09 xxxxxxxx 0 0 1 x x x 0 0 x x x 0 0 x x x x x 1 x
01a2aab3 1 0 05 1a 15 xxxxxxxx 0 0 2 x 0 x 0 0 x x x 0 0 x x x x x 1 x
000fb2b3 1 0 1f 00 05 xxxxxxxx 0 0 3 x 1 x 0 0 x x x 0 0 x x x x x 1 x
00094833 1 0 12 00 10 xxxxxxxx 0 0 4 x x x 0 0 x x x 0 0 x x x x x 1 x
019ed1b3 1 0 1d 19 03 xxxxxxxx 0 0 5 x x 0 0 0 x x x 0 0 x x x x x 1 x
00d9ec33 1 0 13 0d 18 xxxxxxxx 0 0 6 x x x 0 0 x x x 0 0 x x x x x 1 x
013cf233 1 0 19 13 04 xxxxxxxx 0 0 7 x x x 0 0 x x x 0 0 x x x x x 1 x
40320ab3 1 0 04 03 15 xxxxxxxx 0 0 0 1 x x 0 0 x x x 0 0 x x x x x 1 x
40a75bb3 1 0 0e 0a 17 xxxxxxxx 0 0 5 x x 1 0 0 x x x 0 0 x x x x x 1 x
01290d33 1 0 12 12 1a xxxxxxxx 0 0 0 0 x x 0 0 x x x 0 0 x x x x x 1 x
011016b3 1 0 00 11 0d xxxxxxxx 0 0 1 x x x 0 0 x x x 0 0 x x x x x 1 x
017726b3 1 0 0e 17 0d xxxxxxxx 0 0 2 x 0 x 0 0 x x x 0 0 x x x x x 1 x
00613033 1 0 02 06 00 xxxxxxxx 0 0 3 x 1 x 0 0 x x x 0 0 x x x x x 1 x
0054c5b3 1 0 09 05 0b xxxxxxxx 0 0 4 x x x 0 0 x x x 0 0 x x x x x 1 x
000e54b3 1 0 1c 00 09 xxxxxxxx 0 0 5 x x 0 0 0 x x x 0 0 x x x x x 1 x
00d069b3 1 0 00 0d 13 xxxxxxxx 0 0 6 x x x 0 0 x x x 0 0 x x x x x 1 x
00b07033 1 0 00 0b 00 xxxxxxxx 0 0 7 x x x 0 0 x x x 0 0 x x x x x 1 x
41800033 1 0 00 18 00 xxxxxxxx 0 0 0 1 x x 0 0 x x x 0 0 x x x x x 1 x
41ea5433 1 0 14 1e 08 xxxxxxxx 0 0 5 x x 1 0 0 x x x 0 0 x x x x x 1 x
01518eb3 1 0 03 15 1d xxxxxxxx 0 0 0 0 x x 0 0 x x x 0 0 x x x x x 1 x
016d9cb3 1 0 1b 16 19 xxxxxxxx 0 0 1 x x x 0 0 x x x 0 0 x x x x x 1 x
01f82233 1 0 10 1f 04 xxxxxxxx 0 0 2 x 0 x 0 0 x x x 0 0 x x x x x 1 x
01373c33 1 0 0e 13 18 xxxxxxxx 0 0 3 x 1 x 0 0 x x x 0 0 x x x x x 1 x
009cc033 1 0 19 09 00 xxxxxxxx 0 0 4 x x x 0 0 x x x 0 0 x x x x x 1 x
01f0d5b3 1 0 01 1f 0b xxxxxxxx 0 0 5 x x 0 0 0 x x x 0 0 x x x x x 1 x
015065b3 1 0 00 15 0b xxxxxxxx 0 0 6 x x x 0 0 x x x 0 0 x x x x x 1 x
015071b3 1 0 00 15 03 xxxxxxxx 0 0 7 x x x 0 0 x x x 0 0 x x x x x 1 x
407b08b3 1 0 16 07 11 xxxxxxxx 0 0 0 1 x x 0 0 x x x 0 0 x x x x x 1 x
41bddb33 1 0 1b 1b 16 xxxxxxxx 0 0 5 x x 1 0 0 x x x 0 0 x x x x x 1 x
00aa8033 1 0 15 0a 00 xxxxxxxx 0 0 0 0 x x 0 0 x x x 0 0 x x x x x 1 x
00371333 1 0 0e 03 06 xxxxxxxx 0 0 1 x x x 0 0 x x x 0 0 x x x x x 1 x
00022033 1 0 04 00 00 xxxxxxxx 0 0 2 x 0 x 0 0 x x x 0 0 x x x x x 1 x
014db933 1 0 1b 14 12 xxxxxxxx 0 0 3 x 1 x 0 0 x x x 0 0 x x x x x 1 x
01044fb3 1 0 08 10 1f xxxxxxxx 0 0 4 x x x 0 0 x x x 0 0 x x x x x 1 x
01745d33 1 0 08 17 1a xxxxxxxx 0 0 5 x x 0 0 0 x x x 0 0 x x x x x 1 x
00dd69b3 1 0 1a 0d 13 xxxxxxxx 0 0 6 x x x 0 0 x x x 0 0 x x x x x 1 x
01ecffb3 1 0 19 1e 1f xxxxxxxx 0 0 7 x x x 0 0 x x x 0 0 x x x x x 1 x
41fd88b3 1 0 1b 1f 11 xxxxxxxx 0 0 0 1 x x 0 0 x x x 0 0 x x x x x 1 x
402ed0b3 1 0 1d 02 01 xxxxxxxx 0 0 5 x x 1 0 0 x x x 0 0 x x x x x 1 x
011408b3 1 0 08 11 11 xxxxxxxx 0 0 0 0 x x 0 0 x x x 0 0 x x x x x 1 x
00001db3 1 0 00 00 1b xxxxxxxx 0 0 1 x x x 0 0 x x x 0 0 x x x x x 1 x
00ff2033 1 0 1e 0f 00 xxxxxxxx 0 0 2 x 0 x 0 0 x x x 0 0 x x x x x 1 x
009a3033 1 0 14 09 00 xxxxxxxx 0 0 3 x 1 x 0 0 x x x 0 0 x x x x x 1 x
00cc4ab3 1 0 18 0c 15 xxxxxxxx 0 0 4 x x x 0 0 x x x 0 0 x x x x x 1 x
01645433 1 0 08 16 08 xxxxxxxx 0 0 5 x x 0 0 0 x x x 0 0 x x x x x 1 x
008ae633 1 0 15 08 0c xxxxxxxx 0 0 6 x x x 0 0 x x x 0 0 x x x x x 1 x
010a7d33 1 0 14 10 1a xxxxxxxx 0 0 7 x x x 0 0 x x x 0 0 x x x x x 1 x
409e0833 1 0 1c 09 10 xxxxxxxx 0 0 0 1 x x 0 0 x x x 0 0 x x x x x 1 x
416fdcb3 1 0 1f 16 19 xxxxxxxx 0 0 5 x x 1 0 0 x x x 0 0 x x x x x 1 x
015407b3 1 0 08 15 0f xxxxxxxx 0 0 0 0 x x 0 0 x x x 0 0 x x x x x 1 x
00189d33 1 0 11 01 1a xxxxxxxx 0 0 1 x x x 0 0 x x x 0 0 x x x x x 1 x
00ac2fb3 1 0 18 0a 1f xxxxxxxx 0 0 2 x 0 x 0 0 x x x 0 0 x x x x x 1 x
011d3233 1 0 1a 11 04 xxxxxxxx 0 0 3 x 1 x 0 0 x x x 0 0 x x x x x 1 x
0003c733 1 0 07 00 0e xxxxxxxx 0 0 4 x x x 0 0 x x x 0 0 x x x x x 1 x
011fd0b3 1 0 1f 11 01 xxxxxxxx 0 0 5 x x 0 0 0 x x x 0 0 x x x x x 1 x
004d6f33 1 0 1a 04 1e xxxxxxxx 0 0 6 x x x 0 0 x x x 0 0 x x x x x 1 x
01607233 1 0 00 16 04 xxxxxxxx 0 0 7 x x x 0 0 x x x 0 0 x x x x x 1 x
41240f33 1 0 08 12 1e xxxxxxxx 0 0 0 1 x x 0 0 x x x 0 0 x x x x x 1 x
40505eb3 1 0 00 05 1d xxxxxxxx 0 0 5 x x 1 0 0 x x x 0 0 x x x x x 1 x
018b8033 1 0 17 18 00 xxxxxxxx 0 0 0 0 x x 0 0 x x x 0 0 x x x x x 1 x
000d9933 1 0 1b 00 12 xxxxxxxx 0 0 1 x x x 0 0 x x x 0 0 x x x x x 1 x
01e1ab33 1 0 03 1e 16 xxxxxxxx 0 0 2 x 0 x 0 0 x x x 0 0 x x x x x 1 x
001c3b33 1 0 18 01 16 xxxxxxxx 0 0 3 x 1 x 0 0 x x x 0 0 x x x x x 1 x
00d4c0b3 1 0 09 0d 01 xxxxxxxx 0 0 4 x x x 0 0 x x x 0 0 x x x x x 1 x
01e6d933 1 0 0d 1e 12 xxxxxxxx 0 0 5 x x 0 0 0 x x x 0 0 x x x x x 1 x
01b165b3 1 0 02 1b 0b xxxxxxxx 0 0 6 x x x 0 0 x x x 0 0 x x x x x 1 x
015f70b3 1 0 1e 15 01 xxxxxxxx 0 0 7 x x x 0 0 x x x 0 0 x x x x x 1 x
401a03b3 1 0 14 01 07 xxxxxxxx 0 0 0 1 x x 0 0 x x x 0 0 x x x x x 1 x
41005333 1 0 00 10 06 xxxxxxxx 0 0 5 x x 1 0 0 x x x 0 0 x x x x x 1 x
01ba85b3 1 0 15 1b 0b xxxxxxxx 0 0 0 0 x x 0 0 x x x 0 0 x x x x x 1 x
00ac9ab3 1 0 19 0a 15 xxxxxxxx 0 0 1 x x x 0 0 x x x 0 0 x x x x x 1 x
006b21b3 1 0 16 06 03 xxxxxxxx 0 0 2 x 0 x 0 0 x x x 0 0 x x x x x 1 x
00caba33 1 0 15 0c 14 xxxxxxxx 0 0 3 x 1 x 0 0 x x x 0 0 x x x x x 1 x
012e4c33 1 0 1c 12 18 xxxxxxxx 0 0 4 x x x 0 0 x x x 0 0 x x x x x 1 x
013fd733 1 0 1f 13 0e xxxxxxxx 0 0 5 x x 0 0 0 x x x 0 0 x x x x x 1 x
01f060b3 1 0 00 1f 01 xxxxxxxx 0 0 6 x x x 0 0 x x x 0 0 x x x x x 1 x
00effd33 1 0 1f 0e 1a xxxxxxxx 0 0 7 x x x 0 0 x x x 0 0 x x x x x 1 x
413f8633 1 0 1f 13 0c xxxxxxxx 0 0 0 1 x x 0 0 x x x 0 0 x x x x x 1 x
4002dfb3 1 0 05 00 1f xxxxxxxx 0 0 5 x x 1 0 0 x x x 0 0 x x x x x 1 x
013b8cb3 1 0 17 13 19 xxxxxxxx 0 0 0 0 x x 0 0 x x x 0 0 x x x x x 1 x
01f09fb3 1 0 01 1f 1f xxxxxxxx 0 0 1 x x x 0 0 x x x 0 0 x x x x x 1 x
0000a033 1 0 01 00 00 xxxxxxxx 0 0 2 x 0 x 0 0 x x x 0 0 x x x x x 1 x
0133bf33 1 0 07 13 1e xxxxxxxx 0 0 3 x 1 x 0 0 x x x 0 0 x x x x x 1 x
00484fb3 1 0 10 04 1f xxxxxxxx 0 0 4 x x x 0 0 x x x 0 0 x x x x x 1 x
0069d733 1 0 13 06 0e xxxxxxxx 0 0 5 x x 0 0 0 x x x 0 0 x x x x x 1 x
0108e633 1 0 11 10 0c xxxxxxxx 0 0 6 x x x 0 0 x x x 0 0 x x x x x 1 x
0030f033 1 0 01 03 00 xxxxxxxx 0 0 7 x x x 0 0 x x x 0 0 x x x x x 1 x
40650033 1 0 0a 06 00 xxxxxxxx 0 0 0 1 x x 0 0 x x x 0 0 x x x x x 1 x
4135deb3 1 0 0b 13 1d xxxxxxxx 0 0 5 x x 1 0 0 x x x 0 0 x x x x x 1 x
006003b3 1 0 00 06 07 xxxxxxxx 0 0 0 0 x x 0 0 x x x 0 0 x x x x x 1 x
01601e33 1 0 00 16 1c xxxxxxxx 0 0 1 x x x 0 0 x x x 0 0 x x x x x 1 x
0006a033 1 0 0d 00 00 xxxxxxxx 0 0 2 x 0 x 0 0 x x x 0 0 x x x x x 1 x
0123b4b3 1 0 07 12 09 xxxxxxxx 0 0 3 x 1 x 0 0 x x x 0 0 x x x x x 1 x
00d24e33 1 0 04 0d 1c xxxxxxxx 0 0 4 x x x 0 0 x x x 0 0 x x x x x 1 x
0093d633 1 0 07 09 0c xxxxxxxx 0 0 5 x x 0 0 0 x x x 0 0 x x x x x 1 x
005fea33 1 0 1f 05 14 xxxxxxxx 0 0 6 x x x 0 0 x x x 0 0 x x x x x 1 x
004ef033 1 0 1d 04 00 xxxxxxxx 0 0 7 x x x 0 0 x x x 0 0 x x x x x 1 x
41cd08b3 1 0 1a 1c 11 xxxxxxxx 0 0 0 1 x x 0 0 x x x 0 0 x x x x x 1 x
41415833 1 0 02 14 10 xxxxxxxx 0 0 5 x x 1 0 0 x x x 0 0 x x x x x 1 x
01938fb3 1 0 07 19 1f xxxxxxxx 0 0 0 0 x x 0 0 x x x 0 0 x x x x x 1 x
013d9fb3 1 0 1b 13 1f xxxxxxxx 0 0 1 x x x 0 0 x x x 0 0 x x x x x 1 x
0000a6b3 1 0 01 00 0d xxxxxxxx 0 0 2 x 0 x 0 0 x x x 0 0 x x x x x 1 x
000a3733 1 0 14 00 0e xxxxxxxx 0 0 3 x 1 x 0 0 x x x 0 0 x x x x x 1 x
01524133 1 0 04 15 02 xxxxxxxx 0 0 4 x x x 0 0 x x x 0 0 x x x x x 1 x
00c05fb3 1 0 00 0c 1f xxxxxxxx 0 0 5 x x 0 0 0 x x x 0 0 x x x x x 1 x
00b06033 1 0 00 0b 00 xxxxxxxx 0 0 6 x x x 0 0 x x x 0 0 x x x x x 1 x
01b57fb3 1 0 0a 1b 1f xxxxxxxx 0 0 7 x x x 0 0 x x x 0 0 x x x x x 1 x
40198fb3 1 0 13 01 1f xxxxxxxx 0 0 0 1 x x 0 0 x x x 0 0 x x x x x 1 x
4045d8b3 1 0 0b 04 11 xxxxxxxx 0 0 5 x x 1 0 0 x x x 0 0 x x x x x 1 x
015c0833 1 0 18 15 10 xxxxxxxx 0 0 0 0 x x 0 0 x x x 0 0 x x x x x 1 x
01ed1a33 1 0 1a 1e 14 xxxxxxxx 0 0 1 x x x 0 0 x x x 0 0 x x x x x 1 x
0055afb3 1 0 0b 05 1f xxxxxxxx 0 0 2 x 0 x 0 0 x x x 0 0 x x x x x 1 x
003e3433 1 0 1c 03 08 xxxxxxxx 0 0 3 x 1 x 0 0 x x x 0 0 x x x x x 1 x
0009c633 1 0 13 00 0c xxxxxxxx 0 0 4 x x x 0 0 x x x 0 0 x x x x x 1 x
004850b3 1 0 10 04 01 xxxxxxxx 0 0 5 x x 0 0 0 x x x 0 0 x x x x x 1 x
002fe9b3 1 0 1f 02 13 xxxxxxxx 0 0 6 x x x 0 0 x x x 0 0 x x x x x 1 x
000df9b3 1 0 1b 00 13 xxxxxxxx 0 0 7 x x x 0 0 x x x 0 0 x x x x x 1 x
40690033 1 0 12 06 00 xxxxxxxx 0 0 0 1 x x 0 0 x x x 0 0 x x x x x 1 x
41b4deb3 1 0 09 1b 1d xxxxxxxx 0 0 5 x x 1 0 0 x x x 0 0 x x x x x 1 x
01ba8733 1 0 15 1b 0e xxxxxxxx 0 0 0 0 x x 0 0 x x x 0 0 x x x x x 1 x
00231233 1 0 06 02 04 xxxxxxxx 0 0 1 x x x 0 0 x x x 0 0 x x x x x 1 x
012ca133 1 0 19 12 02 xxxxxxxx 0 0 2 x 0 x 0 0 x x x 0 0 x x x x x 1 x
0094b2b3 1 0 09 09 05 xxxxxxxx 0 0 3 x 1 x 0 0 x x x 0 0 x x x x x 1 x
011bcdb3 1 0 17 11 1b xxxxxxxx 0 0 4 x x x 0 0 x x x 0 0 x x x x x 1 x
00e6d133 1 0 0d 0e 02 xxxxxxxx 0 0 5 x x 0 0 0 x x x 0 0 x x x x x 1 x
0195e033 1 0 0b 19 00 xxxxxxxx 0 0 6 x x x 0 0 x x x 0 0 x x x x x 1 x
01497033 1 0 12 14 00 xxxxxxxx 0 0 7 x x x 0 0 x x x 0 0 x x x x x 1 x
411384b3 1 0 07 11 09 xxxxxxxx 0 0 0 1 x x 0 0 x x x 0 0 x x x x x 1 x
41dd5db3 1 0 1a 1d 1b xxxxxxxx 0 0 5 x x 1 0 0 x x x 0 0 x x x x x 1 x
00fa83b3 1 0 15 0f 07 xxxxxxxx 0 0 0 0 x x 0 0 x x x 0 0 x x x x x 1 x
005f9db3 1 0 1f 05 1b xxxxxxxx 0 0 1 x x x 0 0 x x x 0 0 x x x x x 1 x
014aa833 1 0 15 14 10 xxxxxxxx 0 0 2 x 0 x 0 0 x x x 0 0 x x x x x 1 x
00ba39b3 1 0 14 0b 13 xxxxxxxx 0 0 3 x 1 x 0 0 x x x 0 0 x x x x x 1 x
0002c233 1 0 05 00 04 xxxxxxxx 0 0 4 x x x 0 0 x x x 0 0 x x x x x 1 x
00505233 1 0 00 05 04 xxxxxxxx 0 0 5 x x 0 0 0 x x x 0 0 x x x x x 1 x
0088efb3 1 0 11 08 1f xxxxxxxx 0 0 6 x x x 0 0 x x x 0 0 x x x x x 1 x
00f07bb3 1 0 00 0f 17 xxxxxxxx 0 0 7 x x x 0 0 x x x 0 0 x x x x x 1 x
41550033 1 0 0a 15 00 xxxxxxxx 0 0 0 1 x x 0 0 x x x 0 0 x x x x x 1 x
41cfdeb3 1 0 1f 1c 1d xxxxxxxx 0 0 5 x x 1 0 0 x x x 0 0 x x x x x 1 x
00800d33 1 0 00 08 1a xxxxxxxx 0 0 0 0 x x 0 0 x x x 0 0 x x x x x 1 x
000b1033 1 0 16 00 00 xxxxxxxx 0 0 1 x x x 0 0 x x x 0 0 x x x x x 1 x
01f02e33 1 0 00 1f 1c xxxxxxxx 0 0 2 x 0 x 0 0 x x x 0 0 x x x x x 1 x
003032b3 1 0 00 03 05 xxxxxxxx 0 0 3 x 1 x 0 0 x x x 0 0 x x x x x 1 x
01ffc6b3 1 0 1f 1f 0d xxxxxxxx 0 0 4 x x x 0 0 x x x 0 0 x x x x x 1 x
0095dfb3 1 0 0b 09 1f xxxxxxxx 0 0 5 x x 0 0 0 x x x 0 0 x x x x x 1 x
006b67b3 1 0 16 06 0f xxxxxxxx 0 0 6 x x x 0 0 x x x 0 0 x x x x x 1 x
00967033 1 0 0c 09 00 xxxxxxxx 0 0 7 x x x 0 0 x x x 0 0 x x x x x 1 x
41d480b3 1 0 09 1d 01 xxxxxxxx 0 0 0 1 x x 0 0 x x x 0 0 x x x x x 1 x
402e59b3 1 0 1c 02 13 xxxxxxxx 0 0 5 x x 1 0 0 x x x 0 0 x x x x x 1 x
00af86b3 1 0 1f 0a 0d xxxxxxxx 0 0 0 0 x x 0 0 x x x 0 0 x x x x x 1 x
00069633 1 0 0d 00 0c xxxxxxxx 0 0 1 x x x 0 0 x x x 0 0 x x x x x 1 x
01f7aab3 1 0 0f 1f 15 xxxxxxxx 0 0 2 x 0 x 0 0 x x x 0 0 x x x x x 1 x
00063db3 1 0 0c 00 1b xxxxxxxx 0 0 3 x 1 x 0 0 x x x 0 0 x x x x x 1 x
012dc533 1 0 1b 12 0a xxxxxxxx 0 0 4 x x x 0 0 x x x 0 0 x x x x x 1 x
00a2d033 1 0 05 0a 00 xxxxxxxx 0 0 5 x x 0 0 0 x x x 0 0 x x x x x 1 x
002b6033 1 0 16 02 00 xxxxxxxx 0 0 6 x x x 0 0 x x x 0 0 x x x x x 1 x
01287b33 1 0 10 12 16 xxxxxxxx 0 0 7 x x x 0 0 x x x 0 0 x x x x x 1 x
40010133 1 0 02 00 02 xxxxxxxx 0 0 0 1 x x 0 0 x x x 0 0 x x x x x 1 x
41ebd033 1 0 17 1e 00 xxxxxxxx 0 0 5 x x 1 0 0 x x x 0 0 x x x x x 1 x
01b381b3 1 0 07 1b 03 xxxxxxxx 0 0 0 0 x x 0 0 x x x 0 0 x x x x x 1 x
000e93b3 1 0 1d 00 07 xxxxxxxx 0 0 1 x x x 0 0 x x x 0 0 x x x x x 1 x
00402fb3 1 0 00 04 1f xxxxxxxx 0 0 2 x 0 x 0 0 x x x 0 0 x x x x x 1 x
0148bfb3 1 0 11 14 1f xxxxxxxx 0 0 3 x 1 x 0 0 x x x 0 0 x x x x x 1 x
013ac033 1 0 15 13 00 xxxxxxxx 0 0 4 x x x 0 0 x x x 0 0 x x x x x 1 x
018fd333 1 0 1f 18 06 xxxxxxxx 0 0 5 x x 0 0 0 x x x 0 0 x x x x x 1 x
0138e1b3 1 0 11 13 03 xxxxxxxx 0 0 6 x x x 0 0 x x x 0 0 x x x x x 1 x
01a2fbb3 1 0 05 1a 17 xxxxxxxx 0 0 7 x x x 0 0 x x x 0 0 x x x x x 1 x
414200b3 1 0 04 14 01 xxxxxxxx 0 0 0 1 x x 0 0 x x x 0 0 x x x x x 1 x
406fd3b3 1 0 1f 06 07 xxxxxxxx 0 0 5 x x 1 0 0 x x x 0 0 x x x x x 1 x
00c60a33 1 0 0c 0c 14 xxxxxxxx 0 0 0 0 x x 0 0 x x x 0 0 x x x x x 1 x
01719d33 1 0 03 17 1a xxxxxxxx 0 0 1 x x x 0 0 x x x 0 0 x x x x x 1 x
002123b3 1 0 02 02 07 xxxxxxxx 0 0 2 x 0 x 0 0 x x x 0 0 x x x x x 1 x
01243fb3 1 0 08 12 1f xxxxxxxx 0 0 3 x 1 x 0 0 x x x 0 0 x x x x x 1 x
004843b3 1 0 10 04 07 xxxxxxxx 0 0 4 x x x 0 0 x x x 0 0 x x x x x 1 x
00455fb3 1 0 0a 04 1f xxxxxxxx 0 0 5 x x 0 0 0 x x x 0 0 x x x x x 1 x
002fe0b3 1 0 1f 02 01 xxxxxxxx 0 0 6 x x x 0 0 x x x 0 0 x x x x x 1 x
0001ffb3 1 0 03 00 1f xxxxxxxx 0 0 7 x x x 0 0 x x x 0 0 x x x x x 1 x
409f8033 1 0 1f 09 00 xxxxxxxx 0 0 0 1 x x 0 0 x x x 0 0 x x x x x 1 x
41205c33 1 0 00 12 18 xxxxxxxx 0 0 5 x x 1 0 0 x x x 0 0 x x x x x 1 x
00700fb3 1 0 00 07 1f xxxxxxxx 0 0 0 0 x x 0 0 x x x 0 0 x x x x x 1 x
00029233 1 0 05 00 04 xxxxxxxx 0 0 1 x x x 0 0 x x x 0 0 x x x x x 1 x
01fca033 1 0 19 1f 00 xxxxxxxx 0 0 2 x 0 x 0 0 x x x 0 0 x x x x x 1 x
0107b833 1 0 0f 10 10 xxxxxxxx 0 0 3 x 1 x 0 0 x x x 0 0 x x x x x 1 x
0032cdb3 1 0 05 03 1b xxxxxxxx 0 0 4 x x x 0 0 x x x 0 0 x x x x x 1 x
01d6d133 1 0 0d 1d 02 xxxxxxxx 0 0 5 x x 0 0 0 x x x 0 0 x x x x x 1 x
01036933 1 0 06 10 12 xxxxxxxx 0 0 6 x x x 0 0 x x x 0 0 x x x x x 1 x
0175f7b3 1 0 0b 17 0f xxxxxxxx 0 0 7 x x x 0 0 x x x 0 0 x x x x x 1 x
41a70fb3 1 0 0e 1a 1f xxxxxxxx 0 0 0 1 x x 0 0 x x x 0 0 x x x x x 1 x
401ed833 1 0 1d 01 10 xxxxxxxx 0 0 5 x x 1 0 0 x x x 0 0 x x x x x 1 x
00be86b3 1 0 1d 0b 0d xxxxxxxx 0 0 0 0 x x 0 0 x x x 0 0 x x x x x 1 x
007a91b3 1 0 15 07 03 xxxxxxxx 0 0 1 x x x 0 0 x x x 0 0 x x x x x 1 x
00102fb3 1 0 00 01 1f xxxxxxxx 0 0 2 x 0 x 0 0 x x x 0 0 x x x x x 1 x
01ab3ab3 1 0 16 1a 15 xxxxxxxx 0 0 3 x 1 x 0 0 x x x 0 0 x x x x x 1 x
003f4833 1 0 1e 03 10 xxxxxxxx 0 0 4 x x x 0 0 x x x 0 0 x x x x x 1 x
00015db3 1 0 02 00 1b xxxxxxxx 0 0 5 x x 0 0 0 x x x 0 0 x x x x x 1 x
01f26c33 1 0 04 1f 18 xxxxxxxx 0 0 6 x x x 0 0 x x x 0 0 x x x x x 1 x
017075b3 1 0 00 17 0b xxxxxxxx 0 0 7 x x x 0 0 x x x 0 0 x x x x x 1 x
40b007b3 1 0 00 0b 0f xxxxxxxx 0 0 0 1 x x 0 0 x x x 0 0 x x x x x 1 x
415bd1b3 1 0 17 15 03 xxxxxxxx 0 0 5 x x 1 0 0 x x x 0 0 x x x x x 1 x
013308b3 1 0 06 13 11 xxxxxxxx 0 0 0 0 x x 0 0 x x x 0 0 x x x x x 1 x
016c1c33 1 0 18 16 18 xxxxxxxx 0 0 1 x x x 0 0 x x x 0 0 x x x x x 1 x
00af2533 1 0 1e 0a 0a xxxxxxxx 0 0 2 x 0 x 0 0 x x x 0 0 x x x x x 1 x
00a3b033 1 0 07 0a 00 xxxxxxxx 0 0 3 x 1 x 0 0 x x x 0 0 x x x x x 1 x
0065ce33 1 0 0b 06 1c xxxxxxxx 0 0 4 x x x 0 0 x x x 0 0 x x x x x 1 x
009fde33 1 0 1f 09 1c xxxxxxxx 0 0 5 x x 0 0 0 x x x 0 0 x x x x x 1 x
0001ed33 1 0 03 00 1a xxxxxxxx 0 0 6 x x x 0 0 x x x 0 0 x x x x x 1 x
01bffb33 1 0 1f 1b 16 xxxxxxxx 0 0 7 x x x 0 0 x x x 0 0 x x x x x 1 x
41500f33 1 0 00 15 1e xxxxxxxx 0 0 0 1 x x 0 0 x x x 0 0 x x x x x 1 x
41c05ab3 1 0 00 1c 15 xxxxxxxx 0 0 5 x x 1 0 0 x x x 0 0 x x x x x 1 x
00028833 1 0 05 00 10 xxxxxxxx 0 0 0 0 x x 0 0 x x x 0 0 x x x x x 1 x
000a9cb3 1 0 15 00 19 xxxxxxxx 0 0 1 x x x 0 0 x x x 0 0 x x x x x 1 x
0094a533 1 0 09 09 0a xxxxxxxx 0 0 2 x 0 x 0 0 x x x 0 0 x x x x x 1 x
007dbdb3 1 0 1b 07 1b xxxxxxxx 0 0 3 x 1 x 0 0 x x x 0 0 x x x x x 1 x
00084233 1 0 10 00 04 xxxxxxxx 0 0 4 x x x 0 0 x x x 0 0 x x x x x 1 x
00095fb3 1 0 12 00 1f xxxxxxxx 0 0 5 x x 0 0 0 x x x 0 0 x x x x x 1 x
018be5b3 1 0 17 18 0b xxxxxxxx 0 0 6 x x x 0 0 x x x 0 0 x x x x x 1 x
00b07b33 1 0 00 0b 16 xxxxxxxx 0 0 7 x x x 0 0 x x x 0 0 x x x x x 1 x
41930733 1 0 06 19 0e xxxxxxxx 0 0 0 1 x x 0 0 x x x 0 0 x x x x x 1 x
41a05033 1 0 00 1a 00 xxxxxxxx 0 0 5 x x 1 0 0 x x x 0 0 x x x x x 1 x
01358933 1 0 0b 13 12 xxxxxxxx 0 0 0 0 x x 0 0 x x x 0 0 x x x x x 1 x
00ff9fb3 1 0 1f 0f 1f xxxxxxxx 0 0 1 x x x 0 0 x x x 0 0 x x x x x 1 x
01afa6b3 1 0 1f 1a 0d xxxxxxxx 0 0 2 x 0 x 0 0 x x x 0 0 x x x x x 1 x
0063bab3 1 0 07 06 15 xxxxxxxx 0 0 3 x 1 x 0 0 x x x 0 0 x x x x x 1 x
01204cb3 1 0 00 12 19 xxxxxxxx 0 0 4 x x x 0 0 x x x 0 0 x x x x x 1 x
00005033 1 0 00 00 00 xxxxxxxx 0 0 5 x x 0 0 0 x x x 0 0 x x x x x 1 x
006a6033 1 0 14 06 00 xxxxxxxx 0 0 6 x x x 0 0 x x x 0 0 x x x x x 1 x
012073b3 1 0 00 12 07 xxxxxxxx 0 0 7 x x x 0 0 x x x 0 0 x x x x x 1 x
401c8c33 1 0 19 01 18 xxxxxxxx 0 0 0 1 x x 0 0 x x x 0 0 x x x x x 1 x
403fd033 1 0 1f 03 00 xxxxxxxx 0 0 5 x x 1 0 0 x x x 0 0 x x x x x 1 x
000f8cb3 1 0 1f 00 19 xxxxxxxx 0 0 0 0 x x 0 0 x x x 0 0 x x x x x 1 x
016592b3 1 0 0b 16 05 xxxxxxxx 0 0 1 x x x 0 0 x x x 0 0 x x x x x 1 x
013fa2b3 1 0 1f 13 05 xxxxxxxx 0 0 2 x 0 x 0 0 x x x 0 0 x x x x x 1 x
018d3633 1 0 1a 18 0c xxxxxxxx 0 0 3 x 1 x 0 0 x x x 0 0 x x x x x 1 x
00d2c9b3 1 0 05 0d 13 xxxxxxxx 0 0 4 x x x 0 0 x x x 0 0 x x x x x 1 x
00ed5e33 1 0 1a 0e 1c xxxxxxxx 0 0 5 x x 0 0 0 x x x 0 0 x x x x x 1 x
00c2ec33 1 0 05 0c 18 xxxxxxxx 0 0 6 x x x 0 0 x x x 0 0 x x x x x 1 x
003ffa33 1 0 1f 03 14 xxxxxxxx 0 0 7 x x x 0 0 x x x 0 0 x x x x x 1 x
41600033 1 0 00 16 00 xxxxxxxx 0 0 0 1 x x 0 0 x x x 0 0 x x x x x 1 x
41ec51b3 1 0 18 1e 03 xxxxxxxx 0 0 5 x x 1 0 0 x x x 0 0 x x x x x 1 x
000304b3 1 0 06 00 09 xxxxxxxx 0 0 0 0 x x 0 0 x x x 0 0 x x x x x 1 x
01f01cb3 1 0 00 1f 19 xxxxxxxx 0 0 1 x x x 0 0 x x x 0 0 x x x x x 1 x
0099adb3 1 0 13 09 1b xxxxxxxx 0 0 2 x 0 x 0 0 x x x 0 0 x x x x x 1 x
00f2b8b3 1 0 05 0f 11 xxxxxxxx 0 0 3 x 1 x 0 0 x x x 0 0 x x x x x 1 x
018044b3 1 0 00 18 09 xxxxxxxx 0 0 4 x x x 0 0 x x x 0 0 x x x x x 1 x
01cfd9b3 1 0 1f 1c 13 xxxxxxxx 0 0 5 x x 0 0 0 x x x 0 0 x x x x x 1 x
01866c33 1 0 0c 18 18 xxxxxxxx 0 0 6 x x x 0 0 x x x 0 0 x x x x x 1 x
01dcf833 1 0 19 1d 10 xxxxxxxx 0 0 7 x x x 0 0 x x x 0 0 x x x x x 1 x
409b0133 1 0 16 09 02 xxxxxxxx 0 0 0 1 x x 0 0 x x x 0 0 x x x x x 1 x
4068d7b3 1 0 11 06 0f xxxxxxxx 0 0 5 x x 1 0 0 x x x 0 0 x x x x x 1 x
# --- OPIMM ---
# i_inst | o_legal o_halt o_rs1 o_rs2 o_rd o_immediate o_op1_sel o_op2_sel
#     o_alu_opsel o_alu_sub o_alu_unsigned o_alu_arith o_branch o_jump
#     o_branch_equal o_branch_unsigned o_branch_invert o_dmem_ren o_dmem_wen
#     o_dmem_align o_dmem_memb o_dmem_memh o_dmem_memw o_dmem_memu o_rd_sel
#     o_pc_sel
ab480d93 1 0 10 xx 1b fffffab4 0 1 0 0 x x 0 0 x x x 0 0 x x x x x 1 x
01f29093 1 0 05 xx 01 0000001f 0 1 1 x x x 0 0 x x x 0 0 x x x x x 1 x
fffda593 1 0 1b xx 0b ffffffff 0 1 2 x 0 x 0 0 x x x 0 0 x x x x x 1 x
000fb413 1 0 1f xx 08 00000000 0 1 3 x 1 x 0 0 x x x 0 0 x x x x x 1 x
555ac813 1 0 15 xx 10 00000555 0 1 4 x x x 0 0 x x x 0 0 x x x x x 1 x
41b1d093 1 0 03 xx 01 0000041b 0 1 5 x x 1 0 0 x x x 0 0 x x x x x 1 x
8391e913 1 0 03 xx 12 fffff839 0 1 6 x x x 0 0 x x x 0 0 x x x x x 1 x
19357893 1 0 0a xx 11 00000193 0 1 7 x x x 0 0 x x x 0 0 x x x x x 1 x
bb500013 1 0 00 xx 00 fffffbb5 0 1 0 0 x x 0 0 x x x 0 0 x x x x x 1 x
00b39f93 1 0 07 xx 1f 0000000b 0 1 1 x x x 0 0 x x x 0 0 x x x x x 1 x
a11aaf93 1 0 15 xx 1f fffffa11 0 1 2 x 0 x 0 0 x x x 0 0 x x x x x 1 x
00193893 1 0 12 xx 11 00000001 0 1 3 x 1 x 0 0 x x x 0 0 x x x x x 1 x
faef4093 1 0 1e xx 01 ffffffae 0 1 4 x x x 0 0 x x x 0 0 x x x x x 1 x
40705f93 1 0 00 xx 1f 00000407 0 1 5 x x 1 0 0 x x x 0 0 x x x x x 1 x
4684eb13 1 0 09 xx 16 00000468 0 1 6 x x x 0 0 x x x 0 0 x x x x x 1 x
ffe7ff13 1 0 0f xx 1e fffffffe 0 1 7 x x x 0 0 x x x 0 0 x x x x x 1 x
8d9b8c13 1 0 17 xx 18 fffff8d9 0 1 0 0 x x 0 0 x x x 0 0 x x x x x 1 x
00b21e93 1 0 04 xx 1d 0000000b 0 1 1 x x x 0 0 x x x 0 0 x x x x x 1 x
69bb2013 1 0 16 xx 00 0000069b 0 1 2 x 0 x 0 0 x x x 0 0 x x x x x 1 x
bc88b813 1 0 11 xx 10 fffffbc8 0 1 3 x 1 x 0 0 x x x 0 0 x x x x x 1 x
bfc94093 1 0 12 xx 01 fffffbfc 0 1 4 x x x 0 0 x x x 0 0 x x x x x 1 x
40835093 1 0 06 xx 01 00000408 0 1 5 x x 1 0 0 x x x 0 0 x x x x x 1 x
0da26a93 1 0 04 xx 15 000000da 0 1 6 x x x 0 0 x x x 0 0 x x x x x 1 x
ffe17713 1 0 02 xx 0e fffffffe 0 1 7 x x x 0 0 x x x 0 0 x x x x x 1 x
5f8b0e13 1 0 16 xx 1c 000005f8 0 1 0 0 x x 0 0 x x x 0 0 x x x x x 1 x
01ab9093 1 0 17 xx 01 0000001a 0 1 1 x x x 0 0 x x x 0 0 x x x x x 1 x
f130af93 1 0 01 xx 1f ffffff13 0 1 2 x 0 x 0 0 x x x 0 0 x x x x x 1 x
4ee33313 1 0 06 xx 06 000004ee 0 1 3 x 1 x 0 0 x x x 0 0 x x x x x 1 x
ca95cf13 1 0 0b xx 1e fffffca9 0 1 4 x x x 0 0 x x x 0 0 x x x x x 1 x
004c5c13 1 0 18 xx 18 00000004 0 1 5 x x 0 0 0 x x x 0 0 x x x x x 1 x
093fe513 1 0 1f xx 0a 00000093 0 1 6 x x x 0 0 x x x 0 0 x x x x x 1 x
38adf693 1 0 1b xx 0d 0000038a 0 1 7 x x x 0 0 x x x 0 0 x x x x x 1 x
ed310913 1 0 02 xx 12 fffffed3 0 1 0 0 x x 0 0 x x x 0 0 x x x x x 1 x
00b89b13 1 0 11 xx 16 0000000b 0 1 1 x x x 0 0 x x x 0 0 x x x x x 1 x
fff92f93 1 0 12 xx 1f ffffffff 0 1 2 x 0 x 0 0 x x x 0 0 x x x x x 1 x
5c503613 1 0 00 xx 0c 000005c5 0 1 3 x 1 x 0 0 x x x 0 0 x x x x x 1 x
54cfc693 1 0 1f xx 0d 0000054c 0 1 4 x x x 0 0 x x x 0 0 x x x x x 1 x
00d6db93 1 0 0d xx 17 0000000d 0 1 5 x x 0 0 0 x x x 0 0 x x x x x 1 x
929b6a93 1 0 16 xx 15 fffff929 0 1 6 x x x 0 0 x x x 0 0 x x x x x 1 x
c0007513 1 0 00 xx 0a fffffc00 0 1 7 x x x 0 0 x x x 0 0 x x x x x 1 x
555e0a13 1 0 1c xx 14 00000555 0 1 0 0 x x 0 0 x x x 0 0 x x x x x 1 x
01981713 1 0 10 xx 0e 00000019 0 1 1 x x x 0 0 x x x 0 0 x x x x x 1 x
7171aa13 1 0 03 xx 14 00000717 0 1 2 x 0 x 0 0 x x x 0 0 x x x x x 1 x
79d73213 1 0 0e xx 04 0000079d 0 1 3 x 1 x 0 0 x x x 0 0 x x x x x 1 x
e8604f93 1 0 00 xx 1f fffffe86 0 1 4 x x x 0 0 x x x 0 0 x x x x x 1 x
41a05f93 1 0 00 xx 1f 0000041a 0 1 5 x x 1 0 0 x x x 0 0 x x x x x 1 x
20f96793 1 0 12 xx 0f 0000020f 0 1 6 x x x 0 0 x x x 0 0 x x x x x 1 x
e71e7d13 1 0 1c xx 1a fffffe71 0 1 7 x x x 0 0 x x x 0 0 x x x x x 1 x
56c78413 1 0 0f xx 08 0000056c 0 1 0 0 x x 0 0 x x x 0 0 x x x x x 1 x
00db9c93 1 0 17 xx 19 0000000d 0 1 1 x x x 0 0 x x x 0 0 x x x x x 1 x
ab752c13 1 0 0a xx 18 fffffab7 0 1 2 x 0 x 0 0 x x x 0 0 x x x x x 1 x
b3e8b193 1 0 11 xx 03 fffffb3e 0 1 3 x 1 x 0 0 x x x 0 0 x x x x x 1 x
84424613 1 0 04 xx 0c fffff844 0 1 4 x x x 0 0 x x x 0 0 x x x x x 1 x
01dbda13 1 0 17 xx 14 0000001d 0 1 5 x x 0 0 0 x x x 0 0 x x x x x 1 x
67a96b93 1 0 12 xx 17 0000067a 0 1 6 x x x 0 0 x x x 0 0 x x x x x 1 x
0001fe13 1 0 03 xx 1c 00000000 0 1 7 x x x 0 0 x x x 0 0 x x x x x 1 x
4ba10893 1 0 02 xx 11 000004ba 0 1 0 0 x x 0 0 x x x 0 0 x x x x x 1 x
01101493 1 0 00 xx 09 00000011 0 1 1 x x x 0 0 x x x 0 0 x x x x x 1 x
3bb82193 1 0 10 xx 03 000003bb 0 1 2 x 0 x 0 0 x x x 0 0 x x x x x 1 x
33593e13 1 0 12 xx 1c 00000335 0 1 3 x 1 x 0 0 x x x 0 0 x x x x x 1 x
7ff5c213 1 0 0b xx 04 000007ff 0 1 4 x x x 0 0 x x x 0 0 x x x x x 1 x
413f5493 1 0 1e xx 09 00000413 0 1 5 x x 1 0 0 x x x 0 0 x x x x x 1 x
924c6a13 1 0 18 xx 14 fffff924 0 1 6 x x x 0 0 x x x 0 0 x x x x x 1 x
555ff693 1 0 1f xx 0d 00000555 0 1 7 x x x 0 0 x x x 0 0 x x x x x 1 x
555b0e13 1 0 16 xx 1c 00000555 0 1 0 0 x x 0 0 x x x 0 0 x x x x x 1 x
01501b93 1 0 00 xx 17 00000015 0 1 1 x x x 0 0 x x x 0 0 x x x x x 1 x
76342013 1 0 08 xx 00 00000763 0 1 2 x 0 x 0 0 x x x 0 0 x x x x x 1 x
adcab513 1 0 15 xx 0a fffffadc 0 1 3 x 1 x 0 0 x x x 0 0 x x x x x 1 x
beadcd13 1 0 1b xx 1a fffffbea 0 1 4 x x x 0 0 x x x 0 0 x x x x x 1 x
01e05c93 1 0 00 xx 19 0000001e 0 1 5 x x 0 0 0 x x x 0 0 x x x x x 1 x
c4876813 1 0 0e xx 10 fffffc48 0 1 6 x x x 0 0 x x x 0 0 x x x x x 1 x
42f07f13 1 0 00 xx 1e 0000042f 0 1 7 x x x 0 0 x x x 0 0 x x x x x 1 x
6efb8713 1 0 17 xx 0e 000006ef 0 1 0 0 x x 0 0 x x x 0 0 x x x x x 1 x
008e1013 1 0 1c xx 00 00000008 0 1 1 x x x 0 0 x x x 0 0 x x x x x 1 x
90f22113 1 0 04 xx 02 fffff90f 0 1 2 x 0 x 0 0 x x x 0 0 x x x x x 1 x
280fb013 1 0 1f xx 00 00000280 0 1 3 x 1 x 0 0 x x x 0 0 x x x x x 1 x
7b7fc113 1 0 1f xx 02 000007b7 0 1 4 x x x 0 0 x x x 0 0 x x x x x 1 x
400a5513 1 0 14 xx 0a 00000400 0 1 5 x x 1 0 0 x x x 0 0 x x x x x 1 x
7ff5e293 1 0 0b xx 05 000007ff 0 1 6 x x x 0 0 x x x 0 0 x x x x x 1 x
000a7193 1 0 14 xx 03 00000000 0 1 7 x x x 0 0 x x x 0 0 x x x x x 1 x
1a8f8893 1 0 1f xx 11 000001a8 0 1 0 0 x x 0 0 x x x 0 0 x x x x x 1 x
01d59d13 1 0 0b xx 1a 0000001d 0 1 1 x x x 0 0 x x x 0 0 x x x x x 1 x
c687aa13 1 0 0f xx 14 fffffc68 0 1 2 x 0 x 0 0 x x x 0 0 x x x x x 1 x
00103213 1 0 00 xx 04 00000001 0 1 3 x 1 x 0 0 x x x 0 0 x x x x x 1 x
59f6c013 1 0 0d xx 00 0000059f 0 1 4 x x x 0 0 x x x 0 0 x x x x x 1 x
016fd793 1 0 1f xx 0f 00000016 0 1 5 x x 0 0 0 x x x 0 0 x x x x x 1 x
f3f1e213 1 0 03 xx 04 ffffff3f 0 1 6 x x x 0 0 x x x 0 0 x x x x x 1 x
d4b27f93 1 0 04 xx 1f fffffd4b 0 1 7 x x x 0 0 x x x 0 0 x x x x x 1 x
000d8813 1 0 1b xx 10 00000000 0 1 0 0 x x 0 0 x x x 0 0 x x x x x 1 x
00921f93 1 0 04 xx 1f 00000009 0 1 1 x x x 0 0 x x x 0 0 x x x x x 1 x
e9cf2193 1 0 1e xx 03 fffffe9c 0 1 2 x 0 x 0 0 x x x 0 0 x x x x x 1 x
7ff43413 1 0 08 xx 08 000007ff 0 1 3 x 1 x 0 0 x x x 0 0 x x x x x 1 x
7ffdc613 1 0 1b xx 0c 000007ff 0 1 4 x x x 0 0 x x x 0 0 x x x x x 1 x
00d8d213 1 0 11 xx 04 0000000d 0 1 5 x x 0 0 0 x x x 0 0 x x x x x 1 x
b7ae6493 1 0 1c xx 09 fffffb7a 0 1 6 x x x 0 0 x x x 0 0 x x x x x 1 x
ffee7e93 1 0 1c xx 1d fffffffe 0 1 7 x x x 0 0 x x x 0 0 x x x x x 1 x
edd38d93 1 0 07 xx 1b fffffedd 0 1 0 0 x x 0 0 x x x 0 0 x x x x x 1 x
00871d13 1 0 0e xx 1a 00000008 0 1 1 x x x 0 0 x x x 0 0 x x x x x 1 x
b578a993 1 0 11 xx 13 fffffb57 0 1 2 x 0 x 0 0 x x x 0 0 x x x x x 1 x
0a45bc13 1 0 0b xx 18 000000a4 0 1 3 x 1 x 0 0 x x x 0 0 x x x x x 1 x
ffe6c193 1 0 0d xx 03 fffffffe 0 1 4 x x x 0 0 x x x 0 0 x x x x x 1 x
416fd793 1 0 1f xx 0f 00000416 0 1 5 x x 1 0 0 x x x 0 0 x x x x x 1 x
f5706e93 1 0 00 xx 1d ffffff57 0 1 6 x x x 0 0 x x x 0 0 x x x x x 1 x
fd7af793 1 0 15 xx 0f ffffffd7 0 1 7 x x x 0 0 x x x 0 0 x x x x x 1 x
42a00013 1 0 00 xx 00 0000042a 0 1 0 0 x x 0 0 x x x 0 0 x x x x x 1 x
01199e13 1 0 13 xx 1c 00000011 0 1 1 x x x 0 0 x x x 0 0 x x x x x 1 x
00102713 1 0 00 xx 0e 00000001 0 1 2 x 0 x 0 0 x x x 0 0 x x x x x 1 x
00103113 1 0 00 xx 02 00000001 0 1 3 x 1 x 0 0 x x x 0 0 x x x x x 1 x
7fb0ca13 1 0 01 xx 14 000007fb 0 1 4 x x x 0 0 x x x 0 0 x x x x x 1 x
41f05213 1 0 00 xx 04 0000041f 0 1 5 x x 1 0 0 x x x 0 0 x x x x x 1 x
7ff86793 1 0 10 xx 0f 000007ff 0 1 6 x x x 0 0 x x x 0 0 x x x x x 1 x
7ff97613 1 0 12 xx 0c 000007ff 0 1 7 x x x 0 0 x x x 0 0 x x x x x 1 x
1d0f8d93 1 0 1f xx 1b 000001d0 0 1 0 0 x x 0 0 x x x 0 0 x x x x x 1 x
00379413 1 0 0f xx 08 00000003 0 1 1 x x x 0 0 x x x 0 0 x x x x x 1 x
a46d2e93 1 0 1a xx 1d fffffa46 0 1 2 x 0 x 0 0 x x x 0 0 x x x x x 1 x
8004b293 1 0 09 xx 05 fffff800 0 1 3 x 1 x 0 0 x x x 0 0 x x x x x 1 x
5bd04013 1 0 00 xx 00 000005bd 0 1 4 x x x 0 0 x x x 0 0 x x x x x 1 x
00145e93 1 0 08 xx 1d 00000001 0 1 5 x x 0 0 0 x x x 0 0 x x x x x 1 x
25d2e013 1 0 05 xx 00 0000025d 0 1 6 x x x 0 0 x x x 0 0 x x x x x 1 x
00097013 1 0 12 xx 00 00000000 0 1 7 x x x 0 0 x x x 0 0 x x x x x 1 x
aaa88593 1 0 11 xx 0b fffffaaa 0 1 0 0 x x 0 0 x x x 0 0 x x x x x 1 x
008b1013 1 0 16 xx 00 00000008 0 1 1 x x x 0 0 x x x 0 0 x x x x x 1 x
55192f93 1 0 12 xx 1f 00000551 0 1 2 x 0 x 0 0 x x x 0 0 x x x x x 1 x
800fbc93 1 0 1f xx 19 fffff800 0 1 3 x 1 x 0 0 x x x 0 0 x x x x x 1 x
30504013 1 0 00 xx 00 00000305 0 1 4 x x x 0 0 x x x 0 0 x x x x x 1 x
0155d393 1 0 0b xx 07 00000015 0 1 5 x x 0 0 0 x x x 0 0 x x x x x 1 x
25f36893 1 0 06 xx 11 0000025f 0 1 6 x x x 0 0 x x x 0 0 x x x x x 1 x
5f4bf513 1 0 17 xx 0a 000005f4 0 1 7 x x x 0 0 x x x 0 0 x x x x x 1 x
db528513 1 0 05 xx 0a fffffdb5 0 1 0 0 x x 0 0 x x x 0 0 x x x x x 1 x
01e01f93 1 0 00 xx 1f 0000001e 0 1 1 x x x 0 0 x x x 0 0 x x x x x 1 x
5e11af93 1 0 03 xx 1f 000005e1 0 1 2 x 0 x 0 0 x x x 0 0 x x x x x 1 x
0e22bf93 1 0 05 xx 1f 000000e2 0 1 3 x 1 x 0 0 x x x 0 0 x x x x x 1 x
fff5c413 1 0 0b xx 08 ffffffff 0 1 4 x x x 0 0 x x x 0 0 x x x x x 1 x
0080da93 1 0 01 xx 15 00000008 0 1 5 x x 0 0 0 x x x 0 0 x x x x x 1 x
aaa5ea93 1 0 0b xx 15 fffffaaa 0 1 6 x x x 0 0 x x x 0 0 x x x x x 1 x
c3aaf613 1 0 15 xx 0c fffffc3a 0 1 7 x x x 0 0 x x x 0 0 x x x x x 1 x
01c70913 1 0 0e xx 12 0000001c 0 1 0 0 x x 0 0 x x x 0 0 x x x x x 1 x
014f9613 1 0 1f xx 0c 00000014 0 1 1 x x x 0 0 x x x 0 0 x x x x x 1 x
dd8e2893 1 0 1c xx 11 fffffdd8 0 1 2 x 0 x 0 0 x x x 0 0 x x x x x 1 x
39813793 1 0 02 xx 0f 00000398 0 1 3 x 1 x 0 0 x x x 0 0 x x x x x 1 x
f4354d13 1 0 0a xx 1a ffffff43 0 1 4 x x x 0 0 x x x 0 0 x x x x x 1 x
01a0dc13 1 0 01 xx 18 0000001a 0 1 5 x x 0 0 0 x x x 0 0 x x x x x 1 x
0019e493 1 0 13 xx 09 00000001 0 1 6 x x x 0 0 x x x 0 0 x x x x x 1 x
c0de7a93 1 0 1c xx 15 fffffc0d 0 1 7 x x x 0 0 x x x 0 0 x x x x x 1 x
001e8c13 1 0 1d xx 18 00000001 0 1 0 0 x x 0 0 x x x 0 0 x x x x x 1 x
002f9213 1 0 1f xx 04 00000002 0 1 1 x x x 0 0 x x x 0 0 x x x x x 1 x
7491a513 1 0 03 xx 0a 00000749 0 1 2 x 0 x 0 0 x x x 0 0 x x x x x 1 x
87f4bc13 1 0 09 xx 18 fffff87f 0 1 3 x 1 x 0 0 x x x 0 0 x x x x x 1 x
8825c013 1 0 0b xx 00 fffff882 0 1 4 x x x 0 0 x x x 0 0 x x x x x 1 x
414ddf93 1 0 1b xx 1f 00000414 0 1 5 x x 1 0 0 x x x 0 0 x x x x x 1 x
80006493 1 0 00 xx 09 fffff800 0 1 6 x x x 0 0 x x x 0 0 x x x x x 1 x
dc8ff793 1 0 1f xx 0f fffffdc8 0 1 7 x x x 0 0 x x x 0 0 x x x x x 1 x
61cd8513 1 0 1b xx 0a 0000061c 0 1 0 0 x x 0 0 x x x 0 0 x x x x x 1 x
00ba1193 1 0 14 xx 03 0000000b 0 1 1 x x x 0 0 x x x 0 0 x x x x x 1 x
2bd8a013 1 0 11 xx 00 000002bd 0 1 2 x 0 x 0 0 x x x 0 0 x x x x x 1 x
aaca3c13 1 0 14 xx 18 fffffaac 0 1 3 x 1 x 0 0 x x x 0 0 x x x x x 1 x
49514513 1 0 02 xx 0a 00000495 0 1 4 x x x 0 0 x x x 0 0 x x x x x 1 x
40705693 1 0 00 xx 0d 00000407 0 1 5 x x 1 0 0 x x x 0 0 x x x x x 1 x
1cd06c13 1 0 00 xx 18 000001cd 0 1 6 x x x 0 0 x x x 0 0 x x x x x 1 x
b8957013 1 0 0a xx 00 fffffb89 0 1 7 x x x 0 0 x x x 0 0 x x x x x 1 x
ffed0d13 1 0 1a xx 1a fffffffe 0 1 0 0 x x 0 0 x x x 0 0 x x x x x 1 x
01281013 1 0 10 xx 00 00000012 0 1 1 x x x 0 0 x x x 0 0 x x x x x 1 x
6b8f2013 1 0 1e xx 00 000006b8 0 1 2 x 0 x 0 0 x x x 0 0 x x x x x 1 x
7916ba93 1 0 0d xx 15 00000791 0 1 3 x 1 x 0 0 x x x 0 0 x x x x x 1 x
e82dc013 1 0 1b xx 00 fffffe82 0 1 4 x x x 0 0 x x x 0 0 x x x x x 1 x
00ab5113 1 0 16 xx 02 0000000a 0 1 5 x x 0 0 0 x x x 0 0 x x x x x 1 x
15ed6393 1 0 1a xx 07 0000015e 0 1 6 x x x 0 0 x x x 0 0 x x x x x 1 x
070e7313 1 0 1c xx 06 00000070 0 1 7 x x x 0 0 x x x 0 0 x x x x x 1 x
56560f93 1 0 0c xx 1f 00000565 0 1 0 0 x x 0 0 x x x 0 0 x x x x x 1 x
00181613 1 0 10 xx 0c 00000001 0 1 1 x x x 0 0 x x x 0 0 x x x x x 1 x
ba1b2013 1 0 16 xx 00 fffffba1 0 1 2 x 0 x 0 0 x x x 0 0 x x x x x 1 x
45c9bc13 1 0 13 xx 18 0000045c 0 1 3 x 1 x 0 0 x x x 0 0 x x x x x 1 x
76534593 1 0 06 xx 0b 00000765 0 1 4 x x x 0 0 x x x 0 0 x x x x x 1 x
4103d193 1 0 07 xx 03 00000410 0 1 5 x x 1 0 0 x x x 0 0 x x x x x 1 x
552ced13 1 0 19 xx 1a 00000552 0 1 6 x x x 0 0 x x x 0 0 x x x x x 1 x
94fd7393 1 0 1a xx 07 fffff94f 0 1 7 x x x 0 0 x x x 0 0 x x x x x 1 x
9a2b0313 1 0 16 xx 06 fffff9a2 0 1 0 0 x x 0 0 x x x 0 0 x x x x x 1 x
013c1313 1 0 18 xx 06 00000013 0 1 1 x x x 0 0 x x x 0 0 x x x x x 1 x
df7f2993 1 0 1e xx 13 fffffdf7 0 1 2 x 0 x 0 0 x x x 0 0 x x x x x 1 x
295d3493 1 0 1a xx 09 00000295 0 1 3 x 1 x 0 0 x x x 0 0 x x x x x 1 x
880a4113 1 0 14 xx 02 fffff880 0 1 4 x x x 0 0 x x x 0 0 x x x x x 1 x
40aed113 1 0 1d xx 02 0000040a 0 1 5 x x 1 0 0 x x x 0 0 x x x x x 1 x
e8ef6693 1 0 1e xx 0d fffffe8e 0 1 6 x x x 0 0 x x x 0 0 x x x x x 1 x
800d7013 1 0 1a xx 00 fffff800 0 1 7 x x x 0 0 x x x 0 0 x x x x x 1 x
14798213 1 0 13 xx 04 00000147 0 1 0 0 x x 0 0 x x x 0 0 x x x x x 1 x
018b1a93 1 0 16 xx 15 00000018 0 1 1 x x x 0 0 x x x 0 0 x x x x x 1 x
00d32b13 1 0 06 xx 16 0000000d 0 1 2 x 0 x 0 0 x x x 0 0 x x x x x 1 x
78273293 1 0 0e xx 05 00000782 0 1 3 x 1 x 0 0 x x x 0 0 x x x x x 1 x
ff414693 1 0 02 xx 0d fffffff4 0 1 4 x x x 0 0 x x x 0 0 x x x x x 1 x
01905d93 1 0 00 xx 1b 00000019 0 1 5 x x 0 0 0 x x x 0 0 x x x x x 1 x
7ffc6193 1 0 18 xx 03 000007ff 0 1 6 x x x 0 0 x x x 0 0 x x x x x 1 x
7b19f013 1 0 13 xx 00 000007b1 0 1 7 x x x 0 0 x x x 0 0 x x x x x 1 x
52960693 1 0 0c xx 0d 00000529 0 1 0 0 x x 0 0 x x x 0 0 x x x x x 1 x
00189f93 1 0 11 xx 1f 00000001 0 1 1 x x x 0 0 x x x 0 0 x x x x x 1 x
00002693 1 0 00 xx 0d 00000000 0 1 2 x 0 x 0 0 x x x 0 0 x x x x x 1 x
4fe0bd13 1 0 01 xx 1a 000004fe 0 1 3 x 1 x 0 0 x x x 0 0 x x x x x 1 x
00d04513 1 0 00 xx 0a 0000000d 0 1 4 x x x 0 0 x x x 0 0 x x x x x 1 x
01cc5413 1 0 18 xx 08 0000001c 0 1 5 x x 0 0 0 x x x 0 0 x x x x x 1 x
1e366c93 1 0 0c xx 19 000001e3 0 1 6 x x x 0 0 x x x 0 0 x x x x x 1 x
e8f27f13 1 0 04 xx 1e fffffe8f 0 1 7 x x x 0 0 x x x 0 0 x x x x x 1 x
dc510593 1 0 02 xx 0b fffffdc5 0 1 0 0 x x 0 0 x x x 0 0 x x x x x 1 x
01bb1893 1 0 16 xx 11 0000001b 0 1 1 x x x 0 0 x x x 0 0 x x x x x 1 x
ffea2b13 1 0 14 xx 16 fffffffe 0 1 2 x 0 x 0 0 x x x 0 0 x x x x x 1 x
e8a43593 1 0 08 xx 0b fffffe8a 0 1 3 x 1 x 0 0 x x x 0 0 x x x x x 1 x
1737c013 1 0 0f xx 00 00000173 0 1 4 x x x 0 0 x x x 0 0 x x x x x 1 x
001ed093 1 0 1d xx 01 00000001 0 1 5 x x 0 0 0 x x x 0 0 x x x x x 1 x
80066f93 1 0 0c xx 1f fffff800 0 1 6 x x x 0 0 x x x 0 0 x x x x x 1 x
7ff2f193 1 0 05 xx 03 000007ff 0 1 7 x x x 0 0 x x x 0 0 x x x x x 1 x
adca0013 1 0 14 xx 00 fffffadc 0 1 0 0 x x 0 0 x x x 0 0 x x x x x 1 x
01b01c13 1 0 00 xx 18 0000001b 0 1 1 x x x 0 0 x x x 0 0 x x x x x 1 x
7ff7a013 1 0 0f xx 00 000007ff 0 1 2 x 0 x 0 0 x x x 0 0 x x x x x 1 x
59873d93 1 0 0e xx 1b 00000598 0 1 3 x 1 x 0 0 x x x 0 0 x x x x x 1 x
fff14f93 1 0 02 xx 1f ffffffff 0 1 4 x x x 0 0 x x x 0 0 x x x x x 1 x
01cfdc93 1 0 1f xx 19 0000001c 0 1 5 x x 0 0 0 x x x 0 0 x x x x x 1 x
2e406513 1 0 00 xx 0a 000002e4 0 1 6 x x x 0 0 x x x 0 0 x x x x x 1 x
00187c13 1 0 10 xx 18 00000001 0 1 7 x x x 0 0 x x x 0 0 x x x x x 1 x
9a170493 1 0 0e xx 09 fffff9a1 0 1 0 0 x x 0 0 x x x 0 0 x x x x x 1 x
01be9d93 1 0 1d xx 1b 0000001b 0 1 1 x x x 0 0 x x x 0 0 x x x x x 1 x
7b6d2593 1 0 1a xx 0b 000007b6 0 1 2 x 0 x 0 0 x x x 0 0 x x x x x 1 x
001abc13 1 0 15 xx 18 00000001 0 1 3 x 1 x 0 0 x x x 0 0 x x x x x 1 x
a9ca4a13 1 0 14 xx 14 fffffa9c 0 1 4 x x x 0 0 x x x 0 0 x x x x x 1 x
41e1d693 1 0 03 xx 0d 0000041e 0 1 5 x x 1 0 0 x x x 0 0 x x x x x 1 x
77ffe013 1 0 1f xx 00 0000077f 0 1 6 x x x 0 0 x x x 0 0 x x x x x 1 x
cf1b7213 1 0 16 xx 04 fffffcf1 0 1 7 x x x 0 0 x x x 0 0 x x x x x 1 x
38a90893 1 0 12 xx 11 0000038a 0 1 0 0 x x 0 0 x x x 0 0 x x x x x 1 x
015b1993 1 0 16 xx 13 00000015 0 1 1 x x x 0 0 x x x 0 0 x x x x x 1 x
0a1ea593 1 0 1d xx 0b 000000a1 0 1 2 x 0 x 0 0 x x x 0 0 x x x x x 1 x
1f813913 1 0 02 xx 12 000001f8 0 1 3 x 1 x 0 0 x x x 0 0 x x x x x 1 x
96fcc613 1 0 19 xx 0c fffff96f 0 1 4 x x x 0 0 x x x 0 0 x x x x x 1 x
40365093 1 0 0c xx 01 00000403 0 1 5 x x 1 0 0 x x x 0 0 x x x x x 1 x
001ce413 1 0 19 xx 08 00000001 0 1 6 x x x 0 0 x x x 0 0 x x x x x 1 x
4ea87293 1 0 10 xx 05 000004ea 0 1 7 x x x 0 0 x x x 0 0 x x x x x 1 x
8e9c0013 1 0 18 xx 00 fffff8e9 0 1 0 0 x x 0 0 x x x 0 0 x x x x x 1 x
00cf1313 1 0 1e xx 06 0000000c 0 1 1 x x x 0 0 x x x 0 0 x x x x x 1 x
b64a2c13 1 0 14 xx 18 fffffb64 0 1 2 x 0 x 0 0 x x x 0 0 x x x x x 1 x
000fba93 1 0 1f xx 15 00000000 0 1 3 x 1 x 0 0 x x x 0 0 x x x x x 1 x
7ffc4f93 1 0 18 xx 1f 000007ff 0 1 4 x x x 0 0 x x x 0 0 x x x x x 1 x
01535013 1 0 06 xx 00 00000015 0 1 5 x x 0 0 0 x x x 0 0 x x x x x 1 x
d667ec93 1 0 0f xx 19 fffffd66 0 1 6 x x x 0 0 x x x 0 0 x x x x x 1 x
4c14fb13 1 0 09 xx 16 000004c1 0 1 7 x x x 0 0 x x x 0 0 x x x x x 1 x
fffc0013 1 0 18 xx 00 ffffffff 0 1 0 0 x x 0 0 x x x 0 0 x x x x x 1 x
00ac9a93 1 0 19 xx 15 0000000a 0 1 1 x x x 0 0 x x x 0 0 x x x x x 1 x
c812a013 1 0 05 xx 00 fffffc81 0 1 2 x 0 x 0 0 x x x 0 0 x x x x x 1 x
0c49b513 1 0 13 xx 0a 000000c4 0 1 3 x 1 x 0 0 x x x 0 0 x x x x x 1 x
001dc013 1 0 1b xx 00 00000001 0 1 4 x x x 0 0 x x x 0 0 x x x x x 1 x
0167d993 1 0 0f xx 13 00000016 0 1 5 x x 0 0 0 x x x 0 0 x x x x x 1 x
b8fa6a13 1 0 14 xx 14 fffffb8f 0 1 6 x x x 0 0 x x x 0 0 x x x x x 1 x
2bb5f013 1 0 0b xx 00 000002bb 0 1 7 x x x 0 0 x x x 0 0 x x x x x 1 x
e2378d13 1 0 0f xx 1a fffffe23 0 1 0 0 x x 0 0 x x x 0 0 x x x x x 1 x
00579513 1 0 0f xx 0a 00000005 0 1 1 x x x 0 0 x x x 0 0 x x x x x 1 x
7fffa893 1 0 1f xx 11 000007ff 0 1 2 x 0 x 0 0 x x x 0 0 x x x x x 1 x
7c40bc13 1 0 01 xx 18 000007c4 0 1 3 x 1 x 0 0 x x x 0 0 x x x x x 1 x
37db4713 1 0 16 xx 0e 0000037d 0 1 4 x x x 0 0 x x x 0 0 x x x x x 1 x
01c05013 1 0 00 xx 00 0000001c 0 1 5 x x 0 0 0 x x x 0 0 x x x x x 1 x
000cef13 1 0 19 xx 1e 00000000 0 1 6 x x x 0 0 x x x 0 0 x x x x x 1 x
2b5b7313 1 0 16 xx 06 000002b5 0 1 7 x x x 0 0 x x x 0 0 x x x x x 1 x
5fe40693 1 0 08 xx 0d 000005fe 0 1 0 0 x x 0 0 x x x 0 0 x x x x x 1 x
00fe9c93 1 0 1d xx 19 0000000f 0 1 1 x x x 0 0 x x x 0 0 x x x x x 1 x
43f02093 1 0 00 xx 01 0000043f 0 1 2 x 0 x 0 0 x x x 0 0 x x x x x 1 x
4f803293 1 0 00 xx 05 000004f8 0 1 3 x 1 x 0 0 x x x 0 0 x x x x x 1 x
00124893 1 0 04 xx 11 00000001 0 1 4 x x x 0 0 x x x 0 0 x x x x x 1 x
01305913 1 0 00 xx 12 00000013 0 1 5 x x 0 0 0 x x x 0 0 x x x x x 1 x
72c06993 1 0 00 xx 13 0000072c 0 1 6 x x x 0 0 x x x 0 0 x x x x x 1 x
e5c7fe93 1 0 0f xx 1d fffffe5c 0 1 7 x x x 0 0 x x x 0 0 x x x x x 1 x
001f8013 1 0 1f xx 00 00000001 0 1 0 0 x x 0 0 x x x 0 0 x x x x x 1 x
01c41b13 1 0 08 xx 16 0000001c 0 1 1 x x x 0 0 x x x 0 0 x x x x x 1 x
1d95a613 1 0 0b xx 0c 000001d9 0 1 2 x 0 x 0 0 x x x 0 0 x x x x x 1 x
5e4fb213 1 0 1f xx 04 000005e4 0 1 3 x 1 x 0 0 x x x 0 0 x x x x x 1 x
fff44013 1 0 08 xx 00 ffffffff 0 1 4 x x x 0 0 x x x 0 0 x x x x x 1 x
4107dc13 1 0 0f xx 18 00000410 0 1 5 x x 1 0 0 x x x 0 0 x x x x x 1 x
ffe76e93 1 0 0e xx 1d fffffffe 0 1 6 x x x 0 0 x x x 0 0 x x x x x 1 x
0fe87f93 1 0 10 xx 1f 000000fe 0 1 7 x x x 0 0 x x x 0 0 x x x x x 1 x
a8588013 1 0 11 xx 00 fffffa85 0 1 0 0 x x 0 0 x x x 0 0 x x x x x 1 x
009a1093 1 0 14 xx 01 00000009 0 1 1 x x x 0 0 x x x 0 0 x x x x x 1 x
aaa72a13 1 0 0e xx 14 fffffaaa 0 1 2 x 0 x 0 0 x x x 0 0 x x x x x 1 x
2f9cba93 1 0 19 xx 15 000002f9 0 1 3 x 1 x 0 0 x x x 0 0 x x x x x 1 x
fed84513 1 0 10 xx 0a ffffffed 0 1 4 x x x 0 0 x x x 0 0 x x x x x 1 x
41715713 1 0 02 xx 0e 00000417 0 1 5 x x 1 0 0 x x x 0 0 x x x x x 1 x
c2946d13 1 0 08 xx 1a fffffc29 0 1 6 x x x 0 0 x x x 0 0 x x x x x 1 x
06cdff13 1 0 1b xx 1e 0000006c 0 1 7 x x x 0 0 x x x 0 0 x x x x x 1 x
dd3f8f13 1 0 1f xx 1e fffffdd3 0 1 0 0 x x 0 0 x x x 0 0 x x x x x 1 x
012c9393 1 0 19 xx 07 00000012 0 1 1 x x x 0 0 x x x 0 0 x x x x x 1 x
0856a993 1 0 0d xx 13 00000085 0 1 2 x 0 x 0 0 x x x 0 0 x x x x x 1 x
ffefbf93 1 0 1f xx 1f fffffffe 0 1 3 x 1 x 0 0 x x x 0 0 x x x x x 1 x
c99bcc93 1 0 17 xx 19 fffffc99 0 1 4 x x x 0 0 x x x 0 0 x x x x x 1 x
41d7d193 1 0 0f xx 03 0000041d 0 1 5 x x 1 0 0 x x x 0 0 x x x x x 1 x
555be013 1 0 17 xx 00 00000555 0 1 6 x x x 0 0 x x x 0 0 x x x x x 1 x
c23e7393 1 0 1c xx 07 fffffc23 0 1 7 x x x 0 0 x x x 0 0 x x x x x 1 x
001f0a13 1 0 1e xx 14 00000001 0 1 0 0 x x 0 0 x x x 0 0 x x x x x 1 x
017d9513 1 0 1b xx 0a 00000017 0 1 1 x x x 0 0 x x x 0 0 x x x x x 1 x
14cfa013 1 0 1f xx 00 0000014c 0 1 2 x 0 x 0 0 x x x 0 0 x x x x x 1 x
b9f23313 1 0 04 xx 06 fffffb9f 0 1 3 x 1 x 0 0 x x x 0 0 x x x x x 1 x
55504193 1 0 00 xx 03 00000555 0 1 4 x x x 0 0 x x x 0 0 x x x x x 1 x
0199d293 1 0 13 xx 05 00000019 0 1 5 x x 0 0 0 x x x 0 0 x x x x x 1 x
cca46e93 1 0 08 xx 1d fffffcca 0 1 6 x x x 0 0 x x x 0 0 x x x x x 1 x
000c7313 1 0 18 xx 06 00000000 0 1 7 x x x 0 0 x x x 0 0 x x x x x 1 x
93eb0d13 1 0 16 xx 1a fffff93e 0 1 0 0 x x 0 0 x x x 0 0 x x x x x 1 x
01e91013 1 0 12 xx 00 0000001e 0 1 1 x x x 0 0 x x x 0 0 x x x x x 1 x
f8fa2f93 1 0 14 xx 1f ffffff8f 0 1 2 x 0 x 0 0 x x x 0 0 x x x x x 1 x
d9563b13 1 0 0c xx 16 fffffd95 0 1 3 x 1 x 0 0 x x x 0 0 x x x x x 1 x
55574193 1 0 0e xx 03 00000555 0 1 4 x x x 0 0 x x x 0 0 x x x x x 1 x
015fd293 1 0 1f xx 05 00000015 0 1 5 x x 0 0 0 x x x 0 0 x x x x x 1 x
05dee013 1 0 1d xx 00 0000005d 0 1 6 x x x 0 0 x x x 0 0 x x x x x 1 x
5fe7f393 1 0 0f xx 07 000005fe 0 1 7 x x x 0 0 x x x 0 0 x x x x x 1 x
001f8413 1 0 1f xx 08 00000001 0 1 0 0 x x 0 0 x x x 0 0 x x x x x 1 x
00329213 1 0 05 xx 04 00000003 0 1 1 x x x 0 0 x x x 0 0 x x x x x 1 x
9a6f2493 1 0 1e xx 09 fffff9a6 0 1 2 x 0 x 0 0 x x x 0 0 x x x x x 1 x
833e3c93 1 0 1c xx 19 fffff833 0 1 3 x 1 x 0 0 x x x 0 0 x x x x x 1 x
ad684493 1 0 10 xx 09 fffffad6 0 1 4 x x x 0 0 x x x 0 0 x x x x x 1 x
00f4df93 1 0 09 xx 1f 0000000f 0 1 5 x x 0 0 0 x x x 0 0 x x x x x 1 x
5e9f6613 1 0 1e xx 0c 000005e9 0 1 6 x x x 0 0 x x x 0 0 x x x x x 1 x
9ba37013 1 0 06 xx 00 fffff9ba 0 1 7 x x x 0 0 x x x 0 0 x x x x x 1 x
64520e13 1 0 04 xx 1c 00000645 0 1 0 0 x x 0 0 x x x 0 0 x x x x x 1 x
00ed1013 1 0 1a xx 00 0000000e 0 1 1 x x x 0 0 x x x 0 0 x x x x x 1 x
45292f93 1 0 12 xx 1f 00000452 0 1 2 x 0 x 0 0 x x x 0 0 x x x x x 1 x
2b05bb93 1 0 0b xx 17 000002b0 0 1 3 x 1 x 0 0 x x x 0 0 x x x x x 1 x
23ebc193 1 0 17 xx 03 0000023e 0 1 4 x x x 0 0 x x x 0 0 x x x x x 1 x
0050d793 1 0 01 xx 0f 00000005 0 1 5 x x 0 0 0 x x x 0 0 x x x x x 1 x
f7a56a13 1 0 0a xx 14 ffffff7a 0 1 6 x x x 0 0 x x x 0 0 x x x x x 1 x
6a45f013 1 0 0b xx 00 000006a4 0 1 7 x x x 0 0 x x x 0 0 x x x x x 1 x
fbdf8193 1 0 1f xx 03 ffffffbd 0 1 0 0 x x 0 0 x x x 0 0 x x x x x 1 x
00181113 1 0 10 xx 02 00000001 0 1 1 x x x 0 0 x x x 0 0 x x x x x 1 x
daefad13 1 0 1f xx 1a fffffdae 0 1 2 x 0 x 0 0 x x x 0 0 x x x x x 1 x
96203713 1 0 00 xx 0e fffff962 0 1 3 x 1 x 0 0 x x x 0 0 x x x x x 1 x
00174593 1 0 0e xx 0b 00000001 0 1 4 x x x 0 0 x x x 0 0 x x x x x 1 x
41bcd913 1 0 19 xx 12 0000041b 0 1 5 x x 1 0 0 x x x 0 0 x x x x x 1 x
d2576f93 1 0 0e xx 1f fffffd25 0 1 6 x x x 0 0 x x x 0 0 x x x x x 1 x
7df8ff93 1 0 11 xx 1f 000007df 0 1 7 x x x 0 0 x x x 0 0 x x x x x 1 x
3d7f8013 1 0 1f xx 00 000003d7 0 1 0 0 x x 0 0 x x x 0 0 x x x x x 1 x
01941713 1 0 08 xx 0e 00000019 0 1 1 x x x 0 0 x x x 0 0 x x x x x 1 x
9e0ba913 1 0 17 xx 12 fffff9e0 0 1 2 x 0 x 0 0 x x x 0 0 x x x x x 1 x
bf62bd93 1 0 05 xx 1b fffffbf6 0 1 3 x 1 x 0 0 x x x 0 0 x x x x x 1 x
84c4cc13 1 0 09 xx 18 fffff84c 0 1 4 x x x 0 0 x x x 0 0 x x x x x 1 x
41cc5493 1 0 18 xx 09 0000041c 0 1 5 x x 1 0 0 x x x 0 0 x x x x x 1 x
b9ab6013 1 0 16 xx 00 fffffb9a 0 1 6 x x x 0 0 x x x 0 0 x x x x x 1 x
50447f93 1 0 08 xx 1f 00000504 0 1 7 x x x 0 0 x x x 0 0 x x x x x 1 x
db438d13 1 0 07 xx 1a fffffdb4 0 1 0 0 x x 0 0 x x x 0 0 x x x x x 1 x
01311c93 1 0 02 xx 19 00000013 0 1 1 x x x 0 0 x x x 0 0 x x x x x 1 x
9cc82213 1 0 10 xx 04 fffff9cc 0 1 2 x 0 x 0 0 x x x 0 0 x x x x x 1 x
00173293 1 0 0e xx 05 00000001 0 1 3 x 1 x 0 0 x x x 0 0 x x x x x 1 x
6c7f4993 1 0 1e xx 13 000006c7 0 1 4 x x x 0 0 x x x 0 0 x x x x x 1 x
00badb13 1 0 15 xx 16 0000000b 0 1 5 x x 0 0 0 x x x 0 0 x x x x x 1 x
a971ed13 1 0 03 xx 1a fffffa97 0 1 6 x x x 0 0 x x x 0 0 x x x x x 1 x
8580f513 1 0 01 xx 0a fffff858 0 1 7 x x x 0 0 x x x 0 0 x x x x x 1 x
b1e80013 1 0 10 xx 00 fffffb1e 0 1 0 0 x x 0 0 x x x 0 0 x x x x x 1 x
00261a13 1 0 0c xx 14 00000002 0 1 1 x x x 0 0 x x x 0 0 x x x x x 1 x
d18d2193 1 0 1a xx 03 fffffd18 0 1 2 x 0 x 0 0 x x x 0 0 x x x x x 1 x
77473013 1 0 0e xx 00 00000774 0 1 3 x 1 x 0 0 x x x 0 0 x x x x x 1 x
993ec513 1 0 1d xx 0a fffff993 0 1 4 x x x 0 0 x x x 0 0 x x x x x 1 x
4023d013 1 0 07 xx 00 00000402 0 1 5 x x 1 0 0 x x x 0 0 x x x x x 1 x
3c6a6e93 1 0 14 xx 1d 000003c6 0 1 6 x x x 0 0 x x x 0 0 x x x x x 1 x
8902f493 1 0 05 xx 09 fffff890 0 1 7 x x x 0 0 x x x 0 0 x x x x x 1 x
22498113 1 0 13 xx 02 00000224 0 1 0 0 x x 0 0 x x x 0 0 x x x x x 1 x
00769013 1 0 0d xx 00 00000007 0 1 1 x x x 0 0 x x x 0 0 x x x x x 1 x
aaa0a013 1 0 01 xx 00 fffffaaa 0 1 2 x 0 x 0 0 x x x 0 0 x x x x x 1 x
47e7b793 1 0 0f xx 0f 0000047e 0 1 3 x 1 x 0 0 x x x 0 0 x x x x x 1 x
f984c613 1 0 09 xx 0c ffffff98 0 1 4 x x x 0 0 x x x 0 0 x x x x x 1 x
419ad393 1 0 15 xx 07 00000419 0 1 5 x x 1 0 0 x x x 0 0 x x x x x 1 x
4fec6413 1 0 18 xx 08 000004fe 0 1 6 x x x 0 0 x x x 0 0 x x x x x 1 x
7ff1fb13 1 0 03 xx 16 000007ff 0 1 7 x x x 0 0 x x x 0 0 x x x x x 1 x
800a0013 1 0 14 xx 00 fffff800 0 1 0 0 x x 0 0 x x x 0 0 x x x x x 1 x
00c01b13 1 0 00 xx 16 0000000c 0 1 1 x x x 0 0 x x x 0 0 x x x x x 1 x
418aac13 1 0 15 xx 18 00000418 0 1 2 x 0 x 0 0 x x x 0 0 x x x x x 1 x
dc463793 1 0 0c xx 0f fffffdc4 0 1 3 x 1 x 0 0 x x x 0 0 x x x x x 1 x
aaafca93 1 0 1f xx 15 fffffaaa 0 1 4 x x x 0 0 x x x 0 0 x x x x x 1 x
41925313 1 0 04 xx 06 00000419 0 1 5 x x 1 0 0 x x x 0 0 x x x x x 1 x
27606f13 1 0 00 xx 1e 00000276 0 1 6 x x x 0 0 x x x 0 0 x x x x x 1 x
9b67f013 1 0 0f xx 00 fffff9b6 0 1 7 x x x 0 0 x x x 0 0 x x x x x 1 x
f8be8c93 1 0 1d xx 19 ffffff8b 0 1 0 0 x x 0 0 x x x 0 0 x x x x x 1 x
012e1a13 1 0 1c xx 14 00000012 0 1 1 x x x 0 0 x x x 0 0 x x x x x 1 x
55582013 1 0 10 xx 00 00000555 0 1 2 x 0 x 0 0 x x x 0 0 x x x x x 1 x
c6a23093 1 0 04 xx 01 fffffc6a 0 1 3 x 1 x 0 0 x x x 0 0 x x x x x 1 x
ffefcd13 1 0 1f xx 1a fffffffe 0 1 4 x x x 0 0 x x x 0 0 x x x x x 1 x
41205913 1 0 00 xx 12 00000412 0 1 5 x x 1 0 0 x x x 0 0 x x x x x 1 x
5d7e6a13 1 0 1c xx 14 000005d7 0 1 6 x x x 0 0 x x x 0 0 x x x x x 1 x
cd38f013 1 0 11 xx 00 fffffcd3 0 1 7 x x x 0 0 x x x 0 0 x x x x x 1 x
18ae8d13 1 0 1d xx 1a 0000018a 0 1 0 0 x x 0 0 x x x 0 0 x x x x x 1 x
01901713 1 0 00 xx 0e 00000019 0 1 1 x x x 0 0 x x x 0 0 x x x x x 1 x
a71d2b93 1 0 1a xx 17 fffffa71 0 1 2 x 0 x 0 0 x x x 0 0 x x x x x 1 x
c28b3613 1 0 16 xx 0c fffffc28 0 1 3 x 1 x 0 0 x x x 0 0 x x x x x 1 x
a8804513 1 0 00 xx 0a fffffa88 0 1 4 x x x 0 0 x x x 0 0 x x x x x 1 x
0007d993 1 0 0f xx 13 00000000 0 1 5 x x 0 0 0 x x x 0 0 x x x x x 1 x
572e6413 1 0 1c xx 08 00000572 0 1 6 x x x 0 0 x x x 0 0 x x x x x 1 x
614c7993 1 0 18 xx 13 00000614 0 1 7 x x x 0 0 x x x 0 0 x x x x x 1 x
2b190713 1 0 12 xx 0e 000002b1 0 1 0 0 x x 0 0 x x x 0 0 x x x x x 1 x
018f9513 1 0 1f xx 0a 00000018 0 1 1 x x x 0 0 x x x 0 0 x x x x x 1 x
aa8f2113 1 0 1e xx 02 fffffaa8 0 1 2 x 0 x 0 0 x x x 0 0 x x x x x 1 x
aad6bb93 1 0 0d xx 17 fffffaad 0 1 3 x 1 x 0 0 x x x 0 0 x x x x x 1 x
7045c613 1 0 0b xx 0c 00000704 0 1 4 x x x 0 0 x x x 0 0 x x x x x 1 x
40c05b93 1 0 00 xx 17 0000040c 0 1 5 x x 1 0 0 x x x 0 0 x x x x x 1 x
fdd86893 1 0 10 xx 11 ffffffdd 0 1 6 x x x 0 0 x x x 0 0 x x x x x 1 x
3a2d7813 1 0 1a xx 10 000003a2 0 1 7 x x x 0 0 x x x 0 0 x x x x x 1 x
0a248113 1 0 09 xx 02 000000a2 0 1 0 0 x x 0 0 x x x 0 0 x x x x x 1 x
00191593 1 0 12 xx 0b 00000001 0 1 1 x x x 0 0 x x x 0 0 x x x x x 1 x
88e32b93 1 0 06 xx 17 fffff88e 0 1 2 x 0 x 0 0 x x x 0 0 x x x x x 1 x
17733693 1 0 06 xx 0d 00000177 0 1 3 x 1 x 0 0 x x x 0 0 x x x x x 1 x
ffee4013 1 0 1c xx 00 fffffffe 0 1 4 x x x 0 0 x x x 0 0 x x x x x 1 x
0078df93 1 0 11 xx 1f 00000007 0 1 5 x x 0 0 0 x x x 0 0 x x x x x 1 x
c7806293 1 0 00 xx 05 fffffc78 0 1 6 x x x 0 0 x x x 0 0 x x x x x 1 x
309b7613 1 0 16 xx 0c 00000309 0 1 7 x x x 0 0 x x x 0 0 x x x x x 1 x
93498193 1 0 13 xx 03 fffff934 0 1 0 0 x x 0 0 x x x 0 0 x x x x x 1 x
01d19c13 1 0 03 xx 18 0000001d 0 1 1 x x x 0 0 x x x 0 0 x x x x x 1 x
99682293 1 0 10 xx 05 fffff996 0 1 2 x 0 x 0 0 x x x 0 0 x x x x x 1 x
bccfbd93 1 0 1f xx 1b fffffbcc 0 1 3 x 1 x 0 0 x x x 0 0 x x x x x 1 x
aaafce13 1 0 1f xx 1c fffffaaa 0 1 4 x x x 0 0 x x x 0 0 x x x x x 1 x
41d8d313 1 0 11 xx 06 0000041d 0 1 5 x x 1 0 0 x x x 0 0 x x x x x 1 x
0cfbe013 1 0 17 xx 00 000000cf 0 1 6 x x x 0 0 x x x 0 0 x x x x x 1 x
8c317813 1 0 02 xx 10 fffff8c3 0 1 7 x x x 0 0 x x x 0 0 x x x x x 1 x
13f70c13 1 0 0e xx 18 0000013f 0 1 0 0 x x 0 0 x x x 0 0 x x x x x 1 x
01401713 1 0 00 xx 0e 00000014 0 1 1 x x x 0 0 x x x 0 0 x x x x x 1 x
fff02d13 1 0 00 xx 1a ffffffff 0 1 2 x 0 x 0 0 x x x 0 0 x x x x x 1 x
7d9d3c13 1 0 1a xx 18 000007d9 0 1 3 x 1 x 0 0 x x x 0 0 x x x x x 1 x
a2474693 1 0 0e xx 0d fffffa24 0 1 4 x x x 0 0 x x x 0 0 x x x x x 1 x
40ccd713 1 0 19 xx 0e 0000040c 0 1 5 x x 1 0 0 x x x 0 0 x x x x x 1 x
aaa36993 1 0 06 xx 13 fffffaaa 0 1 6 x x x 0 0 x x x 0 0 x x x x x 1 x
01c5fc93 1 0 0b xx 19 0000001c 0 1 7 x x x 0 0 x x x 0 0 x x x x x 1 x
7ff80f93 1 0 10 xx 1f 000007ff 0 1 0 0 x x 0 0 x x x 0 0 x x x x x 1 x
01201013 1 0 00 xx 00 00000012 0 1 1 x x x 0 0 x x x 0 0 x x x x x 1 x
21edad13 1 0 1b xx 1a 0000021e 0 1 2 x 0 x 0 0 x x x 0 0 x x x x x 1 x
7ff33993 1 0 06 xx 13 000007ff 0 1 3 x 1 x 0 0 x x x 0 0 x x x x x 1 x
22484b93 1 0 10 xx 17 00000224 0 1 4 x x x 0 0 x x x 0 0 x x x x x 1 x
40d65013 1 0 0c xx 00 0000040d 0 1 5 x x 1 0 0 x x x 0 0 x x x x x 1 x
3a77ec93 1 0 0f xx 19 000003a7 0 1 6 x x x 0 0 x x x 0 0 x x x x x 1 x
519bfc13 1 0 17 xx 18 00000519 0 1 7 x x x 0 0 x x x 0 0 x x x x x 1 x
beaf8813 1 0 1f xx 10 fffffbea 0 1 0 0 x x 0 0 x x x 0 0 x x x x x 1 x
01b19013 1 0 03 xx 00 0000001b 0 1 1 x x x 0 0 x x x 0 0 x x x x x 1 x
b0602093 1 0 00 xx 01 fffffb06 0 1 2 x 0 x 0 0 x x x 0 0 x x x x x 1 x
4dc83013 1 0 10 xx 00 000004dc 0 1 3 x 1 x 0 0 x x x 0 0 x x x x x 1 x
01354793 1 0 0a xx 0f 00000013 0 1 4 x x x 0 0 x x x 0 0 x x x x x 1 x
013a5113 1 0 14 xx 02 00000013 0 1 5 x x 0 0 0 x x x 0 0 x x x x x 1 x
94536f13 1 0 06 xx 1e fffff945 0 1 6 x x x 0 0 x x x 0 0 x x x x x 1 x
02347113 1 0 08 xx 02 00000023 0 1 7 x x x 0 0 x x x 0 0 x x x x x 1 x
00018413 1 0 03 xx 08 00000000 0 1 0 0 x x 0 0 x x x 0 0 x x x x x 1 x
01129a93 1 0 05 xx 15 00000011 0 1 1 x x x 0 0 x x x 0 0 x x x x x 1 x
91e4ae93 1 0 09 xx 1d fffff91e 0 1 2 x 0 x 0 0 x x x 0 0 x x x x x 1 x
1244bc13 1 0 09 xx 18 00000124 0 1 3 x 1 x 0 0 x x x 0 0 x x x x x 1 x
8009ca13 1 0 13 xx 14 fffff800 0 1 4 x x x 0 0 x x x 0 0 x x x x x 1 x
01e05013 1 0 00 xx 00 0000001e 0 1 5 x x 0 0 0 x x x 0 0 x x x x x 1 x
9fff6013 1 0 1e xx 00 fffff9ff 0 1 6 x x x 0 0 x x x 0 0 x x x x x 1 x
13baf013 1 0 15 xx 00 0000013b 0 1 7 x x x 0 0 x x x 0 0 x x x x x 1 x
55500f93 1 0 00 xx 1f 00000555 0 1 0 0 x x 0 0 x x x 0 0 x x x x x 1 x
014a9593 1 0 15 xx 0b 00000014 0 1 1 x x x 0 0 x x x 0 0 x x x x x 1 x
5556a193 1 0 0d xx 03 00000555 0 1 2 x 0 x 0 0 x x x 0 0 x x x x x 1 x
ffa03013 1 0 00 xx 00 fffffffa 0 1 3 x 1 x 0 0 x x x 0 0 x x x x x 1 x
8e604093 1 0 00 xx 01 fffff8e6 0 1 4 x x x 0 0 x x x 0 0 x x x x x 1 x
00a05d93 1 0 00 xx 1b 0000000a 0 1 5 x x 0 0 0 x x x 0 0 x x x x x 1 x
097c6613 1 0 18 xx 0c 00000097 0 1 6 x x x 0 0 x x x 0 0 x x x x x 1 x
bec3f193 1 0 07 xx 03 fffffbec 0 1 7 x x x 0 0 x x x 0 0 x x x x x 1 x
3c350093 1 0 0a xx 01 000003c3 0 1 0 0 x x 0 0 x x x 0 0 x x x x x 1 x
01d09a93 1 0 01 xx 15 0000001d 0 1 1 x x x 0 0 x x x 0 0 x x x x x 1 x
e9f92f13 1 0 12 xx 1e fffffe9f 0 1 2 x 0 x 0 0 x x x 0 0 x x x x x 1 x
d9d03d13 1 0 00 xx 1a fffffd9d 0 1 3 x 1 x 0 0 x x x 0 0 x x x x x 1 x
fff34f93 1 0 06 xx 1f ffffffff 0 1 4 x x x 0 0 x x x 0 0 x x x x x 1 x
01745e13 1 0 08 xx 1c 00000017 0 1 5 x x 0 0 0 x x x 0 0 x x x x x 1 x
aaa1ee13 1 0 03 xx 1c fffffaaa 0 1 6 x x x 0 0 x x x 0 0 x x x x x 1 x
2cbe7313 1 0 1c xx 06 000002cb 0 1 7 x x x 0 0 x x x 0 0 x x x x x 1 x
ea240f93 1 0 08 xx 1f fffffea2 0 1 0 0 x x 0 0 x x x 0 0 x x x x x 1 x
00f39b13 1 0 07 xx 16 0000000f 0 1 1 x x x 0 0 x x x 0 0 x x x x x 1 x
63d6a093 1 0 0d xx 01 0000063d 0 1 2 x 0 x 0 0 x x x 0 0 x x x x x 1 x
aaa53a13 1 0 0a xx 14 fffffaaa 0 1 3 x 1 x 0 0 x x x 0 0 x x x x x 1 x
0013c613 1 0 07 xx 0c 00000001 0 1 4 x x x 0 0 x x x 0 0 x x x x x 1 x
01d35093 1 0 06 xx 01 0000001d 0 1 5 x x 0 0 0 x x x 0 0 x x x x x 1 x
bca86013 1 0 10 xx 00 fffffbca 0 1 6 x x x 0 0 x x x 0 0 x x x x x 1 x
ca507313 1 0 00 xx 06 fffffca5 0 1 7 x x x 0 0 x x x 0 0 x x x x x 1 x
f0b28a13 1 0 05 xx 14 ffffff0b 0 1 0 0 x x 0 0 x x x 0 0 x x x x x 1 x
01a19613 1 0 03 xx 0c 0000001a 0 1 1 x x x 0 0 x x x 0 0 x x x x x 1 x
8003a413 1 0 07 xx 08 fffff800 0 1 2 x 0 x 0 0 x x x 0 0 x x x x x 1 x
7448bf13 1 0 11 xx 1e 00000744 0 1 3 x 1 x 0 0 x x x 0 0 x x x x x 1 x
000a4713 1 0 14 xx 0e 00000000 0 1 4 x x x 0 0 x x x 0 0 x x x x x 1 x
00e5d313 1 0 0b xx 06 0000000e 0 1 5 x x 0 0 0 x x x 0 0 x x x x x 1 x
d45a6b93 1 0 14 xx 17 fffffd45 0 1 6 x x x 0 0 x x x 0 0 x x x x x 1 x
6bdbf093 1 0 17 xx 01 000006bd 0 1 7 x x x 0 0 x x x 0 0 x x x x x 1 x
73b88e93 1 0 11 xx 1d 0000073b 0 1 0 0 x x 0 0 x x x 0 0 x x x x x 1 x
00e11993 1 0 02 xx 13 0000000e 0 1 1 x x x 0 0 x x x 0 0 x x x x x 1 x
6f15a913 1 0 0b xx 12 000006f1 0 1 2 x 0 x 0 0 x x x 0 0 x x x x x 1 x
9b50b693 1 0 01 xx 0d fffff9b5 0 1 3 x 1 x 0 0 x x x 0 0 x x x x x 1 x
ffe04493 1 0 00 xx 09 fffffffe 0 1 4 x x x 0 0 x x x 0 0 x x x x x 1 x
00e05e93 1 0 00 xx 1d 0000000e 0 1 5 x x 0 0 0 x x x 0 0 x x x x x 1 x
0018eb13 1 0 11 xx 16 00000001 0 1 6 x x x 0 0 x x x 0 0 x x x x x 1 x
0015fc93 1 0 0b xx 19 00000001 0 1 7 x x x 0 0 x x x 0 0 x x x x x 1 x
8c380c13 1 0 10 xx 18 fffff8c3 0 1 0 0 x x 0 0 x x x 0 0 x x x x x 1 x
00f49693 1 0 09 xx 0d 0000000f 0 1 1 x x x 0 0 x x x 0 0 x x x x x 1 x
d3d02293 1 0 00 xx 05 fffffd3d 0 1 2 x 0 x 0 0 x x x 0 0 x x x x x 1 x
e6833c13 1 0 06 xx 18 fffffe68 0 1 3 x 1 x 0 0 x x x 0 0 x x x x x 1 x
23d7c293 1 0 0f xx 05 0000023d 0 1 4 x x x 0 0 x x x 0 0 x x x x x 1 x
4061d613 1 0 03 xx 0c 00000406 0 1 5 x x 1 0 0 x x x 0 0 x x x x x 1 x
c34ee213 1 0 1d xx 04 fffffc34 0 1 6 x x x 0 0 x x x 0 0 x x x x x 1 x
98c0f013 1 0 01 xx 00 fffff98c 0 1 7 x x x 0 0 x x x 0 0 x x x x x 1 x
c34f8093 1 0 1f xx 01 fffffc34 0 1 0 0 x x 0 0 x x x 0 0 x x x x x 1 x
00421393 1 0 04 xx 07 00000004 0 1 1 x x x 0 0 x x x 0 0 x x x x x 1 x
b5c62193 1 0 0c xx 03 fffffb5c 0 1 2 x 0 x 0 0 x x x 0 0 x x x x x 1 x
f74db793 1 0 1b xx 0f ffffff74 0 1 3 x 1 x 0 0 x x x 0 0 x x x x x 1 x
a441c013 1 0 03 xx 00 fffffa44 0 1 4 x x x 0 0 x x x 0 0 x x x x x 1 x
406bdb93 1 0 17 xx 17 00000406 0 1 5 x x 1 0 0 x x x 0 0 x x x x x 1 x
7f42ea93 1 0 05 xx 15 000007f4 0 1 6 x x x 0 0 x x x 0 0 x x x x x 1 x
be85f213 1 0 0b xx 04 fffffbe8 0 1 7 x x x 0 0 x x x 0 0 x x x x x 1 x
5f0d0e13 1 0 1a xx 1c 000005f0 0 1 0 0 x x 0 0 x x x 0 0 x x x x x 1 x
007e1713 1 0 1c xx 0e 00000007 0 1 1 x x x 0 0 x x x 0 0 x x x x x 1 x
75f82f13 1 0 10 xx 1e 0000075f 0 1 2 x 0 x 0 0 x x x 0 0 x x x x x 1 x
83903413 1 0 00 xx 08 fffff839 0 1 3 x 1 x 0 0 x x x 0 0 x x x x x 1 x
6e60cd93 1 0 01 xx 1b 000006e6 0 1 4 x x x 0 0 x x x 0 0 x x x x x 1 x
00c95013 1 0 12 xx 00 0000000c 0 1 5 x x 0 0 0 x x x 0 0 x x x x x 1 x
fa8e6693 1 0 1c xx 0d ffffffa8 0 1 6 x x x 0 0 x x x 0 0 x x x x x 1 x
f0e27793 1 0 04 xx 0f ffffff0e 0 1 7 x x x 0 0 x x x 0 0 x x x x x 1 x
28680e93 1 0 10 xx 1d 00000286 0 1 0 0 x x 0 0 x x x 0 0 x x x x x 1 x
00ce1e93 1 0 1c xx 1d 0000000c 0 1 1 x x x 0 0 x x x 0 0 x x x x x 1 x
aaa02a93 1 0 00 xx 15 fffffaaa 0 1 2 x 0 x 0 0 x x x 0 0 x x x x x 1 x
0019bf93 1 0 13 xx 1f 00000001 0 1 3 x 1 x 0 0 x x x 0 0 x x x x x 1 x
90504393 1 0 00 xx 07 fffff905 0 1 4 x x x 0 0 x x x 0 0 x x x x x 1 x
00b05b13 1 0 00 xx 16 0000000b 0 1 5 x x 0 0 0 x x x 0 0 x x x x x 1 x
aaa26213 1 0 04 xx 04 fffffaaa 0 1 6 x x x 0 0 x x x 0 0 x x x x x 1 x
18887a13 1 0 10 xx 14 00000188 0 1 7 x x x 0 0 x x x 0 0 x x x x x 1 x
100c0813 1 0 18 xx 10 00000100 0 1 0 0 x x 0 0 x x x 0 0 x x x x x 1 x
00a11293 1 0 02 xx 05 0000000a 0 1 1 x x x 0 0 x x x 0 0 x x x x x 1 x
7fffa413 1 0 1f xx 08 000007ff 0 1 2 x 0 x 0 0 x x x 0 0 x x x x x 1 x
d04ab093 1 0 15 xx 01 fffffd04 0 1 3 x 1 x 0 0 x x x 0 0 x x x x x 1 x
afc04493 1 0 00 xx 09 fffffafc 0 1 4 x x x 0 0 x x x 0 0 x x x x x 1 x
41c6d513 1 0 0d xx 0a 0000041c 0 1 5 x x 1 0 0 x x x 0 0 x x x x x 1 x
08a5e013 1 0 0b xx 00 0000008a 0 1 6 x x x 0 0 x x x 0 0 x x x x x 1 x
c0ccf793 1 0 19 xx 0f fffffc0c 0 1 7 x x x 0 0 x x x 0 0 x x x x x 1 x
bb1b8b13 1 0 17 xx 16 fffffbb1 0 1 0 0 x x 0 0 x x x 0 0 x x x x x 1 x
00001793 1 0 00 xx 0f 00000000 0 1 1 x x x 0 0 x x x 0 0 x x x x x 1 x
90202c93 1 0 00 xx 19 fffff902 0 1 2 x 0 x 0 0 x x x 0 0 x x x x x 1 x
0015b113 1 0 0b xx 02 00000001 0 1 3 x 1 x 0 0 x x x 0 0 x x x x x 1 x
95a04f93 1 0 00 xx 1f fffff95a 0 1 4 x x x 0 0 x x x 0 0 x x x x x 1 x
0069d013 1 0 13 xx 00 00000006 0 1 5 x x 0 0 0 x x x 0 0 x x x x x 1 x
7ff0e693 1 0 01 xx 0d 000007ff 0 1 6 x x x 0 0 x x x 0 0 x x x x x 1 x
2fce7713 1 0 1c xx 0e 000002fc 0 1 7 x x x 0 0 x x x 0 0 x x x x x 1 x
b90f8e13 1 0 1f xx 1c fffffb90 0 1 0 0 x x 0 0 x x x 0 0 x x x x x 1 x
01401093 1 0 00 xx 01 00000014 0 1 1 x x x 0 0 x x x 0 0 x x x x x 1 x
3a382993 1 0 10 xx 13 000003a3 0 1 2 x 0 x 0 0 x x x 0 0 x x x x x 1 x
75cf3f93 1 0 1e xx 1f 0000075c 0 1 3 x 1 x 0 0 x x x 0 0 x x x x x 1 x
be45ce13 1 0 0b xx 1c fffffbe4 0 1 4 x x x 0 0 x x x 0 0 x x x x x 1 x
01025293 1 0 04 xx 05 00000010 0 1 5 x x 0 0 0 x x x 0 0 x x x x x 1 x
ff286013 1 0 10 xx 00 fffffff2 0 1 6 x x x 0 0 x x x 0 0 x x x x x 1 x
49bb7793 1 0 16 xx 0f 0000049b 0 1 7 x x x 0 0 x x x 0 0 x x x x x 1 x
e6d28a93 1 0 05 xx 15 fffffe6d 0 1 0 0 x x 0 0 x x x 0 0 x x x x x 1 x
01fa9713 1 0 15 xx 0e 0000001f 0 1 1 x x x 0 0 x x x 0 0 x x x x x 1 x
4ff92793 1 0 12 xx 0f 000004ff 0 1 2 x 0 x 0 0 x x x 0 0 x x x x x 1 x
7ff43693 1 0 08 xx 0d 000007ff 0 1 3 x 1 x 0 0 x x x 0 0 x x x x x 1 x
2eb54c93 1 0 0a xx 19 000002eb 0 1 4 x x x 0 0 x x x 0 0 x x x x x 1 x
41825793 1 0 04 xx 0f 00000418 0 1 5 x x 1 0 0 x x x 0 0 x x x x x 1 x
db506f93 1 0 00 xx 1f fffffdb5 0 1 6 x x x 0 0 x x x 0 0 x x x x x 1 x
0c407893 1 0 00 xx 11 000000c4 0 1 7 x x x 0 0 x x x 0 0 x x x x x 1 x
d37f8693 1 0 1f xx 0d fffffd37 0 1 0 0 x x 0 0 x x x 0 0 x x x x x 1 x
01299413 1 0 13 xx 08 00000012 0 1 1 x x x 0 0 x x x 0 0 x x x x x 1 x
a5e2ad13 1 0 05 xx 1a fffffa5e 0 1 2 x 0 x 0 0 x x x 0 0 x x x x x 1 x
00183193 1 0 10 xx 03 00000001 0 1 3 x 1 x 0 0 x x x 0 0 x x x x x 1 x
9d02ca93 1 0 05 xx 15 fffff9d0 0 1 4 x x x 0 0 x x x 0 0 x x x x x 1 x
00d6d013 1 0 0d xx 00 0000000d 0 1 5 x x 0 0 0 x x x 0 0 x x x x x 1 x
a885e513 1 0 0b xx 0a fffffa88 0 1 6 x x x 0 0 x x x 0 0 x x x x x 1 x
67e77793 1 0 0e xx 0f 0000067e 0 1 7 x x x 0 0 x x x 0 0 x x x x x 1 x
47300093 1 0 00 xx 01 00000473 0 1 0 0 x x 0 0 x x x 0 0 x x x x x 1 x
00739f93 1 0 07 xx 1f 00000007 0 1 1 x x x 0 0 x x x 0 0 x x x x x 1 x
c81ba593 1 0 17 xx 0b fffffc81 0 1 2 x 0 x 0 0 x x x 0 0 x x x x x 1 x
a086b813 1 0 0d xx 10 fffffa08 0 1 3 x 1 x 0 0 x x x 0 0 x x x x x 1 x
2562c113 1 0 05 xx 02 00000256 0 1 4 x x x 0 0 x x x 0 0 x x x x x 1 x
00f75513 1 0 0e xx 0a 0000000f 0 1 5 x x 0 0 0 x x x 0 0 x x x x x 1 x
5632e293 1 0 05 xx 05 00000563 0 1 6 x x x 0 0 x x x 0 0 x x x x x 1 x
3dbcfb93 1 0 19 xx 17 000003db 0 1 7 x x x 0 0 x x x 0 0 x x x x x 1 x
33ca8013 1 0 15 xx 00 0000033c 0 1 0 0 x x 0 0 x x x 0 0 x x x x x 1 x
00941893 1 0 08 xx 11 00000009 0 1 1 x x x 0 0 x x x 0 0 x x x x x 1 x
acc42693 1 0 08 xx 0d fffffacc 0 1 2 x 0 x 0 0 x x x 0 0 x x x x x 1 x
7ac83013 1 0 10 xx 00 000007ac 0 1 3 x 1 x 0 0 x x x 0 0 x x x x x 1 x
5e6ac613 1 0 15 xx 0c 000005e6 0 1 4 x x x 0 0 x x x 0 0 x x x x x 1 x
011c5e13 1 0 18 xx 1c 00000011 0 1 5 x x 0 0 0 x x x 0 0 x x x x x 1 x
99436593 1 0 06 xx 0b fffff994 0 1 6 x x x 0 0 x x x 0 0 x x x x x 1 x
fff8fc93 1 0 11 xx 19 ffffffff 0 1 7 x x x 0 0 x x x 0 0 x x x x x 1 x
fff98f93 1 0 13 xx 1f ffffffff 0 1 0 0 x x 0 0 x x x 0 0 x x x x x 1 x
01cd9013 1 0 1b xx 00 0000001c 0 1 1 x x x 0 0 x x x 0 0 x x x x x 1 x
94702093 1 0 00 xx 01 fffff947 0 1 2 x 0 x 0 0 x x x 0 0 x x x x x 1 x
802cbb93 1 0 19 xx 17 fffff802 0 1 3 x 1 x 0 0 x x x 0 0 x x x x x 1 x
0016c793 1 0 0d xx 0f 00000001 0 1 4 x x x 0 0 x x x 0 0 x x x x x 1 x
41805e13 1 0 00 xx 1c 00000418 0 1 5 x x 1 0 0 x x x 0 0 x x x x x 1 x
5552ef13 1 0 05 xx 1e 00000555 0 1 6 x x x 0 0 x x x 0 0 x x x x x 1 x
000b7013 1 0 16 xx 00 00000000 0 1 7 x x x 0 0 x x x 0 0 x x x x x 1 x
fff30013 1 0 06 xx 00 ffffffff 0 1 0 0 x x 0 0 x x x 0 0 x x x x x 1 x
01bd1693 1 0 1a xx 0d 0000001b 0 1 1 x x x 0 0 x x x 0 0 x x x x x 1 x
2c602f93 1 0 00 xx 1f 000002c6 0 1 2 x 0 x 0 0 x x x 0 0 x x x x x 1 x
7fffb513 1 0 1f xx 0a 000007ff 0 1 3 x 1 x 0 0 x x x 0 0 x x x x x 1 x
ffebce93 1 0 17 xx 1d fffffffe 0 1 4 x x x 0 0 x x x 0 0 x x x x x 1 x
01885493 1 0 10 xx 09 00000018 0 1 5 x x 0 0 0 x x x 0 0 x x x x x 1 x
55536a13 1 0 06 xx 14 00000555 0 1 6 x x x 0 0 x x x 0 0 x x x x x 1 x
fff7f693 1 0 0f xx 0d ffffffff 0 1 7 x x x 0 0 x x x 0 0 x x x x x 1 x
efb78f13 1 0 0f xx 1e fffffefb 0 1 0 0 x x 0 0 x x x 0 0 x x x x x 1 x
00ba9013 1 0 15 xx 00 0000000b 0 1 1 x x x 0 0 x x x 0 0 x x x x x 1 x
dc0baa13 1 0 17 xx 14 fffffdc0 0 1 2 x 0 x 0 0 x x x 0 0 x x x x x 1 x
8003b013 1 0 07 xx 00 fffff800 0 1 3 x 1 x 0 0 x x x 0 0 x x x x x 1 x
c1834313 1 0 06 xx 06 fffffc18 0 1 4 x x x 0 0 x x x 0 0 x x x x x 1 x
40e85c93 1 0 10 xx 19 0000040e 0 1 5 x x 1 0 0 x x x 0 0 x x x x x 1 x
ab7d6993 1 0 1a xx 13 fffffab7 0 1 6 x x x 0 0 x x x 0 0 x x x x x 1 x
46c37313 1 0 06 xx 06 0000046c 0 1 7 x x x 0 0 x x x 0 0 x x x x x 1 x
ffeb8213 1 0 17 xx 04 fffffffe 0 1 0 0 x x 0 0 x x x 0 0 x x x x x 1 x
01001093 1 0 00 xx 01 00000010 0 1 1 x x x 0 0 x x x 0 0 x x x x x 1 x
924c2313 1 0 18 xx 06 fffff924 0 1 2 x 0 x 0 0 x x x 0 0 x x x x x 1 x
c19fb013 1 0 1f xx 00 fffffc19 0 1 3 x 1 x 0 0 x x x 0 0 x x x x x 1 x
c435ce13 1 0 0b xx 1c fffffc43 0 1 4 x x x 0 0 x x x 0 0 x x x x x 1 x
40375093 1 0 0e xx 01 00000403 0 1 5 x x 1 0 0 x x x 0 0 x x x x x 1 x
f440e113 1 0 01 xx 02 ffffff44 0 1 6 x x x 0 0 x x x 0 0 x x x x x 1 x
db52f393 1 0 05 xx 07 fffffdb5 0 1 7 x x x 0 0 x x x 0 0 x x x x x 1 x
67a48d13 1 0 09 xx 1a 0000067a 0 1 0 0 x x 0 0 x x x 0 0 x x x x x 1 x
01ee1d13 1 0 1c xx 1a 0000001e 0 1 1 x x x 0 0 x x x 0 0 x x x x x 1 x
dca3a993 1 0 07 xx 13 fffffdca 0 1 2 x 0 x 0 0 x x x 0 0 x x x x x 1 x
6b4d3213 1 0 1a xx 04 000006b4 0 1 3 x 1 x 0 0 x x x 0 0 x x x x x 1 x
89dfce13 1 0 1f xx 1c fffff89d 0 1 4 x x x 0 0 x x x 0 0 x x x x x 1 x
401cd313 1 0 19 xx 06 00000401 0 1 5 x x 1 0 0 x x x 0 0 x x x x x 1 x
1a4a6f93 1 0 14 xx 1f 000001a4 0 1 6 x x x 0 0 x x x 0 0 x x x x x 1 x
6f007e93 1 0 00 xx 1d 000006f0 0 1 7 x x x 0 0 x x x 0 0 x x x x x 1 x
1d600593 1 0 00 xx 0b 000001d6 0 1 0 0 x x 0 0 x x x 0 0 x x x x x 1 x
005d9013 1 0 1b xx 00 00000005 0 1 1 x x x 0 0 x x x 0 0 x x x x x 1 x
b9ff2f93 1 0 1e xx 1f fffffb9f 0 1 2 x 0 x 0 0 x x x 0 0 x x x x x 1 x
0007b593 1 0 0f xx 0b 00000000 0 1 3 x 1 x 0 0 x x x 0 0 x x x x x 1 x
1eefc613 1 0 1f xx 0c 000001ee 0 1 4 x x x 0 0 x x x 0 0 x x x x x 1 x
01cd5f93 1 0 1a xx 1f 0000001c 0 1 5 x x 0 0 0 x x x 0 0 x x x x x 1 x
c6f9e513 1 0 13 xx 0a fffffc6f 0 1 6 x x x 0 0 x x x 0 0 x x x x x 1 x
800bf093 1 0 17 xx 01 fffff800 0 1 7 x x x 0 0 x x x 0 0 x x x x x 1 x
0e9b0393 1 0 16 xx 07 000000e9 0 1 0 0 x x 0 0 x x x 0 0 x x x x x 1 x
01379113 1 0 0f xx 02 00000013 0 1 1 x x x 0 0 x x x 0 0 x x x x x 1 x
aaa62c93 1 0 0c xx 19 fffffaaa 0 1 2 x 0 x 0 0 x x x 0 0 x x x x x 1 x
555c3193 1 0 18 xx 03 00000555 0 1 3 x 1 x 0 0 x x x 0 0 x x x x x 1 x
cbb04613 1 0 00 xx 0c fffffcbb 0 1 4 x x x 0 0 x x x 0 0 x x x x x 1 x
4139d593 1 0 13 xx 0b 00000413 0 1 5 x x 1 0 0 x x x 0 0 x x x x x 1 x
555be013 1 0 17 xx 00 00000555 0 1 6 x x x 0 0 x x x 0 0 x x x x x 1 x
bc86ff93 1 0 0d xx 1f fffffbc8 0 1 7 x x x 0 0 x x x 0 0 x x x x x 1 x
34098c13 1 0 13 xx 18 00000340 0 1 0 0 x x 0 0 x x x 0 0 x x x x x 1 x
00c49f93 1 0 09 xx 1f 0000000c 0 1 1 x x x 0 0 x x x 0 0 x x x x x 1 x
5c1c2013 1 0 18 xx 00 000005c1 0 1 2 x 0 x 0 0 x x x 0 0 x x x x x 1 x
800fbf13 1 0 1f xx 1e fffff800 0 1 3 x 1 x 0 0 x x x 0 0 x x x x x 1 x
3b41c913 1 0 03 xx 12 000003b4 0 1 4 x x x 0 0 x x x 0 0 x x x x x 1 x
01d7dc13 1 0 0f xx 18 0000001d 0 1 5 x x 0 0 0 x x x 0 0 x x x x x 1 x
81e06093 1 0 00 xx 01 fffff81e 0 1 6 x x x 0 0 x x x 0 0 x x x x x 1 x
5806f393 1 0 0d xx 07 00000580 0 1 7 x x x 0 0 x x x 0 0 x x x x x 1 x
e8268613 1 0 0d xx 0c fffffe82 0 1 0 0 x x 0 0 x x x 0 0 x x x x x 1 x
00fc9b93 1 0 19 xx 17 0000000f 0 1 1 x x x 0 0 x x x 0 0 x x x x x 1 x
64e62c13 1 0 0c xx 18 0000064e 0 1 2 x 0 x 0 0 x x x 0 0 x x x x x 1 x
d21e3013 1 0 1c xx 00 fffffd21 0 1 3 x 1 x 0 0 x x x 0 0 x x x x x 1 x
1c7fcf93 1 0 1f xx 1f 000001c7 0 1 4 x x x 0 0 x x x 0 0 x x x x x 1 x
41dad013 1 0 15 xx 00 0000041d 0 1 5 x x 1 0 0 x x x 0 0 x x x x x 1 x
6cd9e793 1 0 13 xx 0f 000006cd 0 1 6 x x x 0 0 x x x 0 0 x x x x x 1 x
b42f7413 1 0 1e xx 08 fffffb42 0 1 7 x x x 0 0 x x x 0 0 x x x x x 1 x
7ff20e13 1 0 04 xx 1c 000007ff 0 1 0 0 x x 0 0 x x x 0 0 x x x x x 1 x
00ca1f93 1 0 14 xx 1f 0000000c 0 1 1 x x x 0 0 x x x 0 0 x x x x x 1 x
fff72b13 1 0 0e xx 16 ffffffff 0 1 2 x 0 x 0 0 x x x 0 0 x x x x x 1 x
e9303593 1 0 00 xx 0b fffffe93 0 1 3 x 1 x 0 0 x x x 0 0 x x x x x 1 x
7ff0cf93 1 0 01 xx 1f 000007ff 0 1 4 x x x 0 0 x x x 0 0 x x x x x 1 x
41c4d393 1 0 09 xx 07 0000041c 0 1 5 x x 1 0 0 x x x 0 0 x x x x x 1 x
cb32ea13 1 0 05 xx 14 fffffcb3 0 1 6 x x x 0 0 x x x 0 0 x x x x x 1 x
4b98fd93 1 0 11 xx 1b 000004b9 0 1 7 x x x 0 0 x x x 0 0 x x x x x 1 x
fce18313 1 0 03 xx 06 ffffffce 0 1 0 0 x x 0 0 x x x 0 0 x x x x x 1 x
00af9013 1 0 1f xx 00 0000000a 0 1 1 x x x 0 0 x x x 0 0 x x x x x 1 x
f8d02f93 1 0 00 xx 1f ffffff8d 0 1 2 x 0 x 0 0 x x x 0 0 x x x x x 1 x
5a503793 1 0 00 xx 0f 000005a5 0 1 3 x 1 x 0 0 x x x 0 0 x x x x x 1 x
ffe64e13 1 0 0c xx 1c fffffffe 0 1 4 x x x 0 0 x x x 0 0 x x x x x 1 x
4030d113 1 0 01 xx 02 00000403 0 1 5 x x 1 0 0 x x x 0 0 x x x x x 1 x
4746e813 1 0 0d xx 10 00000474 0 1 6 x x x 0 0 x x x 0 0 x x x x x 1 x
50f27293 1 0 04 xx 05 0000050f 0 1 7 x x x 0 0 x x x 0 0 x x x x x 1 x
7bb60913 1 0 0c xx 12 000007bb 0 1 0 0 x x 0 0 x x x 0 0 x x x x x 1 x
01b31313 1 0 06 xx 06 0000001b 0 1 1 x x x 0 0 x x x 0 0 x x x x x 1 x
bad82893 1 0 10 xx 11 fffffbad 0 1 2 x 0 x 0 0 x x x 0 0 x x x x x 1 x
ee373313 1 0 0e xx 06 fffffee3 0 1 3 x 1 x 0 0 x x x 0 0 x x x x x 1 x
2cdb4413 1 0 16 xx 08 000002cd 0 1 4 x x x 0 0 x x x 0 0 x x x x x 1 x
40be5293 1 0 1c xx 05 0000040b 0 1 5 x x 1 0 0 x x x 0 0 x x x x x 1 x
d5e66513 1 0 0c xx 0a fffffd5e 0 1 6 x x x 0 0 x x x 0 0 x x x x x 1 x
7ffef493 1 0 1d xx 09 000007ff 0 1 7 x x x 0 0 x x x 0 0 x x x x x 1 x
1ece8513 1 0 1d xx 0a 000001ec 0 1 0 0 x x 0 0 x x x 0 0 x x x x x 1 x
00f79113 1 0 0f xx 02 0000000f 0 1 1 x x x 0 0 x x x 0 0 x x x x x 1 x
1b702993 1 0 00 xx 13 000001b7 0 1 2 x 0 x 0 0 x x x 0 0 x x x x x 1 x
9a1a3f93 1 0 14 xx 1f fffff9a1 0 1 3 x 1 x 0 0 x x x 0 0 x x x x x 1 x
99f6c613 1 0 0d xx 0c fffff99f 0 1 4 x x x 0 0 x x x 0 0 x x x x x 1 x
0004da13 1 0 09 xx 14 00000000 0 1 5 x x 0 0 0 x x x 0 0 x x x x x 1 x
608fe793 1 0 1f xx 0f 00000608 0 1 6 x x x 0 0 x x x 0 0 x x x x x 1 x
f8077a13 1 0 0e xx 14 ffffff80 0 1 7 x x x 0 0 x x x 0 0 x x x x x 1 x
abbb8a93 1 0 17 xx 15 fffffabb 0 1 0 0 x x 0 0 x x x 0 0 x x x x x 1 x
00541513 1 0 08 xx 0a 00000005 0 1 1 x x x 0 0 x x x 0 0 x x x x x 1 x
4812a093 1 0 05 xx 01 00000481 0 1 2 x 0 x 0 0 x x x 0 0 x x x x x 1 x
f7933893 1 0 06 xx 11 ffffff79 0 1 3 x 1 x 0 0 x x x 0 0 x x x x x 1 x
aaafc393 1 0 1f xx 07 fffffaaa 0 1 4 x x x 0 0 x x x 0 0 x x x x x 1 x
01e25713 1 0 04 xx 0e 0000001e 0 1 5 x x 0 0 0 x x x 0 0 x x x x x 1 x
fa906d93 1 0 00 xx 1b ffffffa9 0 1 6 x x x 0 0 x x x 0 0 x x x x x 1 x
22fffb93 1 0 1f xx 17 0000022f 0 1 7 x x x 0 0 x x x 0 0 x x x x x 1 x
ffec8e13 1 0 19 xx 1c fffffffe 0 1 0 0 x x 0 0 x x x 0 0 x x x x x 1 x
00e01013 1 0 00 xx 00 0000000e 0 1 1 x x x 0 0 x x x 0 0 x x x x x 1 x
0003a793 1 0 07 xx 0f 00000000 0 1 2 x 0 x 0 0 x x x 0 0 x x x x x 1 x
e5b33e93 1 0 06 xx 1d fffffe5b 0 1 3 x 1 x 0 0 x x x 0 0 x x x x x 1 x
95444f93 1 0 08 xx 1f fffff954 0 1 4 x x x 0 0 x x x 0 0 x x x x x 1 x
014c5f93 1 0 18 xx 1f 00000014 0 1 5 x x 0 0 0 x x x 0 0 x x x x x 1 x
0d55eb13 1 0 0b xx 16 000000d5 0 1 6 x x x 0 0 x x x 0 0 x x x x x 1 x
f01cfb13 1 0 19 xx 16 ffffff01 0 1 7 x x x 0 0 x x x 0 0 x x x x x 1 x
5c700613 1 0 00 xx 0c 000005c7 0 1 0 0 x x 0 0 x x x 0 0 x x x x x 1 x
00771013 1 0 0e xx 00 00000007 0 1 1 x x x 0 0 x x x 0 0 x x x x x 1 x
f5faa093 1 0 15 xx 01 ffffff5f 0 1 2 x 0 x 0 0 x x x 0 0 x x x x x 1 x
a289b493 1 0 13 xx 09 fffffa28 0 1 3 x 1 x 0 0 x x x 0 0 x x x x x 1 x
dcbdc413 1 0 1b xx 08 fffffdcb 0 1 4 x x x 0 0 x x x 0 0 x x x x x 1 x
00b95b13 1 0 12 xx 16 0000000b 0 1 5 x x 0 0 0 x x x 0 0 x x x x x 1 x
ffebec13 1 0 17 xx 18 fffffffe 0 1 6 x x x 0 0 x x x 0 0 x x x x x 1 x
fff07593 1 0 00 xx 0b ffffffff 0 1 7 x x x 0 0 x x x 0 0 x x x x x 1 x
9b508613 1 0 01 xx 0c fffff9b5 0 1 0 0 x x 0 0 x x x 0 0 x x x x x 1 x
00b81f93 1 0 10 xx 1f 0000000b 0 1 1 x x x 0 0 x x x 0 0 x x x x x 1 x
ca23af93 1 0 07 xx 1f fffffca2 0 1 2 x 0 x 0 0 x x x 0 0 x x x x x 1 x
7bb83113 1 0 10 xx 02 000007bb 0 1 3 x 1 x 0 0 x x x 0 0 x x x x x 1 x
882fce13 1 0 1f xx 1c fffff882 0 1 4 x x x 0 0 x x x 0 0 x x x x x 1 x
00945d93 1 0 08 xx 1b 00000009 0 1 5 x x 0 0 0 x x x 0 0 x x x x x 1 x
3ddee093 1 0 1d xx 01 000003dd 0 1 6 x x x 0 0 x x x 0 0 x x x x x 1 x
35077613 1 0 0e xx 0c 00000350 0 1 7 x x x 0 0 x x x 0 0 x x x x x 1 x
ffef8193 1 0 1f xx 03 fffffffe 0 1 0 0 x x 0 0 x x x 0 0 x x x x x 1 x
01371693 1 0 0e xx 0d 00000013 0 1 1 x x x 0 0 x x x 0 0 x x x x x 1 x
fede2193 1 0 1c xx 03 ffffffed 0 1 2 x 0 x 0 0 x x x 0 0 x x x x x 1 x
1671bf93 1 0 03 xx 1f 00000167 0 1 3 x 1 x 0 0 x x x 0 0 x x x x x 1 x
93dfc513 1 0 1f xx 0a fffff93d 0 1 4 x x x 0 0 x x x 0 0 x x x x x 1 x
405c5f93 1 0 18 xx 1f 00000405 0 1 5 x x 1 0 0 x x x 0 0 x x x x x 1 x
7ff26a13 1 0 04 xx 14 000007ff 0 1 6 x x x 0 0 x x x 0 0 x x x x x 1 x
ffeffc13 1 0 1f xx 18 fffffffe 0 1 7 x x x 0 0 x x x 0 0 x x x x x 1 x
e63a0f13 1 0 14 xx 1e fffffe63 0 1 0 0 x x 0 0 x x x 0 0 x x x x x 1 x
010f9c93 1 0 1f xx 19 00000010 0 1 1 x x x 0 0 x x x 0 0 x x x x x 1 x
7a67a293 1 0 0f xx 05 000007a6 0 1 2 x 0 x 0 0 x x x 0 0 x x x x x 1 x
35ee3793 1 0 1c xx 0f 0000035e 0 1 3 x 1 x 0 0 x x x 0 0 x x x x x 1 x
000fcb13 1 0 1f xx 16 00000000 0 1 4 x x x 0 0 x x x 0 0 x x x x x 1 x
01f3de13 1 0 07 xx 1c 0000001f 0 1 5 x x 0 0 0 x x x 0 0 x x x x x 1 x
6f616a13 1 0 02 xx 14 000006f6 0 1 6 x x x 0 0 x x x 0 0 x x x x x 1 x
beb07013 1 0 00 xx 00 fffffbeb 0 1 7 x x x 0 0 x x x 0 0 x x x x x 1 x
d4900f13 1 0 00 xx 1e fffffd49 0 1 0 0 x x 0 0 x x x 0 0 x x x x x 1 x
01031c93 1 0 06 xx 19 00000010 0 1 1 x x x 0 0 x x x 0 0 x x x x x 1 x
0010a413 1 0 01 xx 08 00000001 0 1 2 x 0 x 0 0 x x x 0 0 x x x x x 1 x
00073a13 1 0 0e xx 14 00000000 0 1 3 x 1 x 0 0 x x x 0 0 x x x x x 1 x
4de1cd13 1 0 03 xx 1a 000004de 0 1 4 x x x 0 0 x x x 0 0 x x x x x 1 x
40d05793 1 0 00 xx 0f 0000040d 0 1 5 x x 1 0 0 x x x 0 0 x x x x x 1 x
e10be213 1 0 17 xx 04 fffffe10 0 1 6 x x x 0 0 x x x 0 0 x x x x x 1 x
ef8a7593 1 0 14 xx 0b fffffef8 0 1 7 x x x 0 0 x x x 0 0 x x x x x 1 x
aa048013 1 0 09 xx 00 fffffaa0 0 1 0 0 x x 0 0 x x x 0 0 x x x x x 1 x
00279793 1 0 0f xx 0f 00000002 0 1 1 x x x 0 0 x x x 0 0 x x x x x 1 x
ce97ae13 1 0 0f xx 1c fffffce9 0 1 2 x 0 x 0 0 x x x 0 0 x x x x x 1 x
8e8fb593 1 0 1f xx 0b fffff8e8 0 1 3 x 1 x 0 0 x x x 0 0 x x x x x 1 x
bbeecf93 1 0 1d xx 1f fffffbbe 0 1 4 x x x 0 0 x x x 0 0 x x x x x 1 x
00c05993 1 0 00 xx 13 0000000c 0 1 5 x x 0 0 0 x x x 0 0 x x x x x 1 x
9c606093 1 0 00 xx 01 fffff9c6 0 1 6 x x x 0 0 x x x 0 0 x x x x x 1 x
3ccff513 1 0 1f xx 0a 000003cc 0 1 7 x x x 0 0 x x x 0 0 x x x x x 1 x
8dd00013 1 0 00 xx 00 fffff8dd 0 1 0 0 x x 0 0 x x x 0 0 x x x x x 1 x
01a01f13 1 0 00 xx 1e 0000001a 0 1 1 x x x 0 0 x x x 0 0 x x x x x 1 x
7ffd2013 1 0 1a xx 00 000007ff 0 1 2 x 0 x 0 0 x x x 0 0 x x x x x 1 x
f92abf93 1 0 15 xx 1f ffffff92 0 1 3 x 1 x 0 0 x x x 0 0 x x x x x 1 x
31414a13 1 0 02 xx 14 00000314 0 1 4 x x x 0 0 x x x 0 0 x x x x x 1 x
41cf5713 1 0 1e xx 0e 0000041c 0 1 5 x x 1 0 0 x x x 0 0 x x x x x 1 x
6ddfe913 1 0 1f xx 12 000006dd 0 1 6 x x x 0 0 x x x 0 0 x x x x x 1 x
7b3f7b13 1 0 1e xx 16 000007b3 0 1 7 x x x 0 0 x x x 0 0 x x x x x 1 x
55500793 1 0 00 xx 0f 00000555 0 1 0 0 x x 0 0 x x x 0 0 x x x x x 1 x
01bc9293 1 0 19 xx 05 0000001b 0 1 1 x x x 0 0 x x x 0 0 x x x x x 1 x
ba7a2513 1 0 14 xx 0a fffffba7 0 1 2 x 0 x 0 0 x x x 0 0 x x x x x 1 x
97ee3813 1 0 1c xx 10 fffff97e 0 1 3 x 1 x 0 0 x x x 0 0 x x x x x 1 x
7ff9c393 1 0 13 xx 07 000007ff 0 1 4 x x x 0 0 x x x 0 0 x x x x x 1 x
01b4dd13 1 0 09 xx 1a 0000001b 0 1 5 x x 0 0 0 x x x 0 0 x x x x x 1 x
0004ed93 1 0 09 xx 1b 00000000 0 1 6 x x x 0 0 x x x 0 0 x x x x x 1 x
84217013 1 0 02 xx 00 fffff842 0 1 7 x x x 0 0 x x x 0 0 x x x x x 1 x
d7348493 1 0 09 xx 09 fffffd73 0 1 0 0 x x 0 0 x x x 0 0 x x x x x 1 x
01f01f93 1 0 00 xx 1f 0000001f 0 1 1 x x x 0 0 x x x 0 0 x x x x x 1 x
c712a513 1 0 05 xx 0a fffffc71 0 1 2 x 0 x 0 0 x x x 0 0 x x x x x 1 x
8ec5b013 1 0 0b xx 00 fffff8ec 0 1 3 x 1 x 0 0 x x x 0 0 x x x x x 1 x
7ce04b93 1 0 00 xx 17 000007ce 0 1 4 x x x 0 0 x x x 0 0 x x x x x 1 x
008bd893 1 0 17 xx 11 00000008 0 1 5 x x 0 0 0 x x x 0 0 x x x x x 1 x
5b8ce113 1 0 19 xx 02 000005b8 0 1 6 x x x 0 0 x x x 0 0 x x x x x 1 x
555af313 1 0 15 xx 06 00000555 0 1 7 x x x 0 0 x x x 0 0 x x x x x 1 x
7ff50f93 1 0 0a xx 1f 000007ff 0 1 0 0 x x 0 0 x x x 0 0 x x x x x 1 x
00ba9513 1 0 15 xx 0a 0000000b 0 1 1 x x x 0 0 x x x 0 0 x x x x x 1 x
e855ac93 1 0 0b xx 19 fffffe85 0 1 2 x 0 x 0 0 x x x 0 0 x x x x x 1 x
6b5e3d93 1 0 1c xx 1b 000006b5 0 1 3 x 1 x 0 0 x x x 0 0 x x x x x 1 x
e3e24213 1 0 04 xx 04 fffffe3e 0 1 4 x x x 0 0 x x x 0 0 x x x x x 1 x
00f4d513 1 0 09 xx 0a 0000000f 0 1 5 x x 0 0 0 x x x 0 0 x x x x x 1 x
555c6193 1 0 18 xx 03 00000555 0 1 6 x x x 0 0 x x x 0 0 x x x x x 1 x
64237413 1 0 06 xx 08 00000642 0 1 7 x x x 0 0 x x x 0 0 x x x x x 1 x
e6400f93 1 0 00 xx 1f fffffe64 0 1 0 0 x x 0 0 x x x 0 0 x x x x x 1 x
01d89093 1 0 11 xx 01 0000001d 0 1 1 x x x 0 0 x x x 0 0 x x x x x 1 x
2380a213 1 0 01 xx 04 00000238 0 1 2 x 0 x 0 0 x x x 0 0 x x x x x 1 x
d6893313 1 0 12 xx 06 fffffd68 0 1 3 x 1 x 0 0 x x x 0 0 x x x x x 1 x
14304593 1 0 00 xx 0b 00000143 0 1 4 x x x 0 0 x x x 0 0 x x x x x 1 x
41eb5313 1 0 16 xx 06 0000041e 0 1 5 x x 1 0 0 x x x 0 0 x x x x x 1 x
98496013 1 0 12 xx 00 fffff984 0 1 6 x x x 0 0 x x x 0 0 x x x x x 1 x
850d7a13 1 0 1a xx 14 fffff850 0 1 7 x x x 0 0 x x x 0 0 x x x x x 1 x
555a0f93 1 0 14 xx 1f 00000555 0 1 0 0 x x 0 0 x x x 0 0 x x x x x 1 x
00f19513 1 0 03 xx 0a 0000000f 0 1 1 x x x 0 0 x x x 0 0 x x x x x 1 x
20402613 1 0 00 xx 0c 00000204 0 1 2 x 0 x 0 0 x x x 0 0 x x x x x 1 x
4f8ab993 1 0 15 xx 13 000004f8 0 1 3 x 1 x 0 0 x x x 0 0 x x x x x 1 x
01f94613 1 0 12 xx 0c 0000001f 0 1 4 x x x 0 0 x x x 0 0 x x x x x 1 x
00efdb93 1 0 1f xx 17 0000000e 0 1 5 x x 0 0 0 x x x 0 0 x x x x x 1 x
51026393 1 0 04 xx 07 00000510 0 1 6 x x x 0 0 x x x 0 0 x x x x x 1 x
db317813 1 0 02 xx 10 fffffdb3 0 1 7 x x x 0 0 x x x 0 0 x x x x x 1 x
42570013 1 0 0e xx 00 00000425 0 1 0 0 x x 0 0 x x x 0 0 x x x x x 1 x
00f49a93 1 0 09 xx 15 0000000f 0 1 1 x x x 0 0 x x x 0 0 x x x x x 1 x
00042c13 1 0 08 xx 18 00000000 0 1 2 x 0 x 0 0 x x x 0 0 x x x x x 1 x
9d003f93 1 0 00 xx 1f fffff9d0 0 1 3 x 1 x 0 0 x x x 0 0 x x x x x 1 x
c345ce93 1 0 0b xx 1d fffffc34 0 1 4 x x x 0 0 x x x 0 0 x x x x x 1 x
4181d493 1 0 03 xx 09 00000418 0 1 5 x x 1 0 0 x x x 0 0 x x x x x 1 x
1950e913 1 0 01 xx 12 00000195 0 1 6 x x x 0 0 x x x 0 0 x x x x x 1 x
becff013 1 0 1f xx 00 fffffbec 0 1 7 x x x 0 0 x x x 0 0 x x x x x 1 x
043b8393 1 0 17 xx 07 00000043 0 1 0 0 x x 0 0 x x x 0 0 x x x x x 1 x
00731b13 1 0 06 xx 16 00000007 0 1 1 x x x 0 0 x x x 0 0 x x x x x 1 x
f5cca993 1 0 19 xx 13 ffffff5c 0 1 2 x 0 x 0 0 x x x 0 0 x x x x x 1 x
8003bf93 1 0 07 xx 1f fffff800 0 1 3 x 1 x 0 0 x x x 0 0 x x x x x 1 x
1176c513 1 0 0d xx 0a 00000117 0 1 4 x x x 0 0 x x x 0 0 x x x x x 1 x
41da5013 1 0 14 xx 00 0000041d 0 1 5 x x 1 0 0 x x x 0 0 x x x x x 1 x
dd3c6593 1 0 18 xx 0b fffffdd3 0 1 6 x x x 0 0 x x x 0 0 x x x x x 1 x
ecb57a13 1 0 0a xx 14 fffffecb 0 1 7 x x x 0 0 x x x 0 0 x x x x x 1 x
5ee18c93 1 0 03 xx 19 000005ee 0 1 0 0 x x 0 0 x x x 0 0 x x x x x 1 x
00939013 1 0 07 xx 00 00000009 0 1 1 x x x 0 0 x x x 0 0 x x x x x 1 x
fff02a93 1 0 00 xx 15 ffffffff 0 1 2 x 0 x 0 0 x x x 0 0 x x x x x 1 x
116a3a93 1 0 14 xx 15 00000116 0 1 3 x 1 x 0 0 x x x 0 0 x x x x x 1 x
6f194293 1 0 12 xx 05 000006f1 0 1 4 x x x 0 0 x x x 0 0 x x x x x 1 x
0168da93 1 0 11 xx 15 00000016 0 1 5 x x 0 0 0 x x x 0 0 x x x x x 1 x
eb306193 1 0 00 xx 03 fffffeb3 0 1 6 x x x 0 0 x x x 0 0 x x x x x 1 x
0001f093 1 0 03 xx 01 00000000 0 1 7 x x x 0 0 x x x 0 0 x x x x x 1 x
10800413 1 0 00 xx 08 00000108 0 1 0 0 x x 0 0 x x x 0 0 x x x x x 1 x
01a11693 1 0 02 xx 0d 0000001a 0 1 1 x x x 0 0 x x x 0 0 x x x x x 1 x
395d2d93 1 0 1a xx 1b 00000395 0 1 2 x 0 x 0 0 x x x 0 0 x x x x x 1 x
0010b113 1 0 01 xx 02 00000001 0 1 3 x 1 x 0 0 x x x 0 0 x x x x x 1 x
bfefcf93 1 0 1f xx 1f fffffbfe 0 1 4 x x x 0 0 x x x 0 0 x x x x x 1 x
008b5913 1 0 16 xx 12 00000008 0 1 5 x x 0 0 0 x x x 0 0 x x x x x 1 x
e6896c93 1 0 12 xx 19 fffffe68 0 1 6 x x x 0 0 x x x 0 0 x x x x x 1 x
8cb5f293 1 0 0b xx 05 fffff8cb 0 1 7 x x x 0 0 x x x 0 0 x x x x x 1 x
5d210593 1 0 02 xx 0b 000005d2 0 1 0 0 x x 0 0 x x x 0 0 x x x x x 1 x
00ad9613 1 0 1b xx 0c 0000000a 0 1 1 x x x 0 0 x x x 0 0 x x x x x 1 x
c17d2d13 1 0 1a xx 1a fffffc17 0 1 2 x 0 x 0 0 x x x 0 0 x x x x x 1 x
555e3193 1 0 1c xx 03 00000555 0 1 3 x 1 x 0 0 x x x 0 0 x x x x x 1 x
fffd4e13 1 0 1a xx 1c ffffffff 0 1 4 x x x 0 0 x x x 0 0 x x x x x 1 x
01fade93 1 0 15 xx 1d 0000001f 0 1 5 x x 0 0 0 x x x 0 0 x x x x x 1 x
e9866013 1 0 0c xx 00 fffffe98 0 1 6 x x x 0 0 x x x 0 0 x x x x x 1 x
a2f17e93 1 0 02 xx 1d fffffa2f 0 1 7 x x x 0 0 x x x 0 0 x x x x x 1 x
7b8d8393 1 0 1b xx 07 000007b8 0 1 0 0 x x 0 0 x x x 0 0 x x x x x 1 x
01a01c93 1 0 00 xx 19 0000001a 0 1 1 x x x 0 0 x x x 0 0 x x x x x 1 x
dc202013 1 0 00 xx 00 fffffdc2 0 1 2 x 0 x 0 0 x x x 0 0 x x x x x 1 x
35723b13 1 0 04 xx 16 00000357 0 1 3 x 1 x 0 0 x x x 0 0 x x x x x 1 x
1608c093 1 0 11 xx 01 00000160 0 1 4 x x x 0 0 x x x 0 0 x x x x x 1 x
410ed393 1 0 1d xx 07 00000410 0 1 5 x x 1 0 0 x x x 0 0 x x x x x 1 x
fff1e293 1 0 03 xx 05 ffffffff 0 1 6 x x x 0 0 x x x 0 0 x x x x x 1 x
7ff6ff13 1 0 0d xx 1e 000007ff 0 1 7 x x x 0 0 x x x 0 0 x x x x x 1 x
6def8413 1 0 1f xx 08 000006de 0 1 0 0 x x 0 0 x x x 0 0 x x x x x 1 x
00279493 1 0 0f xx 09 00000002 0 1 1 x x x 0 0 x x x 0 0 x x x x x 1 x
a2ffa993 1 0 1f xx 13 fffffa2f 0 1 2 x 0 x 0 0 x x x 0 0 x x x x x 1 x
00163a93 1 0 0c xx 15 00000001 0 1 3 x 1 x 0 0 x x x 0 0 x x x x x 1 x
5554cf93 1 0 09 xx 1f 00000555 0 1 4 x x x 0 0 x x x 0 0 x x x x x 1 x
01c4dd93 1 0 09 xx 1b 0000001c 0 1 5 x x 0 0 0 x x x 0 0 x x x x x 1 x
00026593 1 0 04 xx 0b 00000000 0 1 6 x x x 0 0 x x x 0 0 x x x x x 1 x
018a7793 1 0 14 xx 0f 00000018 0 1 7 x x x 0 0 x x x 0 0 x x x x x 1 x
6c9f0093 1 0 1e xx 01 000006c9 0 1 0 0 x x 0 0 x x x 0 0 x x x x x 1 x
00001f13 1 0 00 xx 1e 00000000 0 1 1 x x x 0 0 x x x 0 0 x x x x x 1 x
e0ca2913 1 0 14 xx 12 fffffe0c 0 1 2 x 0 x 0 0 x x x 0 0 x x x x x 1 x
7ff23293 1 0 04 xx 05 000007ff 0 1 3 x 1 x 0 0 x x x 0 0 x x x x x 1 x
00054a13 1 0 0a xx 14 00000000 0 1 4 x x x 0 0 x x x 0 0 x x x x x 1 x
4056d313 1 0 0d xx 06 00000405 0 1 5 x x 1 0 0 x x x 0 0 x x x x x 1 x
5554e193 1 0 09 xx 03 00000555 0 1 6 x x x 0 0 x x x 0 0 x x x x x 1 x
800ff893 1 0 1f xx 11 fffff800 0 1 7 x x x 0 0 x x x 0 0 x x x x x 1 x
edff8413 1 0 1f xx 08 fffffedf 0 1 0 0 x x 0 0 x x x 0 0 x x x x x 1 x
004b1413 1 0 16 xx 08 00000004 0 1 1 x x x 0 0 x x x 0 0 x x x x x 1 x
d3f62093 1 0 0c xx 01 fffffd3f 0 1 2 x 0 x 0 0 x x x 0 0 x x x x x 1 x
aaab3d13 1 0 16 xx 1a fffffaaa 0 1 3 x 1 x 0 0 x x x 0 0 x x x x x 1 x
6456c913 1 0 0d xx 12 00000645 0 1 4 x x x 0 0 x x x 0 0 x x x x x 1 x
01155e13 1 0 0a xx 1c 00000011 0 1 5 x x 0 0 0 x x x 0 0 x x x x x 1 x
79506013 1 0 00 xx 00 00000795 0 1 6 x x x 0 0 x x x 0 0 x x x x x 1 x
32ffff13 1 0 1f xx 1e 0000032f 0 1 7 x x x 0 0 x x x 0 0 x x x x x 1 x
4fbf8193 1 0 1f xx 03 000004fb 0 1 0 0 x x 0 0 x x x 0 0 x x x x x 1 x
01289c93 1 0 11 xx 19 00000012 0 1 1 x x x 0 0 x x x 0 0 x x x x x 1 x
7fff2a13 1 0 1e xx 14 000007ff 0 1 2 x 0 x 0 0 x x x 0 0 x x x x x 1 x
8003b213 1 0 07 xx 04 fffff800 0 1 3 x 1 x 0 0 x x x 0 0 x x x x x 1 x
12ec4313 1 0 18 xx 06 0000012e 0 1 4 x x x 0 0 x x x 0 0 x x x x x 1 x
002b5393 1 0 16 xx 07 00000002 0 1 5 x x 0 0 0 x x x 0 0 x x x x x 1 x
8008e693 1 0 11 xx 0d fffff800 0 1 6 x x x 0 0 x x x 0 0 x x x x x 1 x
b8747793 1 0 08 xx 0f fffffb87 0 1 7 x x x 0 0 x x x 0 0 x x x x x 1 x
00100b93 1 0 00 xx 17 00000001 0 1 0 0 x x 0 0 x x x 0 0 x x x x x 1 x
01b09413 1 0 01 xx 08 0000001b 0 1 1 x x x 0 0 x x x 0 0 x x x x x 1 x
34ca2293 1 0 14 xx 05 0000034c 0 1 2 x 0 x 0 0 x x x 0 0 x x x x x 1 x
096d3c13 1 0 1a xx 18 00000096 0 1 3 x 1 x 0 0 x x x 0 0 x x x x x 1 x
555e4f13 1 0 1c xx 1e 00000555 0 1 4 x x x 0 0 x x x 0 0 x x x x x 1 x
41655713 1 0 0a xx 0e 00000416 0 1 5 x x 1 0 0 x x x 0 0 x x x x x 1 x
c40e6d13 1 0 1c xx 1a fffffc40 0 1 6 x x x 0 0 x x x 0 0 x x x x x 1 x
000ffd93 1 0 1f xx 1b 00000000 0 1 7 x x x 0 0 x x x 0 0 x x x x x 1 x
d5ef8493 1 0 1f xx 09 fffffd5e 0 1 0 0 x x 0 0 x x x 0 0 x x x x x 1 x
01dc9a13 1 0 19 xx 14 0000001d 0 1 1 x x x 0 0 x x x 0 0 x x x x x 1 x
48f62b93 1 0 0c xx 17 0000048f 0 1 2 x 0 x 0 0 x x x 0 0 x x x x x 1 x
b7cab593 1 0 15 xx 0b fffffb7c 0 1 3 x 1 x 0 0 x x x 0 0 x x x x x 1 x
a3a34213 1 0 06 xx 04 fffffa3a 0 1 4 x x x 0 0 x x x 0 0 x x x x x 1 x
0193d013 1 0 07 xx 00 00000019 0 1 5 x x 0 0 0 x x x 0 0 x x x x x 1 x
bc906093 1 0 00 xx 01 fffffbc9 0 1 6 x x x 0 0 x x x 0 0 x x x x x 1 x
1dbd7f93 1 0 1a xx 1f 000001db 0 1 7 x x x 0 0 x x x 0 0 x x x x x 1 x
f0770e93 1 0 0e xx 1d ffffff07 0 1 0 0 x x 0 0 x x x 0 0 x x x x x 1 x
013d9393 1 0 1b xx 07 00000013 0 1 1 x x x 0 0 x x x 0 0 x x x x x 1 x
000c2f13 1 0 18 xx 1e 00000000 0 1 2 x 0 x 0 0 x x x 0 0 x x x x x 1 x
5559b693 1 0 13 xx 0d 00000555 0 1 3 x 1 x 0 0 x x x 0 0 x x x x x 1 x
be46c413 1 0 0d xx 08 fffffbe4 0 1 4 x x x 0 0 x x x 0 0 x x x x x 1 x
004f5613 1 0 1e xx 0c 00000004 0 1 5 x x 0 0 0 x x x 0 0 x x x x x 1 x
8cc66c93 1 0 0c xx 19 fffff8cc 0 1 6 x x x 0 0 x x x 0 0 x x x x x 1 x
ccc4f913 1 0 09 xx 12 fffffccc 0 1 7 x x x 0 0 x x x 0 0 x x x x x 1 x
80fa8413 1 0 15 xx 08 fffff80f 0 1 0 0 x x 0 0 x x x 0 0 x x x x x 1 x
01d91013 1 0 12 xx 00 0000001d 0 1 1 x x x 0 0 x x x 0 0 x x x x x 1 x
800ea013 1 0 1d xx 00 fffff800 0 1 2 x 0 x 0 0 x x x 0 0 x x x x x 1 x
55533493 1 0 06 xx 09 00000555 0 1 3 x 1 x 0 0 x x x 0 0 x x x x x 1 x
8bb2cb13 1 0 05 xx 16 fffff8bb 0 1 4 x x x 0 0 x x x 0 0 x x x x x 1 x
405e5413 1 0 1c xx 08 00000405 0 1 5 x x 1 0 0 x x x 0 0 x x x x x 1 x
ca8a6093 1 0 14 xx 01 fffffca8 0 1 6 x x x 0 0 x x x 0 0 x x x x x 1 x
60457493 1 0 0a xx 09 00000604 0 1 7 x x x 0 0 x x x 0 0 x x x x x 1 x
c84b0013 1 0 16 xx 00 fffffc84 0 1 0 0 x x 0 0 x x x 0 0 x x x x x 1 x
01e01393 1 0 00 xx 07 0000001e 0 1 1 x x x 0 0 x x x 0 0 x x x x x 1 x
7ffda093 1 0 1b xx 01 000007ff 0 1 2 x 0 x 0 0 x x x 0 0 x x x x x 1 x
d1fab013 1 0 15 xx 00 fffffd1f 0 1 3 x 1 x 0 0 x x x 0 0 x x x x x 1 x
ccad4593 1 0 1a xx 0b fffffcca 0 1 4 x x x 0 0 x x x 0 0 x x x x x 1 x
417b5b13 1 0 16 xx 16 00000417 0 1 5 x x 1 0 0 x x x 0 0 x x x x x 1 x
04b3e613 1 0 07 xx 0c 0000004b 0 1 6 x x x 0 0 x x x 0 0 x x x x x 1 x
f6f27d13 1 0 04 xx 1a ffffff6f 0 1 7 x x x 0 0 x x x 0 0 x x x x x 1 x
7d858a93 1 0 0b xx 15 000007d8 0 1 0 0 x x 0 0 x x x 0 0 x x x x x 1 x
00ec1793 1 0 18 xx 0f 0000000e 0 1 1 x x x 0 0 x x x 0 0 x x x x x 1 x
ae402613 1 0 00 xx 0c fffffae4 0 1 2 x 0 x 0 0 x x x 0 0 x x x x x 1 x
7ff9bf93 1 0 13 xx 1f 000007ff 0 1 3 x 1 x 0 0 x x x 0 0 x x x x x 1 x
654c4c13 1 0 18 xx 18 00000654 0 1 4 x x x 0 0 x x x 0 0 x x x x x 1 x
40d55713 1 0 0a xx 0e 0000040d 0 1 5 x x 1 0 0 x x x 0 0 x x x x x 1 x
d01ae413 1 0 15 xx 08 fffffd01 0 1 6 x x x 0 0 x x x 0 0 x x x x x 1 x
d4097b13 1 0 12 xx 16 fffffd40 0 1 7 x x x 0 0 x x x 0 0 x x x x x 1 x
dee60f93 1 0 0c xx 1f fffffdee 0 1 0 0 x x 0 0 x x x 0 0 x x x x x 1 x
01b01013 1 0 00 xx 00 0000001b 0 1 1 x x x 0 0 x x x 0 0 x x x x x 1 x
489d2013 1 0 1a xx 00 00000489 0 1 2 x 0 x 0 0 x x x 0 0 x x x x x 1 x
9d79b013 1 0 13 xx 00 fffff9d7 0 1 3 x 1 x 0 0 x x x 0 0 x x x x x 1 x
92a54393 1 0 0a xx 07 fffff92a 0 1 4 x x x 0 0 x x x 0 0 x x x x x 1 x
41535693 1 0 06 xx 0d 00000415 0 1 5 x x 1 0 0 x x x 0 0 x x x x x 1 x
dd55ef13 1 0 0b xx 1e fffffdd5 0 1 6 x x x 0 0 x x x 0 0 x x x x x 1 x
f636f013 1 0 0d xx 00 ffffff63 0 1 7 x x x 0 0 x x x 0 0 x x x x x 1 x
42160093 1 0 0c xx 01 00000421 0 1 0 0 x x 0 0 x x x 0 0 x x x x x 1 x
01949d13 1 0 09 xx 1a 00000019 0 1 1 x x x 0 0 x x x 0 0 x x x x x 1 x
28efaf93 1 0 1f xx 1f 0000028e 0 1 2 x 0 x 0 0 x x x 0 0 x x x x x 1 x
ffe03d13 1 0 00 xx 1a fffffffe 0 1 3 x 1 x 0 0 x x x 0 0 x x x x x 1 x
91f64f13 1 0 0c xx 1e fffff91f 0 1 4 x x x 0 0 x x x 0 0 x x x x x 1 x
41fc5f93 1 0 18 xx 1f 0000041f 0 1 5 x x 1 0 0 x x x 0 0 x x x x x 1 x
555de413 1 0 1b xx 08 00000555 0 1 6 x x x 0 0 x x x 0 0 x x x x x 1 x
9b867913 1 0 0c xx 12 fffff9b8 0 1 7 x x x 0 0 x x x 0 0 x x x x x 1 x
e0ac0393 1 0 18 xx 07 fffffe0a 0 1 0 0 x x 0 0 x x x 0 0 x x x x x 1 x
00cc9413 1 0 19 xx 08 0000000c 0 1 1 x x x 0 0 x x x 0 0 x x x x x 1 x
fffaa813 1 0 15 xx 10 ffffffff 0 1 2 x 0 x 0 0 x x x 0 0 x x x x x 1 x
0e4c3c13 1 0 18 xx 18 000000e4 0 1 3 x 1 x 0 0 x x x 0 0 x x x x x 1 x
c3904613 1 0 00 xx 0c fffffc39 0 1 4 x x x 0 0 x x x 0 0 x x x x x 1 x
01cbd293 1 0 17 xx 05 0000001c 0 1 5 x x 0 0 0 x x x 0 0 x x x x x 1 x
00146913 1 0 08 xx 12 00000001 0 1 6 x x x 0 0 x x x 0 0 x x x x x 1 x
90807f13 1 0 00 xx 1e fffff908 0 1 7 x x x 0 0 x x x 0 0 x x x x x 1 x
908f8913 1 0 1f xx 12 fffff908 0 1 0 0 x x 0 0 x x x 0 0 x x x x x 1 x
00bd9013 1 0 1b xx 00 0000000b 0 1 1 x x x 0 0 x x x 0 0 x x x x x 1 x
92762013 1 0 0c xx 00 fffff927 0 1 2 x 0 x 0 0 x x x 0 0 x x x x x 1 x
75433a13 1 0 06 xx 14 00000754 0 1 3 x 1 x 0 0 x x x 0 0 x x x x x 1 x
06d04093 1 0 00 xx 01 0000006d 0 1 4 x x x 0 0 x x x 0 0 x x x x x 1 x
40e1d593 1 0 03 xx 0b 0000040e 0 1 5 x x 1 0 0 x x x 0 0 x x x x x 1 x
80006713 1 0 00 xx 0e fffff800 0 1 6 x x x 0 0 x x x 0 0 x x x x x 1 x
21dff293 1 0 1f xx 05 0000021d 0 1 7 x x x 0 0 x x x 0 0 x x x x x 1 x
bee50d93 1 0 0a xx 1b fffffbee 0 1 0 0 x x 0 0 x x x 0 0 x x x x x 1 x
01bb1193 1 0 16 xx 03 0000001b 0 1 1 x x x 0 0 x x x 0 0 x x x x x 1 x
7166a013 1 0 0d xx 00 00000716 0 1 2 x 0 x 0 0 x x x 0 0 x x x x x 1 x
36d43993 1 0 08 xx 13 0000036d 0 1 3 x 1 x 0 0 x x x 0 0 x x x x x 1 x
20a7ce93 1 0 0f xx 1d 0000020a 0 1 4 x x x 0 0 x x x 0 0 x x x x x 1 x
00005513 1 0 00 xx 0a 00000000 0 1 5 x x 0 0 0 x x x 0 0 x x x x x 1 x
877fe493 1 0 1f xx 09 fffff877 0 1 6 x x x 0 0 x x x 0 0 x x x x x 1 x
cd157b93 1 0 0a xx 17 fffffcd1 0 1 7 x x x 0 0 x x x 0 0 x x x x x 1 x
2aa50813 1 0 0a xx 10 000002aa 0 1 0 0 x x 0 0 x x x 0 0 x x x x x 1 x
00121a13 1 0 04 xx 14 00000001 0 1 1 x x x 0 0 x x x 0 0 x x x x x 1 x
3da62093 1 0 0c xx 01 000003da 0 1 2 x 0 x 0 0 x x x 0 0 x x x x x 1 x
b2c33713 1 0 06 xx 0e fffffb2c 0 1 3 x 1 x 0 0 x x x 0 0 x x x x x 1 x
ffe34813 1 0 06 xx 10 fffffffe 0 1 4 x x x 0 0 x x x 0 0 x x x x x 1 x
40b95093 1 0 12 xx 01 0000040b 0 1 5 x x 1 0 0 x x x 0 0 x x x x x 1 x
df16ef93 1 0 0d xx 1f fffffdf1 0 1 6 x x x 0 0 x x x 0 0 x x x x x 1 x
d9cf7713 1 0 1e xx 0e fffffd9c 0 1 7 x x x 0 0 x x x 0 0 x x x x x 1 x
8b648013 1 0 09 xx 00 fffff8b6 0 1 0 0 x x 0 0 x x x 0 0 x x x x x 1 x
00ea1f13 1 0 14 xx 1e 0000000e 0 1 1 x x x 0 0 x x x 0 0 x x x x x 1 x
5c402f93 1 0 00 xx 1f 000005c4 0 1 2 x 0 x 0 0 x x x 0 0 x x x x x 1 x
e02c3a93 1 0 18 xx 15 fffffe02 0 1 3 x 1 x 0 0 x x x 0 0 x x x x x 1 x
555fc893 1 0 1f xx 11 00000555 0 1 4 x x x 0 0 x x x 0 0 x x x x x 1 x
4101d593 1 0 03 xx 0b 00000410 0 1 5 x x 1 0 0 x x x 0 0 x x x x x 1 x
8c5fe013 1 0 1f xx 00 fffff8c5 0 1 6 x x x 0 0 x x x 0 0 x x x x x 1 x
933e7713 1 0 1c xx 0e fffff933 0 1 7 x x x 0 0 x x x 0 0 x x x x x 1 x
65fd0493 1 0 1a xx 09 0000065f 0 1 0 0 x x 0 0 x x x 0 0 x x x x x 1 x
000c9c13 1 0 19 xx 18 00000000 0 1 1 x x x 0 0 x x x 0 0 x x x x x 1 x
fffaaf13 1 0 15 xx 1e ffffffff 0 1 2 x 0 x 0 0 x x x 0 0 x x x x x 1 x
446ebf93 1 0 1d xx 1f 00000446 0 1 3 x 1 x 0 0 x x x 0 0 x x x x x 1 x
045ecb13 1 0 1d xx 16 00000045 0 1 4 x x x 0 0 x x x 0 0 x x x x x 1 x
40105113 1 0 00 xx 02 00000401 0 1 5 x x 1 0 0 x x x 0 0 x x x x x 1 x
ffe36513 1 0 06 xx 0a fffffffe 0 1 6 x x x 0 0 x x x 0 0 x x x x x 1 x
eb72fd13 1 0 05 xx 1a fffffeb7 0 1 7 x x x 0 0 x x x 0 0 x x x x x 1 x
ec350e13 1 0 0a xx 1c fffffec3 0 1 0 0 x x 0 0 x x x 0 0 x x x x x 1 x
005a1013 1 0 14 xx 00 00000005 0 1 1 x x x 0 0 x x x 0 0 x x x x x 1 x
8ccfa213 1 0 1f xx 04 fffff8cc 0 1 2 x 0 x 0 0 x x x 0 0 x x x x x 1 x
0ca3be93 1 0 07 xx 1d 000000ca 0 1 3 x 1 x 0 0 x x x 0 0 x x x x x 1 x
8fb34393 1 0 06 xx 07 fffff8fb 0 1 4 x x x 0 0 x x x 0 0 x x x x x 1 x
0182d913 1 0 05 xx 12 00000018 0 1 5 x x 0 0 0 x x x 0 0 x x x x x 1 x
2695e113 1 0 0b xx 02 00000269 0 1 6 x x x 0 0 x x x 0 0 x x x x x 1 x
2cf97013 1 0 12 xx 00 000002cf 0 1 7 x x x 0 0 x x x 0 0 x x x x x 1 x
36f40913 1 0 08 xx 12 0000036f 0 1 0 0 x x 0 0 x x x 0 0 x x x x x 1 x
00c61a13 1 0 0c xx 14 0000000c 0 1 1 x x x 0 0 x x x 0 0 x x x x x 1 x
3ad5ae93 1 0 0b xx 1d 000003ad 0 1 2 x 0 x 0 0 x x x 0 0 x x x x x 1 x
f4f53613 1 0 0a xx 0c ffffff4f 0 1 3 x 1 x 0 0 x x x 0 0 x x x x x 1 x
bf584093 1 0 10 xx 01 fffffbf5 0 1 4 x x x 0 0 x x x 0 0 x x x x x 1 x
40505193 1 0 00 xx 03 00000405 0 1 5 x x 1 0 0 x x x 0 0 x x x x x 1 x
1df36013 1 0 06 xx 00 000001df 0 1 6 x x x 0 0 x x x 0 0 x x x x x 1 x
800c7f93 1 0 18 xx 1f fffff800 0 1 7 x x x 0 0 x x x 0 0 x x x x x 1 x
00058f93 1 0 0b xx 1f 00000000 0 1 0 0 x x 0 0 x x x 0 0 x x x x x 1 x
01111c13 1 0 02 xx 18 00000011 0 1 1 x x x 0 0 x x x 0 0 x x x x x 1 x
e811aa93 1 0 03 xx 15 fffffe81 0 1 2 x 0 x 0 0 x x x 0 0 x x x x x 1 x
f8703613 1 0 00 xx 0c ffffff87 0 1 3 x 1 x 0 0 x x x 0 0 x x x x x 1 x
6a04c293 1 0 09 xx 05 000006a0 0 1 4 x x x 0 0 x x x 0 0 x x x x x 1 x
41a25013 1 0 04 xx 00 0000041a 0 1 5 x x 1 0 0 x x x 0 0 x x x x x 1 x
93196413 1 0 12 xx 08 fffff931 0 1 6 x x x 0 0 x x x 0 0 x x x x x 1 x
7f4cff93 1 0 19 xx 1f 000007f4 0 1 7 x x x 0 0 x x x 0 0 x x x x x 1 x
da6d8013 1 0 1b xx 00 fffffda6 0 1 0 0 x x 0 0 x x x 0 0 x x x x x 1 x
00e01013 1 0 00 xx 00 0000000e 0 1 1 x x x 0 0 x x x 0 0 x x x x x 1 x
001aae13 1 0 15 xx 1c 00000001 0 1 2 x 0 x 0 0 x x x 0 0 x x x x x 1 x
38c2ba93 1 0 05 xx 15 0000038c 0 1 3 x 1 x 0 0 x x x 0 0 x x x x x 1 x
12b1cf13 1 0 03 xx 1e 0000012b 0 1 4 x x x 0 0 x x x 0 0 x x x x x 1 x
007b5813 1 0 16 xx 10 00000007 0 1 5 x x 0 0 0 x x x 0 0 x x x x x 1 x
0ecc6193 1 0 18 xx 03 000000ec 0 1 6 x x x 0 0 x x x 0 0 x x x x x 1 x
98d6f293 1 0 0d xx 05 fffff98d 0 1 7 x x x 0 0 x x x 0 0 x x x x x 1 x
7ff78f93 1 0 0f xx 1f 000007ff 0 1 0 0 x x 0 0 x x x 0 0 x x x x x 1 x
01771593 1 0 0e xx 0b 00000017 0 1 1 x x x 0 0 x x x 0 0 x x x x x 1 x
a62b2e13 1 0 16 xx 1c fffffa62 0 1 2 x 0 x 0 0 x x x 0 0 x x x x x 1 x
800cb513 1 0 19 xx 0a fffff800 0 1 3 x 1 x 0 0 x x x 0 0 x x x x x 1 x
2dabcd13 1 0 17 xx 1a 000002da 0 1 4 x x x 0 0 x x x 0 0 x x x x x 1 x
4044d513 1 0 09 xx 0a 00000404 0 1 5 x x 1 0 0 x x x 0 0 x x x x x 1 x
7c25e313 1 0 0b xx 06 000007c2 0 1 6 x x x 0 0 x x x 0 0 x x x x x 1 x
baeff793 1 0 1f xx 0f fffffbae 0 1 7 x x x 0 0 x x x 0 0 x x x x x 1 x
a4390893 1 0 12 xx 11 fffffa43 0 1 0 0 x x 0 0 x x x 0 0 x x x x x 1 x
002e1793 1 0 1c xx 0f 00000002 0 1 1 x x x 0 0 x x x 0 0 x x x x x 1 x
fffb2913 1 0 16 xx 12 ffffffff 0 1 2 x 0 x 0 0 x x x 0 0 x x x x x 1 x
7ff1bb93 1 0 03 xx 17 000007ff 0 1 3 x 1 x 0 0 x x x 0 0 x x x x x 1 x
7e624f13 1 0 04 xx 1e 000007e6 0 1 4 x x x 0 0 x x x 0 0 x x x x x 1 x
01355393 1 0 0a xx 07 00000013 0 1 5 x x 0 0 0 x x x 0 0 x x x x x 1 x
fff46413 1 0 08 xx 08 ffffffff 0 1 6 x x x 0 0 x x x 0 0 x x x x x 1 x
d6bffd13 1 0 1f xx 1a fffffd6b 0 1 7 x x x 0 0 x x x 0 0 x x x x x 1 x
217b8d13 1 0 17 xx 1a 00000217 0 1 0 0 x x 0 0 x x x 0 0 x x x x x 1 x
007e1613 1 0 1c xx 0c 00000007 0 1 1 x x x 0 0 x x x 0 0 x x x x x 1 x
001f2013 1 0 1e xx 00 00000001 0 1 2 x 0 x 0 0 x x x 0 0 x x x x x 1 x
0d103693 1 0 00 xx 0d 000000d1 0 1 3 x 1 x 0 0 x x x 0 0 x x x x x 1 x
1f234f93 1 0 06 xx 1f 000001f2 0 1 4 x x x 0 0 x x x 0 0 x x x x x 1 x
01105813 1 0 00 xx 10 00000011 0 1 5 x x 0 0 0 x x x 0 0 x x x x x 1 x
aaac6813 1 0 18 xx 10 fffffaaa 0 1 6 x x x 0 0 x x x 0 0 x x x x x 1 x
af2dfc93 1 0 1b xx 19 fffffaf2 0 1 7 x x x 0 0 x x x 0 0 x x x x x 1 x
aaa08013 1 0 01 xx 00 fffffaaa 0 1 0 0 x x 0 0 x x x 0 0 x x x x x 1 x
01691913 1 0 12 xx 12 00000016 0 1 1 x x x 0 0 x x x 0 0 x x x x x 1 x
c63a2793 1 0 14 xx 0f fffffc63 0 1 2 x 0 x 0 0 x x x 0 0 x x x x x 1 x
e7263013 1 0 0c xx 00 fffffe72 0 1 3 x 1 x 0 0 x x x 0 0 x x x x x 1 x
fedccf13 1 0 19 xx 1e ffffffed 0 1 4 x x x 0 0 x x x 0 0 x x x x x 1 x
402ad613 1 0 15 xx 0c 00000402 0 1 5 x x 1 0 0 x x x 0 0 x x x x x 1 x
5f646513 1 0 08 xx 0a 000005f6 0 1 6 x x x 0 0 x x x 0 0 x x x x x 1 x
319efb93 1 0 1d xx 17 00000319 0 1 7 x x x 0 0 x x x 0 0 x x x x x 1 x
ffe18f93 1 0 03 xx 1f fffffffe 0 1 0 0 x x 0 0 x x x 0 0 x x x x x 1 x
01be1593 1 0 1c xx 0b 0000001b 0 1 1 x x x 0 0 x x x 0 0 x x x x x 1 x
00122313 1 0 04 xx 06 00000001 0 1 2 x 0 x 0 0 x x x 0 0 x x x x x 1 x
0f643e13 1 0 08 xx 1c 000000f6 0 1 3 x 1 x 0 0 x x x 0 0 x x x x x 1 x
2d56c813 1 0 0d xx 10 000002d5 0 1 4 x x x 0 0 x x x 0 0 x x x x x 1 x
40505e13 1 0 00 xx 1c 00000405 0 1 5 x x 1 0 0 x x x 0 0 x x x x x 1 x
ffeae013 1 0 15 xx 00 fffffffe 0 1 6 x x x 0 0 x x x 0 0 x x x x x 1 x
2173f013 1 0 07 xx 00 00000217 0 1 7 x x x 0 0 x x x 0 0 x x x x x 1 x
46580693 1 0 10 xx 0d 00000465 0 1 0 0 x x 0 0 x x x 0 0 x x x x x 1 x
01bf1713 1 0 1e xx 0e 0000001b 0 1 1 x x x 0 0 x x x 0 0 x x x x x 1 x
aaa3a093 1 0 07 xx 01 fffffaaa 0 1 2 x 0 x 0 0 x x x 0 0 x x x x x 1 x
f0683393 1 0 10 xx 07 ffffff06 0 1 3 x 1 x 0 0 x x x 0 0 x x x x x 1 x
fffe4413 1 0 1c xx 08 ffffffff 0 1 4 x x x 0 0 x x x 0 0 x x x x x 1 x
40a6d313 1 0 0d xx 06 0000040a 0 1 5 x x 1 0 0 x x x 0 0 x x x x x 1 x
c9dfe013 1 0 1f xx 00 fffffc9d 0 1 6 x x x 0 0 x x x 0 0 x x x x x 1 x
555d7a13 1 0 1a xx 14 00000555 0 1 7 x x x 0 0 x x x 0 0 x x x x x 1 x
a15d0e93 1 0 1a xx 1d fffffa15 0 1 0 0 x x 0 0 x x x 0 0 x x x x x 1 x
00101213 1 0 00 xx 04 00000001 0 1 1 x x x 0 0 x x x 0 0 x x x x x 1 x
fffca313 1 0 19 xx 06 ffffffff 0 1 2 x 0 x 0 0 x x x 0 0 x x x x x 1 x
6d1a3793 1 0 14 xx 0f 000006d1 0 1 3 x 1 x 0 0 x x x 0 0 x x x x x 1 x
468dcc93 1 0 1b xx 19 00000468 0 1 4 x x x 0 0 x x x 0 0 x x x x x 1 x
40d1d893 1 0 03 xx 11 0000040d 0 1 5 x x 1 0 0 x x x 0 0 x x x x x 1 x
64bfeb13 1 0 1f xx 16 0000064b 0 1 6 x x x 0 0 x x x 0 0 x x x x x 1 x
ffee7713 1 0 1c xx 0e fffffffe 0 1 7 x x x 0 0 x x x 0 0 x x x x x 1 x
ea2c0093 1 0 18 xx 01 fffffea2 0 1 0 0 x x 0 0 x x x 0 0 x x x x x 1 x
01679013 1 0 0f xx 00 00000016 0 1 1 x x x 0 0 x x x 0 0 x x x x x 1 x
949a2013 1 0 14 xx 00 fffff949 0 1 2 x 0 x 0 0 x x x 0 0 x x x x x 1 x
aaa8b213 1 0 11 xx 04 fffffaaa 0 1 3 x 1 x 0 0 x x x 0 0 x x x x x 1 x
aaa14793 1 0 02 xx 0f fffffaaa 0 1 4 x x x 0 0 x x x 0 0 x x x x x 1 x
00125813 1 0 04 xx 10 00000001 0 1 5 x x 0 0 0 x x x 0 0 x x x x x 1 x
9a406793 1 0 00 xx 0f fffff9a4 0 1 6 x x x 0 0 x x x 0 0 x x x x x 1 x
abdc7713 1 0 18 xx 0e fffffabd 0 1 7 x x x 0 0 x x x 0 0 x x x x x 1 x
fad50a13 1 0 0a xx 14 ffffffad 0 1 0 0 x x 0 0 x x x 0 0 x x x x x 1 x
01e61993 1 0 0c xx 13 0000001e 0 1 1 x x x 0 0 x x x 0 0 x x x x x 1 x
fff02693 1 0 00 xx 0d ffffffff 0 1 2 x 0 x 0 0 x x x 0 0 x x x x x 1 x
aaafba13 1 0 1f xx 14 fffffaaa 0 1 3 x 1 x 0 0 x x x 0 0 x x x x x 1 x
001e4e93 1 0 1c xx 1d 00000001 0 1 4 x x x 0 0 x x x 0 0 x x x x x 1 x
01f9dd13 1 0 13 xx 1a 0000001f 0 1 5 x x 0 0 0 x x x 0 0 x x x x x 1 x
60606013 1 0 00 xx 00 00000606 0 1 6 x x x 0 0 x x x 0 0 x x x x x 1 x
fff17413 1 0 02 xx 08 ffffffff 0 1 7 x x x 0 0 x x x 0 0 x x x x x 1 x
8fd10513 1 0 02 xx 0a fffff8fd 0 1 0 0 x x 0 0 x x x 0 0 x x x x x 1 x
00901b93 1 0 00 xx 17 00000009 0 1 1 x x x 0 0 x x x 0 0 x x x x x 1 x
2fb22713 1 0 04 xx 0e 000002fb 0 1 2 x 0 x 0 0 x x x 0 0 x x x x x 1 x
8e843213 1 0 08 xx 04 fffff8e8 0 1 3 x 1 x 0 0 x x x 0 0 x x x x x 1 x
7ff64b93 1 0 0c xx 17 000007ff 0 1 4 x x x 0 0 x x x 0 0 x x x x x 1 x
001fd193 1 0 1f xx 03 00000001 0 1 5 x x 0 0 0 x x x 0 0 x x x x x 1 x
fff36013 1 0 06 xx 00 ffffffff 0 1 6 x x x 0 0 x x x 0 0 x x x x x 1 x
000b7793 1 0 16 xx 0f 00000000 0 1 7 x x x 0 0 x x x 0 0 x x x x x 1 x
3d6b0393 1 0 16 xx 07 000003d6 0 1 0 0 x x 0 0 x x x 0 0 x x x x x 1 x
00d99e93 1 0 13 xx 1d 0000000d 0 1 1 x x x 0 0 x x x 0 0 x x x x x 1 x
8777a493 1 0 0f xx 09 fffff877 0 1 2 x 0 x 0 0 x x x 0 0 x x x x x 1 x
8be53f13 1 0 0a xx 1e fffff8be 0 1 3 x 1 x 0 0 x x x 0 0 x x x x x 1 x
506cc913 1 0 19 xx 12 00000506 0 1 4 x x x 0 0 x x x 0 0 x x x x x 1 x
013edf13 1 0 1d xx 1e 00000013 0 1 5 x x 0 0 0 x x x 0 0 x x x x x 1 x
93256f93 1 0 0a xx 1f fffff932 0 1 6 x x x 0 0 x x x 0 0 x x x x x 1 x
00067a93 1 0 0c xx 15 00000000 0 1 7 x x x 0 0 x x x 0 0 x x x x x 1 x
001f8013 1 0 1f xx 00 00000001 0 1 0 0 x x 0 0 x x x 0 0 x x x x x 1 x
01a01f93 1 0 00 xx 1f 0000001a 0 1 1 x x x 0 0 x x x 0 0 x x x x x 1 x
2f502013 1 0 00 xx 00 000002f5 0 1 2 x 0 x 0 0 x x x 0 0 x x x x x 1 x
752cba13 1 0 19 xx 14 00000752 0 1 3 x 1 x 0 0 x x x 0 0 x x x x x 1 x
7a674e13 1 0 0e xx 1c 000007a6 0 1 4 x x x 0 0 x x x 0 0 x x x x x 1 x
417cd913 1 0 19 xx 12 00000417 0 1 5 x x 1 0 0 x x x 0 0 x x x x x 1 x
46da6313 1 0 14 xx 06 0000046d 0 1 6 x x x 0 0 x x x 0 0 x x x x x 1 x
000fff93 1 0 1f xx 1f 00000000 0 1 7 x x x 0 0 x x x 0 0 x x x x x 1 x
3d908e93 1 0 01 xx 1d 000003d9 0 1 0 0 x x 0 0 x x x 0 0 x x x x x 1 x
00919013 1 0 03 xx 00 00000009 0 1 1 x x x 0 0 x x x 0 0 x x x x x 1 x
26a12093 1 0 02 xx 01 0000026a 0 1 2 x 0 x 0 0 x x x 0 0 x x x x x 1 x
57253013 1 0 0a xx 00 00000572 0 1 3 x 1 x 0 0 x x x 0 0 x x x x x 1 x
70084e13 1 0 10 xx 1c 00000700 0 1 4 x x x 0 0 x x x 0 0 x x x x x 1 x
01ab5213 1 0 16 xx 04 0000001a 0 1 5 x x 0 0 0 x x x 0 0 x x x x x 1 x
c35c6693 1 0 18 xx 0d fffffc35 0 1 6 x x x 0 0 x x x 0 0 x x x x x 1 x
beeff493 1 0 1f xx 09 fffffbee 0 1 7 x x x 0 0 x x x 0 0 x x x x x 1 x
9cb18593 1 0 03 xx 0b fffff9cb 0 1 0 0 x x 0 0 x x x 0 0 x x x x x 1 x
00eb1513 1 0 16 xx 0a 0000000e 0 1 1 x x x 0 0 x x x 0 0 x x x x x 1 x
70e32413 1 0 06 xx 08 0000070e 0 1 2 x 0 x 0 0 x x x 0 0 x x x x x 1 x
000bbd93 1 0 17 xx 1b 00000000 0 1 3 x 1 x 0 0 x x x 0 0 x x x x x 1 x
79a8c513 1 0 11 xx 0a 0000079a 0 1 4 x x x 0 0 x x x 0 0 x x x x x 1 x
01bd5d13 1 0 1a xx 1a 0000001b 0 1 5 x x 0 0 0 x x x 0 0 x x x x x 1 x
e6106013 1 0 00 xx 00 fffffe61 0 1 6 x x x 0 0 x x x 0 0 x x x x x 1 x
ffea7013 1 0 14 xx 00 fffffffe 0 1 7 x x x 0 0 x x x 0 0 x x x x x 1 x
8c1a8d13 1 0 15 xx 1a fffff8c1 0 1 0 0 x x 0 0 x x x 0 0 x x x x x 1 x
00de9093 1 0 1d xx 01 0000000d 0 1 1 x x x 0 0 x x x 0 0 x x x x x 1 x
31302c13 1 0 00 xx 18 00000313 0 1 2 x 0 x 0 0 x x x 0 0 x x x x x 1 x
0d4d3713 1 0 1a xx 0e 000000d4 0 1 3 x 1 x 0 0 x x x 0 0 x x x x x 1 x
800a4093 1 0 14 xx 01 fffff800 0 1 4 x x x 0 0 x x x 0 0 x x x x x 1 x
4000d613 1 0 01 xx 0c 00000400 0 1 5 x x 1 0 0 x x x 0 0 x x x x x 1 x
7fff6d93 1 0 1e xx 1b 000007ff 0 1 6 x x x 0 0 x x x 0 0 x x x x x 1 x
5cee7f93 1 0 1c xx 1f 000005ce 0 1 7 x x x 0 0 x x x 0 0 x x x x x 1 x
27cc8293 1 0 19 xx 05 0000027c 0 1 0 0 x x 0 0 x x x 0 0 x x x x x 1 x
01491213 1 0 12 xx 04 00000014 0 1 1 x x x 0 0 x x x 0 0 x x x x x 1 x
800fa193 1 0 1f xx 03 fffff800 0 1 2 x 0 x 0 0 x x x 0 0 x x x x x 1 x
a80a3d93 1 0 14 xx 1b fffffa80 0 1 3 x 1 x 0 0 x x x 0 0 x x x x x 1 x
e7204e13 1 0 00 xx 1c fffffe72 0 1 4 x x x 0 0 x x x 0 0 x x x x x 1 x
007dd793 1 0 1b xx 0f 00000007 0 1 5 x x 0 0 0 x x x 0 0 x x x x x 1 x
b58ee193 1 0 1d xx 03 fffffb58 0 1 6 x x x 0 0 x x x 0 0 x x x x x 1 x
78727e13 1 0 04 xx 1c 00000787 0 1 7 x x x 0 0 x x x 0 0 x x x x x 1 x
8a2e0793 1 0 1c xx 0f fffff8a2 0 1 0 0 x x 0 0 x x x 0 0 x x x x x 1 x
00b01493 1 0 00 xx 09 0000000b 0 1 1 x x x 0 0 x x x 0 0 x x x x x 1 x
d1e8a293 1 0 11 xx 05 fffffd1e 0 1 2 x 0 x 0 0 x x x 0 0 x x x x x 1 x
1bbdb993 1 0 1b xx 13 000001bb 0 1 3 x 1 x 0 0 x x x 0 0 x x x x x 1 x
a2684713 1 0 10 xx 0e fffffa26 0 1 4 x x x 0 0 x x x 0 0 x x x x x 1 x
412fd693 1 0 1f xx 0d 00000412 0 1 5 x x 1 0 0 x x x 0 0 x x x x x 1 x
55ae6c93 1 0 1c xx 19 0000055a 0 1 6 x x x 0 0 x x x 0 0 x x x x x 1 x
800cf993 1 0 19 xx 13 fffff800 0 1 7 x x x 0 0 x x x 0 0 x x x x x 1 x
88b58793 1 0 0b xx 0f fffff88b 0 1 0 0 x x 0 0 x x x 0 0 x x x x x 1 x
001b1313 1 0 16 xx 06 00000001 0 1 1 x x x 0 0 x x x 0 0 x x x x x 1 x
807d2693 1 0 1a xx 0d fffff807 0 1 2 x 0 x 0 0 x x x 0 0 x x x x x 1 x
07343613 1 0 08 xx 0c 00000073 0 1 3 x 1 x 0 0 x x x 0 0 x x x x x 1 x
d8664893 1 0 0c xx 11 fffffd86 0 1 4 x x x 0 0 x x x 0 0 x x x x x 1 x
414adf13 1 0 15 xx 1e 00000414 0 1 5 x x 1 0 0 x x x 0 0 x x x x x 1 x
0f926013 1 0 04 xx 00 000000f9 0 1 6 x x x 0 0 x x x 0 0 x x x x x 1 x
722ff493 1 0 1f xx 09 00000722 0 1 7 x x x 0 0 x x x 0 0 x x x x x 1 x
0c098e13 1 0 13 xx 1c 000000c0 0 1 0 0 x x 0 0 x x x 0 0 x x x x x 1 x
00cf9413 1 0 1f xx 08 0000000c 0 1 1 x x x 0 0 x x x 0 0 x x x x x 1 x
4e532e13 1 0 06 xx 1c 000004e5 0 1 2 x 0 x 0 0 x x x 0 0 x x x x x 1 x
1f243393 1 0 08 xx 07 000001f2 0 1 3 x 1 x 0 0 x x x 0 0 x x x x x 1 x
6481cd93 1 0 03 xx 1b 00000648 0 1 4 x x x 0 0 x x x 0 0 x x x x x 1 x
00225493 1 0 04 xx 09 00000002 0 1 5 x x 0 0 0 x x x 0 0 x x x x x 1 x
1e53e213 1 0 07 xx 04 000001e5 0 1 6 x x x 0 0 x x x 0 0 x x x x x 1 x
fbb77f93 1 0 0e xx 1f ffffffbb 0 1 7 x x x 0 0 x x x 0 0 x x x x x 1 x
c5970013 1 0 0e xx 00 fffffc59 0 1 0 0 x x 0 0 x x x 0 0 x x x x x 1 x
00629413 1 0 05 xx 08 00000006 0 1 1 x x x 0 0 x x x 0 0 x x x x x 1 x
f64fae13 1 0 1f xx 1c ffffff64 0 1 2 x 0 x 0 0 x x x 0 0 x x x x x 1 x
aaae3413 1 0 1c xx 08 fffffaaa 0 1 3 x 1 x 0 0 x x x 0 0 x x x x x 1 x
18a44e13 1 0 08 xx 1c 0000018a 0 1 4 x x x 0 0 x x x 0 0 x x x x x 1 x
40315013 1 0 02 xx 00 00000403 0 1 5 x x 1 0 0 x x x 0 0 x x x x x 1 x
7ff56013 1 0 0a xx 00 000007ff 0 1 6 x x x 0 0 x x x 0 0 x x x x x 1 x
bff67d13 1 0 0c xx 1a fffffbff 0 1 7 x x x 0 0 x x x 0 0 x x x x x 1 x
7ff30493 1 0 06 xx 09 000007ff 0 1 0 0 x x 0 0 x x x 0 0 x x x x x 1 x
01801d93 1 0 00 xx 1b 00000018 0 1 1 x x x 0 0 x x x 0 0 x x x x x 1 x
c813a313 1 0 07 xx 06 fffffc81 0 1 2 x 0 x 0 0 x x x 0 0 x x x x x 1 x
8007bf13 1 0 0f xx 1e fffff800 0 1 3 x 1 x 0 0 x x x 0 0 x x x x x 1 x
aaa74993 1 0 0e xx 13 fffffaaa 0 1 4 x x x 0 0 x x x 0 0 x x x x x 1 x
012fd013 1 0 1f xx 00 00000012 0 1 5 x x 0 0 0 x x x 0 0 x x x x x 1 x
fa406993 1 0 00 xx 13 ffffffa4 0 1 6 x x x 0 0 x x x 0 0 x x x x x 1 x
5555f013 1 0 0b xx 00 00000555 0 1 7 x x x 0 0 x x x 0 0 x x x x x 1 x
000a0613 1 0 14 xx 0c 00000000 0 1 0 0 x x 0 0 x x x 0 0 x x x x x 1 x
01a19893 1 0 03 xx 11 0000001a 0 1 1 x x x 0 0 x x x 0 0 x x x x x 1 x
bfe02513 1 0 00 xx 0a fffffbfe 0 1 2 x 0 x 0 0 x x x 0 0 x x x x x 1 x
e567bf93 1 0 0f xx 1f fffffe56 0 1 3 x 1 x 0 0 x x x 0 0 x x x x x 1 x
00104713 1 0 00 xx 0e 00000001 0 1 4 x x x 0 0 x x x 0 0 x x x x x 1 x
4019d693 1 0 13 xx 0d 00000401 0 1 5 x x 1 0 0 x x x 0 0 x x x x x 1 x
54836393 1 0 06 xx 07 00000548 0 1 6 x x x 0 0 x x x 0 0 x x x x x 1 x
7ffff813 1 0 1f xx 10 000007ff 0 1 7 x x x 0 0 x x x 0 0 x x x x x 1 x
b75e8213 1 0 1d xx 04 fffffb75 0 1 0 0 x x 0 0 x x x 0 0 x x x x x 1 x
01869313 1 0 0d xx 06 00000018 0 1 1 x x x 0 0 x x x 0 0 x x x x x 1 x
3bbea293 1 0 1d xx 05 000003bb 0 1 2 x 0 x 0 0 x x x 0 0 x x x x x 1 x
001fb013 1 0 1f xx 00 00000001 0 1 3 x 1 x 0 0 x x x 0 0 x x x x x 1 x
ef4fc113 1 0 1f xx 02 fffffef4 0 1 4 x x x 0 0 x x x 0 0 x x x x x 1 x
01d75013 1 0 0e xx 00 0000001d 0 1 5 x x 0 0 0 x x x 0 0 x x x x x 1 x
dd9e6613 1 0 1c xx 0c fffffdd9 0 1 6 x x x 0 0 x x x 0 0 x x x x x 1 x
a575f413 1 0 0b xx 08 fffffa57 0 1 7 x x x 0 0 x x x 0 0 x x x x x 1 x
176a0f13 1 0 14 xx 1e 00000176 0 1 0 0 x x 0 0 x x x 0 0 x x x x x 1 x
01249f93 1 0 09 xx 1f 00000012 0 1 1 x x x 0 0 x x x 0 0 x x x x x 1 x
55502013 1 0 00 xx 00 00000555 0 1 2 x 0 x 0 0 x x x 0 0 x x x x x 1 x
ffe5b013 1 0 0b xx 00 fffffffe 0 1 3 x 1 x 0 0 x x x 0 0 x x x x x 1 x
3451c913 1 0 03 xx 12 00000345 0 1 4 x x x 0 0 x x x 0 0 x x x x x 1 x
005fd593 1 0 1f xx 0b 00000005 0 1 5 x x 0 0 0 x x x 0 0 x x x x x 1 x
7ff3e493 1 0 07 xx 09 000007ff 0 1 6 x x x 0 0 x x x 0 0 x x x x x 1 x
fc27f313 1 0 0f xx 06 ffffffc2 0 1 7 x x x 0 0 x x x 0 0 x x x x x 1 x
91090593 1 0 12 xx 0b fffff910 0 1 0 0 x x 0 0 x x x 0 0 x x x x x 1 x
00da9013 1 0 15 xx 00 0000000d 0 1 1 x x x 0 0 x x x 0 0 x x x x x 1 x
33072013 1 0 0e xx 00 00000330 0 1 2 x 0 x 0 0 x x x 0 0 x x x x x 1 x
3678be93 1 0 11 xx 1d 00000367 0 1 3 x 1 x 0 0 x x x 0 0 x x x x x 1 x
2da5cc93 1 0 0b xx 19 000002da 0 1 4 x x x 0 0 x x x 0 0 x x x x x 1 x
4190de93 1 0 01 xx 1d 00000419 0 1 5 x x 1 0 0 x x x 0 0 x x x x x 1 x
7ff06f93 1 0 00 xx 1f 000007ff 0 1 6 x x x 0 0 x x x 0 0 x x x x x 1 x
000cf413 1 0 19 xx 08 00000000 0 1 7 x x x 0 0 x x x 0 0 x x x x x 1 x
555c8013 1 0 19 xx 00 00000555 0 1 0 0 x x 0 0 x x x 0 0 x x x x x 1 x
00ce1913 1 0 1c xx 12 0000000c 0 1 1 x x x 0 0 x x x 0 0 x x x x x 1 x
fa0d2713 1 0 1a xx 0e ffffffa0 0 1 2 x 0 x 0 0 x x x 0 0 x x x x x 1 x
115e3093 1 0 1c xx 01 00000115 0 1 3 x 1 x 0 0 x x x 0 0 x x x x x 1 x
7ff64d93 1 0 0c xx 1b 000007ff 0 1 4 x x x 0 0 x x x 0 0 x x x x x 1 x
41cad793 1 0 15 xx 0f 0000041c 0 1 5 x x 1 0 0 x x x 0 0 x x x x x 1 x
aaa7ef93 1 0 0f xx 1f fffffaaa 0 1 6 x x x 0 0 x x x 0 0 x x x x x 1 x
331d7e13 1 0 1a xx 1c 00000331 0 1 7 x x x 0 0 x x x 0 0 x x x x x 1 x
d68f0e93 1 0 1e xx 1d fffffd68 0 1 0 0 x x 0 0 x x x 0 0 x x x x x 1 x
00ee9f93 1 0 1d xx 1f 0000000e 0 1 1 x x x 0 0 x x x 0 0 x x x x x 1 x
05742c13 1 0 08 xx 18 00000057 0 1 2 x 0 x 0 0 x x x 0 0 x x x x x 1 x
c091b193 1 0 03 xx 03 fffffc09 0 1 3 x 1 x 0 0 x x x 0 0 x x x x x 1 x
133fce93 1 0 1f xx 1d 00000133 0 1 4 x x x 0 0 x x x 0 0 x x x x x 1 x
01805e93 1 0 00 xx 1d 00000018 0 1 5 x x 0 0 0 x x x 0 0 x x x x x 1 x
7f316613 1 0 02 xx 0c 000007f3 0 1 6 x x x 0 0 x x x 0 0 x x x x x 1 x
aaa17b93 1 0 02 xx 17 fffffaaa 0 1 7 x x x 0 0 x x x 0 0 x x x x x 1 x
000d8193 1 0 1b xx 03 00000000 0 1 0 0 x x 0 0 x x x 0 0 x x x x x 1 x
01539513 1 0 07 xx 0a 00000015 0 1 1 x x x 0 0 x x x 0 0 x x x x x 1 x
3395a013 1 0 0b xx 00 00000339 0 1 2 x 0 x 0 0 x x x 0 0 x x x x x 1 x
dc06b493 1 0 0d xx 09 fffffdc0 0 1 3 x 1 x 0 0 x x x 0 0 x x x x x 1 x
0a8fcf93 1 0 1f xx 1f 000000a8 0 1 4 x x x 0 0 x x x 0 0 x x x x x 1 x
00865d13 1 0 0c xx 1a 00000008 0 1 5 x x 0 0 0 x x x 0 0 x x x x x 1 x
ed65ef93 1 0 0b xx 1f fffffed6 0 1 6 x x x 0 0 x x x 0 0 x x x x x 1 x
b079f013 1 0 13 xx 00 fffffb07 0 1 7 x x x 0 0 x x x 0 0 x x x x x 1 x
83200e13 1 0 00 xx 1c fffff832 0 1 0 0 x x 0 0 x x x 0 0 x x x x x 1 x
00279f13 1 0 0f xx 1e 00000002 0 1 1 x x x 0 0 x x x 0 0 x x x x x 1 x
c6062993 1 0 0c xx 13 fffffc60 0 1 2 x 0 x 0 0 x x x 0 0 x x x x x 1 x
6d07b613 1 0 0f xx 0c 000006d0 0 1 3 x 1 x 0 0 x x x 0 0 x x x x x 1 x
d197ca93 1 0 0f xx 15 fffffd19 0 1 4 x x x 0 0 x x x 0 0 x x x x x 1 x
40025813 1 0 04 xx 10 00000400 0 1 5 x x 1 0 0 x x x 0 0 x x x x x 1 x
ffe06613 1 0 00 xx 0c fffffffe 0 1 6 x x x 0 0 x x x 0 0 x x x x x 1 x
4fa67393 1 0 0c xx 07 000004fa 0 1 7 x x x 0 0 x x x 0 0 x x x x x 1 x
73928693 1 0 05 xx 0d 00000739 0 1 0 0 x x 0 0 x x x 0 0 x x x x x 1 x
00fc1f13 1 0 18 xx 1e 0000000f 0 1 1 x x x 0 0 x x x 0 0 x x x x x 1 x
cc592693 1 0 12 xx 0d fffffcc5 0 1 2 x 0 x 0 0 x x x 0 0 x x x x x 1 x
fff03a93 1 0 00 xx 15 ffffffff 0 1 3 x 1 x 0 0 x x x 0 0 x x x x x 1 x
0de04113 1 0 00 xx 02 000000de 0 1 4 x x x 0 0 x x x 0 0 x x x x x 1 x
4125df93 1 0 0b xx 1f 00000412 0 1 5 x x 1 0 0 x x x 0 0 x x x x x 1 x
ffed6193 1 0 1a xx 03 fffffffe 0 1 6 x x x 0 0 x x x 0 0 x x x x x 1 x
f453fa13 1 0 07 xx 14 ffffff45 0 1 7 x x x 0 0 x x x 0 0 x x x x x 1 x
bcd88693 1 0 11 xx 0d fffffbcd 0 1 0 0 x x 0 0 x x x 0 0 x x x x x 1 x
01b79113 1 0 0f xx 02 0000001b 0 1 1 x x x 0 0 x x x 0 0 x x x x x 1 x
04caa413 1 0 15 xx 08 0000004c 0 1 2 x 0 x 0 0 x x x 0 0 x x x x x 1 x
d29e3893 1 0 1c xx 11 fffffd29 0 1 3 x 1 x 0 0 x x x 0 0 x x x x x 1 x
8003cd13 1 0 07 xx 1a fffff800 0 1 4 x x x 0 0 x x x 0 0 x x x x x 1 x
01f85013 1 0 10 xx 00 0000001f 0 1 5 x x 0 0 0 x x x 0 0 x x x x x 1 x
fffdec93 1 0 1b xx 19 ffffffff 0 1 6 x x x 0 0 x x x 0 0 x x x x x 1 x
7ab37c93 1 0 06 xx 19 000007ab 0 1 7 x x x 0 0 x x x 0 0 x x x x x 1 x
aaaf0093 1 0 1e xx 01 fffffaaa 0 1 0 0 x x 0 0 x x x 0 0 x x x x x 1 x
00e79013 1 0 0f xx 00 0000000e 0 1 1 x x x 0 0 x x x 0 0 x x x x x 1 x
bc012e93 1 0 02 xx 1d fffffbc0 0 1 2 x 0 x 0 0 x x x 0 0 x x x x x 1 x
aaad3013 1 0 1a xx 00 fffffaaa 0 1 3 x 1 x 0 0 x x x 0 0 x x x x x 1 x
49794a13 1 0 12 xx 14 00000497 0 1 4 x x x 0 0 x x x 0 0 x x x x x 1 x
00fbd913 1 0 17 xx 12 0000000f 0 1 5 x x 0 0 0 x x x 0 0 x x x x x 1 x
ffe56093 1 0 0a xx 01 fffffffe 0 1 6 x x x 0 0 x x x 0 0 x x x x x 1 x
7c7bf113 1 0 17 xx 02 000007c7 0 1 7 x x x 0 0 x x x 0 0 x x x x x 1 x
325b8113 1 0 17 xx 02 00000325 0 1 0 0 x x 0 0 x x x 0 0 x x x x x 1 x
01901213 1 0 00 xx 04 00000019 0 1 1 x x x 0 0 x x x 0 0 x x x x x 1 x
aaa82f93 1 0 10 xx 1f fffffaaa 0 1 2 x 0 x 0 0 x x x 0 0 x x x x x 1 x
80023113 1 0 04 xx 02 fffff800 0 1 3 x 1 x 0 0 x x x 0 0 x x x x x 1 x
b3254f13 1 0 0a xx 1e fffffb32 0 1 4 x x x 0 0 x x x 0 0 x x x x x 1 x
40205b13 1 0 00 xx 16 00000402 0 1 5 x x 1 0 0 x x x 0 0 x x x x x 1 x
c537e813 1 0 0f xx 10 fffffc53 0 1 6 x x x 0 0 x x x 0 0 x x x x x 1 x
a7307993 1 0 00 xx 13 fffffa73 0 1 7 x x x 0 0 x x x 0 0 x x x x x 1 x
31400e13 1 0 00 xx 1c 00000314 0 1 0 0 x x 0 0 x x x 0 0 x x x x x 1 x
01601913 1 0 00 xx 12 00000016 0 1 1 x x x 0 0 x x x 0 0 x x x x x 1 x
84dbad13 1 0 17 xx 1a fffff84d 0 1 2 x 0 x 0 0 x x x 0 0 x x x x x 1 x
0adf3113 1 0 1e xx 02 000000ad 0 1 3 x 1 x 0 0 x x x 0 0 x x x x x 1 x
3325c413 1 0 0b xx 08 00000332 0 1 4 x x x 0 0 x x x 0 0 x x x x x 1 x
00d2d713 1 0 05 xx 0e 0000000d 0 1 5 x x 0 0 0 x x x 0 0 x x x x x 1 x
f3716493 1 0 02 xx 09 ffffff37 0 1 6 x x x 0 0 x x x 0 0 x x x x x 1 x
c3e6f513 1 0 0d xx 0a fffffc3e 0 1 7 x x x 0 0 x x x 0 0 x x x x x 1 x
9e290b93 1 0 12 xx 17 fffff9e2 0 1 0 0 x x 0 0 x x x 0 0 x x x x x 1 x
00671e13 1 0 0e xx 1c 00000006 0 1 1 x x x 0 0 x x x 0 0 x x x x x 1 x
ffe42d93 1 0 08 xx 1b fffffffe 0 1 2 x 0 x 0 0 x x x 0 0 x x x x x 1 x
7f003413 1 0 00 xx 08 000007f0 0 1 3 x 1 x 0 0 x x x 0 0 x x x x x 1 x
ffed4c13 1 0 1a xx 18 fffffffe 0 1 4 x x x 0 0 x x x 0 0 x x x x x 1 x
413ed693 1 0 1d xx 0d 00000413 0 1 5 x x 1 0 0 x x x 0 0 x x x x x 1 x
d0c0eb13 1 0 01 xx 16 fffffd0c 0 1 6 x x x 0 0 x x x 0 0 x x x x x 1 x
7f56f993 1 0 0d xx 13 000007f5 0 1 7 x x x 0 0 x x x 0 0 x x x x x 1 x
b26a0f93 1 0 14 xx 1f fffffb26 0 1 0 0 x x 0 0 x x x 0 0 x x x x x 1 x
00469f93 1 0 0d xx 1f 00000004 0 1 1 x x x 0 0 x x x 0 0 x x x x x 1 x
7b2fa493 1 0 1f xx 09 000007b2 0 1 2 x 0 x 0 0 x x x 0 0 x x x x x 1 x
f9ec3693 1 0 18 xx 0d ffffff9e 0 1 3 x 1 x 0 0 x x x 0 0 x x x x x 1 x
15c04013 1 0 00 xx 00 0000015c 0 1 4 x x x 0 0 x x x 0 0 x x x x x 1 x
00d85993 1 0 10 xx 13 0000000d 0 1 5 x x 0 0 0 x x x 0 0 x x x x x 1 x
ffef6793 1 0 1e xx 0f fffffffe 0 1 6 x x x 0 0 x x x 0 0 x x x x x 1 x
d0297093 1 0 12 xx 01 fffffd02 0 1 7 x x x 0 0 x x x 0 0 x x x x x 1 x
00048113 1 0 09 xx 02 00000000 0 1 0 0 x x 0 0 x x x 0 0 x x x x x 1 x
01ef9593 1 0 1f xx 0b 0000001e 0 1 1 x x x 0 0 x x x 0 0 x x x x x 1 x
6dd52f13 1 0 0a xx 1e 000006dd 0 1 2 x 0 x 0 0 x x x 0 0 x x x x x 1 x
7ffa3d13 1 0 14 xx 1a 000007ff 0 1 3 x 1 x 0 0 x x x 0 0 x x x x x 1 x
# --- LOAD ---
# i_inst | o_legal o_halt o_rs1 o_rs2 o_rd o_immediate o_op1_sel o_op2_sel
#     o_alu_opsel o_alu_sub o_alu_unsigned o_alu_arith o_branch o_jump
#     o_branch_equal o_branch_unsigned o_branch_invert o_dmem_ren o_dmem_wen
#     o_dmem_align o_dmem_memb o_dmem_memh o_dmem_memw o_dmem_memu o_rd_sel
#     o_pc_sel
7ff88183 1 0 11 xx 03 000007ff 0 1 0 0 x x 0 0 x x x 1 0 0 1 0 0 0 8 x
e0849103 1 0 09 xx 02 fffffe08 0 1 0 0 x x 0 0 x x x 1 0 1 0 1 0 0 8 x
30b02103 1 0 00 xx 02 0000030b 0 1 0 0 x x 0 0 x x x 1 0 3 0 0 1 x 8 x
fff4c003 1 0 09 xx 00 ffffffff 0 1 0 0 x x 0 0 x x x 1 0 0 1 0 0 1 8 x
00105283 1 0 00 xx 05 00000001 0 1 0 0 x x 0 0 x x x 1 0 1 0 1 0 1 8 x
0a860983 1 0 0c xx 13 000000a8 0 1 0 0 x x 0 0 x x x 1 0 0 1 0 0 0 8 x
000b9203 1 0 17 xx 04 00000000 0 1 0 0 x x 0 0 x x x 1 0 1 0 1 0 0 8 x
7ffb2c03 1 0 16 xx 18 000007ff 0 1 0 0 x x 0 0 x x x 1 0 3 0 0 1 x 8 x
3ebc4d03 1 0 18 xx 1a 000003eb 0 1 0 0 x x 0 0 x x x 1 0 0 1 0 0 1 8 x
55f85e03 1 0 10 xx 1c 0000055f 0 1 0 0 x x 0 0 x x x 1 0 1 0 1 0 1 8 x
ee518503 1 0 03 xx 0a fffffee5 0 1 0 0 x x 0 0 x x x 1 0 0 1 0 0 0 8 x
d4271503 1 0 0e xx 0a fffffd42 0 1 0 0 x x 0 0 x x x 1 0 1 0 1 0 0 8 x
6e90a003 1 0 01 xx 00 000006e9 0 1 0 0 x x 0 0 x x x 1 0 3 0 0 1 x 8 x
71e34f03 1 0 06 xx 1e 0000071e 0 1 0 0 x x 0 0 x x x 1 0 0 1 0 0 1 8 x
4e985783 1 0 10 xx 0f 000004e9 0 1 0 0 x x 0 0 x x x 1 0 1 0 1 0 1 8 x
a54a0a83 1 0 14 xx 15 fffffa54 0 1 0 0 x x 0 0 x x x 1 0 0 1 0 0 0 8 x
bd4d9b83 1 0 1b xx 17 fffffbd4 0 1 0 0 x x 0 0 x x x 1 0 1 0 1 0 0 8 x
d6322503 1 0 04 xx 0a fffffd63 0 1 0 0 x x 0 0 x x x 1 0 3 0 0 1 x 8 x
5559c703 1 0 13 xx 0e 00000555 0 1 0 0 x x 0 0 x x x 1 0 0 1 0 0 1 8 x
a9ead383 1 0 15 xx 07 fffffa9e 0 1 0 0 x x 0 0 x x x 1 0 1 0 1 0 1 8 x
00110283 1 0 02 xx 05 00000001 0 1 0 0 x x 0 0 x x x 1 0 0 1 0 0 0 8 x
85901383 1 0 00 xx 07 fffff859 0 1 0 0 x x 0 0 x x x 1 0 1 0 1 0 0 8 x
b164ae03 1 0 09 xx 1c fffffb16 0 1 0 0 x x 0 0 x x x 1 0 3 0 0 1 x 8 x
6f944783 1 0 08 xx 0f 000006f9 0 1 0 0 x x 0 0 x x x 1 0 0 1 0 0 1 8 x
7ff55003 1 0 0a xx 00 000007ff 0 1 0 0 x x 0 0 x x x 1 0 1 0 1 0 1 8 x
483b8b03 1 0 17 xx 16 00000483 0 1 0 0 x x 0 0 x x x 1 0 0 1 0 0 0 8 x
80059003 1 0 0b xx 00 fffff800 0 1 0 0 x x 0 0 x x x 1 0 1 0 1 0 0 8 x
9ee32103 1 0 06 xx 02 fffff9ee 0 1 0 0 x x 0 0 x x x 1 0 3 0 0 1 x 8 x
2043c503 1 0 07 xx 0a 00000204 0 1 0 0 x x 0 0 x x x 1 0 0 1 0 0 1 8 x
5173d903 1 0 07 xx 12 00000517 0 1 0 0 x x 0 0 x x x 1 0 1 0 1 0 1 8 x
ceb98f83 1 0 13 xx 1f fffffceb 0 1 0 0 x x 0 0 x x x 1 0 0 1 0 0 0 8 x
8ac09803 1 0 01 xx 10 fffff8ac 0 1 0 0 x x 0 0 x x x 1 0 1 0 1 0 0 8 x
6b08a403 1 0 11 xx 08 000006b0 0 1 0 0 x x 0 0 x x x 1 0 3 0 0 1 x 8 x
4ef04f83 1 0 00 xx 1f 000004ef 0 1 0 0 x x 0 0 x x x 1 0 0 1 0 0 1 8 x
455c5983 1 0 18 xx 13 00000455 0 1 0 0 x x 0 0 x x x 1 0 1 0 1 0 1 8 x
a8278383 1 0 0f xx 07 fffffa82 0 1 0 0 x x 0 0 x x x 1 0 0 1 0 0 0 8 x
9f289803 1 0 11 xx 10 fffff9f2 0 1 0 0 x x 0 0 x x x 1 0 1 0 1 0 0 8 x
555d2d83 1 0 1a xx 1b 00000555 0 1 0 0 x x 0 0 x x x 1 0 3 0 0 1 x 8 x
50b4c903 1 0 09 xx 12 0000050b 0 1 0 0 x x 0 0 x x x 1 0 0 1 0 0 1 8 x
cb4fd883 1 0 1f xx 11 fffffcb4 0 1 0 0 x x 0 0 x x x 1 0 1 0 1 0 1 8 x
b8df8003 1 0 1f xx 00 fffffb8d 0 1 0 0 x x 0 0 x x x 1 0 0 1 0 0 0 8 x
7ff89083 1 0 11 xx 01 000007ff 0 1 0 0 x x 0 0 x x x 1 0 1 0 1 0 0 8 x
cb4f2003 1 0 1e xx 00 fffffcb4 0 1 0 0 x x 0 0 x x x 1 0 3 0 0 1 x 8 x
aaa84f83 1 0 10 xx 1f fffffaaa 0 1 0 0 x x 0 0 x x x 1 0 0 1 0 0 1 8 x
a4045b03 1 0 08 xx 16 fffffa40 0 1 0 0 x x 0 0 x x x 1 0 1 0 1 0 1 8 x
45d80603 1 0 10 xx 0c 0000045d 0 1 0 0 x x 0 0 x x x 1 0 0 1 0 0 0 8 x
1fc11003 1 0 02 xx 00 000001fc 0 1 0 0 x x 0 0 x x x 1 0 1 0 1 0 0 8 x
512dae83 1 0 1b xx 1d 00000512 0 1 0 0 x x 0 0 x x x 1 0 3 0 0 1 x 8 x
a0c3cf03 1 0 07 xx 1e fffffa0c 0 1 0 0 x x 0 0 x x x 1 0 0 1 0 0 1 8 x
2708d603 1 0 11 xx 0c 00000270 0 1 0 0 x x 0 0 x x x 1 0 1 0 1 0 1 8 x
3a968a03 1 0 0d xx 14 000003a9 0 1 0 0 x x 0 0 x x x 1 0 0 1 0 0 0 8 x
fd2f9f03 1 0 1f xx 1e ffffffd2 0 1 0 0 x x 0 0 x x x 1 0 1 0 1 0 0 8 x
5b882b03 1 0 10 xx 16 000005b8 0 1 0 0 x x 0 0 x x x 1 0 3 0 0 1 x 8 x
b763cb83 1 0 07 xx 17 fffffb76 0 1 0 0 x x 0 0 x x x 1 0 0 1 0 0 1 8 x
497e5383 1 0 1c xx 07 00000497 0 1 0 0 x x 0 0 x x x 1 0 1 0 1 0 1 8 x
73028183 1 0 05 xx 03 00000730 0 1 0 0 x x 0 0 x x x 1 0 0 1 0 0 0 8 x
ffed9d83 1 0 1b xx 1b fffffffe 0 1 0 0 x x 0 0 x x x 1 0 1 0 1 0 0 8 x
fff92e83 1 0 12 xx 1d ffffffff 0 1 0 0 x x 0 0 x x x 1 0 3 0 0 1 x 8 x
800f4d03 1 0 1e xx 1a fffff800 0 1 0 0 x x 0 0 x x x 1 0 0 1 0 0 1 8 x
6bf7d003 1 0 0f xx 00 000006bf 0 1 0 0 x x 0 0 x x x 1 0 1 0 1 0 1 8 x
6d610583 1 0 02 xx 0b 000006d6 0 1 0 0 x x 0 0 x x x 1 0 0 1 0 0 0 8 x
52d81203 1 0 10 xx 04 0000052d 0 1 0 0 x x 0 0 x x x 1 0 1 0 1 0 0 8 x
0b8aa303 1 0 15 xx 06 000000b8 0 1 0 0 x x 0 0 x x x 1 0 3 0 0 1 x 8 x
167b4f83 1 0 16 xx 1f 00000167 0 1 0 0 x x 0 0 x x x 1 0 0 1 0 0 1 8 x
800fd583 1 0 1f xx 0b fffff800 0 1 0 0 x x 0 0 x x x 1 0 1 0 1 0 1 8 x
fef00f83 1 0 00 xx 1f ffffffef 0 1 0 0 x x 0 0 x x x 1 0 0 1 0 0 0 8 x
23df1b03 1 0 1e xx 16 0000023d 0 1 0 0 x x 0 0 x x x 1 0 1 0 1 0 0 8 x
c5602f83 1 0 00 xx 1f fffffc56 0 1 0 0 x x 0 0 x x x 1 0 3 0 0 1 x 8 x
9e074403 1 0 0e xx 08 fffff9e0 0 1 0 0 x x 0 0 x x x 1 0 0 1 0 0 1 8 x
8af8db03 1 0 11 xx 16 fffff8af 0 1 0 0 x x 0 0 x x x 1 0 1 0 1 0 1 8 x
ff338703 1 0 07 xx 0e fffffff3 0 1 0 0 x x 0 0 x x x 1 0 0 1 0 0 0 8 x
32501a83 1 0 00 xx 15 00000325 0 1 0 0 x x 0 0 x x x 1 0 1 0 1 0 0 8 x
3966af83 1 0 0d xx 1f 00000396 0 1 0 0 x x 0 0 x x x 1 0 3 0 0 1 x 8 x
3e7d4083 1 0 1a xx 01 000003e7 0 1 0 0 x x 0 0 x x x 1 0 0 1 0 0 1 8 x
0dd35703 1 0 06 xx 0e 000000dd 0 1 0 0 x x 0 0 x x x 1 0 1 0 1 0 1 8 x
77e30003 1 0 06 xx 00 0000077e 0 1 0 0 x x 0 0 x x x 1 0 0 1 0 0 0 8 x
13b01a83 1 0 00 xx 15 0000013b 0 1 0 0 x x 0 0 x x x 1 0 1 0 1 0 0 8 x
faf92283 1 0 12 xx 05 ffffffaf 0 1 0 0 x x 0 0 x x x 1 0 3 0 0 1 x 8 x
ffe24a83 1 0 04 xx 15 fffffffe 0 1 0 0 x x 0 0 x x x 1 0 0 1 0 0 1 8 x
1344d003 1 0 09 xx 00 00000134 0 1 0 0 x x 0 0 x x x 1 0 1 0 1 0 1 8 x
310b8083 1 0 17 xx 01 00000310 0 1 0 0 x x 0 0 x x x 1 0 0 1 0 0 0 8 x
105e1303 1 0 1c xx 06 00000105 0 1 0 0 x x 0 0 x x x 1 0 1 0 1 0 0 8 x
dbcea983 1 0 1d xx 13 fffffdbc 0 1 0 0 x x 0 0 x x x 1 0 3 0 0 1 x 8 x
d179cf83 1 0 13 xx 1f fffffd17 0 1 0 0 x x 0 0 x x x 1 0 0 1 0 0 1 8 x
544bd683 1 0 17 xx 0d 00000544 0 1 0 0 x x 0 0 x x x 1 0 1 0 1 0 1 8 x
ef700f83 1 0 00 xx 1f fffffef7 0 1 0 0 x x 0 0 x x x 1 0 0 1 0 0 0 8 x
800c1d03 1 0 18 xx 1a fffff800 0 1 0 0 x x 0 0 x x x 1 0 1 0 1 0 0 8 x
7fffa903 1 0 1f xx 12 000007ff 0 1 0 0 x x 0 0 x x x 1 0 3 0 0 1 x 8 x
0c01cf03 1 0 03 xx 1e 000000c0 0 1 0 0 x x 0 0 x x x 1 0 0 1 0 0 1 8 x
3188d003 1 0 11 xx 00 00000318 0 1 0 0 x x 0 0 x x x 1 0 1 0 1 0 1 8 x
cc168d03 1 0 0d xx 1a fffffcc1 0 1 0 0 x x 0 0 x x x 1 0 0 1 0 0 0 8 x
93861603 1 0 0c xx 0c fffff938 0 1 0 0 x x 0 0 x x x 1 0 1 0 1 0 0 8 x
0bd02e83 1 0 00 xx 1d 000000bd 0 1 0 0 x x 0 0 x x x 1 0 3 0 0 1 x 8 x
5554cb03 1 0 09 xx 16 00000555 0 1 0 0 x x 0 0 x x x 1 0 0 1 0 0 1 8 x
cb295003 1 0 12 xx 00 fffffcb2 0 1 0 0 x x 0 0 x x x 1 0 1 0 1 0 1 8 x
ffe28383 1 0 05 xx 07 fffffffe 0 1 0 0 x x 0 0 x x x 1 0 0 1 0 0 0 8 x
7fff9203 1 0 1f xx 04 000007ff 0 1 0 0 x x 0 0 x x x 1 0 1 0 1 0 0 8 x
2aa22003 1 0 04 xx 00 000002aa 0 1 0 0 x x 0 0 x x x 1 0 3 0 0 1 x 8 x
818f4903 1 0 1e xx 12 fffff818 0 1 0 0 x x 0 0 x x x 1 0 0 1 0 0 1 8 x
91975e03 1 0 0e xx 1c fffff919 0 1 0 0 x x 0 0 x x x 1 0 1 0 1 0 1 8 x
cc140b03 1 0 08 xx 16 fffffcc1 0 1 0 0 x x 0 0 x x x 1 0 0 1 0 0 0 8 x
a28e1f83 1 0 1c xx 1f fffffa28 0 1 0 0 x x 0 0 x x x 1 0 1 0 1 0 0 8 x
d7432983 1 0 06 xx 13 fffffd74 0 1 0 0 x x 0 0 x x x 1 0 3 0 0 1 x 8 x
cb024a03 1 0 04 xx 14 fffffcb0 0 1 0 0 x x 0 0 x x x 1 0 0 1 0 0 1 8 x
a287dc83 1 0 0f xx 19 fffffa28 0 1 0 0 x x 0 0 x x x 1 0 1 0 1 0 1 8 x
fff70383 1 0 0e xx 07 ffffffff 0 1 0 0 x x 0 0 x x x 1 0 0 1 0 0 0 8 x
fffd1803 1 0 1a xx 10 ffffffff 0 1 0 0 x x 0 0 x x x 1 0 1 0 1 0 0 8 x
7ff52383 1 0 0a xx 07 000007ff 0 1 0 0 x x 0 0 x x x 1 0 3 0 0 1 x 8 x
c33acd83 1 0 15 xx 1b fffffc33 0 1 0 0 x x 0 0 x x x 1 0 0 1 0 0 1 8 x
885d5403 1 0 1a xx 08 fffff885 0 1 0 0 x x 0 0 x x x 1 0 1 0 1 0 1 8 x
d96b0e03 1 0 16 xx 1c fffffd96 0 1 0 0 x x 0 0 x x x 1 0 0 1 0 0 0 8 x
edbd1603 1 0 1a xx 0c fffffedb 0 1 0 0 x x 0 0 x x x 1 0 1 0 1 0 0 8 x
5fc5a203 1 0 0b xx 04 000005fc 0 1 0 0 x x 0 0 x x x 1 0 3 0 0 1 x 8 x
9d274a83 1 0 0e xx 15 fffff9d2 0 1 0 0 x x 0 0 x x x 1 0 0 1 0 0 1 8 x
80085403 1 0 10 xx 08 fffff800 0 1 0 0 x x 0 0 x x x 1 0 1 0 1 0 1 8 x
87ae0d03 1 0 1c xx 1a fffff87a 0 1 0 0 x x 0 0 x x x 1 0 0 1 0 0 0 8 x
d9119683 1 0 03 xx 0d fffffd91 0 1 0 0 x x 0 0 x x x 1 0 1 0 1 0 0 8 x
d1a0a003 1 0 01 xx 00 fffffd1a 0 1 0 0 x x 0 0 x x x 1 0 3 0 0 1 x 8 x
d9b04803 1 0 00 xx 10 fffffd9b 0 1 0 0 x x 0 0 x x x 1 0 0 1 0 0 1 8 x
96e05003 1 0 00 xx 00 fffff96e 0 1 0 0 x x 0 0 x x x 1 0 1 0 1 0 1 8 x
97098403 1 0 13 xx 08 fffff970 0 1 0 0 x x 0 0 x x x 1 0 0 1 0 0 0 8 x
55549603 1 0 09 xx 0c 00000555 0 1 0 0 x x 0 0 x x x 1 0 1 0 1 0 0 8 x
19ba2603 1 0 14 xx 0c 0000019b 0 1 0 0 x x 0 0 x x x 1 0 3 0 0 1 x 8 x
3e124e83 1 0 04 xx 1d 000003e1 0 1 0 0 x x 0 0 x x x 1 0 0 1 0 0 1 8 x
0004d403 1 0 09 xx 08 00000000 0 1 0 0 x x 0 0 x x x 1 0 1 0 1 0 1 8 x
f41e8003 1 0 1d xx 00 ffffff41 0 1 0 0 x x 0 0 x x x 1 0 0 1 0 0 0 8 x
cf361983 1 0 0c xx 13 fffffcf3 0 1 0 0 x x 0 0 x x x 1 0 1 0 1 0 0 8 x
ecf4af83 1 0 09 xx 1f fffffecf 0 1 0 0 x x 0 0 x x x 1 0 3 0 0 1 x 8 x
9c8a4b03 1 0 14 xx 16 fffff9c8 0 1 0 0 x x 0 0 x x x 1 0 0 1 0 0 1 8 x
91b05b03 1 0 00 xx 16 fffff91b 0 1 0 0 x x 0 0 x x x 1 0 1 0 1 0 1 8 x
80030a83 1 0 06 xx 15 fffff800 0 1 0 0 x x 0 0 x x x 1 0 0 1 0 0 0 8 x
81621003 1 0 04 xx 00 fffff816 0 1 0 0 x x 0 0 x x x 1 0 1 0 1 0 0 8 x
ffe02383 1 0 00 xx 07 fffffffe 0 1 0 0 x x 0 0 x x x 1 0 3 0 0 1 x 8 x
b6534f83 1 0 06 xx 1f fffffb65 0 1 0 0 x x 0 0 x x x 1 0 0 1 0 0 1 8 x
868a5983 1 0 14 xx 13 fffff868 0 1 0 0 x x 0 0 x x x 1 0 1 0 1 0 1 8 x
78d10503 1 0 02 xx 0a 0000078d 0 1 0 0 x x 0 0 x x x 1 0 0 1 0 0 0 8 x
cfa51b83 1 0 0a xx 17 fffffcfa 0 1 0 0 x x 0 0 x x x 1 0 1 0 1 0 0 8 x
b723a603 1 0 07 xx 0c fffffb72 0 1 0 0 x x 0 0 x x x 1 0 3 0 0 1 x 8 x
40d4c683 1 0 09 xx 0d 0000040d 0 1 0 0 x x 0 0 x x x 1 0 0 1 0 0 1 8 x
ffe45083 1 0 08 xx 01 fffffffe 0 1 0 0 x x 0 0 x x x 1 0 1 0 1 0 1 8 x
ba2c8483 1 0 19 xx 09 fffffba2 0 1 0 0 x x 0 0 x x x 1 0 0 1 0 0 0 8 x
ae951183 1 0 0a xx 03 fffffae9 0 1 0 0 x x 0 0 x x x 1 0 1 0 1 0 0 8 x
3ed1a983 1 0 03 xx 13 000003ed 0 1 0 0 x x 0 0 x x x 1 0 3 0 0 1 x 8 x
fc6f4183 1 0 1e xx 03 ffffffc6 0 1 0 0 x x 0 0 x x x 1 0 0 1 0 0 1 8 x
00165f83 1 0 0c xx 1f 00000001 0 1 0 0 x x 0 0 x x x 1 0 1 0 1 0 1 8 x
80000003 1 0 00 xx 00 fffff800 0 1 0 0 x x 0 0 x x x 1 0 0 1 0 0 0 8 x
d94f9083 1 0 1f xx 01 fffffd94 0 1 0 0 x x 0 0 x x x 1 0 1 0 1 0 0 8 x
c4dba283 1 0 17 xx 05 fffffc4d 0 1 0 0 x x 0 0 x x x 1 0 3 0 0 1 x 8 x
9a7ccc83 1 0 19 xx 19 fffff9a7 0 1 0 0 x x 0 0 x x x 1 0 0 1 0 0 1 8 x
19fad003 1 0 15 xx 00 0000019f 0 1 0 0 x x 0 0 x x x 1 0 1 0 1 0 1 8 x
555f8903 1 0 1f xx 12 00000555 0 1 0 0 x x 0 0 x x x 1 0 0 1 0 0 0 8 x
975f9003 1 0 1f xx 00 fffff975 0 1 0 0 x x 0 0 x x x 1 0 1 0 1 0 0 8 x
22502303 1 0 00 xx 06 00000225 0 1 0 0 x x 0 0 x x x 1 0 3 0 0 1 x 8 x
8000c283 1 0 01 xx 05 fffff800 0 1 0 0 x x 0 0 x x x 1 0 0 1 0 0 1 8 x
a922db03 1 0 05 xx 16 fffffa92 0 1 0 0 x x 0 0 x x x 1 0 1 0 1 0 1 8 x
36b48483 1 0 09 xx 09 0000036b 0 1 0 0 x x 0 0 x x x 1 0 0 1 0 0 0 8 x
d9f59103 1 0 0b xx 02 fffffd9f 0 1 0 0 x x 0 0 x x x 1 0 1 0 1 0 0 8 x
7d7fa683 1 0 1f xx 0d 000007d7 0 1 0 0 x x 0 0 x x x 1 0 3 0 0 1 x 8 x
d1e0c003 1 0 01 xx 00 fffffd1e 0 1 0 0 x x 0 0 x x x 1 0 0 1 0 0 1 8 x
30505c03 1 0 00 xx 18 00000305 0 1 0 0 x x 0 0 x x x 1 0 1 0 1 0 1 8 x
55500d03 1 0 00 xx 1a 00000555 0 1 0 0 x x 0 0 x x x 1 0 0 1 0 0 0 8 x
f3301f83 1 0 00 xx 1f ffffff33 0 1 0 0 x x 0 0 x x x 1 0 1 0 1 0 0 8 x
94e02003 1 0 00 xx 00 fffff94e 0 1 0 0 x x 0 0 x x x 1 0 3 0 0 1 x 8 x
43a94c83 1 0 12 xx 19 0000043a 0 1 0 0 x x 0 0 x x x 1 0 0 1 0 0 1 8 x
0019d003 1 0 13 xx 00 00000001 0 1 0 0 x x 0 0 x x x 1 0 1 0 1 0 1 8 x
0a168483 1 0 0d xx 09 000000a1 0 1 0 0 x x 0 0 x x x 1 0 0 1 0 0 0 8 x
149e9e03 1 0 1d xx 1c 00000149 0 1 0 0 x x 0 0 x x x 1 0 1 0 1 0 0 8 x
33a72d83 1 0 0e xx 1b 0000033a 0 1 0 0 x x 0 0 x x x 1 0 3 0 0 1 x 8 x
d2adc003 1 0 1b xx 00 fffffd2a 0 1 0 0 x x 0 0 x x x 1 0 0 1 0 0 1 8 x
96505d03 1 0 00 xx 1a fffff965 0 1 0 0 x x 0 0 x x x 1 0 1 0 1 0 1 8 x
7e150903 1 0 0a xx 12 000007e1 0 1 0 0 x x 0 0 x x x 1 0 0 1 0 0 0 8 x
64f01003 1 0 00 xx 00 0000064f 0 1 0 0 x x 0 0 x x x 1 0 1 0 1 0 0 8 x
5555af83 1 0 0b xx 1f 00000555 0 1 0 0 x x 0 0 x x x 1 0 3 0 0 1 x 8 x
b839ce03 1 0 13 xx 1c fffffb83 0 1 0 0 x x 0 0 x x x 1 0 0 1 0 0 1 8 x
f042d383 1 0 05 xx 07 ffffff04 0 1 0 0 x x 0 0 x x x 1 0 1 0 1 0 1 8 x
ee600a83 1 0 00 xx 15 fffffee6 0 1 0 0 x x 0 0 x x x 1 0 0 1 0 0 0 8 x
f8939703 1 0 07 xx 0e ffffff89 0 1 0 0 x x 0 0 x x x 1 0 1 0 1 0 0 8 x
6e782d03 1 0 10 xx 1a 000006e7 0 1 0 0 x x 0 0 x x x 1 0 3 0 0 1 x 8 x
40c1c283 1 0 03 xx 05 0000040c 0 1 0 0 x x 0 0 x x x 1 0 0 1 0 0 1 8 x
555bdb03 1 0 17 xx 16 00000555 0 1 0 0 x x 0 0 x x x 1 0 1 0 1 0 1 8 x
54fa0303 1 0 14 xx 06 0000054f 0 1 0 0 x x 0 0 x x x 1 0 0 1 0 0 0 8 x
ce639a03 1 0 07 xx 14 fffffce6 0 1 0 0 x x 0 0 x x x 1 0 1 0 1 0 0 8 x
0c64ab83 1 0 09 xx 17 000000c6 0 1 0 0 x x 0 0 x x x 1 0 3 0 0 1 x 8 x
f933cb83 1 0 07 xx 17 ffffff93 0 1 0 0 x x 0 0 x x x 1 0 0 1 0 0 1 8 x
8007dc83 1 0 0f xx 19 fffff800 0 1 0 0 x x 0 0 x x x 1 0 1 0 1 0 1 8 x
73318e83 1 0 03 xx 1d 00000733 0 1 0 0 x x 0 0 x x x 1 0 0 1 0 0 0 8 x
1bf31803 1 0 06 xx 10 000001bf 0 1 0 0 x x 0 0 x x x 1 0 1 0 1 0 0 8 x
ffe7af03 1 0 0f xx 1e fffffffe 0 1 0 0 x x 0 0 x x x 1 0 3 0 0 1 x 8 x
fef04003 1 0 00 xx 00 ffffffef 0 1 0 0 x x 0 0 x x x 1 0 0 1 0 0 1 8 x
157fd903 1 0 1f xx 12 00000157 0 1 0 0 x x 0 0 x x x 1 0 1 0 1 0 1 8 x
7ff00283 1 0 00 xx 05 000007ff 0 1 0 0 x x 0 0 x x x 1 0 0 1 0 0 0 8 x
89771403 1 0 0e xx 08 fffff897 0 1 0 0 x x 0 0 x x x 1 0 1 0 1 0 0 8 x
f4b8a583 1 0 11 xx 0b ffffff4b 0 1 0 0 x x 0 0 x x x 1 0 3 0 0 1 x 8 x
356c4603 1 0 18 xx 0c 00000356 0 1 0 0 x x 0 0 x x x 1 0 0 1 0 0 1 8 x
fff75703 1 0 0e xx 0e ffffffff 0 1 0 0 x x 0 0 x x x 1 0 1 0 1 0 1 8 x
fff08503 1 0 01 xx 0a ffffffff 0 1 0 0 x x 0 0 x x x 1 0 0 1 0 0 0 8 x
ffe69a03 1 0 0d xx 14 fffffffe 0 1 0 0 x x 0 0 x x x 1 0 1 0 1 0 0 8 x
2b842303 1 0 08 xx 06 000002b8 0 1 0 0 x x 0 0 x x x 1 0 3 0 0 1 x 8 x
c12a4b03 1 0 14 xx 16 fffffc12 0 1 0 0 x x 0 0 x x x 1 0 0 1 0 0 1 8 x
5553d383 1 0 07 xx 07 00000555 0 1 0 0 x x 0 0 x x x 1 0 1 0 1 0 1 8 x
81a80283 1 0 10 xx 05 fffff81a 0 1 0 0 x x 0 0 x x x 1 0 0 1 0 0 0 8 x
c44e9e03 1 0 1d xx 1c fffffc44 0 1 0 0 x x 0 0 x x x 1 0 1 0 1 0 0 8 x
3d4d2a83 1 0 1a xx 15 000003d4 0 1 0 0 x x 0 0 x x x 1 0 3 0 0 1 x 8 x
7ffcc803 1 0 19 xx 10 000007ff 0 1 0 0 x x 0 0 x x x 1 0 0 1 0 0 1 8 x
ffe55e03 1 0 0a xx 1c fffffffe 0 1 0 0 x x 0 0 x x x 1 0 1 0 1 0 1 8 x
27800283 1 0 00 xx 05 00000278 0 1 0 0 x x 0 0 x x x 1 0 0 1 0 0 0 8 x
ba839403 1 0 07 xx 08 fffffba8 0 1 0 0 x x 0 0 x x x 1 0 1 0 1 0 0 8 x
acdba203 1 0 17 xx 04 fffffacd 0 1 0 0 x x 0 0 x x x 1 0 3 0 0 1 x 8 x
1327cd03 1 0 0f xx 1a 00000132 0 1 0 0 x x 0 0 x x x 1 0 0 1 0 0 1 8 x
6d625003 1 0 04 xx 00 000006d6 0 1 0 0 x x 0 0 x x x 1 0 1 0 1 0 1 8 x
75a10a03 1 0 02 xx 14 0000075a 0 1 0 0 x x 0 0 x x x 1 0 0 1 0 0 0 8 x
69cd1703 1 0 1a xx 0e 0000069c 0 1 0 0 x x 0 0 x x x 1 0 1 0 1 0 0 8 x
396d2003 1 0 1a xx 00 00000396 0 1 0 0 x x 0 0 x x x 1 0 3 0 0 1 x 8 x
f6d7c003 1 0 0f xx 00 ffffff6d 0 1 0 0 x x 0 0 x x x 1 0 0 1 0 0 1 8 x
fc4d5003 1 0 1a xx 00 ffffffc4 0 1 0 0 x x 0 0 x x x 1 0 1 0 1 0 1 8 x
c7620403 1 0 04 xx 08 fffffc76 0 1 0 0 x x 0 0 x x x 1 0 0 1 0 0 0 8 x
aaa71603 1 0 0e xx 0c fffffaaa 0 1 0 0 x x 0 0 x x x 1 0 1 0 1 0 0 8 x
87302e83 1 0 00 xx 1d fffff873 0 1 0 0 x x 0 0 x x x 1 0 3 0 0 1 x 8 x
800ecc03 1 0 1d xx 18 fffff800 0 1 0 0 x x 0 0 x x x 1 0 0 1 0 0 1 8 x
dd5a5083 1 0 14 xx 01 fffffdd5 0 1 0 0 x x 0 0 x x x 1 0 1 0 1 0 1 8 x
54fa0f03 1 0 14 xx 1e 0000054f 0 1 0 0 x x 0 0 x x x 1 0 0 1 0 0 0 8 x
5e4d1003 1 0 1a xx 00 000005e4 0 1 0 0 x x 0 0 x x x 1 0 1 0 1 0 0 8 x
0016a003 1 0 0d xx 00 00000001 0 1 0 0 x x 0 0 x x x 1 0 3 0 0 1 x 8 x
433ec483 1 0 1d xx 09 00000433 0 1 0 0 x x 0 0 x x x 1 0 0 1 0 0 1 8 x
7b59d003 1 0 13 xx 00 000007b5 0 1 0 0 x x 0 0 x x x 1 0 1 0 1 0 1 8 x
00158f83 1 0 0b xx 1f 00000001 0 1 0 0 x x 0 0 x x x 1 0 0 1 0 0 0 8 x
a51e1283 1 0 1c xx 05 fffffa51 0 1 0 0 x x 0 0 x x x 1 0 1 0 1 0 0 8 x
8cb82c83 1 0 10 xx 19 fffff8cb 0 1 0 0 x x 0 0 x x x 1 0 3 0 0 1 x 8 x
3f584303 1 0 10 xx 06 000003f5 0 1 0 0 x x 0 0 x x x 1 0 0 1 0 0 1 8 x
e155d383 1 0 0b xx 07 fffffe15 0 1 0 0 x x 0 0 x x x 1 0 1 0 1 0 1 8 x
00ea0e83 1 0 14 xx 1d 0000000e 0 1 0 0 x x 0 0 x x x 1 0 0 1 0 0 0 8 x
d0b09883 1 0 01 xx 11 fffffd0b 0 1 0 0 x x 0 0 x x x 1 0 1 0 1 0 0 8 x
a1492c03 1 0 12 xx 18 fffffa14 0 1 0 0 x x 0 0 x x x 1 0 3 0 0 1 x 8 x
7ffa4d03 1 0 14 xx 1a 000007ff 0 1 0 0 x x 0 0 x x x 1 0 0 1 0 0 1 8 x
6914d483 1 0 09 xx 09 00000691 0 1 0 0 x x 0 0 x x x 1 0 1 0 1 0 1 8 x
7ff18d83 1 0 03 xx 1b 000007ff 0 1 0 0 x x 0 0 x x x 1 0 0 1 0 0 0 8 x
dfe09a83 1 0 01 xx 15 fffffdfe 0 1 0 0 x x 0 0 x x x 1 0 1 0 1 0 0 8 x
2bffaa03 1 0 1f xx 14 000002bf 0 1 0 0 x x 0 0 x x x 1 0 3 0 0 1 x 8 x
dbc2c003 1 0 05 xx 00 fffffdbc 0 1 0 0 x x 0 0 x x x 1 0 0 1 0 0 1 8 x
39dfd083 1 0 1f xx 01 0000039d 0 1 0 0 x x 0 0 x x x 1 0 1 0 1 0 1 8 x
ceb00a03 1 0 00 xx 14 fffffceb 0 1 0 0 x x 0 0 x x x 1 0 0 1 0 0 0 8 x
ee6f1b03 1 0 1e xx 16 fffffee6 0 1 0 0 x x 0 0 x x x 1 0 1 0 1 0 0 8 x
28102f83 1 0 00 xx 1f 00000281 0 1 0 0 x x 0 0 x x x 1 0 3 0 0 1 x 8 x
700dc803 1 0 1b xx 10 00000700 0 1 0 0 x x 0 0 x x x 1 0 0 1 0 0 1 8 x
35a85403 1 0 10 xx 08 0000035a 0 1 0 0 x x 0 0 x x x 1 0 1 0 1 0 1 8 x
75c18f03 1 0 03 xx 1e 0000075c 0 1 0 0 x x 0 0 x x x 1 0 0 1 0 0 0 8 x
9e629303 1 0 05 xx 06 fffff9e6 0 1 0 0 x x 0 0 x x x 1 0 1 0 1 0 0 8 x
aae0ab03 1 0 01 xx 16 fffffaae 0 1 0 0 x x 0 0 x x x 1 0 3 0 0 1 x 8 x
da91c603 1 0 03 xx 0c fffffda9 0 1 0 0 x x 0 0 x x x 1 0 0 1 0 0 1 8 x
6fdfdf83 1 0 1f xx 1f 000006fd 0 1 0 0 x x 0 0 x x x 1 0 1 0 1 0 1 8 x
71da0f83 1 0 14 xx 1f 0000071d 0 1 0 0 x x 0 0 x x x 1 0 0 1 0 0 0 8 x
00169a83 1 0 0d xx 15 00000001 0 1 0 0 x x 0 0 x x x 1 0 1 0 1 0 0 8 x
7d802003 1 0 00 xx 00 000007d8 0 1 0 0 x x 0 0 x x x 1 0 3 0 0 1 x 8 x
7fe2c003 1 0 05 xx 00 000007fe 0 1 0 0 x x 0 0 x x x 1 0 0 1 0 0 1 8 x
a92b5a83 1 0 16 xx 15 fffffa92 0 1 0 0 x x 0 0 x x x 1 0 1 0 1 0 1 8 x
ffe00503 1 0 00 xx 0a fffffffe 0 1 0 0 x x 0 0 x x x 1 0 0 1 0 0 0 8 x
a5b01003 1 0 00 xx 00 fffffa5b 0 1 0 0 x x 0 0 x x x 1 0 1 0 1 0 0 8 x
79942583 1 0 08 xx 0b 00000799 0 1 0 0 x x 0 0 x x x 1 0 3 0 0 1 x 8 x
ffe94f03 1 0 12 xx 1e fffffffe 0 1 0 0 x x 0 0 x x x 1 0 0 1 0 0 1 8 x
ca16db03 1 0 0d xx 16 fffffca1 0 1 0 0 x x 0 0 x x x 1 0 1 0 1 0 1 8 x
3d368003 1 0 0d xx 00 000003d3 0 1 0 0 x x 0 0 x x x 1 0 0 1 0 0 0 8 x
40169e03 1 0 0d xx 1c 00000401 0 1 0 0 x x 0 0 x x x 1 0 1 0 1 0 0 8 x
8009ac03 1 0 13 xx 18 fffff800 0 1 0 0 x x 0 0 x x x 1 0 3 0 0 1 x 8 x
ad42cd03 1 0 05 xx 1a fffffad4 0 1 0 0 x x 0 0 x x x 1 0 0 1 0 0 1 8 x
aaa4de03 1 0 09 xx 1c fffffaaa 0 1 0 0 x x 0 0 x x x 1 0 1 0 1 0 1 8 x
97db8c03 1 0 17 xx 18 fffff97d 0 1 0 0 x x 0 0 x x x 1 0 0 1 0 0 0 8 x
36e31b03 1 0 06 xx 16 0000036e 0 1 0 0 x x 0 0 x x x 1 0 1 0 1 0 0 8 x
1bada683 1 0 1b xx 0d 000001ba 0 1 0 0 x x 0 0 x x x 1 0 3 0 0 1 x 8 x
7748c003 1 0 11 xx 00 00000774 0 1 0 0 x x 0 0 x x x 1 0 0 1 0 0 1 8 x
da375183 1 0 0e xx 03 fffffda3 0 1 0 0 x x 0 0 x x x 1 0 1 0 1 0 1 8 x
43148203 1 0 09 xx 04 00000431 0 1 0 0 x x 0 0 x x x 1 0 0 1 0 0 0 8 x
acbb1f83 1 0 16 xx 1f fffffacb 0 1 0 0 x x 0 0 x x x 1 0 1 0 1 0 0 8 x
00112c83 1 0 02 xx 19 00000001 0 1 0 0 x x 0 0 x x x 1 0 3 0 0 1 x 8 x
f8dd4d03 1 0 1a xx 1a ffffff8d 0 1 0 0 x x 0 0 x x x 1 0 0 1 0 0 1 8 x
b8595103 1 0 12 xx 02 fffffb85 0 1 0 0 x x 0 0 x x x 1 0 1 0 1 0 1 8 x
fff48d03 1 0 09 xx 1a ffffffff 0 1 0 0 x x 0 0 x x x 1 0 0 1 0 0 0 8 x
3bb01e03 1 0 00 xx 1c 000003bb 0 1 0 0 x x 0 0 x x x 1 0 1 0 1 0 0 8 x
aaaaa383 1 0 15 xx 07 fffffaaa 0 1 0 0 x x 0 0 x x x 1 0 3 0 0 1 x 8 x
e15a4f83 1 0 14 xx 1f fffffe15 0 1 0 0 x x 0 0 x x x 1 0 0 1 0 0 1 8 x
000b5f83 1 0 16 xx 1f 00000000 0 1 0 0 x x 0 0 x x x 1 0 1 0 1 0 1 8 x
b1f98d83 1 0 13 xx 1b fffffb1f 0 1 0 0 x x 0 0 x x x 1 0 0 1 0 0 0 8 x
02611483 1 0 02 xx 09 00000026 0 1 0 0 x x 0 0 x x x 1 0 1 0 1 0 0 8 x
7ff5ad03 1 0 0b xx 1a 000007ff 0 1 0 0 x x 0 0 x x x 1 0 3 0 0 1 x 8 x
1e2bce03 1 0 17 xx 1c 000001e2 0 1 0 0 x x 0 0 x x x 1 0 0 1 0 0 1 8 x
31d3d803 1 0 07 xx 10 0000031d 0 1 0 0 x x 0 0 x x x 1 0 1 0 1 0 1 8 x
800a8003 1 0 15 xx 00 fffff800 0 1 0 0 x x 0 0 x x x 1 0 0 1 0 0 0 8 x
c4a01203 1 0 00 xx 04 fffffc4a 0 1 0 0 x x 0 0 x x x 1 0 1 0 1 0 0 8 x
3330a283 1 0 01 xx 05 00000333 0 1 0 0 x x 0 0 x x x 1 0 3 0 0 1 x 8 x
cca24d03 1 0 04 xx 1a fffffcca 0 1 0 0 x x 0 0 x x x 1 0 0 1 0 0 1 8 x
74485183 1 0 10 xx 03 00000744 0 1 0 0 x x 0 0 x x x 1 0 1 0 1 0 1 8 x
6ae50c03 1 0 0a xx 18 000006ae 0 1 0 0 x x 0 0 x x x 1 0 0 1 0 0 0 8 x
58d41083 1 0 08 xx 01 0000058d 0 1 0 0 x x 0 0 x x x 1 0 1 0 1 0 0 8 x
77f22603 1 0 04 xx 0c 0000077f 0 1 0 0 x x 0 0 x x x 1 0 3 0 0 1 x 8 x
80004703 1 0 00 xx 0e fffff800 0 1 0 0 x x 0 0 x x x 1 0 0 1 0 0 1 8 x
ffe1d903 1 0 03 xx 12 fffffffe 0 1 0 0 x x 0 0 x x x 1 0 1 0 1 0 1 8 x
7ff60b03 1 0 0c xx 16 000007ff 0 1 0 0 x x 0 0 x x x 1 0 0 1 0 0 0 8 x
ff0a1283 1 0 14 xx 05 fffffff0 0 1 0 0 x x 0 0 x x x 1 0 1 0 1 0 0 8 x
6a622f03 1 0 04 xx 1e 000006a6 0 1 0 0 x x 0 0 x x x 1 0 3 0 0 1 x 8 x
fde6c503 1 0 0d xx 0a ffffffde 0 1 0 0 x x 0 0 x x x 1 0 0 1 0 0 1 8 x
4a06d003 1 0 0d xx 00 000004a0 0 1 0 0 x x 0 0 x x x 1 0 1 0 1 0 1 8 x
807c8003 1 0 19 xx 00 fffff807 0 1 0 0 x x 0 0 x x x 1 0 0 1 0 0 0 8 x
000c9c83 1 0 19 xx 19 00000000 0 1 0 0 x x 0 0 x x x 1 0 1 0 1 0 0 8 x
fff62e03 1 0 0c xx 1c ffffffff 0 1 0 0 x x 0 0 x x x 1 0 3 0 0 1 x 8 x
16f6c203 1 0 0d xx 04 0000016f 0 1 0 0 x x 0 0 x x x 1 0 0 1 0 0 1 8 x
001ed883 1 0 1d xx 11 00000001 0 1 0 0 x x 0 0 x x x 1 0 1 0 1 0 1 8 x
e1840703 1 0 08 xx 0e fffffe18 0 1 0 0 x x 0 0 x x x 1 0 0 1 0 0 0 8 x
e3bd1803 1 0 1a xx 10 fffffe3b 0 1 0 0 x x 0 0 x x x 1 0 1 0 1 0 0 8 x
000b2b03 1 0 16 xx 16 00000000 0 1 0 0 x x 0 0 x x x 1 0 3 0 0 1 x 8 x
cc7e4c83 1 0 1c xx 19 fffffcc7 0 1 0 0 x x 0 0 x x x 1 0 0 1 0 0 1 8 x
889ed503 1 0 1d xx 0a fffff889 0 1 0 0 x x 0 0 x x x 1 0 1 0 1 0 1 8 x
00180b83 1 0 10 xx 17 00000001 0 1 0 0 x x 0 0 x x x 1 0 0 1 0 0 0 8 x
1ca69003 1 0 0d xx 00 000001ca 0 1 0 0 x x 0 0 x x x 1 0 1 0 1 0 0 8 x
ffeaa903 1 0 15 xx 12 fffffffe 0 1 0 0 x x 0 0 x x x 1 0 3 0 0 1 x 8 x
59f44d83 1 0 08 xx 1b 0000059f 0 1 0 0 x x 0 0 x x x 1 0 0 1 0 0 1 8 x
fd0d5683 1 0 1a xx 0d ffffffd0 0 1 0 0 x x 0 0 x x x 1 0 1 0 1 0 1 8 x
6a7c0a03 1 0 18 xx 14 000006a7 0 1 0 0 x x 0 0 x x x 1 0 0 1 0 0 0 8 x
800b1b83 1 0 16 xx 17 fffff800 0 1 0 0 x x 0 0 x x x 1 0 1 0 1 0 0 8 x
ed912f83 1 0 02 xx 1f fffffed9 0 1 0 0 x x 0 0 x x x 1 0 3 0 0 1 x 8 x
5411c883 1 0 03 xx 11 00000541 0 1 0 0 x x 0 0 x x x 1 0 0 1 0 0 1 8 x
fff3df03 1 0 07 xx 1e ffffffff 0 1 0 0 x x 0 0 x x x 1 0 1 0 1 0 1 8 x
c8380983 1 0 10 xx 13 fffffc83 0 1 0 0 x x 0 0 x x x 1 0 0 1 0 0 0 8 x
07199783 1 0 13 xx 0f 00000071 0 1 0 0 x x 0 0 x x x 1 0 1 0 1 0 0 8 x
03efa383 1 0 1f xx 07 0000003e 0 1 0 0 x x 0 0 x x x 1 0 3 0 0 1 x 8 x
1cc44e83 1 0 08 xx 1d 000001cc 0 1 0 0 x x 0 0 x x x 1 0 0 1 0 0 1 8 x
01c3dd03 1 0 07 xx 1a 0000001c 0 1 0 0 x x 0 0 x x x 1 0 1 0 1 0 1 8 x
f2618d83 1 0 03 xx 1b ffffff26 0 1 0 0 x x 0 0 x x x 1 0 0 1 0 0 0 8 x
d5879f03 1 0 0f xx 1e fffffd58 0 1 0 0 x x 0 0 x x x 1 0 1 0 1 0 0 8 x
7ff82b03 1 0 10 xx 16 000007ff 0 1 0 0 x x 0 0 x x x 1 0 3 0 0 1 x 8 x
82704383 1 0 00 xx 07 fffff827 0 1 0 0 x x 0 0 x x x 1 0 0 1 0 0 1 8 x
00175483 1 0 0e xx 09 00000001 0 1 0 0 x x 0 0 x x x 1 0 1 0 1 0 1 8 x
c7660983 1 0 0c xx 13 fffffc76 0 1 0 0 x x 0 0 x x x 1 0 0 1 0 0 0 8 x
00161383 1 0 0c xx 07 00000001 0 1 0 0 x x 0 0 x x x 1 0 1 0 1 0 0 8 x
fc722003 1 0 04 xx 00 ffffffc7 0 1 0 0 x x 0 0 x x x 1 0 3 0 0 1 x 8 x
16e34683 1 0 06 xx 0d 0000016e 0 1 0 0 x x 0 0 x x x 1 0 0 1 0 0 1 8 x
1f095003 1 0 12 xx 00 000001f0 0 1 0 0 x x 0 0 x x x 1 0 1 0 1 0 1 8 x
2c0f8a03 1 0 1f xx 14 000002c0 0 1 0 0 x x 0 0 x x x 1 0 0 1 0 0 0 8 x
faf79003 1 0 0f xx 00 ffffffaf 0 1 0 0 x x 0 0 x x x 1 0 1 0 1 0 0 8 x
c4d92003 1 0 12 xx 00 fffffc4d 0 1 0 0 x x 0 0 x x x 1 0 3 0 0 1 x 8 x
ffe5c103 1 0 0b xx 02 fffffffe 0 1 0 0 x x 0 0 x x x 1 0 0 1 0 0 1 8 x
f6d7d383 1 0 0f xx 07 ffffff6d 0 1 0 0 x x 0 0 x x x 1 0 1 0 1 0 1 8 x
00120403 1 0 04 xx 08 00000001 0 1 0 0 x x 0 0 x x x 1 0 0 1 0 0 0 8 x
8c6f9803 1 0 1f xx 10 fffff8c6 0 1 0 0 x x 0 0 x x x 1 0 1 0 1 0 0 8 x
6a31a583 1 0 03 xx 0b 000006a3 0 1 0 0 x x 0 0 x x x 1 0 3 0 0 1 x 8 x
01a5c703 1 0 0b xx 0e 0000001a 0 1 0 0 x x 0 0 x x x 1 0 0 1 0 0 1 8 x
8cb75003 1 0 0e xx 00 fffff8cb 0 1 0 0 x x 0 0 x x x 1 0 1 0 1 0 1 8 x
e7628003 1 0 05 xx 00 fffffe76 0 1 0 0 x x 0 0 x x x 1 0 0 1 0 0 0 8 x
96591003 1 0 12 xx 00 fffff965 0 1 0 0 x x 0 0 x x x 1 0 1 0 1 0 0 8 x
ffee2f83 1 0 1c xx 1f fffffffe 0 1 0 0 x x 0 0 x x x 1 0 3 0 0 1 x 8 x
9aaf4e03 1 0 1e xx 1c fffff9aa 0 1 0 0 x x 0 0 x x x 1 0 0 1 0 0 1 8 x
40295f03 1 0 12 xx 1e 00000402 0 1 0 0 x x 0 0 x x x 1 0 1 0 1 0 1 8 x
aaaf0e03 1 0 1e xx 1c fffffaaa 0 1 0 0 x x 0 0 x x x 1 0 0 1 0 0 0 8 x
445f1003 1 0 1e xx 00 00000445 0 1 0 0 x x 0 0 x x x 1 0 1 0 1 0 0 8 x
146b2c03 1 0 16 xx 18 00000146 0 1 0 0 x x 0 0 x x x 1 0 3 0 0 1 x 8 x
ffe04903 1 0 00 xx 12 fffffffe 0 1 0 0 x x 0 0 x x x 1 0 0 1 0 0 1 8 x
ef775f83 1 0 0e xx 1f fffffef7 0 1 0 0 x x 0 0 x x x 1 0 1 0 1 0 1 8 x
558f0503 1 0 1e xx 0a 00000558 0 1 0 0 x x 0 0 x x x 1 0 0 1 0 0 0 8 x
80029203 1 0 05 xx 04 fffff800 0 1 0 0 x x 0 0 x x x 1 0 1 0 1 0 0 8 x
183faa03 1 0 1f xx 14 00000183 0 1 0 0 x x 0 0 x x x 1 0 3 0 0 1 x 8 x
4fd1c503 1 0 03 xx 0a 000004fd 0 1 0 0 x x 0 0 x x x 1 0 0 1 0 0 1 8 x
ffe15203 1 0 02 xx 04 fffffffe 0 1 0 0 x x 0 0 x x x 1 0 1 0 1 0 1 8 x
2f940b83 1 0 08 xx 17 000002f9 0 1 0 0 x x 0 0 x x x 1 0 0 1 0 0 0 8 x
27a11903 1 0 02 xx 12 0000027a 0 1 0 0 x x 0 0 x x x 1 0 1 0 1 0 0 8 x
a20e2503 1 0 1c xx 0a fffffa20 0 1 0 0 x x 0 0 x x x 1 0 3 0 0 1 x 8 x
7ff04203 1 0 00 xx 04 000007ff 0 1 0 0 x x 0 0 x x x 1 0 0 1 0 0 1 8 x
d635d703 1 0 0b xx 0e fffffd63 0 1 0 0 x x 0 0 x x x 1 0 1 0 1 0 1 8 x
d48f0083 1 0 1e xx 01 fffffd48 0 1 0 0 x x 0 0 x x x 1 0 0 1 0 0 0 8 x
2b239003 1 0 07 xx 00 000002b2 0 1 0 0 x x 0 0 x x x 1 0 1 0 1 0 0 8 x
0008a303 1 0 11 xx 06 00000000 0 1 0 0 x x 0 0 x x x 1 0 3 0 0 1 x 8 x
d95ac983 1 0 15 xx 13 fffffd95 0 1 0 0 x x 0 0 x x x 1 0 0 1 0 0 1 8 x
a91fd683 1 0 1f xx 0d fffffa91 0 1 0 0 x x 0 0 x x x 1 0 1 0 1 0 1 8 x
6b7d0203 1 0 1a xx 04 000006b7 0 1 0 0 x x 0 0 x x x 1 0 0 1 0 0 0 8 x
d8641303 1 0 08 xx 06 fffffd86 0 1 0 0 x x 0 0 x x x 1 0 1 0 1 0 0 8 x
5678af83 1 0 11 xx 1f 00000567 0 1 0 0 x x 0 0 x x x 1 0 3 0 0 1 x 8 x
5beb4303 1 0 16 xx 06 000005be 0 1 0 0 x x 0 0 x x x 1 0 0 1 0 0 1 8 x
92c85f03 1 0 10 xx 1e fffff92c 0 1 0 0 x x 0 0 x x x 1 0 1 0 1 0 1 8 x
5b4c0003 1 0 18 xx 00 000005b4 0 1 0 0 x x 0 0 x x x 1 0 0 1 0 0 0 8 x
2c371f03 1 0 0e xx 1e 000002c3 0 1 0 0 x x 0 0 x x x 1 0 1 0 1 0 0 8 x
000a2783 1 0 14 xx 0f 00000000 0 1 0 0 x x 0 0 x x x 1 0 3 0 0 1 x 8 x
55564803 1 0 0c xx 10 00000555 0 1 0 0 x x 0 0 x x x 1 0 0 1 0 0 1 8 x
13f05f03 1 0 00 xx 1e 0000013f 0 1 0 0 x x 0 0 x x x 1 0 1 0 1 0 1 8 x
0f4b0f83 1 0 16 xx 1f 000000f4 0 1 0 0 x x 0 0 x x x 1 0 0 1 0 0 0 8 x
62481903 1 0 10 xx 12 00000624 0 1 0 0 x x 0 0 x x x 1 0 1 0 1 0 0 8 x
7b202003 1 0 00 xx 00 000007b2 0 1 0 0 x x 0 0 x x x 1 0 3 0 0 1 x 8 x
80b04e83 1 0 00 xx 1d fffff80b 0 1 0 0 x x 0 0 x x x 1 0 0 1 0 0 1 8 x
0d3e5883 1 0 1c xx 11 000000d3 0 1 0 0 x x 0 0 x x x 1 0 1 0 1 0 1 8 x
000c0b03 1 0 18 xx 16 00000000 0 1 0 0 x x 0 0 x x x 1 0 0 1 0 0 0 8 x
9ce81483 1 0 10 xx 09 fffff9ce 0 1 0 0 x x 0 0 x x x 1 0 1 0 1 0 0 8 x
1df92b03 1 0 12 xx 16 000001df 0 1 0 0 x x 0 0 x x x 1 0 3 0 0 1 x 8 x
ffe3cb03 1 0 07 xx 16 fffffffe 0 1 0 0 x x 0 0 x x x 1 0 0 1 0 0 1 8 x
0f7fd983 1 0 1f xx 13 000000f7 0 1 0 0 x x 0 0 x x x 1 0 1 0 1 0 1 8 x
e42b0783 1 0 16 xx 0f fffffe42 0 1 0 0 x x 0 0 x x x 1 0 0 1 0 0 0 8 x
bb179003 1 0 0f xx 00 fffffbb1 0 1 0 0 x x 0 0 x x x 1 0 1 0 1 0 0 8 x
55502103 1 0 00 xx 02 00000555 0 1 0 0 x x 0 0 x x x 1 0 3 0 0 1 x 8 x
3534c403 1 0 09 xx 08 00000353 0 1 0 0 x x 0 0 x x x 1 0 0 1 0 0 1 8 x
0009d003 1 0 13 xx 00 00000000 0 1 0 0 x x 0 0 x x x 1 0 1 0 1 0 1 8 x
00040a83 1 0 08 xx 15 00000000 0 1 0 0 x x 0 0 x x x 1 0 0 1 0 0 0 8 x
d7959b83 1 0 0b xx 17 fffffd79 0 1 0 0 x x 0 0 x x x 1 0 1 0 1 0 0 8 x
fcbb2103 1 0 16 xx 02 ffffffcb 0 1 0 0 x x 0 0 x x x 1 0 3 0 0 1 x 8 x
cb48c783 1 0 11 xx 0f fffffcb4 0 1 0 0 x x 0 0 x x x 1 0 0 1 0 0 1 8 x
38005003 1 0 00 xx 00 00000380 0 1 0 0 x x 0 0 x x x 1 0 1 0 1 0 1 8 x
00038f83 1 0 07 xx 1f 00000000 0 1 0 0 x x 0 0 x x x 1 0 0 1 0 0 0 8 x
aaad9603 1 0 1b xx 0c fffffaaa 0 1 0 0 x x 0 0 x x x 1 0 1 0 1 0 0 8 x
53602f03 1 0 00 xx 1e 00000536 0 1 0 0 x x 0 0 x x x 1 0 3 0 0 1 x 8 x
755d4703 1 0 1a xx 0e 00000755 0 1 0 0 x x 0 0 x x x 1 0 0 1 0 0 1 8 x
ee035f83 1 0 06 xx 1f fffffee0 0 1 0 0 x x 0 0 x x x 1 0 1 0 1 0 1 8 x
00000903 1 0 00 xx 12 00000000 0 1 0 0 x x 0 0 x x x 1 0 0 1 0 0 0 8 x
7f219203 1 0 03 xx 04 000007f2 0 1 0 0 x x 0 0 x x x 1 0 1 0 1 0 0 8 x
10152703 1 0 0a xx 0e 00000101 0 1 0 0 x x 0 0 x x x 1 0 3 0 0 1 x 8 x
31f9c603 1 0 13 xx 0c 0000031f 0 1 0 0 x x 0 0 x x x 1 0 0 1 0 0 1 8 x
34405383 1 0 00 xx 07 00000344 0 1 0 0 x x 0 0 x x x 1 0 1 0 1 0 1 8 x
5a598003 1 0 13 xx 00 000005a5 0 1 0 0 x x 0 0 x x x 1 0 0 1 0 0 0 8 x
df889903 1 0 11 xx 12 fffffdf8 0 1 0 0 x x 0 0 x x x 1 0 1 0 1 0 0 8 x
c8cd2f83 1 0 1a xx 1f fffffc8c 0 1 0 0 x x 0 0 x x x 1 0 3 0 0 1 x 8 x
34304a03 1 0 00 xx 14 00000343 0 1 0 0 x x 0 0 x x x 1 0 0 1 0 0 1 8 x
f0405103 1 0 00 xx 02 ffffff04 0 1 0 0 x x 0 0 x x x 1 0 1 0 1 0 1 8 x
45978003 1 0 0f xx 00 00000459 0 1 0 0 x x 0 0 x x x 1 0 0 1 0 0 0 8 x
031c1183 1 0 18 xx 03 00000031 0 1 0 0 x x 0 0 x x x 1 0 1 0 1 0 0 8 x
c99e2b03 1 0 1c xx 16 fffffc99 0 1 0 0 x x 0 0 x x x 1 0 3 0 0 1 x 8 x
d7e04383 1 0 00 xx 07 fffffd7e 0 1 0 0 x x 0 0 x x x 1 0 0 1 0 0 1 8 x
dca9dc83 1 0 13 xx 19 fffffdca 0 1 0 0 x x 0 0 x x x 1 0 1 0 1 0 1 8 x
80028183 1 0 05 xx 03 fffff800 0 1 0 0 x x 0 0 x x x 1 0 0 1 0 0 0 8 x
419f1e03 1 0 1e xx 1c 00000419 0 1 0 0 x x 0 0 x x x 1 0 1 0 1 0 0 8 x
000fae03 1 0 1f xx 1c 00000000 0 1 0 0 x x 0 0 x x x 1 0 3 0 0 1 x 8 x
990e4d83 1 0 1c xx 1b fffff990 0 1 0 0 x x 0 0 x x x 1 0 0 1 0 0 1 8 x
00105883 1 0 00 xx 11 00000001 0 1 0 0 x x 0 0 x x x 1 0 1 0 1 0 1 8 x
651d0783 1 0 1a xx 0f 00000651 0 1 0 0 x x 0 0 x x x 1 0 0 1 0 0 0 8 x
aaa61103 1 0 0c xx 02 fffffaaa 0 1 0 0 x x 0 0 x x x 1 0 1 0 1 0 0 8 x
09692603 1 0 12 xx 0c 00000096 0 1 0 0 x x 0 0 x x x 1 0 3 0 0 1 x 8 x
224a4f83 1 0 14 xx 1f 00000224 0 1 0 0 x x 0 0 x x x 1 0 0 1 0 0 1 8 x
0600d003 1 0 01 xx 00 00000060 0 1 0 0 x x 0 0 x x x 1 0 1 0 1 0 1 8 x
6b288003 1 0 11 xx 00 000006b2 0 1 0 0 x x 0 0 x x x 1 0 0 1 0 0 0 8 x
c9949803 1 0 09 xx 10 fffffc99 0 1 0 0 x x 0 0 x x x 1 0 1 0 1 0 0 8 x
69602703 1 0 00 xx 0e 00000696 0 1 0 0 x x 0 0 x x x 1 0 3 0 0 1 x 8 x
472b4683 1 0 16 xx 0d 00000472 0 1 0 0 x x 0 0 x x x 1 0 0 1 0 0 1 8 x
47705783 1 0 00 xx 0f 00000477 0 1 0 0 x x 0 0 x x x 1 0 1 0 1 0 1 8 x
2adb0283 1 0 16 xx 05 000002ad 0 1 0 0 x x 0 0 x x x 1 0 0 1 0 0 0 8 x
847a1803 1 0 14 xx 10 fffff847 0 1 0 0 x x 0 0 x x x 1 0 1 0 1 0 0 8 x
3e44af03 1 0 09 xx 1e 000003e4 0 1 0 0 x x 0 0 x x x 1 0 3 0 0 1 x 8 x
00074b03 1 0 0e xx 16 00000000 0 1 0 0 x x 0 0 x x x 1 0 0 1 0 0 1 8 x
000ad303 1 0 15 xx 06 00000000 0 1 0 0 x x 0 0 x x x 1 0 1 0 1 0 1 8 x
3fe80003 1 0 10 xx 00 000003fe 0 1 0 0 x x 0 0 x x x 1 0 0 1 0 0 0 8 x
7ff79a83 1 0 0f xx 15 000007ff 0 1 0 0 x x 0 0 x x x 1 0 1 0 1 0 0 8 x
5d1cab83 1 0 19 xx 17 000005d1 0 1 0 0 x x 0 0 x x x 1 0 3 0 0 1 x 8 x
86cdc103 1 0 1b xx 02 fffff86c 0 1 0 0 x x 0 0 x x x 1 0 0 1 0 0 1 8 x
7ff75803 1 0 0e xx 10 000007ff 0 1 0 0 x x 0 0 x x x 1 0 1 0 1 0 1 8 x
faff8783 1 0 1f xx 0f ffffffaf 0 1 0 0 x x 0 0 x x x 1 0 0 1 0 0 0 8 x
c2a01a03 1 0 00 xx 14 fffffc2a 0 1 0 0 x x 0 0 x x x 1 0 1 0 1 0 0 8 x
1cd3a603 1 0 07 xx 0c 000001cd 0 1 0 0 x x 0 0 x x x 1 0 3 0 0 1 x 8 x
af3fca03 1 0 1f xx 14 fffffaf3 0 1 0 0 x x 0 0 x x x 1 0 0 1 0 0 1 8 x
6b95d503 1 0 0b xx 0a 000006b9 0 1 0 0 x x 0 0 x x x 1 0 1 0 1 0 1 8 x
1afb8003 1 0 17 xx 00 000001af 0 1 0 0 x x 0 0 x x x 1 0 0 1 0 0 0 8 x
f5e01083 1 0 00 xx 01 ffffff5e 0 1 0 0 x x 0 0 x x x 1 0 1 0 1 0 0 8 x
69162003 1 0 0c xx 00 00000691 0 1 0 0 x x 0 0 x x x 1 0 3 0 0 1 x 8 x
c7834e03 1 0 06 xx 1c fffffc78 0 1 0 0 x x 0 0 x x x 1 0 0 1 0 0 1 8 x
000ed883 1 0 1d xx 11 00000000 0 1 0 0 x x 0 0 x x x 1 0 1 0 1 0 1 8 x
dda68003 1 0 0d xx 00 fffffdda 0 1 0 0 x x 0 0 x x x 1 0 0 1 0 0 0 8 x
cf1f9583 1 0 1f xx 0b fffffcf1 0 1 0 0 x x 0 0 x x x 1 0 1 0 1 0 0 8 x
35122683 1 0 04 xx 0d 00000351 0 1 0 0 x x 0 0 x x x 1 0 3 0 0 1 x 8 x
0f6b4883 1 0 16 xx 11 000000f6 0 1 0 0 x x 0 0 x x x 1 0 0 1 0 0 1 8 x
cf23dc83 1 0 07 xx 19 fffffcf2 0 1 0 0 x x 0 0 x x x 1 0 1 0 1 0 1 8 x
055e8d83 1 0 1d xx 1b 00000055 0 1 0 0 x x 0 0 x x x 1 0 0 1 0 0 0 8 x
7bf01403 1 0 00 xx 08 000007bf 0 1 0 0 x x 0 0 x x x 1 0 1 0 1 0 0 8 x
e1fea683 1 0 1d xx 0d fffffe1f 0 1 0 0 x x 0 0 x x x 1 0 3 0 0 1 x 8 x
ffe94383 1 0 12 xx 07 fffffffe 0 1 0 0 x x 0 0 x x x 1 0 0 1 0 0 1 8 x
10c05883 1 0 00 xx 11 0000010c 0 1 0 0 x x 0 0 x x x 1 0 1 0 1 0 1 8 x
9bb00783 1 0 00 xx 0f fffff9bb 0 1 0 0 x x 0 0 x x x 1 0 0 1 0 0 0 8 x
6a9b9403 1 0 17 xx 08 000006a9 0 1 0 0 x x 0 0 x x x 1 0 1 0 1 0 0 8 x
fff0a383 1 0 01 xx 07 ffffffff 0 1 0 0 x x 0 0 x x x 1 0 3 0 0 1 x 8 x
800f4683 1 0 1e xx 0d fffff800 0 1 0 0 x x 0 0 x x x 1 0 0 1 0 0 1 8 x
49225e83 1 0 04 xx 1d 00000492 0 1 0 0 x x 0 0 x x x 1 0 1 0 1 0 1 8 x
c2c70003 1 0 0e xx 00 fffffc2c 0 1 0 0 x x 0 0 x x x 1 0 0 1 0 0 0 8 x
69301583 1 0 00 xx 0b 00000693 0 1 0 0 x x 0 0 x x x 1 0 1 0 1 0 0 8 x
6be62d03 1 0 0c xx 1a 000006be 0 1 0 0 x x 0 0 x x x 1 0 3 0 0 1 x 8 x
c2b84683 1 0 10 xx 0d fffffc2b 0 1 0 0 x x 0 0 x x x 1 0 0 1 0 0 1 8 x
c970db83 1 0 01 xx 17 fffffc97 0 1 0 0 x x 0 0 x x x 1 0 1 0 1 0 1 8 x
ff078a03 1 0 0f xx 14 fffffff0 0 1 0 0 x x 0 0 x x x 1 0 0 1 0 0 0 8 x
a50e1e03 1 0 1c xx 1c fffffa50 0 1 0 0 x x 0 0 x x x 1 0 1 0 1 0 0 8 x
c4f7a883 1 0 0f xx 11 fffffc4f 0 1 0 0 x x 0 0 x x x 1 0 3 0 0 1 x 8 x
5524cb03 1 0 09 xx 16 00000552 0 1 0 0 x x 0 0 x x x 1 0 0 1 0 0 1 8 x
a391d883 1 0 03 xx 11 fffffa39 0 1 0 0 x x 0 0 x x x 1 0 1 0 1 0 1 8 x
b4ad8083 1 0 1b xx 01 fffffb4a 0 1 0 0 x x 0 0 x x x 1 0 0 1 0 0 0 8 x
20f69003 1 0 0d xx 00 0000020f 0 1 0 0 x x 0 0 x x x 1 0 1 0 1 0 0 8 x
b4402003 1 0 00 xx 00 fffffb44 0 1 0 0 x x 0 0 x x x 1 0 3 0 0 1 x 8 x
dace4003 1 0 1c xx 00 fffffdac 0 1 0 0 x x 0 0 x x x 1 0 0 1 0 0 1 8 x
55525a03 1 0 04 xx 14 00000555 0 1 0 0 x x 0 0 x x x 1 0 1 0 1 0 1 8 x
efd40083 1 0 08 xx 01 fffffefd 0 1 0 0 x x 0 0 x x x 1 0 0 1 0 0 0 8 x
99f41f83 1 0 08 xx 1f fffff99f 0 1 0 0 x x 0 0 x x x 1 0 1 0 1 0 0 8 x
59302283 1 0 00 xx 05 00000593 0 1 0 0 x x 0 0 x x x 1 0 3 0 0 1 x 8 x
b63a4003 1 0 14 xx 00 fffffb63 0 1 0 0 x x 0 0 x x x 1 0 0 1 0 0 1 8 x
01f4dd83 1 0 09 xx 1b 0000001f 0 1 0 0 x x 0 0 x x x 1 0 1 0 1 0 1 8 x
fff00183 1 0 00 xx 03 ffffffff 0 1 0 0 x x 0 0 x x x 1 0 0 1 0 0 0 8 x
d0c71e83 1 0 0e xx 1d fffffd0c 0 1 0 0 x x 0 0 x x x 1 0 1 0 1 0 0 8 x
caa9a003 1 0 13 xx 00 fffffcaa 0 1 0 0 x x 0 0 x x x 1 0 3 0 0 1 x 8 x
0c324a03 1 0 04 xx 14 000000c3 0 1 0 0 x x 0 0 x x x 1 0 0 1 0 0 1 8 x
d26bd283 1 0 17 xx 05 fffffd26 0 1 0 0 x x 0 0 x x x 1 0 1 0 1 0 1 8 x
0df38683 1 0 07 xx 0d 000000df 0 1 0 0 x x 0 0 x x x 1 0 0 1 0 0 0 8 x
9cc01903 1 0 00 xx 12 fffff9cc 0 1 0 0 x x 0 0 x x x 1 0 1 0 1 0 0 8 x
5e99a003 1 0 13 xx 00 000005e9 0 1 0 0 x x 0 0 x x x 1 0 3 0 0 1 x 8 x
00104003 1 0 00 xx 00 00000001 0 1 0 0 x x 0 0 x x x 1 0 0 1 0 0 1 8 x
0348da03 1 0 11 xx 14 00000034 0 1 0 0 x x 0 0 x x x 1 0 1 0 1 0 1 8 x
26ae8983 1 0 1d xx 13 0000026a 0 1 0 0 x x 0 0 x x x 1 0 0 1 0 0 0 8 x
a6529d83 1 0 05 xx 1b fffffa65 0 1 0 0 x x 0 0 x x x 1 0 1 0 1 0 0 8 x
fe0fa883 1 0 1f xx 11 ffffffe0 0 1 0 0 x x 0 0 x x x 1 0 3 0 0 1 x 8 x
77d4c003 1 0 09 xx 00 0000077d 0 1 0 0 x x 0 0 x x x 1 0 0 1 0 0 1 8 x
00125a83 1 0 04 xx 15 00000001 0 1 0 0 x x 0 0 x x x 1 0 1 0 1 0 1 8 x
b7898f03 1 0 13 xx 1e fffffb78 0 1 0 0 x x 0 0 x x x 1 0 0 1 0 0 0 8 x
289e9703 1 0 1d xx 0e 00000289 0 1 0 0 x x 0 0 x x x 1 0 1 0 1 0 0 8 x
a180a003 1 0 01 xx 00 fffffa18 0 1 0 0 x x 0 0 x x x 1 0 3 0 0 1 x 8 x
f02ec003 1 0 1d xx 00 ffffff02 0 1 0 0 x x 0 0 x x x 1 0 0 1 0 0 1 8 x
fffdd603 1 0 1b xx 0c ffffffff 0 1 0 0 x x 0 0 x x x 1 0 1 0 1 0 1 8 x
00138f83 1 0 07 xx 1f 00000001 0 1 0 0 x x 0 0 x x x 1 0 0 1 0 0 0 8 x
cabd1683 1 0 1a xx 0d fffffcab 0 1 0 0 x x 0 0 x x x 1 0 1 0 1 0 0 8 x
458f2603 1 0 1e xx 0c 00000458 0 1 0 0 x x 0 0 x x x 1 0 3 0 0 1 x 8 x
f51ec303 1 0 1d xx 06 ffffff51 0 1 0 0 x x 0 0 x x x 1 0 0 1 0 0 1 8 x
b5005483 1 0 00 xx 09 fffffb50 0 1 0 0 x x 0 0 x x x 1 0 1 0 1 0 1 8 x
21ee8503 1 0 1d xx 0a 0000021e 0 1 0 0 x x 0 0 x x x 1 0 0 1 0 0 0 8 x
ad461003 1 0 0c xx 00 fffffad4 0 1 0 0 x x 0 0 x x x 1 0 1 0 1 0 0 8 x
267aa683 1 0 15 xx 0d 00000267 0 1 0 0 x x 0 0 x x x 1 0 3 0 0 1 x 8 x
00134183 1 0 06 xx 03 00000001 0 1 0 0 x x 0 0 x x x 1 0 0 1 0 0 1 8 x
50375a03 1 0 0e xx 14 00000503 0 1 0 0 x x 0 0 x x x 1 0 1 0 1 0 1 8 x
00090d03 1 0 12 xx 1a 00000000 0 1 0 0 x x 0 0 x x x 1 0 0 1 0 0 0 8 x
b9411203 1 0 02 xx 04 fffffb94 0 1 0 0 x x 0 0 x x x 1 0 1 0 1 0 0 8 x
70572c03 1 0 0e xx 18 00000705 0 1 0 0 x x 0 0 x x x 1 0 3 0 0 1 x 8 x
79dc4083 1 0 18 xx 01 0000079d 0 1 0 0 x x 0 0 x x x 1 0 0 1 0 0 1 8 x
d7bc5003 1 0 18 xx 00 fffffd7b 0 1 0 0 x x 0 0 x x x 1 0 1 0 1 0 1 8 x
2b998583 1 0 13 xx 0b 000002b9 0 1 0 0 x x 0 0 x x x 1 0 0 1 0 0 0 8 x
f7de9183 1 0 1d xx 03 ffffff7d 0 1 0 0 x x 0 0 x x x 1 0 1 0 1 0 0 8 x
f3f32003 1 0 06 xx 00 ffffff3f 0 1 0 0 x x 0 0 x x x 1 0 3 0 0 1 x 8 x
8108cf83 1 0 11 xx 1f fffff810 0 1 0 0 x x 0 0 x x x 1 0 0 1 0 0 1 8 x
8dc5d183 1 0 0b xx 03 fffff8dc 0 1 0 0 x x 0 0 x x x 1 0 1 0 1 0 1 8 x
2fe48983 1 0 09 xx 13 000002fe 0 1 0 0 x x 0 0 x x x 1 0 0 1 0 0 0 8 x
23f01c03 1 0 00 xx 18 0000023f 0 1 0 0 x x 0 0 x x x 1 0 1 0 1 0 0 8 x
6c9aa203 1 0 15 xx 04 000006c9 0 1 0 0 x x 0 0 x x x 1 0 3 0 0 1 x 8 x
e45bcf83 1 0 17 xx 1f fffffe45 0 1 0 0 x x 0 0 x x x 1 0 0 1 0 0 1 8 x
443d5d83 1 0 1a xx 1b 00000443 0 1 0 0 x x 0 0 x x x 1 0 1 0 1 0 1 8 x
9a3f8203 1 0 1f xx 04 fffff9a3 0 1 0 0 x x 0 0 x x x 1 0 0 1 0 0 0 8 x
51681803 1 0 10 xx 10 00000516 0 1 0 0 x x 0 0 x x x 1 0 1 0 1 0 0 8 x
c5e9af03 1 0 13 xx 1e fffffc5e 0 1 0 0 x x 0 0 x x x 1 0 3 0 0 1 x 8 x
ba124003 1 0 04 xx 00 fffffba1 0 1 0 0 x x 0 0 x x x 1 0 0 1 0 0 1 8 x
00065003 1 0 0c xx 00 00000000 0 1 0 0 x x 0 0 x x x 1 0 1 0 1 0 1 8 x
204b8003 1 0 17 xx 00 00000204 0 1 0 0 x x 0 0 x x x 1 0 0 1 0 0 0 8 x
b64b9d83 1 0 17 xx 1b fffffb64 0 1 0 0 x x 0 0 x x x 1 0 1 0 1 0 0 8 x
6c902003 1 0 00 xx 00 000006c9 0 1 0 0 x x 0 0 x x x 1 0 3 0 0 1 x 8 x
a0704803 1 0 00 xx 10 fffffa07 0 1 0 0 x x 0 0 x x x 1 0 0 1 0 0 1 8 x
aaa75a03 1 0 0e xx 14 fffffaaa 0 1 0 0 x x 0 0 x x x 1 0 1 0 1 0 1 8 x
7ff60403 1 0 0c xx 08 000007ff 0 1 0 0 x x 0 0 x x x 1 0 0 1 0 0 0 8 x
80001b83 1 0 00 xx 17 fffff800 0 1 0 0 x x 0 0 x x x 1 0 1 0 1 0 0 8 x
aaa4a383 1 0 09 xx 07 fffffaaa 0 1 0 0 x x 0 0 x x x 1 0 3 0 0 1 x 8 x
001a4603 1 0 14 xx 0c 00000001 0 1 0 0 x x 0 0 x x x 1 0 0 1 0 0 1 8 x
000dd603 1 0 1b xx 0c 00000000 0 1 0 0 x x 0 0 x x x 1 0 1 0 1 0 1 8 x
aaaf8483 1 0 1f xx 09 fffffaaa 0 1 0 0 x x 0 0 x x x 1 0 0 1 0 0 0 8 x
62ac9103 1 0 19 xx 02 0000062a 0 1 0 0 x x 0 0 x x x 1 0 1 0 1 0 0 8 x
ffeca683 1 0 19 xx 0d fffffffe 0 1 0 0 x x 0 0 x x x 1 0 3 0 0 1 x 8 x
d6b0c583 1 0 01 xx 0b fffffd6b 0 1 0 0 x x 0 0 x x x 1 0 0 1 0 0 1 8 x
e4905e03 1 0 00 xx 1c fffffe49 0 1 0 0 x x 0 0 x x x 1 0 1 0 1 0 1 8 x
4e970003 1 0 0e xx 00 000004e9 0 1 0 0 x x 0 0 x x x 1 0 0 1 0 0 0 8 x
7ff01f03 1 0 00 xx 1e 000007ff 0 1 0 0 x x 0 0 x x x 1 0 1 0 1 0 0 8 x
e8952a83 1 0 0a xx 15 fffffe89 0 1 0 0 x x 0 0 x x x 1 0 3 0 0 1 x 8 x
f0324003 1 0 04 xx 00 ffffff03 0 1 0 0 x x 0 0 x x x 1 0 0 1 0 0 1 8 x
0a455483 1 0 0a xx 09 000000a4 0 1 0 0 x x 0 0 x x x 1 0 1 0 1 0 1 8 x
ad2e8003 1 0 1d xx 00 fffffad2 0 1 0 0 x x 0 0 x x x 1 0 0 1 0 0 0 8 x
44b91483 1 0 12 xx 09 0000044b 0 1 0 0 x x 0 0 x x x 1 0 1 0 1 0 0 8 x
8005a803 1 0 0b xx 10 fffff800 0 1 0 0 x x 0 0 x x x 1 0 3 0 0 1 x 8 x
dd60c383 1 0 01 xx 07 fffffdd6 0 1 0 0 x x 0 0 x x x 1 0 0 1 0 0 1 8 x
2ef0d483 1 0 01 xx 09 000002ef 0 1 0 0 x x 0 0 x x x 1 0 1 0 1 0 1 8 x
16130283 1 0 06 xx 05 00000161 0 1 0 0 x x 0 0 x x x 1 0 0 1 0 0 0 8 x
46829503 1 0 05 xx 0a 00000468 0 1 0 0 x x 0 0 x x x 1 0 1 0 1 0 0 8 x
d02f2c03 1 0 1e xx 18 fffffd02 0 1 0 0 x x 0 0 x x x 1 0 3 0 0 1 x 8 x
b434c803 1 0 09 xx 10 fffffb43 0 1 0 0 x x 0 0 x x x 1 0 0 1 0 0 1 8 x
722cd603 1 0 19 xx 0c 00000722 0 1 0 0 x x 0 0 x x x 1 0 1 0 1 0 1 8 x
aaad8a83 1 0 1b xx 15 fffffaaa 0 1 0 0 x x 0 0 x x x 1 0 0 1 0 0 0 8 x
00089503 1 0 11 xx 0a 00000000 0 1 0 0 x x 0 0 x x x 1 0 1 0 1 0 0 8 x
9a4fa003 1 0 1f xx 00 fffff9a4 0 1 0 0 x x 0 0 x x x 1 0 3 0 0 1 x 8 x
00064383 1 0 0c xx 07 00000000 0 1 0 0 x x 0 0 x x x 1 0 0 1 0 0 1 8 x
555e5a83 1 0 1c xx 15 00000555 0 1 0 0 x x 0 0 x x x 1 0 1 0 1 0 1 8 x
599f0203 1 0 1e xx 04 00000599 0 1 0 0 x x 0 0 x x x 1 0 0 1 0 0 0 8 x
97729483 1 0 05 xx 09 fffff977 0 1 0 0 x x 0 0 x x x 1 0 1 0 1 0 0 8 x
c7a2a303 1 0 05 xx 06 fffffc7a 0 1 0 0 x x 0 0 x x x 1 0 3 0 0 1 x 8 x
9e81cc03 1 0 03 xx 18 fffff9e8 0 1 0 0 x x 0 0 x x x 1 0 0 1 0 0 1 8 x
66495f83 1 0 12 xx 1f 00000664 0 1 0 0 x x 0 0 x x x 1 0 1 0 1 0 1 8 x
a7fd0503 1 0 1a xx 0a fffffa7f 0 1 0 0 x x 0 0 x x x 1 0 0 1 0 0 0 8 x
d1b79f83 1 0 0f xx 1f fffffd1b 0 1 0 0 x x 0 0 x x x 1 0 1 0 1 0 0 8 x
7ff6a903 1 0 0d xx 12 000007ff 0 1 0 0 x x 0 0 x x x 1 0 3 0 0 1 x 8 x
215bc003 1 0 17 xx 00 00000215 0 1 0 0 x x 0 0 x x x 1 0 0 1 0 0 1 8 x
df705903 1 0 00 xx 12 fffffdf7 0 1 0 0 x x 0 0 x x x 1 0 1 0 1 0 1 8 x
aaa00a03 1 0 00 xx 14 fffffaaa 0 1 0 0 x x 0 0 x x x 1 0 0 1 0 0 0 8 x
001f1c03 1 0 1e xx 18 00000001 0 1 0 0 x x 0 0 x x x 1 0 1 0 1 0 0 8 x
c1e4ad03 1 0 09 xx 1a fffffc1e 0 1 0 0 x x 0 0 x x x 1 0 3 0 0 1 x 8 x
88904003 1 0 00 xx 00 fffff889 0 1 0 0 x x 0 0 x x x 1 0 0 1 0 0 1 8 x
aaad5b03 1 0 1a xx 16 fffffaaa 0 1 0 0 x x 0 0 x x x 1 0 1 0 1 0 1 8 x
c02e0f83 1 0 1c xx 1f fffffc02 0 1 0 0 x x 0 0 x x x 1 0 0 1 0 0 0 8 x
f0d01103 1 0 00 xx 02 ffffff0d 0 1 0 0 x x 0 0 x x x 1 0 1 0 1 0 0 8 x
67a02783 1 0 00 xx 0f 0000067a 0 1 0 0 x x 0 0 x x x 1 0 3 0 0 1 x 8 x
d5f6ce03 1 0 0d xx 1c fffffd5f 0 1 0 0 x x 0 0 x x x 1 0 0 1 0 0 1 8 x
27065283 1 0 0c xx 05 00000270 0 1 0 0 x x 0 0 x x x 1 0 1 0 1 0 1 8 x
736b0703 1 0 16 xx 0e 00000736 0 1 0 0 x x 0 0 x x x 1 0 0 1 0 0 0 8 x
83be1483 1 0 1c xx 09 fffff83b 0 1 0 0 x x 0 0 x x x 1 0 1 0 1 0 0 8 x
28a92a83 1 0 12 xx 15 0000028a 0 1 0 0 x x 0 0 x x x 1 0 3 0 0 1 x 8 x
5b83c283 1 0 07 xx 05 000005b8 0 1 0 0 x x 0 0 x x x 1 0 0 1 0 0 1 8 x
7ffdd003 1 0 1b xx 00 000007ff 0 1 0 0 x x 0 0 x x x 1 0 1 0 1 0 1 8 x
bc530803 1 0 06 xx 10 fffffbc5 0 1 0 0 x x 0 0 x x x 1 0 0 1 0 0 0 8 x
ffeb9b83 1 0 17 xx 17 fffffffe 0 1 0 0 x x 0 0 x x x 1 0 1 0 1 0 0 8 x
c5d7a383 1 0 0f xx 07 fffffc5d 0 1 0 0 x x 0 0 x x x 1 0 3 0 0 1 x 8 x
aaa3ce83 1 0 07 xx 1d fffffaaa 0 1 0 0 x x 0 0 x x x 1 0 0 1 0 0 1 8 x
8005db03 1 0 0b xx 16 fffff800 0 1 0 0 x x 0 0 x x x 1 0 1 0 1 0 1 8 x
9fa00e03 1 0 00 xx 1c fffff9fa 0 1 0 0 x x 0 0 x x x 1 0 0 1 0 0 0 8 x
50869f03 1 0 0d xx 1e 00000508 0 1 0 0 x x 0 0 x x x 1 0 1 0 1 0 0 8 x
0ce9af83 1 0 13 xx 1f 000000ce 0 1 0 0 x x 0 0 x x x 1 0 3 0 0 1 x 8 x
8e1ecc03 1 0 1d xx 18 fffff8e1 0 1 0 0 x x 0 0 x x x 1 0 0 1 0 0 1 8 x
fae35c03 1 0 06 xx 18 ffffffae 0 1 0 0 x x 0 0 x x x 1 0 1 0 1 0 1 8 x
000e0703 1 0 1c xx 0e 00000000 0 1 0 0 x x 0 0 x x x 1 0 0 1 0 0 0 8 x
f61f1a83 1 0 1e xx 15 ffffff61 0 1 0 0 x x 0 0 x x x 1 0 1 0 1 0 0 8 x
dc5d2403 1 0 1a xx 08 fffffdc5 0 1 0 0 x x 0 0 x x x 1 0 3 0 0 1 x 8 x
0011cd83 1 0 03 xx 1b 00000001 0 1 0 0 x x 0 0 x x x 1 0 0 1 0 0 1 8 x
0bcc5e83 1 0 18 xx 1d 000000bc 0 1 0 0 x x 0 0 x x x 1 0 1 0 1 0 1 8 x
f4528803 1 0 05 xx 10 ffffff45 0 1 0 0 x x 0 0 x x x 1 0 0 1 0 0 0 8 x
66739f83 1 0 07 xx 1f 00000667 0 1 0 0 x x 0 0 x x x 1 0 1 0 1 0 0 8 x
b3a02883 1 0 00 xx 11 fffffb3a 0 1 0 0 x x 0 0 x x x 1 0 3 0 0 1 x 8 x
b9184503 1 0 10 xx 0a fffffb91 0 1 0 0 x x 0 0 x x x 1 0 0 1 0 0 1 8 x
a5425f83 1 0 04 xx 1f fffffa54 0 1 0 0 x x 0 0 x x x 1 0 1 0 1 0 1 8 x
ffe00983 1 0 00 xx 13 fffffffe 0 1 0 0 x x 0 0 x x x 1 0 0 1 0 0 0 8 x
d2d89983 1 0 11 xx 13 fffffd2d 0 1 0 0 x x 0 0 x x x 1 0 1 0 1 0 0 8 x
f5a5ac03 1 0 0b xx 18 ffffff5a 0 1 0 0 x x 0 0 x x x 1 0 3 0 0 1 x 8 x
365fc383 1 0 1f xx 07 00000365 0 1 0 0 x x 0 0 x x x 1 0 0 1 0 0 1 8 x
22675883 1 0 0e xx 11 00000226 0 1 0 0 x x 0 0 x x x 1 0 1 0 1 0 1 8 x
ffe50383 1 0 0a xx 07 fffffffe 0 1 0 0 x x 0 0 x x x 1 0 0 1 0 0 0 8 x
ffe41883 1 0 08 xx 11 fffffffe 0 1 0 0 x x 0 0 x x x 1 0 1 0 1 0 0 8 x
50dfa983 1 0 1f xx 13 0000050d 0 1 0 0 x x 0 0 x x x 1 0 3 0 0 1 x 8 x
eb604f83 1 0 00 xx 1f fffffeb6 0 1 0 0 x x 0 0 x x x 1 0 0 1 0 0 1 8 x
7829df83 1 0 13 xx 1f 00000782 0 1 0 0 x x 0 0 x x x 1 0 1 0 1 0 1 8 x
20308403 1 0 01 xx 08 00000203 0 1 0 0 x x 0 0 x x x 1 0 0 1 0 0 0 8 x
00091f83 1 0 12 xx 1f 00000000 0 1 0 0 x x 0 0 x x x 1 0 1 0 1 0 0 8 x
0005af83 1 0 0b xx 1f 00000000 0 1 0 0 x x 0 0 x x x 1 0 3 0 0 1 x 8 x
3b85ce83 1 0 0b xx 1d 000003b8 0 1 0 0 x x 0 0 x x x 1 0 0 1 0 0 1 8 x
fff95983 1 0 12 xx 13 ffffffff 0 1 0 0 x x 0 0 x x x 1 0 1 0 1 0 1 8 x
3a908f83 1 0 01 xx 1f 000003a9 0 1 0 0 x x 0 0 x x x 1 0 0 1 0 0 0 8 x
001f9b03 1 0 1f xx 16 00000001 0 1 0 0 x x 0 0 x x x 1 0 1 0 1 0 0 8 x
319fa003 1 0 1f xx 00 00000319 0 1 0 0 x x 0 0 x x x 1 0 3 0 0 1 x 8 x
45bfc303 1 0 1f xx 06 0000045b 0 1 0 0 x x 0 0 x x x 1 0 0 1 0 0 1 8 x
55565103 1 0 0c xx 02 00000555 0 1 0 0 x x 0 0 x x x 1 0 1 0 1 0 1 8 x
fff00f83 1 0 00 xx 1f ffffffff 0 1 0 0 x x 0 0 x x x 1 0 0 1 0 0 0 8 x
aaae9603 1 0 1d xx 0c fffffaaa 0 1 0 0 x x 0 0 x x x 1 0 1 0 1 0 0 8 x
0d732803 1 0 06 xx 10 000000d7 0 1 0 0 x x 0 0 x x x 1 0 3 0 0 1 x 8 x
b4054e83 1 0 0a xx 1d fffffb40 0 1 0 0 x x 0 0 x x x 1 0 0 1 0 0 1 8 x
ffe45003 1 0 08 xx 00 fffffffe 0 1 0 0 x x 0 0 x x x 1 0 1 0 1 0 1 8 x
2d3e8203 1 0 1d xx 04 000002d3 0 1 0 0 x x 0 0 x x x 1 0 0 1 0 0 0 8 x
ffeb9403 1 0 17 xx 08 fffffffe 0 1 0 0 x x 0 0 x x x 1 0 1 0 1 0 0 8 x
7ff6a003 1 0 0d xx 00 000007ff 0 1 0 0 x x 0 0 x x x 1 0 3 0 0 1 x 8 x
5acac003 1 0 15 xx 00 000005ac 0 1 0 0 x x 0 0 x x x 1 0 0 1 0 0 1 8 x
bde25c03 1 0 04 xx 18 fffffbde 0 1 0 0 x x 0 0 x x x 1 0 1 0 1 0 1 8 x
fff00783 1 0 00 xx 0f ffffffff 0 1 0 0 x x 0 0 x x x 1 0 0 1 0 0 0 8 x
1c601483 1 0 00 xx 09 000001c6 0 1 0 0 x x 0 0 x x x 1 0 1 0 1 0 0 8 x
815b2f83 1 0 16 xx 1f fffff815 0 1 0 0 x x 0 0 x x x 1 0 3 0 0 1 x 8 x
2ff6ce83 1 0 0d xx 1d 000002ff 0 1 0 0 x x 0 0 x x x 1 0 0 1 0 0 1 8 x
dd18d903 1 0 11 xx 12 fffffdd1 0 1 0 0 x x 0 0 x x x 1 0 1 0 1 0 1 8 x
8b800903 1 0 00 xx 12 fffff8b8 0 1 0 0 x x 0 0 x x x 1 0 0 1 0 0 0 8 x
f43f9003 1 0 1f xx 00 ffffff43 0 1 0 0 x x 0 0 x x x 1 0 1 0 1 0 0 8 x
8ec3a183 1 0 07 xx 03 fffff8ec 0 1 0 0 x x 0 0 x x x 1 0 3 0 0 1 x 8 x
fff04883 1 0 00 xx 11 ffffffff 0 1 0 0 x x 0 0 x x x 1 0 0 1 0 0 1 8 x
2879d003 1 0 13 xx 00 00000287 0 1 0 0 x x 0 0 x x x 1 0 1 0 1 0 1 8 x
1a968f83 1 0 0d xx 1f 000001a9 0 1 0 0 x x 0 0 x x x 1 0 0 1 0 0 0 8 x
b2101f03 1 0 00 xx 1e fffffb21 0 1 0 0 x x 0 0 x x x 1 0 1 0 1 0 0 8 x
000ca903 1 0 19 xx 12 00000000 0 1 0 0 x x 0 0 x x x 1 0 3 0 0 1 x 8 x
7ff04603 1 0 00 xx 0c 000007ff 0 1 0 0 x x 0 0 x x x 1 0 0 1 0 0 1 8 x
4d675183 1 0 0e xx 03 000004d6 0 1 0 0 x x 0 0 x x x 1 0 1 0 1 0 1 8 x
06f00703 1 0 00 xx 0e 0000006f 0 1 0 0 x x 0 0 x x x 1 0 0 1 0 0 0 8 x
05841a83 1 0 08 xx 15 00000058 0 1 0 0 x x 0 0 x x x 1 0 1 0 1 0 0 8 x
8db6a003 1 0 0d xx 00 fffff8db 0 1 0 0 x x 0 0 x x x 1 0 3 0 0 1 x 8 x
7f694b83 1 0 12 xx 17 000007f6 0 1 0 0 x x 0 0 x x x 1 0 0 1 0 0 1 8 x
800cd483 1 0 19 xx 09 fffff800 0 1 0 0 x x 0 0 x x x 1 0 1 0 1 0 1 8 x
7ff28203 1 0 05 xx 04 000007ff 0 1 0 0 x x 0 0 x x x 1 0 0 1 0 0 0 8 x
fd601e83 1 0 00 xx 1d ffffffd6 0 1 0 0 x x 0 0 x x x 1 0 1 0 1 0 0 8 x
ffe02f03 1 0 00 xx 1e fffffffe 0 1 0 0 x x 0 0 x x x 1 0 3 0 0 1 x 8 x
c4dfc983 1 0 1f xx 13 fffffc4d 0 1 0 0 x x 0 0 x x x 1 0 0 1 0 0 1 8 x
fff5db03 1 0 0b xx 16 ffffffff 0 1 0 0 x x 0 0 x x x 1 0 1 0 1 0 1 8 x
2f228f83 1 0 05 xx 1f 000002f2 0 1 0 0 x x 0 0 x x x 1 0 0 1 0 0 0 8 x
5d2e9503 1 0 1d xx 0a 000005d2 0 1 0 0 x x 0 0 x x x 1 0 1 0 1 0 0 8 x
0009ac03 1 0 13 xx 18 00000000 0 1 0 0 x x 0 0 x x x 1 0 3 0 0 1 x 8 x
93954b03 1 0 0a xx 16 fffff939 0 1 0 0 x x 0 0 x x x 1 0 0 1 0 0 1 8 x
9cccd403 1 0 19 xx 08 fffff9cc 0 1 0 0 x x 0 0 x x x 1 0 1 0 1 0 1 8 x
ded08203 1 0 01 xx 04 fffffded 0 1 0 0 x x 0 0 x x x 1 0 0 1 0 0 0 8 x
67ec1983 1 0 18 xx 13 0000067e 0 1 0 0 x x 0 0 x x x 1 0 1 0 1 0 0 8 x
001fa683 1 0 1f xx 0d 00000001 0 1 0 0 x x 0 0 x x x 1 0 3 0 0 1 x 8 x
5dd4ca03 1 0 09 xx 14 000005dd 0 1 0 0 x x 0 0 x x x 1 0 0 1 0 0 1 8 x
8b32d003 1 0 05 xx 00 fffff8b3 0 1 0 0 x x 0 0 x x x 1 0 1 0 1 0 1 8 x
45900983 1 0 00 xx 13 00000459 0 1 0 0 x x 0 0 x x x 1 0 0 1 0 0 0 8 x
7c159603 1 0 0b xx 0c 000007c1 0 1 0 0 x x 0 0 x x x 1 0 1 0 1 0 0 8 x
7ff2a583 1 0 05 xx 0b 000007ff 0 1 0 0 x x 0 0 x x x 1 0 3 0 0 1 x 8 x
717e4f03 1 0 1c xx 1e 00000717 0 1 0 0 x x 0 0 x x x 1 0 0 1 0 0 1 8 x
60d95603 1 0 12 xx 0c 0000060d 0 1 0 0 x x 0 0 x x x 1 0 1 0 1 0 1 8 x
aaab8603 1 0 17 xx 0c fffffaaa 0 1 0 0 x x 0 0 x x x 1 0 0 1 0 0 0 8 x
414d9503 1 0 1b xx 0a 00000414 0 1 0 0 x x 0 0 x x x 1 0 1 0 1 0 0 8 x
5b1fa403 1 0 1f xx 08 000005b1 0 1 0 0 x x 0 0 x x x 1 0 3 0 0 1 x 8 x
67a54603 1 0 0a xx 0c 0000067a 0 1 0 0 x x 0 0 x x x 1 0 0 1 0 0 1 8 x
84eedc03 1 0 1d xx 18 fffff84e 0 1 0 0 x x 0 0 x x x 1 0 1 0 1 0 1 8 x
53d30603 1 0 06 xx 0c 0000053d 0 1 0 0 x x 0 0 x x x 1 0 0 1 0 0 0 8 x
701e1d83 1 0 1c xx 1b 00000701 0 1 0 0 x x 0 0 x x x 1 0 1 0 1 0 0 8 x
7ca62003 1 0 0c xx 00 000007ca 0 1 0 0 x x 0 0 x x x 1 0 3 0 0 1 x 8 x
dcff4283 1 0 1e xx 05 fffffdcf 0 1 0 0 x x 0 0 x x x 1 0 0 1 0 0 1 8 x
7ff5d183 1 0 0b xx 03 000007ff 0 1 0 0 x x 0 0 x x x 1 0 1 0 1 0 1 8 x
16d60203 1 0 0c xx 04 0000016d 0 1 0 0 x x 0 0 x x x 1 0 0 1 0 0 0 8 x
bfd69003 1 0 0d xx 00 fffffbfd 0 1 0 0 x x 0 0 x x x 1 0 1 0 1 0 0 8 x
434d2f83 1 0 1a xx 1f 00000434 0 1 0 0 x x 0 0 x x x 1 0 3 0 0 1 x 8 x
f0c4cf03 1 0 09 xx 1e ffffff0c 0 1 0 0 x x 0 0 x x x 1 0 0 1 0 0 1 8 x
000add03 1 0 15 xx 1a 00000000 0 1 0 0 x x 0 0 x x x 1 0 1 0 1 0 1 8 x
8f1e0003 1 0 1c xx 00 fffff8f1 0 1 0 0 x x 0 0 x x x 1 0 0 1 0 0 0 8 x
778c9003 1 0 19 xx 00 00000778 0 1 0 0 x x 0 0 x x x 1 0 1 0 1 0 0 8 x
17e02a83 1 0 00 xx 15 0000017e 0 1 0 0 x x 0 0 x x x 1 0 3 0 0 1 x 8 x
7ff04183 1 0 00 xx 03 000007ff 0 1 0 0 x x 0 0 x x x 1 0 0 1 0 0 1 8 x
95dedc03 1 0 1d xx 18 fffff95d 0 1 0 0 x x 0 0 x x x 1 0 1 0 1 0 1 8 x
80028103 1 0 05 xx 02 fffff800 0 1 0 0 x x 0 0 x x x 1 0 0 1 0 0 0 8 x
d7d79f83 1 0 0f xx 1f fffffd7d 0 1 0 0 x x 0 0 x x x 1 0 1 0 1 0 0 8 x
cb632603 1 0 06 xx 0c fffffcb6 0 1 0 0 x x 0 0 x x x 1 0 3 0 0 1 x 8 x
967dc183 1 0 1b xx 03 fffff967 0 1 0 0 x x 0 0 x x x 1 0 0 1 0 0 1 8 x
81f95e83 1 0 12 xx 1d fffff81f 0 1 0 0 x x 0 0 x x x 1 0 1 0 1 0 1 8 x
b4fa8983 1 0 15 xx 13 fffffb4f 0 1 0 0 x x 0 0 x x x 1 0 0 1 0 0 0 8 x
e3069b83 1 0 0d xx 17 fffffe30 0 1 0 0 x x 0 0 x x x 1 0 1 0 1 0 0 8 x
8081a003 1 0 03 xx 00 fffff808 0 1 0 0 x x 0 0 x x x 1 0 3 0 0 1 x 8 x
ac434d83 1 0 06 xx 1b fffffac4 0 1 0 0 x x 0 0 x x x 1 0 0 1 0 0 1 8 x
92615b03 1 0 02 xx 16 fffff926 0 1 0 0 x x 0 0 x x x 1 0 1 0 1 0 1 8 x
c24a8983 1 0 15 xx 13 fffffc24 0 1 0 0 x x 0 0 x x x 1 0 0 1 0 0 0 8 x
0e319403 1 0 03 xx 08 000000e3 0 1 0 0 x x 0 0 x x x 1 0 1 0 1 0 0 8 x
0a1fab03 1 0 1f xx 16 000000a1 0 1 0 0 x x 0 0 x x x 1 0 3 0 0 1 x 8 x
1adacc03 1 0 15 xx 18 000001ad 0 1 0 0 x x 0 0 x x x 1 0 0 1 0 0 1 8 x
00075003 1 0 0e xx 00 00000000 0 1 0 0 x x 0 0 x x x 1 0 1 0 1 0 1 8 x
4f060003 1 0 0c xx 00 000004f0 0 1 0 0 x x 0 0 x x x 1 0 0 1 0 0 0 8 x
7c9a1603 1 0 14 xx 0c 000007c9 0 1 0 0 x x 0 0 x x x 1 0 1 0 1 0 0 8 x
80052883 1 0 0a xx 11 fffff800 0 1 0 0 x x 0 0 x x x 1 0 3 0 0 1 x 8 x
46384f83 1 0 10 xx 1f 00000463 0 1 0 0 x x 0 0 x x x 1 0 0 1 0 0 1 8 x
a65fd483 1 0 1f xx 09 fffffa65 0 1 0 0 x x 0 0 x x x 1 0 1 0 1 0 1 8 x
fff00683 1 0 00 xx 0d ffffffff 0 1 0 0 x x 0 0 x x x 1 0 0 1 0 0 0 8 x
5c901283 1 0 00 xx 05 000005c9 0 1 0 0 x x 0 0 x x x 1 0 1 0 1 0 0 8 x
bb9dad03 1 0 1b xx 1a fffffbb9 0 1 0 0 x x 0 0 x x x 1 0 3 0 0 1 x 8 x
3870c503 1 0 01 xx 0a 00000387 0 1 0 0 x x 0 0 x x x 1 0 0 1 0 0 1 8 x
dbf5db83 1 0 0b xx 17 fffffdbf 0 1 0 0 x x 0 0 x x x 1 0 1 0 1 0 1 8 x
63360883 1 0 0c xx 11 00000633 0 1 0 0 x x 0 0 x x x 1 0 0 1 0 0 0 8 x
aaa01783 1 0 00 xx 0f fffffaaa 0 1 0 0 x x 0 0 x x x 1 0 1 0 1 0 0 8 x
b809ab03 1 0 13 xx 16 fffffb80 0 1 0 0 x x 0 0 x x x 1 0 3 0 0 1 x 8 x
8d03cf83 1 0 07 xx 1f fffff8d0 0 1 0 0 x x 0 0 x x x 1 0 0 1 0 0 1 8 x
f378d403 1 0 11 xx 08 ffffff37 0 1 0 0 x x 0 0 x x x 1 0 1 0 1 0 1 8 x
099f8e03 1 0 1f xx 1c 00000099 0 1 0 0 x x 0 0 x x x 1 0 0 1 0 0 0 8 x
5dba9603 1 0 15 xx 0c 000005db 0 1 0 0 x x 0 0 x x x 1 0 1 0 1 0 0 8 x
da9f2783 1 0 1e xx 0f fffffda9 0 1 0 0 x x 0 0 x x x 1 0 3 0 0 1 x 8 x
be784183 1 0 10 xx 03 fffffbe7 0 1 0 0 x x 0 0 x x x 1 0 0 1 0 0 1 8 x
c1955403 1 0 0a xx 08 fffffc19 0 1 0 0 x x 0 0 x x x 1 0 1 0 1 0 1 8 x
df9f8583 1 0 1f xx 0b fffffdf9 0 1 0 0 x x 0 0 x x x 1 0 0 1 0 0 0 8 x
7ff19183 1 0 03 xx 03 000007ff 0 1 0 0 x x 0 0 x x x 1 0 1 0 1 0 0 8 x
f2b02083 1 0 00 xx 01 ffffff2b 0 1 0 0 x x 0 0 x x x 1 0 3 0 0 1 x 8 x
96dfcf83 1 0 1f xx 1f fffff96d 0 1 0 0 x x 0 0 x x x 1 0 0 1 0 0 1 8 x
01205583 1 0 00 xx 0b 00000012 0 1 0 0 x x 0 0 x x x 1 0 1 0 1 0 1 8 x
01408f83 1 0 01 xx 1f 00000014 0 1 0 0 x x 0 0 x x x 1 0 0 1 0 0 0 8 x
1a029c83 1 0 05 xx 19 000001a0 0 1 0 0 x x 0 0 x x x 1 0 1 0 1 0 0 8 x
1efc2d83 1 0 18 xx 1b 000001ef 0 1 0 0 x x 0 0 x x x 1 0 3 0 0 1 x 8 x
7ff1c903 1 0 03 xx 12 000007ff 0 1 0 0 x x 0 0 x x x 1 0 0 1 0 0 1 8 x
db0cdf83 1 0 19 xx 1f fffffdb0 0 1 0 0 x x 0 0 x x x 1 0 1 0 1 0 1 8 x
55540603 1 0 08 xx 0c 00000555 0 1 0 0 x x 0 0 x x x 1 0 0 1 0 0 0 8 x
f2401983 1 0 00 xx 13 ffffff24 0 1 0 0 x x 0 0 x x x 1 0 1 0 1 0 0 8 x
c4bea083 1 0 1d xx 01 fffffc4b 0 1 0 0 x x 0 0 x x x 1 0 3 0 0 1 x 8 x
fdc1ce03 1 0 03 xx 1c ffffffdc 0 1 0 0 x x 0 0 x x x 1 0 0 1 0 0 1 8 x
ba4c5703 1 0 18 xx 0e fffffba4 0 1 0 0 x x 0 0 x x x 1 0 1 0 1 0 1 8 x
fff18783 1 0 03 xx 0f ffffffff 0 1 0 0 x x 0 0 x x x 1 0 0 1 0 0 0 8 x
55521003 1 0 04 xx 00 00000555 0 1 0 0 x x 0 0 x x x 1 0 1 0 1 0 0 8 x
e3002883 1 0 00 xx 11 fffffe30 0 1 0 0 x x 0 0 x x x 1 0 3 0 0 1 x 8 x
204a4e83 1 0 14 xx 1d 00000204 0 1 0 0 x x 0 0 x x x 1 0 0 1 0 0 1 8 x
9111db83 1 0 03 xx 17 fffff911 0 1 0 0 x x 0 0 x x x 1 0 1 0 1 0 1 8 x
84f00003 1 0 00 xx 00 fffff84f 0 1 0 0 x x 0 0 x x x 1 0 0 1 0 0 0 8 x
6be11983 1 0 02 xx 13 000006be 0 1 0 0 x x 0 0 x x x 1 0 1 0 1 0 0 8 x
905fa703 1 0 1f xx 0e fffff905 0 1 0 0 x x 0 0 x x x 1 0 3 0 0 1 x 8 x
bb904003 1 0 00 xx 00 fffffbb9 0 1 0 0 x x 0 0 x x x 1 0 0 1 0 0 1 8 x
2e195603 1 0 12 xx 0c 000002e1 0 1 0 0 x x 0 0 x x x 1 0 1 0 1 0 1 8 x
88c00003 1 0 00 xx 00 fffff88c 0 1 0 0 x x 0 0 x x x 1 0 0 1 0 0 0 8 x
c3891683 1 0 12 xx 0d fffffc38 0 1 0 0 x x 0 0 x x x 1 0 1 0 1 0 0 8 x
d0602003 1 0 00 xx 00 fffffd06 0 1 0 0 x x 0 0 x x x 1 0 3 0 0 1 x 8 x
40caca03 1 0 15 xx 14 0000040c 0 1 0 0 x x 0 0 x x x 1 0 0 1 0 0 1 8 x
8155d303 1 0 0b xx 06 fffff815 0 1 0 0 x x 0 0 x x x 1 0 1 0 1 0 1 8 x
aaaa8e83 1 0 15 xx 1d fffffaaa 0 1 0 0 x x 0 0 x x x 1 0 0 1 0 0 0 8 x
47e99d83 1 0 13 xx 1b 0000047e 0 1 0 0 x x 0 0 x x x 1 0 1 0 1 0 0 8 x
a736a383 1 0 0d xx 07 fffffa73 0 1 0 0 x x 0 0 x x x 1 0 3 0 0 1 x 8 x
7ff6c283 1 0 0d xx 05 000007ff 0 1 0 0 x x 0 0 x x x 1 0 0 1 0 0 1 8 x
2c98d003 1 0 11 xx 00 000002c9 0 1 0 0 x x 0 0 x x x 1 0 1 0 1 0 1 8 x
000c8f83 1 0 19 xx 1f 00000000 0 1 0 0 x x 0 0 x x x 1 0 0 1 0 0 0 8 x
0bd29603 1 0 05 xx 0c 000000bd 0 1 0 0 x x 0 0 x x x 1 0 1 0 1 0 0 8 x
c0afa003 1 0 1f xx 00 fffffc0a 0 1 0 0 x x 0 0 x x x 1 0 3 0 0 1 x 8 x
80074383 1 0 0e xx 07 fffff800 0 1 0 0 x x 0 0 x x x 1 0 0 1 0 0 1 8 x
773ddb03 1 0 1b xx 16 00000773 0 1 0 0 x x 0 0 x x x 1 0 1 0 1 0 1 8 x
001f0183 1 0 1e xx 03 00000001 0 1 0 0 x x 0 0 x x x 1 0 0 1 0 0 0 8 x
d9fc1003 1 0 18 xx 00 fffffd9f 0 1 0 0 x x 0 0 x x x 1 0 1 0 1 0 0 8 x
568faa83 1 0 1f xx 15 00000568 0 1 0 0 x x 0 0 x x x 1 0 3 0 0 1 x 8 x
101ecd83 1 0 1d xx 1b 00000101 0 1 0 0 x x 0 0 x x x 1 0 0 1 0 0 1 8 x
001fdd83 1 0 1f xx 1b 00000001 0 1 0 0 x x 0 0 x x x 1 0 1 0 1 0 1 8 x
80000003 1 0 00 xx 00 fffff800 0 1 0 0 x x 0 0 x x x 1 0 0 1 0 0 0 8 x
05299003 1 0 13 xx 00 00000052 0 1 0 0 x x 0 0 x x x 1 0 1 0 1 0 0 8 x
cbb02003 1 0 00 xx 00 fffffcbb 0 1 0 0 x x 0 0 x x x 1 0 3 0 0 1 x 8 x
68594a03 1 0 12 xx 14 00000685 0 1 0 0 x x 0 0 x x x 1 0 0 1 0 0 1 8 x
ddc7df83 1 0 0f xx 1f fffffddc 0 1 0 0 x x 0 0 x x x 1 0 1 0 1 0 1 8 x
000e8983 1 0 1d xx 13 00000000 0 1 0 0 x x 0 0 x x x 1 0 0 1 0 0 0 8 x
f2cb9d83 1 0 17 xx 1b ffffff2c 0 1 0 0 x x 0 0 x x x 1 0 1 0 1 0 0 8 x
d903a103 1 0 07 xx 02 fffffd90 0 1 0 0 x x 0 0 x x x 1 0 3 0 0 1 x 8 x
df994003 1 0 12 xx 00 fffffdf9 0 1 0 0 x x 0 0 x x x 1 0 0 1 0 0 1 8 x
aaaf5d83 1 0 1e xx 1b fffffaaa 0 1 0 0 x x 0 0 x x x 1 0 1 0 1 0 1 8 x
ffe68483 1 0 0d xx 09 fffffffe 0 1 0 0 x x 0 0 x x x 1 0 0 1 0 0 0 8 x
ffef1183 1 0 1e xx 03 fffffffe 0 1 0 0 x x 0 0 x x x 1 0 1 0 1 0 0 8 x
90742103 1 0 08 xx 02 fffff907 0 1 0 0 x x 0 0 x x x 1 0 3 0 0 1 x 8 x
5295ca03 1 0 0b xx 14 00000529 0 1 0 0 x x 0 0 x x x 1 0 0 1 0 0 1 8 x
efb0d503 1 0 01 xx 0a fffffefb 0 1 0 0 x x 0 0 x x x 1 0 1 0 1 0 1 8 x
b8800a03 1 0 00 xx 14 fffffb88 0 1 0 0 x x 0 0 x x x 1 0 0 1 0 0 0 8 x
54389d03 1 0 11 xx 1a 00000543 0 1 0 0 x x 0 0 x x x 1 0 1 0 1 0 0 8 x
71522103 1 0 04 xx 02 00000715 0 1 0 0 x x 0 0 x x x 1 0 3 0 0 1 x 8 x
59b0cb83 1 0 01 xx 17 0000059b 0 1 0 0 x x 0 0 x x x 1 0 0 1 0 0 1 8 x
7d80d503 1 0 01 xx 0a 000007d8 0 1 0 0 x x 0 0 x x x 1 0 1 0 1 0 1 8 x
aaa98003 1 0 13 xx 00 fffffaaa 0 1 0 0 x x 0 0 x x x 1 0 0 1 0 0 0 8 x
00051483 1 0 0a xx 09 00000000 0 1 0 0 x x 0 0 x x x 1 0 1 0 1 0 0 8 x
ea4c2683 1 0 18 xx 0d fffffea4 0 1 0 0 x x 0 0 x x x 1 0 3 0 0 1 x 8 x
d41ec003 1 0 1d xx 00 fffffd41 0 1 0 0 x x 0 0 x x x 1 0 0 1 0 0 1 8 x
6a23d183 1 0 07 xx 03 000006a2 0 1 0 0 x x 0 0 x x x 1 0 1 0 1 0 1 8 x
15468683 1 0 0d xx 0d 00000154 0 1 0 0 x x 0 0 x x x 1 0 0 1 0 0 0 8 x
73721103 1 0 04 xx 02 00000737 0 1 0 0 x x 0 0 x x x 1 0 1 0 1 0 0 8 x
a2f1ae03 1 0 03 xx 1c fffffa2f 0 1 0 0 x x 0 0 x x x 1 0 3 0 0 1 x 8 x
ffea4203 1 0 14 xx 04 fffffffe 0 1 0 0 x x 0 0 x x x 1 0 0 1 0 0 1 8 x
536dde03 1 0 1b xx 1c 00000536 0 1 0 0 x x 0 0 x x x 1 0 1 0 1 0 1 8 x
382b0983 1 0 16 xx 13 00000382 0 1 0 0 x x 0 0 x x x 1 0 0 1 0 0 0 8 x
8cf51883 1 0 0a xx 11 fffff8cf 0 1 0 0 x x 0 0 x x x 1 0 1 0 1 0 0 8 x
000e2383 1 0 1c xx 07 00000000 0 1 0 0 x x 0 0 x x x 1 0 3 0 0 1 x 8 x
aaa04883 1 0 00 xx 11 fffffaaa 0 1 0 0 x x 0 0 x x x 1 0 0 1 0 0 1 8 x
800b5a83 1 0 16 xx 15 fffff800 0 1 0 0 x x 0 0 x x x 1 0 1 0 1 0 1 8 x
ba8f8003 1 0 1f xx 00 fffffba8 0 1 0 0 x x 0 0 x x x 1 0 0 1 0 0 0 8 x
02dd1003 1 0 1a xx 00 0000002d 0 1 0 0 x x 0 0 x x x 1 0 1 0 1 0 0 8 x
320ead03 1 0 1d xx 1a 00000320 0 1 0 0 x x 0 0 x x x 1 0 3 0 0 1 x 8 x
b0c34083 1 0 06 xx 01 fffffb0c 0 1 0 0 x x 0 0 x x x 1 0 0 1 0 0 1 8 x
12fbdd03 1 0 17 xx 1a 0000012f 0 1 0 0 x x 0 0 x x x 1 0 1 0 1 0 1 8 x
f8180c83 1 0 10 xx 19 ffffff81 0 1 0 0 x x 0 0 x x x 1 0 0 1 0 0 0 8 x
aaae1083 1 0 1c xx 01 fffffaaa 0 1 0 0 x x 0 0 x x x 1 0 1 0 1 0 0 8 x
0003a783 1 0 07 xx 0f 00000000 0 1 0 0 x x 0 0 x x x 1 0 3 0 0 1 x 8 x
4b8f4103 1 0 1e xx 02 000004b8 0 1 0 0 x x 0 0 x x x 1 0 0 1 0 0 1 8 x
7ff05203 1 0 00 xx 04 000007ff 0 1 0 0 x x 0 0 x x x 1 0 1 0 1 0 1 8 x
3a5f8f03 1 0 1f xx 1e 000003a5 0 1 0 0 x x 0 0 x x x 1 0 0 1 0 0 0 8 x
c4541583 1 0 08 xx 0b fffffc45 0 1 0 0 x x 0 0 x x x 1 0 1 0 1 0 0 8 x
1d9caa83 1 0 19 xx 15 000001d9 0 1 0 0 x x 0 0 x x x 1 0 3 0 0 1 x 8 x
7ff04b03 1 0 00 xx 16 000007ff 0 1 0 0 x x 0 0 x x x 1 0 0 1 0 0 1 8 x
6523d003 1 0 07 xx 00 00000652 0 1 0 0 x x 0 0 x x x 1 0 1 0 1 0 1 8 x
a0318803 1 0 03 xx 10 fffffa03 0 1 0 0 x x 0 0 x x x 1 0 0 1 0 0 0 8 x
39e49003 1 0 09 xx 00 0000039e 0 1 0 0 x x 0 0 x x x 1 0 1 0 1 0 0 8 x
eb7daf83 1 0 1b xx 1f fffffeb7 0 1 0 0 x x 0 0 x x x 1 0 3 0 0 1 x 8 x
d4104403 1 0 00 xx 08 fffffd41 0 1 0 0 x x 0 0 x x x 1 0 0 1 0 0 1 8 x
844ed103 1 0 1d xx 02 fffff844 0 1 0 0 x x 0 0 x x x 1 0 1 0 1 0 1 8 x
30438b03 1 0 07 xx 16 00000304 0 1 0 0 x x 0 0 x x x 1 0 0 1 0 0 0 8 x
6ad81a03 1 0 10 xx 14 000006ad 0 1 0 0 x x 0 0 x x x 1 0 1 0 1 0 0 8 x
13922a03 1 0 04 xx 14 00000139 0 1 0 0 x x 0 0 x x x 1 0 3 0 0 1 x 8 x
47f1c283 1 0 03 xx 05 0000047f 0 1 0 0 x x 0 0 x x x 1 0 0 1 0 0 1 8 x
984b5983 1 0 16 xx 13 fffff984 0 1 0 0 x x 0 0 x x x 1 0 1 0 1 0 1 8 x
50ef8503 1 0 1f xx 0a 0000050e 0 1 0 0 x x 0 0 x x x 1 0 0 1 0 0 0 8 x
a6311b03 1 0 02 xx 16 fffffa63 0 1 0 0 x x 0 0 x x x 1 0 1 0 1 0 0 8 x
052d2c83 1 0 1a xx 19 00000052 0 1 0 0 x x 0 0 x x x 1 0 3 0 0 1 x 8 x
6f134983 1 0 06 xx 13 000006f1 0 1 0 0 x x 0 0 x x x 1 0 0 1 0 0 1 8 x
8b0a5883 1 0 14 xx 11 fffff8b0 0 1 0 0 x x 0 0 x x x 1 0 1 0 1 0 1 8 x
611e0703 1 0 1c xx 0e 00000611 0 1 0 0 x x 0 0 x x x 1 0 0 1 0 0 0 8 x
4df01a83 1 0 00 xx 15 000004df 0 1 0 0 x x 0 0 x x x 1 0 1 0 1 0 0 8 x
8af32783 1 0 06 xx 0f fffff8af 0 1 0 0 x x 0 0 x x x 1 0 3 0 0 1 x 8 x
ffe64a83 1 0 0c xx 15 fffffffe 0 1 0 0 x x 0 0 x x x 1 0 0 1 0 0 1 8 x
da44d203 1 0 09 xx 04 fffffda4 0 1 0 0 x x 0 0 x x x 1 0 1 0 1 0 1 8 x
57ce8a03 1 0 1d xx 14 0000057c 0 1 0 0 x x 0 0 x x x 1 0 0 1 0 0 0 8 x
67eb1203 1 0 16 xx 04 0000067e 0 1 0 0 x x 0 0 x x x 1 0 1 0 1 0 0 8 x
1e8f2783 1 0 1e xx 0f 000001e8 0 1 0 0 x x 0 0 x x x 1 0 3 0 0 1 x 8 x
7e21cc03 1 0 03 xx 18 000007e2 0 1 0 0 x x 0 0 x x x 1 0 0 1 0 0 1 8 x
ffee5e03 1 0 1c xx 1c fffffffe 0 1 0 0 x x 0 0 x x x 1 0 1 0 1 0 1 8 x
33ff8f83 1 0 1f xx 1f 0000033f 0 1 0 0 x x 0 0 x x x 1 0 0 1 0 0 0 8 x
b2971983 1 0 0e xx 13 fffffb29 0 1 0 0 x x 0 0 x x x 1 0 1 0 1 0 0 8 x
3ab02f83 1 0 00 xx 1f 000003ab 0 1 0 0 x x 0 0 x x x 1 0 3 0 0 1 x 8 x
bc8a4403 1 0 14 xx 08 fffffbc8 0 1 0 0 x x 0 0 x x x 1 0 0 1 0 0 1 8 x
38bcd403 1 0 19 xx 08 0000038b 0 1 0 0 x x 0 0 x x x 1 0 1 0 1 0 1 8 x
aaa00903 1 0 00 xx 12 fffffaaa 0 1 0 0 x x 0 0 x x x 1 0 0 1 0 0 0 8 x
000b9203 1 0 17 xx 04 00000000 0 1 0 0 x x 0 0 x x x 1 0 1 0 1 0 0 8 x
3a0a2c83 1 0 14 xx 19 000003a0 0 1 0 0 x x 0 0 x x x 1 0 3 0 0 1 x 8 x
00184f83 1 0 10 xx 1f 00000001 0 1 0 0 x x 0 0 x x x 1 0 0 1 0 0 1 8 x
555d5783 1 0 1a xx 0f 00000555 0 1 0 0 x x 0 0 x x x 1 0 1 0 1 0 1 8 x
7ff50683 1 0 0a xx 0d 000007ff 0 1 0 0 x x 0 0 x x x 1 0 0 1 0 0 0 8 x
fd5c9603 1 0 19 xx 0c ffffffd5 0 1 0 0 x x 0 0 x x x 1 0 1 0 1 0 0 8 x
ac7f2003 1 0 1e xx 00 fffffac7 0 1 0 0 x x 0 0 x x x 1 0 3 0 0 1 x 8 x
846c4083 1 0 18 xx 01 fffff846 0 1 0 0 x x 0 0 x x x 1 0 0 1 0 0 1 8 x
800dd003 1 0 1b xx 00 fffff800 0 1 0 0 x x 0 0 x x x 1 0 1 0 1 0 1 8 x
ed090983 1 0 12 xx 13 fffffed0 0 1 0 0 x x 0 0 x x x 1 0 0 1 0 0 0 8 x
ffed9503 1 0 1b xx 0a fffffffe 0 1 0 0 x x 0 0 x x x 1 0 1 0 1 0 0 8 x
7ff0ae03 1 0 01 xx 1c 000007ff 0 1 0 0 x x 0 0 x x x 1 0 3 0 0 1 x 8 x
7ff04803 1 0 00 xx 10 000007ff 0 1 0 0 x x 0 0 x x x 1 0 0 1 0 0 1 8 x
5553db83 1 0 07 xx 17 00000555 0 1 0 0 x x 0 0 x x x 1 0 1 0 1 0 1 8 x
6cb00d83 1 0 00 xx 1b 000006cb 0 1 0 0 x x 0 0 x x x 1 0 0 1 0 0 0 8 x
0f301d03 1 0 00 xx 1a 000000f3 0 1 0 0 x x 0 0 x x x 1 0 1 0 1 0 0 8 x
800d2c83 1 0 1a xx 19 fffff800 0 1 0 0 x x 0 0 x x x 1 0 3 0 0 1 x 8 x
799e4b03 1 0 1c xx 16 00000799 0 1 0 0 x x 0 0 x x x 1 0 0 1 0 0 1 8 x
7fff5e83 1 0 1e xx 1d 000007ff 0 1 0 0 x x 0 0 x x x 1 0 1 0 1 0 1 8 x
99668f03 1 0 0d xx 1e fffff996 0 1 0 0 x x 0 0 x x x 1 0 0 1 0 0 0 8 x
42d59b83 1 0 0b xx 17 0000042d 0 1 0 0 x x 0 0 x x x 1 0 1 0 1 0 0 8 x
555c2c83 1 0 18 xx 19 00000555 0 1 0 0 x x 0 0 x x x 1 0 3 0 0 1 x 8 x
2ffa4d83 1 0 14 xx 1b 000002ff 0 1 0 0 x x 0 0 x x x 1 0 0 1 0 0 1 8 x
ec2ad303 1 0 15 xx 06 fffffec2 0 1 0 0 x x 0 0 x x x 1 0 1 0 1 0 1 8 x
919d0003 1 0 1a xx 00 fffff919 0 1 0 0 x x 0 0 x x x 1 0 0 1 0 0 0 8 x
5b201d03 1 0 00 xx 1a 000005b2 0 1 0 0 x x 0 0 x x x 1 0 1 0 1 0 0 8 x
0eb02f83 1 0 00 xx 1f 000000eb 0 1 0 0 x x 0 0 x x x 1 0 3 0 0 1 x 8 x
316c4083 1 0 18 xx 01 00000316 0 1 0 0 x x 0 0 x x x 1 0 0 1 0 0 1 8 x
00145483 1 0 08 xx 09 00000001 0 1 0 0 x x 0 0 x x x 1 0 1 0 1 0 1 8 x
ffef0483 1 0 1e xx 09 fffffffe 0 1 0 0 x x 0 0 x x x 1 0 0 1 0 0 0 8 x
98c11483 1 0 02 xx 09 fffff98c 0 1 0 0 x x 0 0 x x x 1 0 1 0 1 0 0 8 x
000d2003 1 0 1a xx 00 00000000 0 1 0 0 x x 0 0 x x x 1 0 3 0 0 1 x 8 x
00104703 1 0 00 xx 0e 00000001 0 1 0 0 x x 0 0 x x x 1 0 0 1 0 0 1 8 x
8d6b5f83 1 0 16 xx 1f fffff8d6 0 1 0 0 x x 0 0 x x x 1 0 1 0 1 0 1 8 x
0e598b83 1 0 13 xx 17 000000e5 0 1 0 0 x x 0 0 x x x 1 0 0 1 0 0 0 8 x
0e901a83 1 0 00 xx 15 000000e9 0 1 0 0 x x 0 0 x x x 1 0 1 0 1 0 0 8 x
6065ae03 1 0 0b xx 1c 00000606 0 1 0 0 x x 0 0 x x x 1 0 3 0 0 1 x 8 x
7ff6c783 1 0 0d xx 0f 000007ff 0 1 0 0 x x 0 0 x x x 1 0 0 1 0 0 1 8 x
9ba05003 1 0 00 xx 00 fffff9ba 0 1 0 0 x x 0 0 x x x 1 0 1 0 1 0 1 8 x
77238683 1 0 07 xx 0d 00000772 0 1 0 0 x x 0 0 x x x 1 0 0 1 0 0 0 8 x
cbe79583 1 0 0f xx 0b fffffcbe 0 1 0 0 x x 0 0 x x x 1 0 1 0 1 0 0 8 x
f32aa883 1 0 15 xx 11 ffffff32 0 1 0 0 x x 0 0 x x x 1 0 3 0 0 1 x 8 x
0370c403 1 0 01 xx 08 00000037 0 1 0 0 x x 0 0 x x x 1 0 0 1 0 0 1 8 x
f2c55d83 1 0 0a xx 1b ffffff2c 0 1 0 0 x x 0 0 x x x 1 0 1 0 1 0 1 8 x
cf4d0f83 1 0 1a xx 1f fffffcf4 0 1 0 0 x x 0 0 x x x 1 0 0 1 0 0 0 8 x
d1ef1683 1 0 1e xx 0d fffffd1e 0 1 0 0 x x 0 0 x x x 1 0 1 0 1 0 0 8 x
bcd0a383 1 0 01 xx 07 fffffbcd 0 1 0 0 x x 0 0 x x x 1 0 3 0 0 1 x 8 x
8004cf83 1 0 09 xx 1f fffff800 0 1 0 0 x x 0 0 x x x 1 0 0 1 0 0 1 8 x
1910d903 1 0 01 xx 12 00000191 0 1 0 0 x x 0 0 x x x 1 0 1 0 1 0 1 8 x
bb7e0f03 1 0 1c xx 1e fffffbb7 0 1 0 0 x x 0 0 x x x 1 0 0 1 0 0 0 8 x
99ad1883 1 0 1a xx 11 fffff99a 0 1 0 0 x x 0 0 x x x 1 0 1 0 1 0 0 8 x
ec3c2d03 1 0 18 xx 1a fffffec3 0 1 0 0 x x 0 0 x x x 1 0 3 0 0 1 x 8 x
7332cb83 1 0 05 xx 17 00000733 0 1 0 0 x x 0 0 x x x 1 0 0 1 0 0 1 8 x
aaafd003 1 0 1f xx 00 fffffaaa 0 1 0 0 x x 0 0 x x x 1 0 1 0 1 0 1 8 x
6efa8703 1 0 15 xx 0e 000006ef 0 1 0 0 x x 0 0 x x x 1 0 0 1 0 0 0 8 x
9d2f1603 1 0 1e xx 0c fffff9d2 0 1 0 0 x x 0 0 x x x 1 0 1 0 1 0 0 8 x
795daf03 1 0 1b xx 1e 00000795 0 1 0 0 x x 0 0 x x x 1 0 3 0 0 1 x 8 x
a7f54683 1 0 0a xx 0d fffffa7f 0 1 0 0 x x 0 0 x x x 1 0 0 1 0 0 1 8 x
0f895083 1 0 12 xx 01 000000f8 0 1 0 0 x x 0 0 x x x 1 0 1 0 1 0 1 8 x
ad378003 1 0 0f xx 00 fffffad3 0 1 0 0 x x 0 0 x x x 1 0 0 1 0 0 0 8 x
7ff81003 1 0 10 xx 00 000007ff 0 1 0 0 x x 0 0 x x x 1 0 1 0 1 0 0 8 x
001ba103 1 0 17 xx 02 00000001 0 1 0 0 x x 0 0 x x x 1 0 3 0 0 1 x 8 x
c47bc003 1 0 17 xx 00 fffffc47 0 1 0 0 x x 0 0 x x x 1 0 0 1 0 0 1 8 x
c9fd5003 1 0 1a xx 00 fffffc9f 0 1 0 0 x x 0 0 x x x 1 0 1 0 1 0 1 8 x
fb580f83 1 0 10 xx 1f ffffffb5 0 1 0 0 x x 0 0 x x x 1 0 0 1 0 0 0 8 x
e3c29583 1 0 05 xx 0b fffffe3c 0 1 0 0 x x 0 0 x x x 1 0 1 0 1 0 0 8 x
0b43ac03 1 0 07 xx 18 000000b4 0 1 0 0 x x 0 0 x x x 1 0 3 0 0 1 x 8 x
bfb6c703 1 0 0d xx 0e fffffbfb 0 1 0 0 x x 0 0 x x x 1 0 0 1 0 0 1 8 x
ba815f83 1 0 02 xx 1f fffffba8 0 1 0 0 x x 0 0 x x x 1 0 1 0 1 0 1 8 x
e7280003 1 0 10 xx 00 fffffe72 0 1 0 0 x x 0 0 x x x 1 0 0 1 0 0 0 8 x
6c301003 1 0 00 xx 00 000006c3 0 1 0 0 x x 0 0 x x x 1 0 1 0 1 0 0 8 x
842a2b03 1 0 14 xx 16 fffff842 0 1 0 0 x x 0 0 x x x 1 0 3 0 0 1 x 8 x
aaafcb83 1 0 1f xx 17 fffffaaa 0 1 0 0 x x 0 0 x x x 1 0 0 1 0 0 1 8 x
2868db83 1 0 11 xx 17 00000286 0 1 0 0 x x 0 0 x x x 1 0 1 0 1 0 1 8 x
10c48503 1 0 09 xx 0a 0000010c 0 1 0 0 x x 0 0 x x x 1 0 0 1 0 0 0 8 x
80071103 1 0 0e xx 02 fffff800 0 1 0 0 x x 0 0 x x x 1 0 1 0 1 0 0 8 x
8393a083 1 0 07 xx 01 fffff839 0 1 0 0 x x 0 0 x x x 1 0 3 0 0 1 x 8 x
2bd74d03 1 0 0e xx 1a 000002bd 0 1 0 0 x x 0 0 x x x 1 0 0 1 0 0 1 8 x
322d5503 1 0 1a xx 0a 00000322 0 1 0 0 x x 0 0 x x x 1 0 1 0 1 0 1 8 x
c1bd0503 1 0 1a xx 0a fffffc1b 0 1 0 0 x x 0 0 x x x 1 0 0 1 0 0 0 8 x
35df1a83 1 0 1e xx 15 0000035d 0 1 0 0 x x 0 0 x x x 1 0 1 0 1 0 0 8 x
52be2d83 1 0 1c xx 1b 0000052b 0 1 0 0 x x 0 0 x x x 1 0 3 0 0 1 x 8 x
a7dc4503 1 0 18 xx 0a fffffa7d 0 1 0 0 x x 0 0 x x x 1 0 0 1 0 0 1 8 x
4ee85c03 1 0 10 xx 18 000004ee 0 1 0 0 x x 0 0 x x x 1 0 1 0 1 0 1 8 x
555d0283 1 0 1a xx 05 00000555 0 1 0 0 x x 0 0 x x x 1 0 0 1 0 0 0 8 x
00d59183 1 0 0b xx 03 0000000d 0 1 0 0 x x 0 0 x x x 1 0 1 0 1 0 0 8 x
ffef2003 1 0 1e xx 00 fffffffe 0 1 0 0 x x 0 0 x x x 1 0 3 0 0 1 x 8 x
72004e83 1 0 00 xx 1d 00000720 0 1 0 0 x x 0 0 x x x 1 0 0 1 0 0 1 8 x
23975583 1 0 0e xx 0b 00000239 0 1 0 0 x x 0 0 x x x 1 0 1 0 1 0 1 8 x
800a0003 1 0 14 xx 00 fffff800 0 1 0 0 x x 0 0 x x x 1 0 0 1 0 0 0 8 x
ee109703 1 0 01 xx 0e fffffee1 0 1 0 0 x x 0 0 x x x 1 0 1 0 1 0 0 8 x
7ffea003 1 0 1d xx 00 000007ff 0 1 0 0 x x 0 0 x x x 1 0 3 0 0 1 x 8 x
ae93c583 1 0 07 xx 0b fffffae9 0 1 0 0 x x 0 0 x x x 1 0 0 1 0 0 1 8 x
ffe55c03 1 0 0a xx 18 fffffffe 0 1 0 0 x x 0 0 x x x 1 0 1 0 1 0 1 8 x
f5330383 1 0 06 xx 07 ffffff53 0 1 0 0 x x 0 0 x x x 1 0 0 1 0 0 0 8 x
08429103 1 0 05 xx 02 00000084 0 1 0 0 x x 0 0 x x x 1 0 1 0 1 0 0 8 x
543ba203 1 0 17 xx 04 00000543 0 1 0 0 x x 0 0 x x x 1 0 3 0 0 1 x 8 x
aaa3c583 1 0 07 xx 0b fffffaaa 0 1 0 0 x x 0 0 x x x 1 0 0 1 0 0 1 8 x
52ccd083 1 0 19 xx 01 0000052c 0 1 0 0 x x 0 0 x x x 1 0 1 0 1 0 1 8 x
00140683 1 0 08 xx 0d 00000001 0 1 0 0 x x 0 0 x x x 1 0 0 1 0 0 0 8 x
eabd9603 1 0 1b xx 0c fffffeab 0 1 0 0 x x 0 0 x x x 1 0 1 0 1 0 0 8 x
001ca303 1 0 19 xx 06 00000001 0 1 0 0 x x 0 0 x x x 1 0 3 0 0 1 x 8 x
21804603 1 0 00 xx 0c 00000218 0 1 0 0 x x 0 0 x x x 1 0 0 1 0 0 1 8 x
9bab5783 1 0 16 xx 0f fffff9ba 0 1 0 0 x x 0 0 x x x 1 0 1 0 1 0 1 8 x
35700903 1 0 00 xx 12 00000357 0 1 0 0 x x 0 0 x x x 1 0 0 1 0 0 0 8 x
34761003 1 0 0c xx 00 00000347 0 1 0 0 x x 0 0 x x x 1 0 1 0 1 0 0 8 x
d1d52683 1 0 0a xx 0d fffffd1d 0 1 0 0 x x 0 0 x x x 1 0 3 0 0 1 x 8 x
c069ce83 1 0 13 xx 1d fffffc06 0 1 0 0 x x 0 0 x x x 1 0 0 1 0 0 1 8 x
51a8df83 1 0 11 xx 1f 0000051a 0 1 0 0 x x 0 0 x x x 1 0 1 0 1 0 1 8 x
c85e8283 1 0 1d xx 05 fffffc85 0 1 0 0 x x 0 0 x x x 1 0 0 1 0 0 0 8 x
da601c03 1 0 00 xx 18 fffffda6 0 1 0 0 x x 0 0 x x x 1 0 1 0 1 0 0 8 x
7ff12003 1 0 02 xx 00 000007ff 0 1 0 0 x x 0 0 x x x 1 0 3 0 0 1 x 8 x
062a4303 1 0 14 xx 06 00000062 0 1 0 0 x x 0 0 x x x 1 0 0 1 0 0 1 8 x
001e5803 1 0 1c xx 10 00000001 0 1 0 0 x x 0 0 x x x 1 0 1 0 1 0 1 8 x
001f8a03 1 0 1f xx 14 00000001 0 1 0 0 x x 0 0 x x x 1 0 0 1 0 0 0 8 x
42df9c83 1 0 1f xx 19 0000042d 0 1 0 0 x x 0 0 x x x 1 0 1 0 1 0 0 8 x
6ef02e83 1 0 00 xx 1d 000006ef 0 1 0 0 x x 0 0 x x x 1 0 3 0 0 1 x 8 x
8fa0c583 1 0 01 xx 0b fffff8fa 0 1 0 0 x x 0 0 x x x 1 0 0 1 0 0 1 8 x
c0e35703 1 0 06 xx 0e fffffc0e 0 1 0 0 x x 0 0 x x x 1 0 1 0 1 0 1 8 x
f43f8f83 1 0 1f xx 1f ffffff43 0 1 0 0 x x 0 0 x x x 1 0 0 1 0 0 0 8 x
21c81483 1 0 10 xx 09 0000021c 0 1 0 0 x x 0 0 x x x 1 0 1 0 1 0 0 8 x
b597a103 1 0 0f xx 02 fffffb59 0 1 0 0 x x 0 0 x x x 1 0 3 0 0 1 x 8 x
68b94003 1 0 12 xx 00 0000068b 0 1 0 0 x x 0 0 x x x 1 0 0 1 0 0 1 8 x
00105783 1 0 00 xx 0f 00000001 0 1 0 0 x x 0 0 x x x 1 0 1 0 1 0 1 8 x
ffe20f83 1 0 04 xx 1f fffffffe 0 1 0 0 x x 0 0 x x x 1 0 0 1 0 0 0 8 x
00161783 1 0 0c xx 0f 00000001 0 1 0 0 x x 0 0 x x x 1 0 1 0 1 0 0 8 x
a6f5a903 1 0 0b xx 12 fffffa6f 0 1 0 0 x x 0 0 x x x 1 0 3 0 0 1 x 8 x
55574703 1 0 0e xx 0e 00000555 0 1 0 0 x x 0 0 x x x 1 0 0 1 0 0 1 8 x
80005e03 1 0 00 xx 1c fffff800 0 1 0 0 x x 0 0 x x x 1 0 1 0 1 0 1 8 x
64de8c03 1 0 1d xx 18 0000064d 0 1 0 0 x x 0 0 x x x 1 0 0 1 0 0 0 8 x
82a91f83 1 0 12 xx 1f fffff82a 0 1 0 0 x x 0 0 x x x 1 0 1 0 1 0 0 8 x
80002103 1 0 00 xx 02 fffff800 0 1 0 0 x x 0 0 x x x 1 0 3 0 0 1 x 8 x
46094b03 1 0 12 xx 16 00000460 0 1 0 0 x x 0 0 x x x 1 0 0 1 0 0 1 8 x
7b4fd803 1 0 1f xx 10 000007b4 0 1 0 0 x x 0 0 x x x 1 0 1 0 1 0 1 8 x
57030b03 1 0 06 xx 16 00000570 0 1 0 0 x x 0 0 x x x 1 0 0 1 0 0 0 8 x
4e8c9703 1 0 19 xx 0e 000004e8 0 1 0 0 x x 0 0 x x x 1 0 1 0 1 0 0 8 x
b2f1a803 1 0 03 xx 10 fffffb2f 0 1 0 0 x x 0 0 x x x 1 0 3 0 0 1 x 8 x
a0e04483 1 0 00 xx 09 fffffa0e 0 1 0 0 x x 0 0 x x x 1 0 0 1 0 0 1 8 x
20375683 1 0 0e xx 0d 00000203 0 1 0 0 x x 0 0 x x x 1 0 1 0 1 0 1 8 x
8a900003 1 0 00 xx 00 fffff8a9 0 1 0 0 x x 0 0 x x x 1 0 0 1 0 0 0 8 x
00041c83 1 0 08 xx 19 00000000 0 1 0 0 x x 0 0 x x x 1 0 1 0 1 0 0 8 x
bd68a183 1 0 11 xx 03 fffffbd6 0 1 0 0 x x 0 0 x x x 1 0 3 0 0 1 x 8 x
73784e83 1 0 10 xx 1d 00000737 0 1 0 0 x x 0 0 x x x 1 0 0 1 0 0 1 8 x
001fd583 1 0 1f xx 0b 00000001 0 1 0 0 x x 0 0 x x x 1 0 1 0 1 0 1 8 x
55500a03 1 0 00 xx 14 00000555 0 1 0 0 x x 0 0 x x x 1 0 0 1 0 0 0 8 x
ffe01103 1 0 00 xx 02 fffffffe 0 1 0 0 x x 0 0 x x x 1 0 1 0 1 0 0 8 x
29e5af83 1 0 0b xx 1f 0000029e 0 1 0 0 x x 0 0 x x x 1 0 3 0 0 1 x 8 x
7ff2c903 1 0 05 xx 12 000007ff 0 1 0 0 x x 0 0 x x x 1 0 0 1 0 0 1 8 x
e24d5c03 1 0 1a xx 18 fffffe24 0 1 0 0 x x 0 0 x x x 1 0 1 0 1 0 1 8 x
044d8583 1 0 1b xx 0b 00000044 0 1 0 0 x x 0 0 x x x 1 0 0 1 0 0 0 8 x
01889603 1 0 11 xx 0c 00000018 0 1 0 0 x x 0 0 x x x 1 0 1 0 1 0 0 8 x
c8cfad83 1 0 1f xx 1b fffffc8c 0 1 0 0 x x 0 0 x x x 1 0 3 0 0 1 x 8 x
402fc803 1 0 1f xx 10 00000402 0 1 0 0 x x 0 0 x x x 1 0 0 1 0 0 1 8 x
800d5883 1 0 1a xx 11 fffff800 0 1 0 0 x x 0 0 x x x 1 0 1 0 1 0 1 8 x
50e88083 1 0 11 xx 01 0000050e 0 1 0 0 x x 0 0 x x x 1 0 0 1 0 0 0 8 x
ffea1183 1 0 14 xx 03 fffffffe 0 1 0 0 x x 0 0 x x x 1 0 1 0 1 0 0 8 x
d2082003 1 0 10 xx 00 fffffd20 0 1 0 0 x x 0 0 x x x 1 0 3 0 0 1 x 8 x
e0504683 1 0 00 xx 0d fffffe05 0 1 0 0 x x 0 0 x x x 1 0 0 1 0 0 1 8 x
dab1da83 1 0 03 xx 15 fffffdab 0 1 0 0 x x 0 0 x x x 1 0 1 0 1 0 1 8 x
d2338683 1 0 07 xx 0d fffffd23 0 1 0 0 x x 0 0 x x x 1 0 0 1 0 0 0 8 x
a51f9303 1 0 1f xx 06 fffffa51 0 1 0 0 x x 0 0 x x x 1 0 1 0 1 0 0 8 x
800aa403 1 0 15 xx 08 fffff800 0 1 0 0 x x 0 0 x x x 1 0 3 0 0 1 x 8 x
0016c583 1 0 0d xx 0b 00000001 0 1 0 0 x x 0 0 x x x 1 0 0 1 0 0 1 8 x
55545103 1 0 08 xx 02 00000555 0 1 0 0 x x 0 0 x x x 1 0 1 0 1 0 1 8 x
96c70a03 1 0 0e xx 14 fffff96c 0 1 0 0 x x 0 0 x x x 1 0 0 1 0 0 0 8 x
80069583 1 0 0d xx 0b fffff800 0 1 0 0 x x 0 0 x x x 1 0 1 0 1 0 0 8 x
b87b2f83 1 0 16 xx 1f fffffb87 0 1 0 0 x x 0 0 x x x 1 0 3 0 0 1 x 8 x
800fcc83 1 0 1f xx 19 fffff800 0 1 0 0 x x 0 0 x x x 1 0 0 1 0 0 1 8 x
bcc55003 1 0 0a xx 00 fffffbcc 0 1 0 0 x x 0 0 x x x 1 0 1 0 1 0 1 8 x
000b0983 1 0 16 xx 13 00000000 0 1 0 0 x x 0 0 x x x 1 0 0 1 0 0 0 8 x
0fc49003 1 0 09 xx 00 000000fc 0 1 0 0 x x 0 0 x x x 1 0 1 0 1 0 0 8 x
9f002603 1 0 00 xx 0c fffff9f0 0 1 0 0 x x 0 0 x x x 1 0 3 0 0 1 x 8 x
7ff2c083 1 0 05 xx 01 000007ff 0 1 0 0 x x 0 0 x x x 1 0 0 1 0 0 1 8 x
2e3a5003 1 0 14 xx 00 000002e3 0 1 0 0 x x 0 0 x x x 1 0 1 0 1 0 1 8 x
fffb8883 1 0 17 xx 11 ffffffff 0 1 0 0 x x 0 0 x x x 1 0 0 1 0 0 0 8 x
1c331903 1 0 06 xx 12 000001c3 0 1 0 0 x x 0 0 x x x 1 0 1 0 1 0 0 8 x
fff82f83 1 0 10 xx 1f ffffffff 0 1 0 0 x x 0 0 x x x 1 0 3 0 0 1 x 8 x
890bcf83 1 0 17 xx 1f fffff890 0 1 0 0 x x 0 0 x x x 1 0 0 1 0 0 1 8 x
c9705283 1 0 00 xx 05 fffffc97 0 1 0 0 x x 0 0 x x x 1 0 1 0 1 0 1 8 x
74430183 1 0 06 xx 03 00000744 0 1 0 0 x x 0 0 x x x 1 0 0 1 0 0 0 8 x
368e9183 1 0 1d xx 03 00000368 0 1 0 0 x x 0 0 x x x 1 0 1 0 1 0 0 8 x
d2eca983 1 0 19 xx 13 fffffd2e 0 1 0 0 x x 0 0 x x x 1 0 3 0 0 1 x 8 x
0002c703 1 0 05 xx 0e 00000000 0 1 0 0 x x 0 0 x x x 1 0 0 1 0 0 1 8 x
78105b83 1 0 00 xx 17 00000781 0 1 0 0 x x 0 0 x x x 1 0 1 0 1 0 1 8 x
7ffc0c83 1 0 18 xx 19 000007ff 0 1 0 0 x x 0 0 x x x 1 0 0 1 0 0 0 8 x
34809e03 1 0 01 xx 1c 00000348 0 1 0 0 x x 0 0 x x x 1 0 1 0 1 0 0 8 x
ec9b2003 1 0 16 xx 00 fffffec9 0 1 0 0 x x 0 0 x x x 1 0 3 0 0 1 x 8 x
3dc3c583 1 0 07 xx 0b 000003dc 0 1 0 0 x x 0 0 x x x 1 0 0 1 0 0 1 8 x
90f05a03 1 0 00 xx 14 fffff90f 0 1 0 0 x x 0 0 x x x 1 0 1 0 1 0 1 8 x
7d068003 1 0 0d xx 00 000007d0 0 1 0 0 x x 0 0 x x x 1 0 0 1 0 0 0 8 x
b7bd9183 1 0 1b xx 03 fffffb7b 0 1 0 0 x x 0 0 x x x 1 0 1 0 1 0 0 8 x
fa9d2503 1 0 1a xx 0a ffffffa9 0 1 0 0 x x 0 0 x x x 1 0 3 0 0 1 x 8 x
fffe4a03 1 0 1c xx 14 ffffffff 0 1 0 0 x x 0 0 x x x 1 0 0 1 0 0 1 8 x
aaaed703 1 0 1d xx 0e fffffaaa 0 1 0 0 x x 0 0 x x x 1 0 1 0 1 0 1 8 x
e4e90003 1 0 12 xx 00 fffffe4e 0 1 0 0 x x 0 0 x x x 1 0 0 1 0 0 0 8 x
70a59003 1 0 0b xx 00 0000070a 0 1 0 0 x x 0 0 x x x 1 0 1 0 1 0 0 8 x
800a2d03 1 0 14 xx 1a fffff800 0 1 0 0 x x 0 0 x x x 1 0 3 0 0 1 x 8 x
be974303 1 0 0e xx 06 fffffbe9 0 1 0 0 x x 0 0 x x x 1 0 0 1 0 0 1 8 x
dbef5f83 1 0 1e xx 1f fffffdbe 0 1 0 0 x x 0 0 x x x 1 0 1 0 1 0 1 8 x
fb488003 1 0 11 xx 00 ffffffb4 0 1 0 0 x x 0 0 x x x 1 0 0 1 0 0 0 8 x
acaa1303 1 0 14 xx 06 fffffaca 0 1 0 0 x x 0 0 x x x 1 0 1 0 1 0 0 8 x
55562583 1 0 0c xx 0b 00000555 0 1 0 0 x x 0 0 x x x 1 0 3 0 0 1 x 8 x
34f64903 1 0 0c xx 12 0000034f 0 1 0 0 x x 0 0 x x x 1 0 0 1 0 0 1 8 x
80005303 1 0 00 xx 06 fffff800 0 1 0 0 x x 0 0 x x x 1 0 1 0 1 0 1 8 x
74e78f83 1 0 0f xx 1f 0000074e 0 1 0 0 x x 0 0 x x x 1 0 0 1 0 0 0 8 x
fbd01003 1 0 00 xx 00 ffffffbd 0 1 0 0 x x 0 0 x x x 1 0 1 0 1 0 0 8 x
fcada603 1 0 1b xx 0c ffffffca 0 1 0 0 x x 0 0 x x x 1 0 3 0 0 1 x 8 x
9bcbc703 1 0 17 xx 0e fffff9bc 0 1 0 0 x x 0 0 x x x 1 0 0 1 0 0 1 8 x
de015883 1 0 02 xx 11 fffffde0 0 1 0 0 x x 0 0 x x x 1 0 1 0 1 0 1 8 x
26af0003 1 0 1e xx 00 0000026a 0 1 0 0 x x 0 0 x x x 1 0 0 1 0 0 0 8 x
9fe39303 1 0 07 xx 06 fffff9fe 0 1 0 0 x x 0 0 x x x 1 0 1 0 1 0 0 8 x
ee8a2383 1 0 14 xx 07 fffffee8 0 1 0 0 x x 0 0 x x x 1 0 3 0 0 1 x 8 x
7ffccf83 1 0 19 xx 1f 000007ff 0 1 0 0 x x 0 0 x x x 1 0 0 1 0 0 1 8 x
800ad283 1 0 15 xx 05 fffff800 0 1 0 0 x x 0 0 x x x 1 0 1 0 1 0 1 8 x
aaaf8983 1 0 1f xx 13 fffffaaa 0 1 0 0 x x 0 0 x x x 1 0 0 1 0 0 0 8 x
f2ee9403 1 0 1d xx 08 ffffff2e 0 1 0 0 x x 0 0 x x x 1 0 1 0 1 0 0 8 x
80c62003 1 0 0c xx 00 fffff80c 0 1 0 0 x x 0 0 x x x 1 0 3 0 0 1 x 8 x
b9404783 1 0 00 xx 0f fffffb94 0 1 0 0 x x 0 0 x x x 1 0 0 1 0 0 1 8 x
21f05803 1 0 00 xx 10 0000021f 0 1 0 0 x x 0 0 x x x 1 0 1 0 1 0 1 8 x
e5da8d03 1 0 15 xx 1a fffffe5d 0 1 0 0 x x 0 0 x x x 1 0 0 1 0 0 0 8 x
fff79983 1 0 0f xx 13 ffffffff 0 1 0 0 x x 0 0 x x x 1 0 1 0 1 0 0 8 x
3a8d2003 1 0 1a xx 00 000003a8 0 1 0 0 x x 0 0 x x x 1 0 3 0 0 1 x 8 x
5a76c403 1 0 0d xx 08 000005a7 0 1 0 0 x x 0 0 x x x 1 0 0 1 0 0 1 8 x
8bd55003 1 0 0a xx 00 fffff8bd 0 1 0 0 x x 0 0 x x x 1 0 1 0 1 0 1 8 x
40110483 1 0 02 xx 09 00000401 0 1 0 0 x x 0 0 x x x 1 0 0 1 0 0 0 8 x
e0881b03 1 0 10 xx 16 fffffe08 0 1 0 0 x x 0 0 x x x 1 0 1 0 1 0 0 8 x
d71ba103 1 0 17 xx 02 fffffd71 0 1 0 0 x x 0 0 x x x 1 0 3 0 0 1 x 8 x
754fc403 1 0 1f xx 08 00000754 0 1 0 0 x x 0 0 x x x 1 0 0 1 0 0 1 8 x
836add03 1 0 15 xx 1a fffff836 0 1 0 0 x x 0 0 x x x 1 0 1 0 1 0 1 8 x
# --- STORE ---
# i_inst | o_legal o_halt o_rs1 o_rs2 o_rd o_immediate o_op1_sel o_op2_sel
#     o_alu_opsel o_alu_sub o_alu_unsigned o_alu_arith o_branch o_jump
#     o_branch_equal o_branch_unsigned o_branch_invert o_dmem_ren o_dmem_wen
#     o_dmem_align o_dmem_memb o_dmem_memh o_dmem_memw o_dmem_memu o_rd_sel
#     o_pc_sel
26178123 1 0 0f 01 00 00000262 0 1 0 0 x x 0 0 x x x 0 1 0 1 0 0 x x x
52bf9123 1 0 1f 0b 00 00000522 0 1 0 0 x x 0 0 x x x 0 1 1 0 1 0 x x x
58532423 1 0 06 05 00 00000588 0 1 0 0 x x 0 0 x x x 0 1 3 0 0 1 x x x
80028023 1 0 05 00 00 fffff800 0 1 0 0 x x 0 0 x x x 0 1 0 1 0 0 x x x
767f99a3 1 0 1f 07 00 00000773 0 1 0 0 x x 0 0 x x x 0 1 1 0 1 0 x x x
a619a5a3 1 0 13 01 00 fffffa6b 0 1 0 0 x x 0 0 x x x 0 1 3 0 0 1 x x x
c13c09a3 1 0 18 13 00 fffffc13 0 1 0 0 x x 0 0 x x x 0 1 0 1 0 0 x x x
fe9b9fa3 1 0 17 09 00 ffffffff 0 1 0 0 x x 0 0 x x x 0 1 1 0 1 0 x x x
80c0a023 1 0 01 0c 00 fffff800 0 1 0 0 x x 0 0 x x x 0 1 3 0 0 1 x x x
01c28023 1 0 05 1c 00 00000000 0 1 0 0 x x 0 0 x x x 0 1 0 1 0 0 x x x
65079fa3 1 0 0f 10 00 0000065f 0 1 0 0 x x 0 0 x x x 0 1 1 0 1 0 x x x
c3ee2023 1 0 1c 1e 00 fffffc20 0 1 0 0 x x 0 0 x x x 0 1 3 0 0 1 x x x
ffa18f23 1 0 03 1a 00 fffffffe 0 1 0 0 x x 0 0 x x x 0 1 0 1 0 0 x x x
ab811523 1 0 02 18 00 fffffaaa 0 1 0 0 x x 0 0 x x x 0 1 1 0 1 0 x x x
c0662f23 1 0 0c 06 00 fffffc1e 0 1 0 0 x x 0 0 x x x 0 1 3 0 0 1 x x x
580d07a3 1 0 1a 00 00 0000058f 0 1 0 0 x x 0 0 x x x 0 1 0 1 0 0 x x x
dc0f1aa3 1 0 1e 00 00 fffffdd5 0 1 0 0 x x 0 0 x x x 0 1 1 0 1 0 x x x
a55828a3 1 0 10 15 00 fffffa51 0 1 0 0 x x 0 0 x x x 0 1 3 0 0 1 x x x
e7a009a3 1 0 00 1a 00 fffffe73 0 1 0 0 x x 0 0 x x x 0 1 0 1 0 0 x x x
c2f59ba3 1 0 0b 0f 00 fffffc37 0 1 0 0 x x 0 0 x x x 0 1 1 0 1 0 x x x
ff962fa3 1 0 0c 19 00 ffffffff 0 1 0 0 x x 0 0 x x x 0 1 3 0 0 1 x x x
7d158ea3 1 0 0b 11 00 000007dd 0 1 0 0 x x 0 0 x x x 0 1 0 1 0 0 x x x
60a619a3 1 0 0c 0a 00 00000613 0 1 0 0 x x 0 0 x x x 0 1 1 0 1 0 x x x
780ba923 1 0 17 00 00 00000792 0 1 0 0 x x 0 0 x x x 0 1 3 0 0 1 x x x
881d88a3 1 0 1b 01 00 fffff891 0 1 0 0 x x 0 0 x x x 0 1 0 1 0 0 x x x
efb39523 1 0 07 1b 00 fffffeea 0 1 0 0 x x 0 0 x x x 0 1 1 0 1 0 x x x
e0b72f23 1 0 0e 0b 00 fffffe1e 0 1 0 0 x x 0 0 x x x 0 1 3 0 0 1 x x x
e0c20323 1 0 04 0c 00 fffffe06 0 1 0 0 x x 0 0 x x x 0 1 0 1 0 0 x x x
f22c18a3 1 0 18 02 00 ffffff31 0 1 0 0 x x 0 0 x x x 0 1 1 0 1 0 x x x
072fa4a3 1 0 1f 12 00 00000069 0 1 0 0 x x 0 0 x x x 0 1 3 0 0 1 x x x
00cc8223 1 0 19 0c 00 00000004 0 1 0 0 x x 0 0 x x x 0 1 0 1 0 0 x x x
65499023 1 0 13 14 00 00000640 0 1 0 0 x x 0 0 x x x 0 1 1 0 1 0 x x x
192920a3 1 0 12 12 00 00000181 0 1 0 0 x x 0 0 x x x 0 1 3 0 0 1 x x x
83b00023 1 0 00 1b 00 fffff820 0 1 0 0 x x 0 0 x x x 0 1 0 1 0 0 x x x
fe3c1fa3 1 0 18 03 00 ffffffff 0 1 0 0 x x 0 0 x x x 0 1 1 0 1 0 x x x
01e3a023 1 0 07 1e 00 00000000 0 1 0 0 x x 0 0 x x x 0 1 3 0 0 1 x x x
007b80a3 1 0 17 07 00 00000001 0 1 0 0 x x 0 0 x x x 0 1 0 1 0 0 x x x
4d5018a3 1 0 00 15 00 000004d1 0 1 0 0 x x 0 0 x x x 0 1 1 0 1 0 x x x
016ca0a3 1 0 19 16 00 00000001 0 1 0 0 x x 0 0 x x x 0 1 3 0 0 1 x x x
000180a3 1 0 03 00 00 00000001 0 1 0 0 x x 0 0 x x x 0 1 0 1 0 0 x x x
af079823 1 0 0f 10 00 fffffaf0 0 1 0 0 x x 0 0 x x x 0 1 1 0 1 0 x x x
60c02823 1 0 00 0c 00 00000610 0 1 0 0 x x 0 0 x x x 0 1 3 0 0 1 x x x
51228e23 1 0 05 12 00 0000051c 0 1 0 0 x x 0 0 x x x 0 1 0 1 0 0 x x x
01e19023 1 0 03 1e 00 00000000 0 1 0 0 x x 0 0 x x x 0 1 1 0 1 0 x x x
dce72ea3 1 0 0e 0e 00 fffffddd 0 1 0 0 x x 0 0 x x x 0 1 3 0 0 1 x x x
ff188f23 1 0 11 11 00 fffffffe 0 1 0 0 x x 0 0 x x x 0 1 0 1 0 0 x x x
d47c9ea3 1 0 19 07 00 fffffd5d 0 1 0 0 x x 0 0 x x x 0 1 1 0 1 0 x x x
99272da3 1 0 0e 12 00 fffff99b 0 1 0 0 x x 0 0 x x x 0 1 3 0 0 1 x x x
effd8723 1 0 1b 1f 00 fffffeee 0 1 0 0 x x 0 0 x x x 0 1 0 1 0 0 x x x
c73c1823 1 0 18 13 00 fffffc70 0 1 0 0 x x 0 0 x x x 0 1 1 0 1 0 x x x
6de2a3a3 1 0 05 1e 00 000006c7 0 1 0 0 x x 0 0 x x x 0 1 3 0 0 1 x x x
16000ea3 1 0 00 00 00 0000017d 0 1 0 0 x x 0 0 x x x 0 1 0 1 0 0 x x x
cb4018a3 1 0 00 14 00 fffffcb1 0 1 0 0 x x 0 0 x x x 0 1 1 0 1 0 x x x
879d2723 1 0 1a 19 00 fffff86e 0 1 0 0 x x 0 0 x x x 0 1 3 0 0 1 x x x
4a6786a3 1 0 0f 06 00 000004ad 0 1 0 0 x x 0 0 x x x 0 1 0 1 0 0 x x x
7ef71fa3 1 0 0e 0f 00 000007ff 0 1 0 0 x x 0 0 x x x 0 1 1 0 1 0 x x x
ad5824a3 1 0 10 15 00 fffffac9 0 1 0 0 x x 0 0 x x x 0 1 3 0 0 1 x x x
018b00a3 1 0 16 18 00 00000001 0 1 0 0 x x 0 0 x x x 0 1 0 1 0 0 x x x
81551023 1 0 0a 15 00 fffff800 0 1 0 0 x x 0 0 x x x 0 1 1 0 1 0 x x x
11e92da3 1 0 12 1e 00 0000011b 0 1 0 0 x x 0 0 x x x 0 1 3 0 0 1 x x x
8c870b23 1 0 0e 08 00 fffff8d6 0 1 0 0 x x 0 0 x x x 0 1 0 1 0 0 x x x
64001223 1 0 00 00 00 00000644 0 1 0 0 x x 0 0 x x x 0 1 1 0 1 0 x x x
ffc22f23 1 0 04 1c 00 fffffffe 0 1 0 0 x x 0 0 x x x 0 1 3 0 0 1 x x x
6e090ca3 1 0 12 00 00 000006f9 0 1 0 0 x x 0 0 x x x 0 1 0 1 0 0 x x x
7e0d9aa3 1 0 1b 00 00 000007f5 0 1 0 0 x x 0 0 x x x 0 1 1 0 1 0 x x x
d1e82523 1 0 10 1e 00 fffffd0a 0 1 0 0 x x 0 0 x x x 0 1 3 0 0 1 x x x
a97689a3 1 0 0d 17 00 fffffa93 0 1 0 0 x x 0 0 x x x 0 1 0 1 0 0 x x x
0a001923 1 0 00 00 00 000000b2 0 1 0 0 x x 0 0 x x x 0 1 1 0 1 0 x x x
8003a023 1 0 07 00 00 fffff800 0 1 0 0 x x 0 0 x x x 0 1 3 0 0 1 x x x
55fd8aa3 1 0 1b 1f 00 00000555 0 1 0 0 x x 0 0 x x x 0 1 0 1 0 0 x x x
8ef011a3 1 0 00 0f 00 fffff8e3 0 1 0 0 x x 0 0 x x x 0 1 1 0 1 0 x x x
35bfafa3 1 0 1f 1b 00 0000035f 0 1 0 0 x x 0 0 x x x 0 1 3 0 0 1 x x x
c15c8a23 1 0 19 15 00 fffffc14 0 1 0 0 x x 0 0 x x x 0 1 0 1 0 0 x x x
00751023 1 0 0a 07 00 00000000 0 1 0 0 x x 0 0 x x x 0 1 1 0 1 0 x x x
56cfa5a3 1 0 1f 0c 00 0000056b 0 1 0 0 x x 0 0 x x x 0 1 3 0 0 1 x x x
08160923 1 0 0c 01 00 00000092 0 1 0 0 x x 0 0 x x x 0 1 0 1 0 0 x x x
cc589ba3 1 0 11 05 00 fffffcd7 0 1 0 0 x x 0 0 x x x 0 1 1 0 1 0 x x x
43a022a3 1 0 00 1a 00 00000425 0 1 0 0 x x 0 0 x x x 0 1 3 0 0 1 x x x
820189a3 1 0 03 00 00 fffff833 0 1 0 0 x x 0 0 x x x 0 1 0 1 0 0 x x x
fe0f9f23 1 0 1f 00 00 fffffffe 0 1 0 0 x x 0 0 x x x 0 1 1 0 1 0 x x x
3d6ea6a3 1 0 1d 16 00 000003cd 0 1 0 0 x x 0 0 x x x 0 1 3 0 0 1 x x x
2da285a3 1 0 05 1a 00 000002cb 0 1 0 0 x x 0 0 x x x 0 1 0 1 0 0 x x x
71109623 1 0 01 11 00 0000070c 0 1 0 0 x x 0 0 x x x 0 1 1 0 1 0 x x x
23fba6a3 1 0 17 1f 00 0000022d 0 1 0 0 x x 0 0 x x x 0 1 3 0 0 1 x x x
66b202a3 1 0 04 0b 00 00000665 0 1 0 0 x x 0 0 x x x 0 1 0 1 0 0 x x x
f5b79da3 1 0 0f 1b 00 ffffff5b 0 1 0 0 x x 0 0 x x x 0 1 1 0 1 0 x x x
1dae2623 1 0 1c 1a 00 000001cc 0 1 0 0 x x 0 0 x x x 0 1 3 0 0 1 x x x
0ae502a3 1 0 0a 0e 00 000000a5 0 1 0 0 x x 0 0 x x x 0 1 0 1 0 0 x x x
4b391aa3 1 0 12 13 00 000004b5 0 1 0 0 x x 0 0 x x x 0 1 1 0 1 0 x x x
2605a223 1 0 0b 00 00 00000264 0 1 0 0 x x 0 0 x x x 0 1 3 0 0 1 x x x
66890fa3 1 0 12 08 00 0000067f 0 1 0 0 x x 0 0 x x x 0 1 0 1 0 0 x x x
015e10a3 1 0 1c 15 00 00000001 0 1 0 0 x x 0 0 x x x 0 1 1 0 1 0 x x x
7fef2fa3 1 0 1e 1e 00 000007ff 0 1 0 0 x x 0 0 x x x 0 1 3 0 0 1 x x x
aab20523 1 0 04 0b 00 fffffaaa 0 1 0 0 x x 0 0 x x x 0 1 0 1 0 0 x x x
1d8c1ba3 1 0 18 18 00 000001d7 0 1 0 0 x x 0 0 x x x 0 1 1 0 1 0 x x x
d5ceafa3 1 0 1d 1c 00 fffffd5f 0 1 0 0 x x 0 0 x x x 0 1 3 0 0 1 x x x
ae6e82a3 1 0 1d 06 00 fffffae5 0 1 0 0 x x 0 0 x x x 0 1 0 1 0 0 x x x
626d9ca3 1 0 1b 06 00 00000639 0 1 0 0 x x 0 0 x x x 0 1 1 0 1 0 x x x
0ed1a8a3 1 0 03 0d 00 000000f1 0 1 0 0 x x 0 0 x x x 0 1 3 0 0 1 x x x
e2050e23 1 0 0a 00 00 fffffe3c 0 1 0 0 x x 0 0 x x x 0 1 0 1 0 0 x x x
246110a3 1 0 02 06 00 00000241 0 1 0 0 x x 0 0 x x x 0 1 1 0 1 0 x x x
008a2023 1 0 14 08 00 00000000 0 1 0 0 x x 0 0 x x x 0 1 3 0 0 1 x x x
78478023 1 0 0f 04 00 00000780 0 1 0 0 x x 0 0 x x x 0 1 0 1 0 0 x x x
ff9011a3 1 0 00 19 00 ffffffe3 0 1 0 0 x x 0 0 x x x 0 1 1 0 1 0 x x x
2a6fa523 1 0 1f 06 00 000002aa 0 1 0 0 x x 0 0 x x x 0 1 3 0 0 1 x x x
cdf00ea3 1 0 00 1f 00 fffffcdd 0 1 0 0 x x 0 0 x x x 0 1 0 1 0 0 x x x
c3a595a3 1 0 0b 1a 00 fffffc2b 0 1 0 0 x x 0 0 x x x 0 1 1 0 1 0 x x x
9f782223 1 0 10 17 00 fffff9e4 0 1 0 0 x x 0 0 x x x 0 1 3 0 0 1 x x x
6afb8fa3 1 0 17 0f 00 000006bf 0 1 0 0 x x 0 0 x x x 0 1 0 1 0 0 x x x
efa99523 1 0 13 1a 00 fffffeea 0 1 0 0 x x 0 0 x x x 0 1 1 0 1 0 x x x
abf42523 1 0 08 1f 00 fffffaaa 0 1 0 0 x x 0 0 x x x 0 1 3 0 0 1 x x x
a7ef86a3 1 0 1f 1e 00 fffffa6d 0 1 0 0 x x 0 0 x x x 0 1 0 1 0 0 x x x
014210a3 1 0 04 14 00 00000001 0 1 0 0 x x 0 0 x x x 0 1 1 0 1 0 x x x
d403ac23 1 0 07 00 00 fffffd58 0 1 0 0 x x 0 0 x x x 0 1 3 0 0 1 x x x
877a80a3 1 0 15 17 00 fffff861 0 1 0 0 x x 0 0 x x x 0 1 0 1 0 0 x x x
ffc81fa3 1 0 10 1c 00 ffffffff 0 1 0 0 x x 0 0 x x x 0 1 1 0 1 0 x x x
e6e020a3 1 0 00 0e 00 fffffe61 0 1 0 0 x x 0 0 x x x 0 1 3 0 0 1 x x x
7e8c0fa3 1 0 18 08 00 000007ff 0 1 0 0 x x 0 0 x x x 0 1 0 1 0 0 x x x
a1cb1423 1 0 16 1c 00 fffffa08 0 1 0 0 x x 0 0 x x x 0 1 1 0 1 0 x x x
c8e42d23 1 0 08 0e 00 fffffc9a 0 1 0 0 x x 0 0 x x x 0 1 3 0 0 1 x x x
b7f30323 1 0 06 1f 00 fffffb66 0 1 0 0 x x 0 0 x x x 0 1 0 1 0 0 x x x
795e9423 1 0 1d 15 00 00000788 0 1 0 0 x x 0 0 x x x 0 1 1 0 1 0 x x x
55a02aa3 1 0 00 1a 00 00000555 0 1 0 0 x x 0 0 x x x 0 1 3 0 0 1 x x x
e71906a3 1 0 12 11 00 fffffe6d 0 1 0 0 x x 0 0 x x x 0 1 0 1 0 0 x x x
145b1fa3 1 0 16 05 00 0000015f 0 1 0 0 x x 0 0 x x x 0 1 1 0 1 0 x x x
ab70a523 1 0 01 17 00 fffffaaa 0 1 0 0 x x 0 0 x x x 0 1 3 0 0 1 x x x
ab4381a3 1 0 07 14 00 fffffaa3 0 1 0 0 x x 0 0 x x x 0 1 0 1 0 0 x x x
ad801c23 1 0 00 18 00 fffffad8 0 1 0 0 x x 0 0 x x x 0 1 1 0 1 0 x x x
b9742e23 1 0 08 17 00 fffffb9c 0 1 0 0 x x 0 0 x x x 0 1 3 0 0 1 x x x
5dd48b23 1 0 09 1d 00 000005d6 0 1 0 0 x x 0 0 x x x 0 1 0 1 0 0 x x x
ed5d9da3 1 0 1b 15 00 fffffedb 0 1 0 0 x x 0 0 x x x 0 1 1 0 1 0 x x x
76e622a3 1 0 0c 0e 00 00000765 0 1 0 0 x x 0 0 x x x 0 1 3 0 0 1 x x x
82bf86a3 1 0 1f 0b 00 fffff82d 0 1 0 0 x x 0 0 x x x 0 1 0 1 0 0 x x x
554f9f23 1 0 1f 14 00 0000055e 0 1 0 0 x x 0 0 x x x 0 1 1 0 1 0 x x x
8c0ea1a3 1 0 1d 00 00 fffff8c3 0 1 0 0 x x 0 0 x x x 0 1 3 0 0 1 x x x
bdbe07a3 1 0 1c 1b 00 fffffbcf 0 1 0 0 x x 0 0 x x x 0 1 0 1 0 0 x x x
7de49b23 1 0 09 1e 00 000007d6 0 1 0 0 x x 0 0 x x x 0 1 1 0 1 0 x x x
feaeaf23 1 0 1d 0a 00 fffffffe 0 1 0 0 x x 0 0 x x x 0 1 3 0 0 1 x x x
819f8023 1 0 1f 19 00 fffff800 0 1 0 0 x x 0 0 x x x 0 1 0 1 0 0 x x x
a00b1fa3 1 0 16 00 00 fffffa1f 0 1 0 0 x x 0 0 x x x 0 1 1 0 1 0 x x x
da60a823 1 0 01 06 00 fffffdb0 0 1 0 0 x x 0 0 x x x 0 1 3 0 0 1 x x x
ce8401a3 1 0 08 08 00 fffffce3 0 1 0 0 x x 0 0 x x x 0 1 0 1 0 0 x x x
806f1023 1 0 1e 06 00 fffff800 0 1 0 0 x x 0 0 x x x 0 1 1 0 1 0 x x x
fd61aca3 1 0 03 16 00 ffffffd9 0 1 0 0 x x 0 0 x x x 0 1 3 0 0 1 x x x
235e0ca3 1 0 1c 15 00 00000239 0 1 0 0 x x 0 0 x x x 0 1 0 1 0 0 x x x
fe001fa3 1 0 00 00 00 ffffffff 0 1 0 0 x x 0 0 x x x 0 1 1 0 1 0 x x x
816e2023 1 0 1c 16 00 fffff800 0 1 0 0 x x 0 0 x x x 0 1 3 0 0 1 x x x
25830823 1 0 06 18 00 00000250 0 1 0 0 x x 0 0 x x x 0 1 0 1 0 0 x x x
0de59c23 1 0 0b 1e 00 000000d8 0 1 0 0 x x 0 0 x x x 0 1 1 0 1 0 x x x
aa762523 1 0 0c 07 00 fffffaaa 0 1 0 0 x x 0 0 x x x 0 1 3 0 0 1 x x x
da9a8ca3 1 0 15 09 00 fffffdb9 0 1 0 0 x x 0 0 x x x 0 1 0 1 0 0 x x x
769e90a3 1 0 1d 09 00 00000761 0 1 0 0 x x 0 0 x x x 0 1 1 0 1 0 x x x
74f7a2a3 1 0 0f 0f 00 00000745 0 1 0 0 x x 0 0 x x x 0 1 3 0 0 1 x x x
f1af0b23 1 0 1e 1a 00 ffffff16 0 1 0 0 x x 0 0 x x x 0 1 0 1 0 0 x x x
81339023 1 0 07 13 00 fffff800 0 1 0 0 x x 0 0 x x x 0 1 1 0 1 0 x x x
75f2aea3 1 0 05 1f 00 0000075d 0 1 0 0 x x 0 0 x x x 0 1 3 0 0 1 x x x
6c5e0423 1 0 1c 05 00 000006c8 0 1 0 0 x x 0 0 x x x 0 1 0 1 0 0 x x x
6fa01923 1 0 00 1a 00 000006f2 0 1 0 0 x x 0 0 x x x 0 1 1 0 1 0 x x x
55f32aa3 1 0 06 1f 00 00000555 0 1 0 0 x x 0 0 x x x 0 1 3 0 0 1 x x x
aaef8523 1 0 1f 0e 00 fffffaaa 0 1 0 0 x x 0 0 x x x 0 1 0 1 0 0 x x x
32701f23 1 0 00 07 00 0000033e 0 1 0 0 x x 0 0 x x x 0 1 1 0 1 0 x x x
d1f6ae23 1 0 0d 1f 00 fffffd1c 0 1 0 0 x x 0 0 x x x 0 1 3 0 0 1 x x x
86980b23 1 0 10 09 00 fffff876 0 1 0 0 x x 0 0 x x x 0 1 0 1 0 0 x x x
fe089fa3 1 0 11 00 00 ffffffff 0 1 0 0 x x 0 0 x x x 0 1 1 0 1 0 x x x
436da623 1 0 1b 16 00 0000042c 0 1 0 0 x x 0 0 x x x 0 1 3 0 0 1 x x x
a7f58623 1 0 0b 1f 00 fffffa6c 0 1 0 0 x x 0 0 x x x 0 1 0 1 0 0 x x x
ca0e9d23 1 0 1d 00 00 fffffcba 0 1 0 0 x x 0 0 x x x 0 1 1 0 1 0 x x x
82132623 1 0 06 01 00 fffff82c 0 1 0 0 x x 0 0 x x x 0 1 3 0 0 1 x x x
de290ba3 1 0 12 02 00 fffffdf7 0 1 0 0 x x 0 0 x x x 0 1 0 1 0 0 x x x
006690a3 1 0 0d 06 00 00000001 0 1 0 0 x x 0 0 x x x 0 1 1 0 1 0 x x x
5cd02023 1 0 00 0d 00 000005c0 0 1 0 0 x x 0 0 x x x 0 1 3 0 0 1 x x x
4ac98423 1 0 13 0c 00 000004a8 0 1 0 0 x x 0 0 x x x 0 1 0 1 0 0 x x x
24679ca3 1 0 0f 06 00 00000259 0 1 0 0 x x 0 0 x x x 0 1 1 0 1 0 x x x
61baa4a3 1 0 15 1b 00 00000609 0 1 0 0 x x 0 0 x x x 0 1 3 0 0 1 x x x
95f500a3 1 0 0a 1f 00 fffff941 0 1 0 0 x x 0 0 x x x 0 1 0 1 0 0 x x x
720a9523 1 0 15 00 00 0000072a 0 1 0 0 x x 0 0 x x x 0 1 1 0 1 0 x x x
54a8aaa3 1 0 11 0a 00 00000555 0 1 0 0 x x 0 0 x x x 0 1 3 0 0 1 x x x
eb590b23 1 0 12 15 00 fffffeb6 0 1 0 0 x x 0 0 x x x 0 1 0 1 0 0 x x x
7e9e1fa3 1 0 1c 09 00 000007ff 0 1 0 0 x x 0 0 x x x 0 1 1 0 1 0 x x x
46cfa523 1 0 1f 0c 00 0000046a 0 1 0 0 x x 0 0 x x x 0 1 3 0 0 1 x x x
6c7805a3 1 0 10 07 00 000006cb 0 1 0 0 x x 0 0 x x x 0 1 0 1 0 0 x x x
666f9123 1 0 1f 06 00 00000662 0 1 0 0 x x 0 0 x x x 0 1 1 0 1 0 x x x
048aae23 1 0 15 08 00 0000005c 0 1 0 0 x x 0 0 x x x 0 1 3 0 0 1 x x x
a41c81a3 1 0 19 01 00 fffffa43 0 1 0 0 x x 0 0 x x x 0 1 0 1 0 0 x x x
5bf390a3 1 0 07 1f 00 000005a1 0 1 0 0 x x 0 0 x x x 0 1 1 0 1 0 x x x
af002aa3 1 0 00 10 00 fffffaf5 0 1 0 0 x x 0 0 x x x 0 1 3 0 0 1 x x x
da840ca3 1 0 08 08 00 fffffdb9 0 1 0 0 x x 0 0 x x x 0 1 0 1 0 0 x x x
fe231323 1 0 06 02 00 ffffffe6 0 1 0 0 x x 0 0 x x x 0 1 1 0 1 0 x x x
8c0c2da3 1 0 18 00 00 fffff8db 0 1 0 0 x x 0 0 x x x 0 1 3 0 0 1 x x x
036b8e23 1 0 17 16 00 0000003c 0 1 0 0 x x 0 0 x x x 0 1 0 1 0 0 x x x
b6289923 1 0 11 02 00 fffffb72 0 1 0 0 x x 0 0 x x x 0 1 1 0 1 0 x x x
a510af23 1 0 01 11 00 fffffa5e 0 1 0 0 x x 0 0 x x x 0 1 3 0 0 1 x x x
e95984a3 1 0 13 15 00 fffffe89 0 1 0 0 x x 0 0 x x x 0 1 0 1 0 0 x x x
effe97a3 1 0 1d 1f 00 fffffeef 0 1 0 0 x x 0 0 x x x 0 1 1 0 1 0 x x x
040e2523 1 0 1c 00 00 0000004a 0 1 0 0 x x 0 0 x x x 0 1 3 0 0 1 x x x
058e8323 1 0 1d 18 00 00000046 0 1 0 0 x x 0 0 x x x 0 1 0 1 0 0 x x x
3e5f9aa3 1 0 1f 05 00 000003f5 0 1 0 0 x x 0 0 x x x 0 1 1 0 1 0 x x x
b329a4a3 1 0 13 12 00 fffffb29 0 1 0 0 x x 0 0 x x x 0 1 3 0 0 1 x x x
123b0f23 1 0 16 03 00 0000013e 0 1 0 0 x x 0 0 x x x 0 1 0 1 0 0 x x x
014a1023 1 0 14 14 00 00000000 0 1 0 0 x x 0 0 x x x 0 1 1 0 1 0 x x x
5405aaa3 1 0 0b 00 00 00000555 0 1 0 0 x x 0 0 x x x 0 1 3 0 0 1 x x x
cb850fa3 1 0 0a 18 00 fffffcbf 0 1 0 0 x x 0 0 x x x 0 1 0 1 0 0 x x x
10b397a3 1 0 07 0b 00 0000010f 0 1 0 0 x x 0 0 x x x 0 1 1 0 1 0 x x x
e3fa2323 1 0 14 1f 00 fffffe26 0 1 0 0 x x 0 0 x x x 0 1 3 0 0 1 x x x
017400a3 1 0 08 17 00 00000001 0 1 0 0 x x 0 0 x x x 0 1 0 1 0 0 x x x
55d99aa3 1 0 13 1d 00 00000555 0 1 0 0 x x 0 0 x x x 0 1 1 0 1 0 x x x
0b5e2da3 1 0 1c 15 00 000000bb 0 1 0 0 x x 0 0 x x x 0 1 3 0 0 1 x x x
e8600a23 1 0 00 06 00 fffffe94 0 1 0 0 x x 0 0 x x x 0 1 0 1 0 0 x x x
f0109923 1 0 01 01 00 ffffff12 0 1 0 0 x x 0 0 x x x 0 1 1 0 1 0 x x x
aaf32523 1 0 06 0f 00 fffffaaa 0 1 0 0 x x 0 0 x x x 0 1 3 0 0 1 x x x
d66a8423 1 0 15 06 00 fffffd68 0 1 0 0 x x 0 0 x x x 0 1 0 1 0 0 x x x
80801023 1 0 00 08 00 fffff800 0 1 0 0 x x 0 0 x x x 0 1 1 0 1 0 x x x
220fa1a3 1 0 1f 00 00 00000223 0 1 0 0 x x 0 0 x x x 0 1 3 0 0 1 x x x
a89d0ba3 1 0 1a 09 00 fffffa97 0 1 0 0 x x 0 0 x x x 0 1 0 1 0 0 x x x
21801d23 1 0 00 18 00 0000021a 0 1 0 0 x x 0 0 x x x 0 1 1 0 1 0 x x x
abb9a8a3 1 0 13 1b 00 fffffab1 0 1 0 0 x x 0 0 x x x 0 1 3 0 0 1 x x x
0e4b0323 1 0 16 04 00 000000e6 0 1 0 0 x x 0 0 x x x 0 1 0 1 0 0 x x x
80079023 1 0 0f 00 00 fffff800 0 1 0 0 x x 0 0 x x x 0 1 1 0 1 0 x x x
9a802ea3 1 0 00 08 00 fffff9bd 0 1 0 0 x x 0 0 x x x 0 1 3 0 0 1 x x x
05f20aa3 1 0 04 1f 00 00000055 0 1 0 0 x x 0 0 x x x 0 1 0 1 0 0 x x x
000b1023 1 0 16 00 00 00000000 0 1 0 0 x x 0 0 x x x 0 1 1 0 1 0 x x x
fad52323 1 0 0a 0d 00 ffffffa6 0 1 0 0 x x 0 0 x x x 0 1 3 0 0 1 x x x
18740a23 1 0 08 07 00 00000194 0 1 0 0 x x 0 0 x x x 0 1 0 1 0 0 x x x
555195a3 1 0 03 15 00 0000054b 0 1 0 0 x x 0 0 x x x 0 1 1 0 1 0 x x x
ab2fa523 1 0 1f 12 00 fffffaaa 0 1 0 0 x x 0 0 x x x 0 1 3 0 0 1 x x x
6e0b0e23 1 0 16 00 00 000006fc 0 1 0 0 x x 0 0 x x x 0 1 0 1 0 0 x x x
fe321fa3 1 0 04 03 00 ffffffff 0 1 0 0 x x 0 0 x x x 0 1 1 0 1 0 x x x
580ea423 1 0 1d 00 00 00000588 0 1 0 0 x x 0 0 x x x 0 1 3 0 0 1 x x x
cff08ba3 1 0 01 1f 00 fffffcf7 0 1 0 0 x x 0 0 x x x 0 1 0 1 0 0 x x x
a54913a3 1 0 12 14 00 fffffa47 0 1 0 0 x x 0 0 x x x 0 1 1 0 1 0 x x x
922ba123 1 0 17 02 00 fffff922 0 1 0 0 x x 0 0 x x x 0 1 3 0 0 1 x x x
0c098123 1 0 13 00 00 000000c2 0 1 0 0 x x 0 0 x x x 0 1 0 1 0 0 x x x
60001e23 1 0 00 00 00 0000061c 0 1 0 0 x x 0 0 x x x 0 1 1 0 1 0 x x x
fe08afa3 1 0 11 00 00 ffffffff 0 1 0 0 x x 0 0 x x x 0 1 3 0 0 1 x x x
1d9e8da3 1 0 1d 19 00 000001db 0 1 0 0 x x 0 0 x x x 0 1 0 1 0 0 x x x
2c0117a3 1 0 02 00 00 000002cf 0 1 0 0 x x 0 0 x x x 0 1 1 0 1 0 x x x
aa0ca523 1 0 19 00 00 fffffaaa 0 1 0 0 x x 0 0 x x x 0 1 3 0 0 1 x x x
029806a3 1 0 10 09 00 0000002d 0 1 0 0 x x 0 0 x x x 0 1 0 1 0 0 x x x
feb01fa3 1 0 00 0b 00 ffffffff 0 1 0 0 x x 0 0 x x x 0 1 1 0 1 0 x x x
f1ffa823 1 0 1f 1f 00 ffffff10 0 1 0 0 x x 0 0 x x x 0 1 3 0 0 1 x x x
477004a3 1 0 00 17 00 00000469 0 1 0 0 x x 0 0 x x x 0 1 0 1 0 0 x x x
005d10a3 1 0 1a 05 00 00000001 0 1 0 0 x x 0 0 x x x 0 1 1 0 1 0 x x x
2e0aa7a3 1 0 15 00 00 000002ef 0 1 0 0 x x 0 0 x x x 0 1 3 0 0 1 x x x
011f0023 1 0 1e 11 00 00000000 0 1 0 0 x x 0 0 x x x 0 1 0 1 0 0 x x x
ff039f23 1 0 07 10 00 fffffffe 0 1 0 0 x x 0 0 x x x 0 1 1 0 1 0 x x x
7f11a223 1 0 03 11 00 000007e4 0 1 0 0 x x 0 0 x x x 0 1 3 0 0 1 x x x
8d7f8423 1 0 1f 17 00 fffff8c8 0 1 0 0 x x 0 0 x x x 0 1 0 1 0 0 x x x
4b0019a3 1 0 00 10 00 000004b3 0 1 0 0 x x 0 0 x x x 0 1 1 0 1 0 x x x
d041a0a3 1 0 03 04 00 fffffd01 0 1 0 0 x x 0 0 x x x 0 1 3 0 0 1 x x x
53df8123 1 0 1f 1d 00 00000522 0 1 0 0 x x 0 0 x x x 0 1 0 1 0 0 x x x
feee9f23 1 0 1d 0e 00 fffffffe 0 1 0 0 x x 0 0 x x x 0 1 1 0 1 0 x x x
420fa623 1 0 1f 00 00 0000042c 0 1 0 0 x x 0 0 x x x 0 1 3 0 0 1 x x x
55f80e23 1 0 10 1f 00 0000055c 0 1 0 0 x x 0 0 x x x 0 1 0 1 0 0 x x x
014e9023 1 0 1d 14 00 00000000 0 1 0 0 x x 0 0 x x x 0 1 1 0 1 0 x x x
98c024a3 1 0 00 0c 00 fffff989 0 1 0 0 x x 0 0 x x x 0 1 3 0 0 1 x x x
d7140ca3 1 0 08 11 00 fffffd79 0 1 0 0 x x 0 0 x x x 0 1 0 1 0 0 x x x
5baf93a3 1 0 1f 1a 00 000005a7 0 1 0 0 x x 0 0 x x x 0 1 1 0 1 0 x x x
9a4fa823 1 0 1f 04 00 fffff9b0 0 1 0 0 x x 0 0 x x x 0 1 3 0 0 1 x x x
b26107a3 1 0 02 06 00 fffffb2f 0 1 0 0 x x 0 0 x x x 0 1 0 1 0 0 x x x
7a2b90a3 1 0 17 02 00 000007a1 0 1 0 0 x x 0 0 x x x 0 1 1 0 1 0 x x x
b3c42123 1 0 08 1c 00 fffffb22 0 1 0 0 x x 0 0 x x x 0 1 3 0 0 1 x x x
bb1e0ca3 1 0 1c 11 00 fffffbb9 0 1 0 0 x x 0 0 x x x 0 1 0 1 0 0 x x x
eaba1923 1 0 14 0b 00 fffffeb2 0 1 0 0 x x 0 0 x x x 0 1 1 0 1 0 x x x
01f32023 1 0 06 1f 00 00000000 0 1 0 0 x x 0 0 x x x 0 1 3 0 0 1 x x x
738001a3 1 0 00 18 00 00000723 0 1 0 0 x x 0 0 x x x 0 1 0 1 0 0 x x x
ff8e1f23 1 0 1c 18 00 fffffffe 0 1 0 0 x x 0 0 x x x 0 1 1 0 1 0 x x x
a0bfa623 1 0 1f 0b 00 fffffa0c 0 1 0 0 x x 0 0 x x x 0 1 3 0 0 1 x x x
cd100923 1 0 00 11 00 fffffcd2 0 1 0 0 x x 0 0 x x x 0 1 0 1 0 0 x x x
edf817a3 1 0 10 1f 00 fffffecf 0 1 0 0 x x 0 0 x x x 0 1 1 0 1 0 x x x
5e0d2323 1 0 1a 00 00 000005e6 0 1 0 0 x x 0 0 x x x 0 1 3 0 0 1 x x x
fed50f23 1 0 0a 0d 00 fffffffe 0 1 0 0 x x 0 0 x x x 0 1 0 1 0 0 x x x
f49616a3 1 0 0c 09 00 ffffff4d 0 1 0 0 x x 0 0 x x x 0 1 1 0 1 0 x x x
ddee2523 1 0 1c 1e 00 fffffdca 0 1 0 0 x x 0 0 x x x 0 1 3 0 0 1 x x x
005280a3 1 0 05 05 00 00000001 0 1 0 0 x x 0 0 x x x 0 1 0 1 0 0 x x x
56871b23 1 0 0e 08 00 00000576 0 1 0 0 x x 0 0 x x x 0 1 1 0 1 0 x x x
03b02523 1 0 00 1b 00 0000002a 0 1 0 0 x x 0 0 x x x 0 1 3 0 0 1 x x x
7ffb8fa3 1 0 17 1f 00 000007ff 0 1 0 0 x x 0 0 x x x 0 1 0 1 0 0 x x x
11fc1a23 1 0 18 1f 00 00000114 0 1 0 0 x x 0 0 x x x 0 1 1 0 1 0 x x x
87f52723 1 0 0a 1f 00 fffff86e 0 1 0 0 x x 0 0 x x x 0 1 3 0 0 1 x x x
52be0d23 1 0 1c 0b 00 0000053a 0 1 0 0 x x 0 0 x x x 0 1 0 1 0 0 x x x
f6cf19a3 1 0 1e 0c 00 ffffff73 0 1 0 0 x x 0 0 x x x 0 1 1 0 1 0 x x x
95c02523 1 0 00 1c 00 fffff94a 0 1 0 0 x x 0 0 x x x 0 1 3 0 0 1 x x x
620d0c23 1 0 1a 00 00 00000638 0 1 0 0 x x 0 0 x x x 0 1 0 1 0 0 x x x
8d5f17a3 1 0 1e 15 00 fffff8cf 0 1 0 0 x x 0 0 x x x 0 1 1 0 1 0 x x x
3e002523 1 0 00 00 00 000003ea 0 1 0 0 x x 0 0 x x x 0 1 3 0 0 1 x x x
33fe02a3 1 0 1c 1f 00 00000325 0 1 0 0 x x 0 0 x x x 0 1 0 1 0 0 x x x
6a141d23 1 0 08 01 00 000006ba 0 1 0 0 x x 0 0 x x x 0 1 1 0 1 0 x x x
ffc02fa3 1 0 00 1c 00 ffffffff 0 1 0 0 x x 0 0 x x x 0 1 3 0 0 1 x x x
34568123 1 0 0d 05 00 00000342 0 1 0 0 x x 0 0 x x x 0 1 0 1 0 0 x x x
cac89e23 1 0 11 0c 00 fffffcbc 0 1 0 0 x x 0 0 x x x 0 1 1 0 1 0 x x x
ade0ab23 1 0 01 1e 00 fffffad6 0 1 0 0 x x 0 0 x x x 0 1 3 0 0 1 x x x
906801a3 1 0 10 06 00 fffff903 0 1 0 0 x x 0 0 x x x 0 1 0 1 0 0 x x x
7f601fa3 1 0 00 16 00 000007ff 0 1 0 0 x x 0 0 x x x 0 1 1 0 1 0 x x x
87f7a6a3 1 0 0f 1f 00 fffff86d 0 1 0 0 x x 0 0 x x x 0 1 3 0 0 1 x x x
e0018f23 1 0 03 00 00 fffffe1e 0 1 0 0 x x 0 0 x x x 0 1 0 1 0 0 x x x
81429023 1 0 05 14 00 fffff800 0 1 0 0 x x 0 0 x x x 0 1 1 0 1 0 x x x
55daaaa3 1 0 15 1d 00 00000555 0 1 0 0 x x 0 0 x x x 0 1 3 0 0 1 x x x
491d8c23 1 0 1b 11 00 00000498 0 1 0 0 x x 0 0 x x x 0 1 0 1 0 0 x x x
4b021e23 1 0 04 10 00 000004bc 0 1 0 0 x x 0 0 x x x 0 1 1 0 1 0 x x x
9e03a2a3 1 0 07 00 00 fffff9e5 0 1 0 0 x x 0 0 x x x 0 1 3 0 0 1 x x x
98088323 1 0 11 00 00 fffff986 0 1 0 0 x x 0 0 x x x 0 1 0 1 0 0 x x x
fe6c9fa3 1 0 19 06 00 ffffffff 0 1 0 0 x x 0 0 x x x 0 1 1 0 1 0 x x x
0f7224a3 1 0 04 17 00 000000e9 0 1 0 0 x x 0 0 x x x 0 1 3 0 0 1 x x x
fe280fa3 1 0 10 02 00 ffffffff 0 1 0 0 x x 0 0 x x x 0 1 0 1 0 0 x x x
b5f71123 1 0 0e 1f 00 fffffb42 0 1 0 0 x x 0 0 x x x 0 1 1 0 1 0 x x x
7e3c2fa3 1 0 18 03 00 000007ff 0 1 0 0 x x 0 0 x x x 0 1 3 0 0 1 x x x
71f08923 1 0 01 1f 00 00000712 0 1 0 0 x x 0 0 x x x 0 1 0 1 0 0 x x x
e3521d23 1 0 04 15 00 fffffe3a 0 1 0 0 x x 0 0 x x x 0 1 1 0 1 0 x x x
3e51aa23 1 0 03 05 00 000003f4 0 1 0 0 x x 0 0 x x x 0 1 3 0 0 1 x x x
00f00023 1 0 00 0f 00 00000000 0 1 0 0 x x 0 0 x x x 0 1 0 1 0 0 x x x
7fcb9fa3 1 0 17 1c 00 000007ff 0 1 0 0 x x 0 0 x x x 0 1 1 0 1 0 x x x
fe83af23 1 0 07 08 00 fffffffe 0 1 0 0 x x 0 0 x x x 0 1 3 0 0 1 x x x
54398aa3 1 0 13 03 00 00000555 0 1 0 0 x x 0 0 x x x 0 1 0 1 0 0 x x x
b1489023 1 0 11 14 00 fffffb00 0 1 0 0 x x 0 0 x x x 0 1 1 0 1 0 x x x
49d528a3 1 0 0a 1d 00 00000491 0 1 0 0 x x 0 0 x x x 0 1 3 0 0 1 x x x
d64f80a3 1 0 1f 04 00 fffffd61 0 1 0 0 x x 0 0 x x x 0 1 0 1 0 0 x x x
7e069fa3 1 0 0d 00 00 000007ff 0 1 0 0 x x 0 0 x x x 0 1 1 0 1 0 x x x
26c02ca3 1 0 00 0c 00 00000279 0 1 0 0 x x 0 0 x x x 0 1 3 0 0 1 x x x
e64886a3 1 0 11 04 00 fffffe6d 0 1 0 0 x x 0 0 x x x 0 1 0 1 0 0 x x x
68c193a3 1 0 03 0c 00 00000687 0 1 0 0 x x 0 0 x x x 0 1 1 0 1 0 x x x
ff7f2fa3 1 0 1e 17 00 ffffffff 0 1 0 0 x x 0 0 x x x 0 1 3 0 0 1 x x x
d76602a3 1 0 0c 16 00 fffffd65 0 1 0 0 x x 0 0 x x x 0 1 0 1 0 0 x x x
aa4a1523 1 0 14 04 00 fffffaaa 0 1 0 0 x x 0 0 x x x 0 1 1 0 1 0 x x x
01ffa023 1 0 1f 1f 00 00000000 0 1 0 0 x x 0 0 x x x 0 1 3 0 0 1 x x x
dcf40523 1 0 08 0f 00 fffffdca 0 1 0 0 x x 0 0 x x x 0 1 0 1 0 0 x x x
15801da3 1 0 00 18 00 0000015b 0 1 0 0 x x 0 0 x x x 0 1 1 0 1 0 x x x
120da223 1 0 1b 00 00 00000124 0 1 0 0 x x 0 0 x x x 0 1 3 0 0 1 x x x
e87000a3 1 0 00 07 00 fffffe81 0 1 0 0 x x 0 0 x x x 0 1 0 1 0 0 x x x
7ff112a3 1 0 02 1f 00 000007e5 0 1 0 0 x x 0 0 x x x 0 1 1 0 1 0 x x x
b0222223 1 0 04 02 00 fffffb04 0 1 0 0 x x 0 0 x x x 0 1 3 0 0 1 x x x
9a7e0ca3 1 0 1c 07 00 fffff9b9 0 1 0 0 x x 0 0 x x x 0 1 0 1 0 0 x x x
a6451ba3 1 0 0a 04 00 fffffa77 0 1 0 0 x x 0 0 x x x 0 1 1 0 1 0 x x x
1bf52da3 1 0 0a 1f 00 000001bb 0 1 0 0 x x 0 0 x x x 0 1 3 0 0 1 x x x
ee5406a3 1 0 08 05 00 fffffeed 0 1 0 0 x x 0 0 x x x 0 1 0 1 0 0 x x x
7a001423 1 0 00 00 00 000007a8 0 1 0 0 x x 0 0 x x x 0 1 1 0 1 0 x x x
54402aa3 1 0 00 04 00 00000555 0 1 0 0 x x 0 0 x x x 0 1 3 0 0 1 x x x
0c4e01a3 1 0 1c 04 00 000000c3 0 1 0 0 x x 0 0 x x x 0 1 0 1 0 0 x x x
40399823 1 0 13 03 00 00000410 0 1 0 0 x x 0 0 x x x 0 1 1 0 1 0 x x x
68cca523 1 0 19 0c 00 0000068a 0 1 0 0 x x 0 0 x x x 0 1 3 0 0 1 x x x
fffa8fa3 1 0 15 1f 00 ffffffff 0 1 0 0 x x 0 0 x x x 0 1 0 1 0 0 x x x
206710a3 1 0 0e 06 00 00000201 0 1 0 0 x x 0 0 x x x 0 1 1 0 1 0 x x x
427cad23 1 0 19 07 00 0000043a 0 1 0 0 x x 0 0 x x x 0 1 3 0 0 1 x x x
aa0208a3 1 0 04 00 00 fffffab1 0 1 0 0 x x 0 0 x x x 0 1 0 1 0 0 x x x
d5ff1b23 1 0 1e 1f 00 fffffd56 0 1 0 0 x x 0 0 x x x 0 1 1 0 1 0 x x x
813fa023 1 0 1f 13 00 fffff800 0 1 0 0 x x 0 0 x x x 0 1 3 0 0 1 x x x
fea78f23 1 0 0f 0a 00 fffffffe 0 1 0 0 x x 0 0 x x x 0 1 0 1 0 0 x x x
111994a3 1 0 13 11 00 00000109 0 1 0 0 x x 0 0 x x x 0 1 1 0 1 0 x x x
33f22f23 1 0 04 1f 00 0000033e 0 1 0 0 x x 0 0 x x x 0 1 3 0 0 1 x x x
aa0e0523 1 0 1c 00 00 fffffaaa 0 1 0 0 x x 0 0 x x x 0 1 0 1 0 0 x x x
098a1523 1 0 14 18 00 0000008a 0 1 0 0 x x 0 0 x x x 0 1 1 0 1 0 x x x
3fb0ac23 1 0 01 1b 00 000003f8 0 1 0 0 x x 0 0 x x x 0 1 3 0 0 1 x x x
0c0e0323 1 0 1c 00 00 000000c6 0 1 0 0 x x 0 0 x x x 0 1 0 1 0 0 x x x
38051ea3 1 0 0a 00 00 0000039d 0 1 0 0 x x 0 0 x x x 0 1 1 0 1 0 x x x
4a002d23 1 0 00 00 00 000004ba 0 1 0 0 x x 0 0 x x x 0 1 3 0 0 1 x x x
ff518f23 1 0 03 15 00 fffffffe 0 1 0 0 x x 0 0 x x x 0 1 0 1 0 0 x x x
194e91a3 1 0 1d 14 00 00000183 0 1 0 0 x x 0 0 x x x 0 1 1 0 1 0 x x x
142caea3 1 0 19 02 00 0000015d 0 1 0 0 x x 0 0 x x x 0 1 3 0 0 1 x x x
cb340623 1 0 08 13 00 fffffcac 0 1 0 0 x x 0 0 x x x 0 1 0 1 0 0 x x x
fd2d9e23 1 0 1b 12 00 ffffffdc 0 1 0 0 x x 0 0 x x x 0 1 1 0 1 0 x x x
e4122aa3 1 0 04 01 00 fffffe55 0 1 0 0 x x 0 0 x x x 0 1 3 0 0 1 x x x
2ec38fa3 1 0 07 0c 00 000002ff 0 1 0 0 x x 0 0 x x x 0 1 0 1 0 0 x x x
540d9aa3 1 0 1b 00 00 00000555 0 1 0 0 x x 0 0 x x x 0 1 1 0 1 0 x x x
e80b2523 1 0 16 00 00 fffffe8a 0 1 0 0 x x 0 0 x x x 0 1 3 0 0 1 x x x
54498aa3 1 0 13 04 00 00000555 0 1 0 0 x x 0 0 x x x 0 1 0 1 0 0 x x x
504f1e23 1 0 1e 04 00 0000051c 0 1 0 0 x x 0 0 x x x 0 1 1 0 1 0 x x x
016aa723 1 0 15 16 00 0000000e 0 1 0 0 x x 0 0 x x x 0 1 3 0 0 1 x x x
dbf00da3 1 0 00 1f 00 fffffdbb 0 1 0 0 x x 0 0 x x x 0 1 0 1 0 0 x x x
fe0c1fa3 1 0 18 00 00 ffffffff 0 1 0 0 x x 0 0 x x x 0 1 1 0 1 0 x x x
5a4ba323 1 0 17 04 00 000005a6 0 1 0 0 x x 0 0 x x x 0 1 3 0 0 1 x x x
3dc00c23 1 0 00 1c 00 000003d8 0 1 0 0 x x 0 0 x x x 0 1 0 1 0 0 x x x
01ba90a3 1 0 15 1b 00 00000001 0 1 0 0 x x 0 0 x x x 0 1 1 0 1 0 x x x
3f25aaa3 1 0 0b 12 00 000003f5 0 1 0 0 x x 0 0 x x x 0 1 3 0 0 1 x x x
78c98823 1 0 13 0c 00 00000790 0 1 0 0 x x 0 0 x x x 0 1 0 1 0 0 x x x
923017a3 1 0 00 03 00 fffff92f 0 1 0 0 x x 0 0 x x x 0 1 1 0 1 0 x x x
c5f32223 1 0 06 1f 00 fffffc44 0 1 0 0 x x 0 0 x x x 0 1 3 0 0 1 x x x
fe100fa3 1 0 00 01 00 ffffffff 0 1 0 0 x x 0 0 x x x 0 1 0 1 0 0 x x x
57e016a3 1 0 00 1e 00 0000056d 0 1 0 0 x x 0 0 x x x 0 1 1 0 1 0 x x x
34a42023 1 0 08 0a 00 00000340 0 1 0 0 x x 0 0 x x x 0 1 3 0 0 1 x x x
80400023 1 0 00 04 00 fffff800 0 1 0 0 x x 0 0 x x x 0 1 0 1 0 0 x x x
abcc1ba3 1 0 18 1c 00 fffffab7 0 1 0 0 x x 0 0 x x x 0 1 1 0 1 0 x x x
e3bca8a3 1 0 19 1b 00 fffffe31 0 1 0 0 x x 0 0 x x x 0 1 3 0 0 1 x x x
01540023 1 0 08 15 00 00000000 0 1 0 0 x x 0 0 x x x 0 1 0 1 0 0 x x x
14e41ca3 1 0 08 0e 00 00000159 0 1 0 0 x x 0 0 x x x 0 1 1 0 1 0 x x x
8186a023 1 0 0d 18 00 fffff800 0 1 0 0 x x 0 0 x x x 0 1 3 0 0 1 x x x
55300aa3 1 0 00 13 00 00000555 0 1 0 0 x x 0 0 x x x 0 1 0 1 0 0 x x x
67601d23 1 0 00 16 00 0000067a 0 1 0 0 x x 0 0 x x x 0 1 1 0 1 0 x x x
28a02b23 1 0 00 0a 00 00000296 0 1 0 0 x x 0 0 x x x 0 1 3 0 0 1 x x x
380e8ca3 1 0 1d 00 00 00000399 0 1 0 0 x x 0 0 x x x 0 1 0 1 0 0 x x x
0f0117a3 1 0 02 10 00 000000ef 0 1 0 0 x x 0 0 x x x 0 1 1 0 1 0 x x x
010820a3 1 0 10 10 00 00000001 0 1 0 0 x x 0 0 x x x 0 1 3 0 0 1 x x x
77308123 1 0 01 13 00 00000762 0 1 0 0 x x 0 0 x x x 0 1 0 1 0 0 x x x
006090a3 1 0 01 06 00 00000001 0 1 0 0 x x 0 0 x x x 0 1 1 0 1 0 x x x
03f026a3 1 0 00 1f 00 0000002d 0 1 0 0 x x 0 0 x x x 0 1 3 0 0 1 x x x
612f8323 1 0 1f 12 00 00000606 0 1 0 0 x x 0 0 x x x 0 1 0 1 0 0 x x x
55071aa3 1 0 0e 10 00 00000555 0 1 0 0 x x 0 0 x x x 0 1 1 0 1 0 x x x
6661a823 1 0 03 06 00 00000670 0 1 0 0 x x 0 0 x x x 0 1 3 0 0 1 x x x
be9f0b23 1 0 1e 09 00 fffffbf6 0 1 0 0 x x 0 0 x x x 0 1 0 1 0 0 x x x
8b6f1f23 1 0 1e 16 00 fffff8be 0 1 0 0 x x 0 0 x x x 0 1 1 0 1 0 x x x
fecfaf23 1 0 1f 0c 00 fffffffe 0 1 0 0 x x 0 0 x x x 0 1 3 0 0 1 x x x
a00d0ba3 1 0 1a 00 00 fffffa17 0 1 0 0 x x 0 0 x x x 0 1 0 1 0 0 x x x
37ad9423 1 0 1b 1a 00 00000368 0 1 0 0 x x 0 0 x x x 0 1 1 0 1 0 x x x
7c13a9a3 1 0 07 01 00 000007d3 0 1 0 0 x x 0 0 x x x 0 1 3 0 0 1 x x x
a7a00f23 1 0 00 1a 00 fffffa7e 0 1 0 0 x x 0 0 x x x 0 1 0 1 0 0 x x x
813c9023 1 0 19 13 00 fffff800 0 1 0 0 x x 0 0 x x x 0 1 1 0 1 0 x x x
35a92d23 1 0 12 1a 00 0000035a 0 1 0 0 x x 0 0 x x x 0 1 3 0 0 1 x x x
63d381a3 1 0 07 1d 00 00000623 0 1 0 0 x x 0 0 x x x 0 1 0 1 0 0 x x x
157a1723 1 0 14 17 00 0000014e 0 1 0 0 x x 0 0 x x x 0 1 1 0 1 0 x x x
70f0ac23 1 0 01 0f 00 00000718 0 1 0 0 x x 0 0 x x x 0 1 3 0 0 1 x x x
99958a23 1 0 0b 19 00 fffff994 0 1 0 0 x x 0 0 x x x 0 1 0 1 0 0 x x x
47301a23 1 0 00 13 00 00000474 0 1 0 0 x x 0 0 x x x 0 1 1 0 1 0 x x x
37422a23 1 0 04 14 00 00000374 0 1 0 0 x x 0 0 x x x 0 1 3 0 0 1 x x x
aba00523 1 0 00 1a 00 fffffaaa 0 1 0 0 x x 0 0 x x x 0 1 0 1 0 0 x x x
ee489423 1 0 11 04 00 fffffee8 0 1 0 0 x x 0 0 x x x 0 1 1 0 1 0 x x x
aa94a523 1 0 09 09 00 fffffaaa 0 1 0 0 x x 0 0 x x x 0 1 3 0 0 1 x x x
921f8923 1 0 1f 01 00 fffff932 0 1 0 0 x x 0 0 x x x 0 1 0 1 0 0 x x x
29899923 1 0 13 18 00 00000292 0 1 0 0 x x 0 0 x x x 0 1 1 0 1 0 x x x
47a82a23 1 0 10 1a 00 00000474 0 1 0 0 x x 0 0 x x x 0 1 3 0 0 1 x x x
0df70e23 1 0 0e 1f 00 000000dc 0 1 0 0 x x 0 0 x x x 0 1 0 1 0 0 x x x
f6229ca3 1 0 05 02 00 ffffff79 0 1 0 0 x x 0 0 x x x 0 1 1 0 1 0 x x x
81e72ba3 1 0 0e 1e 00 fffff817 0 1 0 0 x x 0 0 x x x 0 1 3 0 0 1 x x x
01e90023 1 0 12 1e 00 00000000 0 1 0 0 x x 0 0 x x x 0 1 0 1 0 0 x x x
8c3a9ba3 1 0 15 03 00 fffff8d7 0 1 0 0 x x 0 0 x x x 0 1 1 0 1 0 x x x
13802c23 1 0 00 18 00 00000138 0 1 0 0 x x 0 0 x x x 0 1 3 0 0 1 x x x
43ea8ba3 1 0 15 1e 00 00000437 0 1 0 0 x x 0 0 x x x 0 1 0 1 0 0 x x x
a4f71a23 1 0 0e 0f 00 fffffa54 0 1 0 0 x x 0 0 x x x 0 1 1 0 1 0 x x x
24d927a3 1 0 12 0d 00 0000024f 0 1 0 0 x x 0 0 x x x 0 1 3 0 0 1 x x x
27ff89a3 1 0 1f 1f 00 00000273 0 1 0 0 x x 0 0 x x x 0 1 0 1 0 0 x x x
2d1293a3 1 0 05 11 00 000002c7 0 1 0 0 x x 0 0 x x x 0 1 1 0 1 0 x x x
fe69afa3 1 0 13 06 00 ffffffff 0 1 0 0 x x 0 0 x x x 0 1 3 0 0 1 x x x
21970123 1 0 0e 19 00 00000202 0 1 0 0 x x 0 0 x x x 0 1 0 1 0 0 x x x
007c10a3 1 0 18 07 00 00000001 0 1 0 0 x x 0 0 x x x 0 1 1 0 1 0 x x x
000fa0a3 1 0 1f 00 00 00000001 0 1 0 0 x x 0 0 x x x 0 1 3 0 0 1 x x x
7a018923 1 0 03 00 00 000007b2 0 1 0 0 x x 0 0 x x x 0 1 0 1 0 0 x x x
82601ea3 1 0 00 06 00 fffff83d 0 1 0 0 x x 0 0 x x x 0 1 1 0 1 0 x x x
fe572fa3 1 0 0e 05 00 ffffffff 0 1 0 0 x x 0 0 x x x 0 1 3 0 0 1 x x x
41f489a3 1 0 09 1f 00 00000413 0 1 0 0 x x 0 0 x x x 0 1 0 1 0 0 x x x
68329ba3 1 0 05 03 00 00000697 0 1 0 0 x x 0 0 x x x 0 1 1 0 1 0 x x x
2bf52a23 1 0 0a 1f 00 000002b4 0 1 0 0 x x 0 0 x x x 0 1 3 0 0 1 x x x
fe668f23 1 0 0d 06 00 fffffffe 0 1 0 0 x x 0 0 x x x 0 1 0 1 0 0 x x x
94b81923 1 0 10 0b 00 fffff952 0 1 0 0 x x 0 0 x x x 0 1 1 0 1 0 x x x
b75f20a3 1 0 1e 15 00 fffffb61 0 1 0 0 x x 0 0 x x x 0 1 3 0 0 1 x x x
7e800fa3 1 0 00 08 00 000007ff 0 1 0 0 x x 0 0 x x x 0 1 0 1 0 0 x x x
204f96a3 1 0 1f 04 00 0000020d 0 1 0 0 x x 0 0 x x x 0 1 1 0 1 0 x x x
70052f23 1 0 0a 00 00 0000071e 0 1 0 0 x x 0 0 x x x 0 1 3 0 0 1 x x x
dcf28523 1 0 05 0f 00 fffffdca 0 1 0 0 x x 0 0 x x x 0 1 0 1 0 0 x x x
24099523 1 0 13 00 00 0000024a 0 1 0 0 x x 0 0 x x x 0 1 1 0 1 0 x x x
b0deaa23 1 0 1d 0d 00 fffffb14 0 1 0 0 x x 0 0 x x x 0 1 3 0 0 1 x x x
4a080823 1 0 10 00 00 000004b0 0 1 0 0 x x 0 0 x x x 0 1 0 1 0 0 x x x
9b339d23 1 0 07 13 00 fffff9ba 0 1 0 0 x x 0 0 x x x 0 1 1 0 1 0 x x x
3c03a523 1 0 07 00 00 000003ca 0 1 0 0 x x 0 0 x x x 0 1 3 0 0 1 x x x
36150aa3 1 0 0a 01 00 00000375 0 1 0 0 x x 0 0 x x x 0 1 0 1 0 0 x x x
f5601723 1 0 00 16 00 ffffff4e 0 1 0 0 x x 0 0 x x x 0 1 1 0 1 0 x x x
c215ae23 1 0 0b 01 00 fffffc3c 0 1 0 0 x x 0 0 x x x 0 1 3 0 0 1 x x x
f14389a3 1 0 07 14 00 ffffff13 0 1 0 0 x x 0 0 x x x 0 1 0 1 0 0 x x x
748215a3 1 0 04 08 00 0000074b 0 1 0 0 x x 0 0 x x x 0 1 1 0 1 0 x x x
bdfaa823 1 0 15 1f 00 fffffbd0 0 1 0 0 x x 0 0 x x x 0 1 3 0 0 1 x x x
7dd30123 1 0 06 1d 00 000007c2 0 1 0 0 x x 0 0 x x x 0 1 0 1 0 0 x x x
906218a3 1 0 04 06 00 fffff911 0 1 0 0 x x 0 0 x x x 0 1 1 0 1 0 x x x
79ffa823 1 0 1f 1f 00 00000790 0 1 0 0 x x 0 0 x x x 0 1 3 0 0 1 x x x
cc3c88a3 1 0 19 03 00 fffffcd1 0 1 0 0 x x 0 0 x x x 0 1 0 1 0 0 x x x
508e18a3 1 0 1c 08 00 00000511 0 1 0 0 x x 0 0 x x x 0 1 1 0 1 0 x x x
e7a42ca3 1 0 08 1a 00 fffffe79 0 1 0 0 x x 0 0 x x x 0 1 3 0 0 1 x x x
1cac8023 1 0 19 0a 00 000001c0 0 1 0 0 x x 0 0 x x x 0 1 0 1 0 0 x x x
542f9aa3 1 0 1f 02 00 00000555 0 1 0 0 x x 0 0 x x x 0 1 1 0 1 0 x x x
fe22af23 1 0 05 02 00 fffffffe 0 1 0 0 x x 0 0 x x x 0 1 3 0 0 1 x x x
ab760523 1 0 0c 17 00 fffffaaa 0 1 0 0 x x 0 0 x x x 0 1 0 1 0 0 x x x
01401023 1 0 00 14 00 00000000 0 1 0 0 x x 0 0 x x x 0 1 1 0 1 0 x x x
d6f12423 1 0 02 0f 00 fffffd68 0 1 0 0 x x 0 0 x x x 0 1 3 0 0 1 x x x
aa618523 1 0 03 06 00 fffffaaa 0 1 0 0 x x 0 0 x x x 0 1 0 1 0 0 x x x
c1ef96a3 1 0 1f 1e 00 fffffc0d 0 1 0 0 x x 0 0 x x x 0 1 1 0 1 0 x x x
ff29af23 1 0 13 12 00 fffffffe 0 1 0 0 x x 0 0 x x x 0 1 3 0 0 1 x x x
e10482a3 1 0 09 10 00 fffffe05 0 1 0 0 x x 0 0 x x x 0 1 0 1 0 0 x x x
ff6f9fa3 1 0 1f 16 00 ffffffff 0 1 0 0 x x 0 0 x x x 0 1 1 0 1 0 x x x
01cda023 1 0 1b 1c 00 00000000 0 1 0 0 x x 0 0 x x x 0 1 3 0 0 1 x x x
fe200fa3 1 0 00 02 00 ffffffff 0 1 0 0 x x 0 0 x x x 0 1 0 1 0 0 x x x
6f1e93a3 1 0 1d 11 00 000006e7 0 1 0 0 x x 0 0 x x x 0 1 1 0 1 0 x x x
7ea5afa3 1 0 0b 0a 00 000007ff 0 1 0 0 x x 0 0 x x x 0 1 3 0 0 1 x x x
50010aa3 1 0 02 00 00 00000515 0 1 0 0 x x 0 0 x x x 0 1 0 1 0 0 x x x
e3261723 1 0 0c 12 00 fffffe2e 0 1 0 0 x x 0 0 x x x 0 1 1 0 1 0 x x x
80402023 1 0 00 04 00 fffff800 0 1 0 0 x x 0 0 x x x 0 1 3 0 0 1 x x x
01200023 1 0 00 12 00 00000000 0 1 0 0 x x 0 0 x x x 0 1 0 1 0 0 x x x
dbb116a3 1 0 02 1b 00 fffffdad 0 1 0 0 x x 0 0 x x x 0 1 1 0 1 0 x x x
8219ae23 1 0 13 01 00 fffff83c 0 1 0 0 x x 0 0 x x x 0 1 3 0 0 1 x x x
36cc8ea3 1 0 19 0c 00 0000037d 0 1 0 0 x x 0 0 x x x 0 1 0 1 0 0 x x x
54461aa3 1 0 0c 04 00 00000555 0 1 0 0 x x 0 0 x x x 0 1 1 0 1 0 x x x
e4e62d23 1 0 0c 0e 00 fffffe5a 0 1 0 0 x x 0 0 x x x 0 1 3 0 0 1 x x x
7ea18fa3 1 0 03 0a 00 000007ff 0 1 0 0 x x 0 0 x x x 0 1 0 1 0 0 x x x
97fe92a3 1 0 1d 1f 00 fffff965 0 1 0 0 x x 0 0 x x x 0 1 1 0 1 0 x x x
4a0527a3 1 0 0a 00 00 000004af 0 1 0 0 x x 0 0 x x x 0 1 3 0 0 1 x x x
aa058aa3 1 0 0b 00 00 fffffab5 0 1 0 0 x x 0 0 x x x 0 1 0 1 0 0 x x x
004590a3 1 0 0b 04 00 00000001 0 1 0 0 x x 0 0 x x x 0 1 1 0 1 0 x x x
0ddc2a23 1 0 18 1d 00 000000d4 0 1 0 0 x x 0 0 x x x 0 1 3 0 0 1 x x x
620d8323 1 0 1b 00 00 00000626 0 1 0 0 x x 0 0 x x x 0 1 0 1 0 0 x x x
082913a3 1 0 12 02 00 00000087 0 1 0 0 x x 0 0 x x x 0 1 1 0 1 0 x x x
d2aaa023 1 0 15 0a 00 fffffd20 0 1 0 0 x x 0 0 x x x 0 1 3 0 0 1 x x x
7fa20fa3 1 0 04 1a 00 000007ff 0 1 0 0 x x 0 0 x x x 0 1 0 1 0 0 x x x
809c1023 1 0 18 09 00 fffff800 0 1 0 0 x x 0 0 x x x 0 1 1 0 1 0 x x x
01da20a3 1 0 14 1d 00 00000001 0 1 0 0 x x 0 0 x x x 0 1 3 0 0 1 x x x
e95f0623 1 0 1e 15 00 fffffe8c 0 1 0 0 x x 0 0 x x x 0 1 0 1 0 0 x x x
fb929a23 1 0 05 19 00 ffffffb4 0 1 0 0 x x 0 0 x x x 0 1 1 0 1 0 x x x
5e0025a3 1 0 00 00 00 000005eb 0 1 0 0 x x 0 0 x x x 0 1 3 0 0 1 x x x
819e0023 1 0 1c 19 00 fffff800 0 1 0 0 x x 0 0 x x x 0 1 0 1 0 0 x x x
92d91aa3 1 0 12 0d 00 fffff935 0 1 0 0 x x 0 0 x x x 0 1 1 0 1 0 x x x
c4bea1a3 1 0 1d 0b 00 fffffc43 0 1 0 0 x x 0 0 x x x 0 1 3 0 0 1 x x x
8b7804a3 1 0 10 17 00 fffff8a9 0 1 0 0 x x 0 0 x x x 0 1 0 1 0 0 x x x
d43497a3 1 0 09 03 00 fffffd4f 0 1 0 0 x x 0 0 x x x 0 1 1 0 1 0 x x x
3b5aaea3 1 0 15 15 00 000003bd 0 1 0 0 x x 0 0 x x x 0 1 3 0 0 1 x x x
aaf00523 1 0 00 0f 00 fffffaaa 0 1 0 0 x x 0 0 x x x 0 1 0 1 0 0 x x x
6d1d1b23 1 0 1a 11 00 000006d6 0 1 0 0 x x 0 0 x x x 0 1 1 0 1 0 x x x
aa212623 1 0 02 02 00 fffffaac 0 1 0 0 x x 0 0 x x x 0 1 3 0 0 1 x x x
020d05a3 1 0 1a 00 00 0000002b 0 1 0 0 x x 0 0 x x x 0 1 0 1 0 0 x x x
642f9b23 1 0 1f 02 00 00000656 0 1 0 0 x x 0 0 x x x 0 1 1 0 1 0 x x x
148da3a3 1 0 1b 08 00 00000147 0 1 0 0 x x 0 0 x x x 0 1 3 0 0 1 x x x
e7fe8223 1 0 1d 1f 00 fffffe64 0 1 0 0 x x 0 0 x x x 0 1 0 1 0 0 x x x
4ff899a3 1 0 11 1f 00 000004f3 0 1 0 0 x x 0 0 x x x 0 1 1 0 1 0 x x x
b03820a3 1 0 10 03 00 fffffb01 0 1 0 0 x x 0 0 x x x 0 1 3 0 0 1 x x x
a24508a3 1 0 0a 04 00 fffffa31 0 1 0 0 x x 0 0 x x x 0 1 0 1 0 0 x x x
a9cd9a23 1 0 1b 1c 00 fffffa94 0 1 0 0 x x 0 0 x x x 0 1 1 0 1 0 x x x
627fac23 1 0 1f 07 00 00000638 0 1 0 0 x x 0 0 x x x 0 1 3 0 0 1 x x x
ab848523 1 0 09 18 00 fffffaaa 0 1 0 0 x x 0 0 x x x 0 1 0 1 0 0 x x x
1f0e9323 1 0 1d 10 00 000001e6 0 1 0 0 x x 0 0 x x x 0 1 1 0 1 0 x x x
009aaea3 1 0 15 09 00 0000001d 0 1 0 0 x x 0 0 x x x 0 1 3 0 0 1 x x x
00b58023 1 0 0b 0b 00 00000000 0 1 0 0 x x 0 0 x x x 0 1 0 1 0 0 x x x
525f1323 1 0 1e 05 00 00000526 0 1 0 0 x x 0 0 x x x 0 1 1 0 1 0 x x x
6c002f23 1 0 00 00 00 000006de 0 1 0 0 x x 0 0 x x x 0 1 3 0 0 1 x x x
4aa98ba3 1 0 13 0a 00 000004b7 0 1 0 0 x x 0 0 x x x 0 1 0 1 0 0 x x x
b3601da3 1 0 00 16 00 fffffb3b 0 1 0 0 x x 0 0 x x x 0 1 1 0 1 0 x x x
fef3afa3 1 0 07 0f 00 ffffffff 0 1 0 0 x x 0 0 x x x 0 1 3 0 0 1 x x x
aa0f8523 1 0 1f 00 00 fffffaaa 0 1 0 0 x x 0 0 x x x 0 1 0 1 0 0 x x x
ab069523 1 0 0d 10 00 fffffaaa 0 1 0 0 x x 0 0 x x x 0 1 1 0 1 0 x x x
54c52aa3 1 0 0a 0c 00 00000555 0 1 0 0 x x 0 0 x x x 0 1 3 0 0 1 x x x
1bfe88a3 1 0 1d 1f 00 000001b1 0 1 0 0 x x 0 0 x x x 0 1 0 1 0 0 x x x
53e799a3 1 0 0f 1e 00 00000533 0 1 0 0 x x 0 0 x x x 0 1 1 0 1 0 x x x
01df20a3 1 0 1e 1d 00 00000001 0 1 0 0 x x 0 0 x x x 0 1 3 0 0 1 x x x
016f80a3 1 0 1f 16 00 00000001 0 1 0 0 x x 0 0 x x x 0 1 0 1 0 0 x x x
ab871523 1 0 0e 18 00 fffffaaa 0 1 0 0 x x 0 0 x x x 0 1 1 0 1 0 x x x
d1af2d23 1 0 1e 1a 00 fffffd1a 0 1 0 0 x x 0 0 x x x 0 1 3 0 0 1 x x x
732380a3 1 0 07 12 00 00000721 0 1 0 0 x x 0 0 x x x 0 1 0 1 0 0 x x x
6d2f9b23 1 0 1f 12 00 000006d6 0 1 0 0 x x 0 0 x x x 0 1 1 0 1 0 x x x
3092a8a3 1 0 05 09 00 00000311 0 1 0 0 x x 0 0 x x x 0 1 3 0 0 1 x x x
d9f78aa3 1 0 0f 1f 00 fffffd95 0 1 0 0 x x 0 0 x x x 0 1 0 1 0 0 x x x
54d91aa3 1 0 12 0d 00 00000555 0 1 0 0 x x 0 0 x x x 0 1 1 0 1 0 x x x
7e0fafa3 1 0 1f 00 00 000007ff 0 1 0 0 x x 0 0 x x x 0 1 3 0 0 1 x x x
dd538b23 1 0 07 15 00 fffffdd6 0 1 0 0 x x 0 0 x x x 0 1 0 1 0 0 x x x
55781aa3 1 0 10 17 00 00000555 0 1 0 0 x x 0 0 x x x 0 1 1 0 1 0 x x x
0d6fa1a3 1 0 1f 16 00 000000c3 0 1 0 0 x x 0 0 x x x 0 1 3 0 0 1 x x x
81f00023 1 0 00 1f 00 fffff800 0 1 0 0 x x 0 0 x x x 0 1 0 1 0 0 x x x
59cf9023 1 0 1f 1c 00 00000580 0 1 0 0 x x 0 0 x x x 0 1 1 0 1 0 x x x
02ffa9a3 1 0 1f 0f 00 00000033 0 1 0 0 x x 0 0 x x x 0 1 3 0 0 1 x x x
ab6b0523 1 0 16 16 00 fffffaaa 0 1 0 0 x x 0 0 x x x 0 1 0 1 0 0 x x x
07d99c23 1 0 13 1d 00 00000078 0 1 0 0 x x 0 0 x x x 0 1 1 0 1 0 x x x
fe602fa3 1 0 00 06 00 ffffffff 0 1 0 0 x x 0 0 x x x 0 1 3 0 0 1 x x x
2b4d0c23 1 0 1a 14 00 000002b8 0 1 0 0 x x 0 0 x x x 0 1 0 1 0 0 x x x
1b101ea3 1 0 00 11 00 000001bd 0 1 0 0 x x 0 0 x x x 0 1 1 0 1 0 x x x
a7a92023 1 0 12 1a 00 fffffa60 0 1 0 0 x x 0 0 x x x 0 1 3 0 0 1 x x x
f9198fa3 1 0 13 11 00 ffffff9f 0 1 0 0 x x 0 0 x x x 0 1 0 1 0 0 x x x
aafa9fa3 1 0 15 0f 00 fffffabf 0 1 0 0 x x 0 0 x x x 0 1 1 0 1 0 x x x
3a09a423 1 0 13 00 00 000003a8 0 1 0 0 x x 0 0 x x x 0 1 3 0 0 1 x x x
cb6983a3 1 0 13 16 00 fffffca7 0 1 0 0 x x 0 0 x x x 0 1 0 1 0 0 x x x
ed871523 1 0 0e 18 00 fffffeca 0 1 0 0 x x 0 0 x x x 0 1 1 0 1 0 x x x
ffe02fa3 1 0 00 1e 00 ffffffff 0 1 0 0 x x 0 0 x x x 0 1 3 0 0 1 x x x
063f8523 1 0 1f 03 00 0000006a 0 1 0 0 x x 0 0 x x x 0 1 0 1 0 0 x x x
7e0419a3 1 0 08 00 00 000007f3 0 1 0 0 x x 0 0 x x x 0 1 1 0 1 0 x x x
3c8fad23 1 0 1f 08 00 000003da 0 1 0 0 x x 0 0 x x x 0 1 3 0 0 1 x x x
994a05a3 1 0 14 14 00 fffff98b 0 1 0 0 x x 0 0 x x x 0 1 0 1 0 0 x x x
b2ca1e23 1 0 14 0c 00 fffffb3c 0 1 0 0 x x 0 0 x x x 0 1 1 0 1 0 x x x
5451aaa3 1 0 03 05 00 00000555 0 1 0 0 x x 0 0 x x x 0 1 3 0 0 1 x x x
f40588a3 1 0 0b 00 00 ffffff51 0 1 0 0 x x 0 0 x x x 0 1 0 1 0 0 x x x
970f92a3 1 0 1f 10 00 fffff965 0 1 0 0 x x 0 0 x x x 0 1 1 0 1 0 x x x
fedfafa3 1 0 1f 0d 00 ffffffff 0 1 0 0 x x 0 0 x x x 0 1 3 0 0 1 x x x
ab6c84a3 1 0 19 16 00 fffffaa9 0 1 0 0 x x 0 0 x x x 0 1 0 1 0 0 x x x
8e8f99a3 1 0 1f 08 00 fffff8f3 0 1 0 0 x x 0 0 x x x 0 1 1 0 1 0 x x x
f1c821a3 1 0 10 1c 00 ffffff03 0 1 0 0 x x 0 0 x x x 0 1 3 0 0 1 x x x
7f018fa3 1 0 03 10 00 000007ff 0 1 0 0 x x 0 0 x x x 0 1 0 1 0 0 x x x
19db1e23 1 0 16 1d 00 0000019c 0 1 0 0 x x 0 0 x x x 0 1 1 0 1 0 x x x
14bfaf23 1 0 1f 0b 00 0000015e 0 1 0 0 x x 0 0 x x x 0 1 3 0 0 1 x x x
66090d23 1 0 12 00 00 0000067a 0 1 0 0 x x 0 0 x x x 0 1 0 1 0 0 x x x
8f3f9e23 1 0 1f 13 00 fffff8fc 0 1 0 0 x x 0 0 x x x 0 1 1 0 1 0 x x x
160ea123 1 0 1d 00 00 00000162 0 1 0 0 x x 0 0 x x x 0 1 3 0 0 1 x x x
80000023 1 0 00 00 00 fffff800 0 1 0 0 x x 0 0 x x x 0 1 0 1 0 0 x x x
55901aa3 1 0 00 19 00 00000555 0 1 0 0 x x 0 0 x x x 0 1 1 0 1 0 x x x
660b25a3 1 0 16 00 00 0000066b 0 1 0 0 x x 0 0 x x x 0 1 3 0 0 1 x x x
7f3c0fa3 1 0 18 13 00 000007ff 0 1 0 0 x x 0 0 x x x 0 1 0 1 0 0 x x x
8e3716a3 1 0 0e 03 00 fffff8ed 0 1 0 0 x x 0 0 x x x 0 1 1 0 1 0 x x x
9a8fa5a3 1 0 1f 08 00 fffff9ab 0 1 0 0 x x 0 0 x x x 0 1 3 0 0 1 x x x
b1200723 1 0 00 12 00 fffffb0e 0 1 0 0 x x 0 0 x x x 0 1 0 1 0 0 x x x
5a201d23 1 0 00 02 00 000005ba 0 1 0 0 x x 0 0 x x x 0 1 1 0 1 0 x x x
ab8fa523 1 0 1f 18 00 fffffaaa 0 1 0 0 x x 0 0 x x x 0 1 3 0 0 1 x x x
5d378ca3 1 0 0f 13 00 000005d9 0 1 0 0 x x 0 0 x x x 0 1 0 1 0 0 x x x
019090a3 1 0 01 19 00 00000001 0 1 0 0 x x 0 0 x x x 0 1 1 0 1 0 x x x
7e6c25a3 1 0 18 06 00 000007eb 0 1 0 0 x x 0 0 x x x 0 1 3 0 0 1 x x x
7e8f8fa3 1 0 1f 08 00 000007ff 0 1 0 0 x x 0 0 x x x 0 1 0 1 0 0 x x x
b00f93a3 1 0 1f 00 00 fffffb07 0 1 0 0 x x 0 0 x x x 0 1 1 0 1 0 x x x
7c03a7a3 1 0 07 00 00 000007cf 0 1 0 0 x x 0 0 x x x 0 1 3 0 0 1 x x x
81bb8023 1 0 17 1b 00 fffff800 0 1 0 0 x x 0 0 x x x 0 1 0 1 0 0 x x x
660d9f23 1 0 1b 00 00 0000067e 0 1 0 0 x x 0 0 x x x 0 1 1 0 1 0 x x x
a135a2a3 1 0 0b 13 00 fffffa05 0 1 0 0 x x 0 0 x x x 0 1 3 0 0 1 x x x
73fe8ca3 1 0 1d 1f 00 00000739 0 1 0 0 x x 0 0 x x x 0 1 0 1 0 0 x x x
50091923 1 0 12 00 00 00000512 0 1 0 0 x x 0 0 x x x 0 1 1 0 1 0 x x x
2b542ea3 1 0 08 15 00 000002bd 0 1 0 0 x x 0 0 x x x 0 1 3 0 0 1 x x x
cf998123 1 0 13 19 00 fffffce2 0 1 0 0 x x 0 0 x x x 0 1 0 1 0 0 x x x
21fa94a3 1 0 15 1f 00 00000209 0 1 0 0 x x 0 0 x x x 0 1 1 0 1 0 x x x
85f8ad23 1 0 11 1f 00 fffff85a 0 1 0 0 x x 0 0 x x x 0 1 3 0 0 1 x x x
01600ea3 1 0 00 16 00 0000001d 0 1 0 0 x x 0 0 x x x 0 1 0 1 0 0 x x x
abfa9523 1 0 15 1f 00 fffffaaa 0 1 0 0 x x 0 0 x x x 0 1 1 0 1 0 x x x
8aec2a23 1 0 18 0e 00 fffff8b4 0 1 0 0 x x 0 0 x x x 0 1 3 0 0 1 x x x
57f78ca3 1 0 0f 1f 00 00000579 0 1 0 0 x x 0 0 x x x 0 1 0 1 0 0 x x x
2b099423 1 0 13 10 00 000002a8 0 1 0 0 x x 0 0 x x x 0 1 1 0 1 0 x x x
08cfa1a3 1 0 1f 0c 00 00000083 0 1 0 0 x x 0 0 x x x 0 1 3 0 0 1 x x x
be038ea3 1 0 07 00 00 fffffbfd 0 1 0 0 x x 0 0 x x x 0 1 0 1 0 0 x x x
96d31ca3 1 0 06 0d 00 fffff979 0 1 0 0 x x 0 0 x x x 0 1 1 0 1 0 x x x
bc83a7a3 1 0 07 08 00 fffffbcf 0 1 0 0 x x 0 0 x x x 0 1 3 0 0 1 x x x
55b90aa3 1 0 12 1b 00 00000555 0 1 0 0 x x 0 0 x x x 0 1 0 1 0 0 x x x
a8d012a3 1 0 00 0d 00 fffffa85 0 1 0 0 x x 0 0 x x x 0 1 1 0 1 0 x x x
fe102623 1 0 00 01 00 ffffffec 0 1 0 0 x x 0 0 x x x 0 1 3 0 0 1 x x x
7f188fa3 1 0 11 11 00 000007ff 0 1 0 0 x x 0 0 x x x 0 1 0 1 0 0 x x x
80649023 1 0 09 06 00 fffff800 0 1 0 0 x x 0 0 x x x 0 1 1 0 1 0 x x x
f48ea623 1 0 1d 08 00 ffffff4c 0 1 0 0 x x 0 0 x x x 0 1 3 0 0 1 x x x
200b08a3 1 0 16 00 00 00000211 0 1 0 0 x x 0 0 x x x 0 1 0 1 0 0 x x x
937a96a3 1 0 15 17 00 fffff92d 0 1 0 0 x x 0 0 x x x 0 1 1 0 1 0 x x x
3c04a6a3 1 0 09 00 00 000003cd 0 1 0 0 x x 0 0 x x x 0 1 3 0 0 1 x x x
d4870523 1 0 0e 08 00 fffffd4a 0 1 0 0 x x 0 0 x x x 0 1 0 1 0 0 x x x
0f459823 1 0 0b 14 00 000000f0 0 1 0 0 x x 0 0 x x x 0 1 1 0 1 0 x x x
f8d62323 1 0 0c 0d 00 ffffff86 0 1 0 0 x x 0 0 x x x 0 1 3 0 0 1 x x x
fe448fa3 1 0 09 04 00 ffffffff 0 1 0 0 x x 0 0 x x x 0 1 0 1 0 0 x x x
fe031fa3 1 0 06 00 00 ffffffff 0 1 0 0 x x 0 0 x x x 0 1 1 0 1 0 x x x
891620a3 1 0 0c 11 00 fffff881 0 1 0 0 x x 0 0 x x x 0 1 3 0 0 1 x x x
7eb40c23 1 0 08 0b 00 000007f8 0 1 0 0 x x 0 0 x x x 0 1 0 1 0 0 x x x
3f351223 1 0 0a 13 00 000003e4 0 1 0 0 x x 0 0 x x x 0 1 1 0 1 0 x x x
b800aaa3 1 0 01 00 00 fffffb95 0 1 0 0 x x 0 0 x x x 0 1 3 0 0 1 x x x
cab00223 1 0 00 0b 00 fffffca4 0 1 0 0 x x 0 0 x x x 0 1 0 1 0 0 x x x
875718a3 1 0 0e 15 00 fffff871 0 1 0 0 x x 0 0 x x x 0 1 1 0 1 0 x x x
b406a4a3 1 0 0d 00 00 fffffb49 0 1 0 0 x x 0 0 x x x 0 1 3 0 0 1 x x x
936380a3 1 0 07 16 00 fffff921 0 1 0 0 x x 0 0 x x x 0 1 0 1 0 0 x x x
41441ba3 1 0 08 14 00 00000417 0 1 0 0 x x 0 0 x x x 0 1 1 0 1 0 x x x
fe7fafa3 1 0 1f 07 00 ffffffff 0 1 0 0 x x 0 0 x x x 0 1 3 0 0 1 x x x
12cf86a3 1 0 1f 0c 00 0000012d 0 1 0 0 x x 0 0 x x x 0 1 0 1 0 0 x x x
9b7298a3 1 0 05 17 00 fffff9b1 0 1 0 0 x x 0 0 x x x 0 1 1 0 1 0 x x x
3e5d2223 1 0 1a 05 00 000003e4 0 1 0 0 x x 0 0 x x x 0 1 3 0 0 1 x x x
ac3f8a23 1 0 1f 03 00 fffffad4 0 1 0 0 x x 0 0 x x x 0 1 0 1 0 0 x x x
99441223 1 0 08 14 00 fffff984 0 1 0 0 x x 0 0 x x x 0 1 1 0 1 0 x x x
2e71a423 1 0 03 07 00 000002e8 0 1 0 0 x x 0 0 x x x 0 1 3 0 0 1 x x x
00c800a3 1 0 10 0c 00 00000001 0 1 0 0 x x 0 0 x x x 0 1 0 1 0 0 x x x
eff19c23 1 0 03 1f 00 fffffef8 0 1 0 0 x x 0 0 x x x 0 1 1 0 1 0 x x x
98652823 1 0 0a 06 00 fffff990 0 1 0 0 x x 0 0 x x x 0 1 3 0 0 1 x x x
c6330fa3 1 0 06 03 00 fffffc7f 0 1 0 0 x x 0 0 x x x 0 1 0 1 0 0 x x x
aa601523 1 0 00 06 00 fffffaaa 0 1 0 0 x x 0 0 x x x 0 1 1 0 1 0 x x x
1ff12223 1 0 02 1f 00 000001e4 0 1 0 0 x x 0 0 x x x 0 1 3 0 0 1 x x x
63ff0423 1 0 1e 1f 00 00000628 0 1 0 0 x x 0 0 x x x 0 1 0 1 0 0 x x x
7f0a9fa3 1 0 15 10 00 000007ff 0 1 0 0 x x 0 0 x x x 0 1 1 0 1 0 x x x
aa84a523 1 0 09 08 00 fffffaaa 0 1 0 0 x x 0 0 x x x 0 1 3 0 0 1 x x x
aa100523 1 0 00 01 00 fffffaaa 0 1 0 0 x x 0 0 x x x 0 1 0 1 0 0 x x x
de171ba3 1 0 0e 01 00 fffffdf7 0 1 0 0 x x 0 0 x x x 0 1 1 0 1 0 x x x
7e0aafa3 1 0 15 00 00 000007ff 0 1 0 0 x x 0 0 x x x 0 1 3 0 0 1 x x x
af700d23 1 0 00 17 00 fffffafa 0 1 0 0 x x 0 0 x x x 0 1 0 1 0 0 x x x
a60f9f23 1 0 1f 00 00 fffffa7e 0 1 0 0 x x 0 0 x x x 0 1 1 0 1 0 x x x
a6c7a823 1 0 0f 0c 00 fffffa70 0 1 0 0 x x 0 0 x x x 0 1 3 0 0 1 x x x
51d006a3 1 0 00 1d 00 0000050d 0 1 0 0 x x 0 0 x x x 0 1 0 1 0 0 x x x
ae7a14a3 1 0 14 07 00 fffffae9 0 1 0 0 x x 0 0 x x x 0 1 1 0 1 0 x x x
fffe2f23 1 0 1c 1f 00 fffffffe 0 1 0 0 x x 0 0 x x x 0 1 3 0 0 1 x x x
17000423 1 0 00 10 00 00000168 0 1 0 0 x x 0 0 x x x 0 1 0 1 0 0 x x x
f2019023 1 0 03 00 00 ffffff20 0 1 0 0 x x 0 0 x x x 0 1 1 0 1 0 x x x
334623a3 1 0 0c 14 00 00000327 0 1 0 0 x x 0 0 x x x 0 1 3 0 0 1 x x x
80058023 1 0 0b 00 00 fffff800 0 1 0 0 x x 0 0 x x x 0 1 0 1 0 0 x x x
32db9023 1 0 17 0d 00 00000320 0 1 0 0 x x 0 0 x x x 0 1 1 0 1 0 x x x
dbf8a8a3 1 0 11 1f 00 fffffdb1 0 1 0 0 x x 0 0 x x x 0 1 3 0 0 1 x x x
55bb0aa3 1 0 16 1b 00 00000555 0 1 0 0 x x 0 0 x x x 0 1 0 1 0 0 x x x
95731ca3 1 0 06 17 00 fffff959 0 1 0 0 x x 0 0 x x x 0 1 1 0 1 0 x x x
b7ae2823 1 0 1c 1a 00 fffffb70 0 1 0 0 x x 0 0 x x x 0 1 3 0 0 1 x x x
7fb18fa3 1 0 03 1b 00 000007ff 0 1 0 0 x x 0 0 x x x 0 1 0 1 0 0 x x x
7a5d9fa3 1 0 1b 05 00 000007bf 0 1 0 0 x x 0 0 x x x 0 1 1 0 1 0 x x x
33252323 1 0 0a 12 00 00000326 0 1 0 0 x x 0 0 x x x 0 1 3 0 0 1 x x x
18038ca3 1 0 07 00 00 00000199 0 1 0 0 x x 0 0 x x x 0 1 0 1 0 0 x x x
816d1023 1 0 1a 16 00 fffff800 0 1 0 0 x x 0 0 x x x 0 1 1 0 1 0 x x x
a02da0a3 1 0 1b 02 00 fffffa01 0 1 0 0 x x 0 0 x x x 0 1 3 0 0 1 x x x
01e00023 1 0 00 1e 00 00000000 0 1 0 0 x x 0 0 x x x 0 1 0 1 0 0 x x x
47509d23 1 0 01 15 00 0000047a 0 1 0 0 x x 0 0 x x x 0 1 1 0 1 0 x x x
88bf2da3 1 0 1e 0b 00 fffff89b 0 1 0 0 x x 0 0 x x x 0 1 3 0 0 1 x x x
2e7e09a3 1 0 1c 07 00 000002f3 0 1 0 0 x x 0 0 x x x 0 1 0 1 0 0 x x x
9ff11e23 1 0 02 1f 00 fffff9fc 0 1 0 0 x x 0 0 x x x 0 1 1 0 1 0 x x x
10102c23 1 0 00 01 00 00000118 0 1 0 0 x x 0 0 x x x 0 1 3 0 0 1 x x x
11ba08a3 1 0 14 1b 00 00000111 0 1 0 0 x x 0 0 x x x 0 1 0 1 0 0 x x x
83fc1aa3 1 0 18 1f 00 fffff835 0 1 0 0 x x 0 0 x x x 0 1 1 0 1 0 x x x
0fd02c23 1 0 00 1d 00 000000f8 0 1 0 0 x x 0 0 x x x 0 1 3 0 0 1 x x x
32a68e23 1 0 0d 0a 00 0000033c 0 1 0 0 x x 0 0 x x x 0 1 0 1 0 0 x x x
367e1b23 1 0 1c 07 00 00000376 0 1 0 0 x x 0 0 x x x 0 1 1 0 1 0 x x x
81852023 1 0 0a 18 00 fffff800 0 1 0 0 x x 0 0 x x x 0 1 3 0 0 1 x x x
809c0023 1 0 18 09 00 fffff800 0 1 0 0 x x 0 0 x x x 0 1 0 1 0 0 x x x
000b10a3 1 0 16 00 00 00000001 0 1 0 0 x x 0 0 x x x 0 1 1 0 1 0 x x x
5c222c23 1 0 04 02 00 000005d8 0 1 0 0 x x 0 0 x x x 0 1 3 0 0 1 x x x
96e982a3 1 0 13 0e 00 fffff965 0 1 0 0 x x 0 0 x x x 0 1 0 1 0 0 x x x
2a0793a3 1 0 0f 00 00 000002a7 0 1 0 0 x x 0 0 x x x 0 1 1 0 1 0 x x x
559b2023 1 0 16 19 00 00000540 0 1 0 0 x x 0 0 x x x 0 1 3 0 0 1 x x x
7f700fa3 1 0 00 17 00 000007ff 0 1 0 0 x x 0 0 x x x 0 1 0 1 0 0 x x x
003410a3 1 0 08 03 00 00000001 0 1 0 0 x x 0 0 x x x 0 1 1 0 1 0 x x x
e95c2ea3 1 0 18 15 00 fffffe9d 0 1 0 0 x x 0 0 x x x 0 1 3 0 0 1 x x x
fe238f23 1 0 07 02 00 fffffffe 0 1 0 0 x x 0 0 x x x 0 1 0 1 0 0 x x x
a5ef93a3 1 0 1f 1e 00 fffffa47 0 1 0 0 x x 0 0 x x x 0 1 1 0 1 0 x x x
cc5a28a3 1 0 14 05 00 fffffcd1 0 1 0 0 x x 0 0 x x x 0 1 3 0 0 1 x x x
aa900fa3 1 0 00 09 00 fffffabf 0 1 0 0 x x 0 0 x x x 0 1 0 1 0 0 x x x
d61c18a3 1 0 18 01 00 fffffd71 0 1 0 0 x x 0 0 x x x 0 1 1 0 1 0 x x x
0060aea3 1 0 01 06 00 0000001d 0 1 0 0 x x 0 0 x x x 0 1 3 0 0 1 x x x
2ff106a3 1 0 02 1f 00 000002ed 0 1 0 0 x x 0 0 x x x 0 1 0 1 0 0 x x x
ff2f9fa3 1 0 1f 12 00 ffffffff 0 1 0 0 x x 0 0 x x x 0 1 1 0 1 0 x x x
685fa823 1 0 1f 05 00 00000690 0 1 0 0 x x 0 0 x x x 0 1 3 0 0 1 x x x
ff6c8f23 1 0 19 16 00 fffffffe 0 1 0 0 x x 0 0 x x x 0 1 0 1 0 0 x x x
607315a3 1 0 06 07 00 0000060b 0 1 0 0 x x 0 0 x x x 0 1 1 0 1 0 x x x
d0aa2723 1 0 14 0a 00 fffffd0e 0 1 0 0 x x 0 0 x x x 0 1 3 0 0 1 x x x
2c9a85a3 1 0 15 09 00 000002cb 0 1 0 0 x x 0 0 x x x 0 1 0 1 0 0 x x x
14061123 1 0 0c 00 00 00000142 0 1 0 0 x x 0 0 x x x 0 1 1 0 1 0 x x x
fe39af23 1 0 13 03 00 fffffffe 0 1 0 0 x x 0 0 x x x 0 1 3 0 0 1 x x x
3d3007a3 1 0 00 13 00 000003cf 0 1 0 0 x x 0 0 x x x 0 1 0 1 0 0 x x x
fecb9fa3 1 0 17 0c 00 ffffffff 0 1 0 0 x x 0 0 x x x 0 1 1 0 1 0 x x x
a7942d23 1 0 08 19 00 fffffa7a 0 1 0 0 x x 0 0 x x x 0 1 3 0 0 1 x x x
453f0323 1 0 1e 13 00 00000446 0 1 0 0 x x 0 0 x x x 0 1 0 1 0 0 x x x
00cd1423 1 0 1a 0c 00 00000008 0 1 0 0 x x 0 0 x x x 0 1 1 0 1 0 x x x
d2e020a3 1 0 00 0e 00 fffffd21 0 1 0 0 x x 0 0 x x x 0 1 3 0 0 1 x x x
083589a3 1 0 0b 03 00 00000093 0 1 0 0 x x 0 0 x x x 0 1 0 1 0 0 x x x
f5b39f23 1 0 07 1b 00 ffffff5e 0 1 0 0 x x 0 0 x x x 0 1 1 0 1 0 x x x
7e0fafa3 1 0 1f 00 00 000007ff 0 1 0 0 x x 0 0 x x x 0 1 3 0 0 1 x x x
006f80a3 1 0 1f 06 00 00000001 0 1 0 0 x x 0 0 x x x 0 1 0 1 0 0 x x x
10701323 1 0 00 07 00 00000106 0 1 0 0 x x 0 0 x x x 0 1 1 0 1 0 x x x
780026a3 1 0 00 00 00 0000078d 0 1 0 0 x x 0 0 x x x 0 1 3 0 0 1 x x x
526a8123 1 0 15 06 00 00000522 0 1 0 0 x x 0 0 x x x 0 1 0 1 0 0 x x x
aa9c1523 1 0 18 09 00 fffffaaa 0 1 0 0 x x 0 0 x x x 0 1 1 0 1 0 x x x
7f8e2fa3 1 0 1c 18 00 000007ff 0 1 0 0 x x 0 0 x x x 0 1 3 0 0 1 x x x
b7fb0b23 1 0 16 1f 00 fffffb76 0 1 0 0 x x 0 0 x x x 0 1 0 1 0 0 x x x
001390a3 1 0 07 01 00 00000001 0 1 0 0 x x 0 0 x x x 0 1 1 0 1 0 x x x
1259afa3 1 0 13 05 00 0000013f 0 1 0 0 x x 0 0 x x x 0 1 3 0 0 1 x x x
f5bb0723 1 0 16 1b 00 ffffff4e 0 1 0 0 x x 0 0 x x x 0 1 0 1 0 0 x x x
f18193a3 1 0 03 18 00 ffffff07 0 1 0 0 x x 0 0 x x x 0 1 1 0 1 0 x x x
55e92aa3 1 0 12 1e 00 00000555 0 1 0 0 x x 0 0 x x x 0 1 3 0 0 1 x x x
f2ae89a3 1 0 1d 0a 00 ffffff33 0 1 0 0 x x 0 0 x x x 0 1 0 1 0 0 x x x
e95f12a3 1 0 1e 15 00 fffffe85 0 1 0 0 x x 0 0 x x x 0 1 1 0 1 0 x x x
54902aa3 1 0 00 09 00 00000555 0 1 0 0 x x 0 0 x x x 0 1 3 0 0 1 x x x
8ba18123 1 0 03 1a 00 fffff8a2 0 1 0 0 x x 0 0 x x x 0 1 0 1 0 0 x x x
81f19023 1 0 03 1f 00 fffff800 0 1 0 0 x x 0 0 x x x 0 1 1 0 1 0 x x x
0a34ac23 1 0 09 03 00 000000b8 0 1 0 0 x x 0 0 x x x 0 1 3 0 0 1 x x x
7f7e8fa3 1 0 1d 17 00 000007ff 0 1 0 0 x x 0 0 x x x 0 1 0 1 0 0 x x x
27eb1a23 1 0 16 1e 00 00000274 0 1 0 0 x x 0 0 x x x 0 1 1 0 1 0 x x x
7eae2fa3 1 0 1c 0a 00 000007ff 0 1 0 0 x x 0 0 x x x 0 1 3 0 0 1 x x x
82fc8123 1 0 19 0f 00 fffff822 0 1 0 0 x x 0 0 x x x 0 1 0 1 0 0 x x x
f4d017a3 1 0 00 0d 00 ffffff4f 0 1 0 0 x x 0 0 x x x 0 1 1 0 1 0 x x x
12ffae23 1 0 1f 0f 00 0000013c 0 1 0 0 x x 0 0 x x x 0 1 3 0 0 1 x x x
01438923 1 0 07 14 00 00000012 0 1 0 0 x x 0 0 x x x 0 1 0 1 0 0 x x x
e5381b23 1 0 10 13 00 fffffe56 0 1 0 0 x x 0 0 x x x 0 1 1 0 1 0 x x x
da0d2623 1 0 1a 00 00 fffffdac 0 1 0 0 x x 0 0 x x x 0 1 3 0 0 1 x x x
95138ca3 1 0 07 11 00 fffff959 0 1 0 0 x x 0 0 x x x 0 1 0 1 0 0 x x x
c2f010a3 1 0 00 0f 00 fffffc21 0 1 0 0 x x 0 0 x x x 0 1 1 0 1 0 x x x
ccd22523 1 0 04 0d 00 fffffcca 0 1 0 0 x x 0 0 x x x 0 1 3 0 0 1 x x x
fecb0f23 1 0 16 0c 00 fffffffe 0 1 0 0 x x 0 0 x x x 0 1 0 1 0 0 x x x
3c2115a3 1 0 02 02 00 000003cb 0 1 0 0 x x 0 0 x x x 0 1 1 0 1 0 x x x
3c372523 1 0 0e 03 00 000003ca 0 1 0 0 x x 0 0 x x x 0 1 3 0 0 1 x x x
80af8723 1 0 1f 0a 00 fffff80e 0 1 0 0 x x 0 0 x x x 0 1 0 1 0 0 x x x
818b9023 1 0 17 18 00 fffff800 0 1 0 0 x x 0 0 x x x 0 1 1 0 1 0 x x x
3ae02f23 1 0 00 0e 00 000003be 0 1 0 0 x x 0 0 x x x 0 1 3 0 0 1 x x x
cd8a0423 1 0 14 18 00 fffffcc8 0 1 0 0 x x 0 0 x x x 0 1 0 1 0 0 x x x
66391d23 1 0 12 03 00 0000067a 0 1 0 0 x x 0 0 x x x 0 1 1 0 1 0 x x x
c5f4a4a3 1 0 09 1f 00 fffffc49 0 1 0 0 x x 0 0 x x x 0 1 3 0 0 1 x x x
afaf8823 1 0 1f 1a 00 fffffaf0 0 1 0 0 x x 0 0 x x x 0 1 0 1 0 0 x x x
01bf10a3 1 0 1e 1b 00 00000001 0 1 0 0 x x 0 0 x x x 0 1 1 0 1 0 x x x
e18625a3 1 0 0c 18 00 fffffe0b 0 1 0 0 x x 0 0 x x x 0 1 3 0 0 1 x x x
06ef06a3 1 0 1e 0e 00 0000006d 0 1 0 0 x x 0 0 x x x 0 1 0 1 0 0 x x x
64e11f23 1 0 02 0e 00 0000065e 0 1 0 0 x x 0 0 x x x 0 1 1 0 1 0 x x x
07dd2da3 1 0 1a 1d 00 0000007b 0 1 0 0 x x 0 0 x x x 0 1 3 0 0 1 x x x
000e8023 1 0 1d 00 00 00000000 0 1 0 0 x x 0 0 x x x 0 1 0 1 0 0 x x x
1a061b23 1 0 0c 00 00 000001b6 0 1 0 0 x x 0 0 x x x 0 1 1 0 1 0 x x x
00202023 1 0 00 02 00 00000000 0 1 0 0 x x 0 0 x x x 0 1 3 0 0 1 x x x
31cb0023 1 0 16 1c 00 00000300 0 1 0 0 x x 0 0 x x x 0 1 0 1 0 0 x x x
69611ea3 1 0 02 16 00 0000069d 0 1 0 0 x x 0 0 x x x 0 1 1 0 1 0 x x x
ced9aaa3 1 0 13 0d 00 fffffcf5 0 1 0 0 x x 0 0 x x x 0 1 3 0 0 1 x x x
f8c002a3 1 0 00 0c 00 ffffff85 0 1 0 0 x x 0 0 x x x 0 1 0 1 0 0 x x x
2d2815a3 1 0 10 12 00 000002cb 0 1 0 0 x x 0 0 x x x 0 1 1 0 1 0 x x x
f20120a3 1 0 02 00 00 ffffff21 0 1 0 0 x x 0 0 x x x 0 1 3 0 0 1 x x x
173f0da3 1 0 1e 13 00 0000017b 0 1 0 0 x x 0 0 x x x 0 1 0 1 0 0 x x x
a0b89da3 1 0 11 0b 00 fffffa1b 0 1 0 0 x x 0 0 x x x 0 1 1 0 1 0 x x x
2663a6a3 1 0 07 06 00 0000026d 0 1 0 0 x x 0 0 x x x 0 1 3 0 0 1 x x x
d14b0f23 1 0 16 14 00 fffffd1e 0 1 0 0 x x 0 0 x x x 0 1 0 1 0 0 x x x
0c001b23 1 0 00 00 00 000000d6 0 1 0 0 x x 0 0 x x x 0 1 1 0 1 0 x x x
00b2aa23 1 0 05 0b 00 00000014 0 1 0 0 x x 0 0 x x x 0 1 3 0 0 1 x x x
45368323 1 0 0d 13 00 00000446 0 1 0 0 x x 0 0 x x x 0 1 0 1 0 0 x x x
92061b23 1 0 0c 00 00 fffff936 0 1 0 0 x x 0 0 x x x 0 1 1 0 1 0 x x x
72802523 1 0 00 08 00 0000072a 0 1 0 0 x x 0 0 x x x 0 1 3 0 0 1 x x x
7ff88fa3 1 0 11 1f 00 000007ff 0 1 0 0 x x 0 0 x x x 0 1 0 1 0 0 x x x
45e014a3 1 0 00 1e 00 00000449 0 1 0 0 x x 0 0 x x x 0 1 1 0 1 0 x x x
c7be22a3 1 0 1c 1b 00 fffffc65 0 1 0 0 x x 0 0 x x x 0 1 3 0 0 1 x x x
7e028fa3 1 0 05 00 00 000007ff 0 1 0 0 x x 0 0 x x x 0 1 0 1 0 0 x x x
aa089523 1 0 11 00 00 fffffaaa 0 1 0 0 x x 0 0 x x x 0 1 1 0 1 0 x x x
7fb4afa3 1 0 09 1b 00 000007ff 0 1 0 0 x x 0 0 x x x 0 1 3 0 0 1 x x x
dac20723 1 0 04 0c 00 fffffdae 0 1 0 0 x x 0 0 x x x 0 1 0 1 0 0 x x x
7df293a3 1 0 05 1f 00 000007c7 0 1 0 0 x x 0 0 x x x 0 1 1 0 1 0 x x x
5f8a2a23 1 0 14 18 00 000005f4 0 1 0 0 x x 0 0 x x x 0 1 3 0 0 1 x x x
fef28a23 1 0 05 0f 00 fffffff4 0 1 0 0 x x 0 0 x x x 0 1 0 1 0 0 x x x
a8b817a3 1 0 10 0b 00 fffffa8f 0 1 0 0 x x 0 0 x x x 0 1 1 0 1 0 x x x
54cdaaa3 1 0 1b 0c 00 00000555 0 1 0 0 x x 0 0 x x x 0 1 3 0 0 1 x x x
54ed8aa3 1 0 1b 0e 00 00000555 0 1 0 0 x x 0 0 x x x 0 1 0 1 0 0 x x x
fe831fa3 1 0 06 08 00 ffffffff 0 1 0 0 x x 0 0 x x x 0 1 1 0 1 0 x x x
63c2a0a3 1 0 05 1c 00 00000621 0 1 0 0 x x 0 0 x x x 0 1 3 0 0 1 x x x
3a200fa3 1 0 00 02 00 000003bf 0 1 0 0 x x 0 0 x x x 0 1 0 1 0 0 x x x
818b9023 1 0 17 18 00 fffff800 0 1 0 0 x x 0 0 x x x 0 1 1 0 1 0 x x x
d3972e23 1 0 0e 19 00 fffffd3c 0 1 0 0 x x 0 0 x x x 0 1 3 0 0 1 x x x
d2b00123 1 0 00 0b 00 fffffd22 0 1 0 0 x x 0 0 x x x 0 1 0 1 0 0 x x x
55659aa3 1 0 0b 16 00 00000555 0 1 0 0 x x 0 0 x x x 0 1 1 0 1 0 x x x
8d4a2f23 1 0 14 14 00 fffff8de 0 1 0 0 x x 0 0 x x x 0 1 3 0 0 1 x x x
db838923 1 0 07 18 00 fffffdb2 0 1 0 0 x x 0 0 x x x 0 1 0 1 0 0 x x x
07f195a3 1 0 03 1f 00 0000006b 0 1 0 0 x x 0 0 x x x 0 1 1 0 1 0 x x x
d2022b23 1 0 04 00 00 fffffd36 0 1 0 0 x x 0 0 x x x 0 1 3 0 0 1 x x x
abef8523 1 0 1f 1e 00 fffffaaa 0 1 0 0 x x 0 0 x x x 0 1 0 1 0 0 x x x
80f41023 1 0 08 0f 00 fffff800 0 1 0 0 x x 0 0 x x x 0 1 1 0 1 0 x x x
ff602f23 1 0 00 16 00 fffffffe 0 1 0 0 x x 0 0 x x x 0 1 3 0 0 1 x x x
5f800ea3 1 0 00 18 00 000005fd 0 1 0 0 x x 0 0 x x x 0 1 0 1 0 0 x x x
26e218a3 1 0 04 0e 00 00000271 0 1 0 0 x x 0 0 x x x 0 1 1 0 1 0 x x x
ee0fa823 1 0 1f 00 00 fffffef0 0 1 0 0 x x 0 0 x x x 0 1 3 0 0 1 x x x
f1fd8723 1 0 1b 1f 00 ffffff0e 0 1 0 0 x x 0 0 x x x 0 1 0 1 0 0 x x x
23cc9123 1 0 19 1c 00 00000222 0 1 0 0 x x 0 0 x x x 0 1 1 0 1 0 x x x
40012523 1 0 02 00 00 0000040a 0 1 0 0 x x 0 0 x x x 0 1 3 0 0 1 x x x
163603a3 1 0 0c 03 00 00000167 0 1 0 0 x x 0 0 x x x 0 1 0 1 0 0 x x x
eb961f23 1 0 0c 19 00 fffffebe 0 1 0 0 x x 0 0 x x x 0 1 1 0 1 0 x x x
c16fafa3 1 0 1f 16 00 fffffc1f 0 1 0 0 x x 0 0 x x x 0 1 3 0 0 1 x x x
23768ba3 1 0 0d 17 00 00000237 0 1 0 0 x x 0 0 x x x 0 1 0 1 0 0 x x x
8b8f96a3 1 0 1f 18 00 fffff8ad 0 1 0 0 x x 0 0 x x x 0 1 1 0 1 0 x x x
c1222da3 1 0 04 12 00 fffffc1b 0 1 0 0 x x 0 0 x x x 0 1 3 0 0 1 x x x
e83f0ea3 1 0 1e 03 00 fffffe9d 0 1 0 0 x x 0 0 x x x 0 1 0 1 0 0 x x x
4c0c9123 1 0 19 00 00 000004c2 0 1 0 0 x x 0 0 x x x 0 1 1 0 1 0 x x x
d858a823 1 0 11 05 00 fffffd90 0 1 0 0 x x 0 0 x x x 0 1 3 0 0 1 x x x
58000c23 1 0 00 00 00 00000598 0 1 0 0 x x 0 0 x x x 0 1 0 1 0 0 x x x
2d6694a3 1 0 0d 16 00 000002c9 0 1 0 0 x x 0 0 x x x 0 1 1 0 1 0 x x x
2199a1a3 1 0 13 19 00 00000203 0 1 0 0 x x 0 0 x x x 0 1 3 0 0 1 x x x
4a9f06a3 1 0 1e 09 00 000004ad 0 1 0 0 x x 0 0 x x x 0 1 0 1 0 0 x x x
7bd013a3 1 0 00 1d 00 000007a7 0 1 0 0 x x 0 0 x x x 0 1 1 0 1 0 x x x
ff5aafa3 1 0 15 15 00 ffffffff 0 1 0 0 x x 0 0 x x x 0 1 3 0 0 1 x x x
1b638e23 1 0 07 16 00 000001bc 0 1 0 0 x x 0 0 x x x 0 1 0 1 0 0 x x x
880b1923 1 0 16 00 00 fffff892 0 1 0 0 x x 0 0 x x x 0 1 1 0 1 0 x x x
82672123 1 0 0e 06 00 fffff822 0 1 0 0 x x 0 0 x x x 0 1 3 0 0 1 x x x
7f7f8923 1 0 1f 17 00 000007f2 0 1 0 0 x x 0 0 x x x 0 1 0 1 0 0 x x x
12701923 1 0 00 07 00 00000132 0 1 0 0 x x 0 0 x x x 0 1 1 0 1 0 x x x
5fcd21a3 1 0 1a 1c 00 000005e3 0 1 0 0 x x 0 0 x x x 0 1 3 0 0 1 x x x
e5900aa3 1 0 00 19 00 fffffe55 0 1 0 0 x x 0 0 x x x 0 1 0 1 0 0 x x x
f6249a23 1 0 09 02 00 ffffff74 0 1 0 0 x x 0 0 x x x 0 1 1 0 1 0 x x x
127faca3 1 0 1f 07 00 00000139 0 1 0 0 x x 0 0 x x x 0 1 3 0 0 1 x x x
2ff608a3 1 0 0c 1f 00 000002f1 0 1 0 0 x x 0 0 x x x 0 1 0 1 0 0 x x x
c5559e23 1 0 0b 15 00 fffffc5c 0 1 0 0 x x 0 0 x x x 0 1 1 0 1 0 x x x
2df0a9a3 1 0 01 1f 00 000002d3 0 1 0 0 x x 0 0 x x x 0 1 3 0 0 1 x x x
ac070ba3 1 0 0e 00 00 fffffad7 0 1 0 0 x x 0 0 x x x 0 1 0 1 0 0 x x x
041b1223 1 0 16 01 00 00000044 0 1 0 0 x x 0 0 x x x 0 1 1 0 1 0 x x x
ba0ba8a3 1 0 17 00 00 fffffbb1 0 1 0 0 x x 0 0 x x x 0 1 3 0 0 1 x x x
abe30523 1 0 06 1e 00 fffffaaa 0 1 0 0 x x 0 0 x x x 0 1 0 1 0 0 x x x
febb9423 1 0 17 0b 00 ffffffe8 0 1 0 0 x x 0 0 x x x 0 1 1 0 1 0 x x x
69f02e23 1 0 00 1f 00 0000069c 0 1 0 0 x x 0 0 x x x 0 1 3 0 0 1 x x x
5d428223 1 0 05 14 00 000005c4 0 1 0 0 x x 0 0 x x x 0 1 0 1 0 0 x x x
db6b9223 1 0 17 16 00 fffffda4 0 1 0 0 x x 0 0 x x x 0 1 1 0 1 0 x x x
81c5a023 1 0 0b 1c 00 fffff800 0 1 0 0 x x 0 0 x x x 0 1 3 0 0 1 x x x
00ac0023 1 0 18 0a 00 00000000 0 1 0 0 x x 0 0 x x x 0 1 0 1 0 0 x x x
711f9aa3 1 0 1f 11 00 00000715 0 1 0 0 x x 0 0 x x x 0 1 1 0 1 0 x x x
fe002f23 1 0 00 00 00 fffffffe 0 1 0 0 x x 0 0 x x x 0 1 3 0 0 1 x x x
ff2d8f23 1 0 1b 12 00 fffffffe 0 1 0 0 x x 0 0 x x x 0 1 0 1 0 0 x x x
e4009123 1 0 01 00 00 fffffe42 0 1 0 0 x x 0 0 x x x 0 1 1 0 1 0 x x x
8364aea3 1 0 09 16 00 fffff83d 0 1 0 0 x x 0 0 x x x 0 1 3 0 0 1 x x x
002280a3 1 0 05 02 00 00000001 0 1 0 0 x x 0 0 x x x 0 1 0 1 0 0 x x x
e7f01aa3 1 0 00 1f 00 fffffe75 0 1 0 0 x x 0 0 x x x 0 1 1 0 1 0 x x x
ea2daea3 1 0 1b 02 00 fffffebd 0 1 0 0 x x 0 0 x x x 0 1 3 0 0 1 x x x
ab638523 1 0 07 16 00 fffffaaa 0 1 0 0 x x 0 0 x x x 0 1 0 1 0 0 x x x
5df01923 1 0 00 1f 00 000005d2 0 1 0 0 x x 0 0 x x x 0 1 1 0 1 0 x x x
79b02723 1 0 00 1b 00 0000078e 0 1 0 0 x x 0 0 x x x 0 1 3 0 0 1 x x x
e0d105a3 1 0 02 0d 00 fffffe0b 0 1 0 0 x x 0 0 x x x 0 1 0 1 0 0 x x x
e80f95a3 1 0 1f 00 00 fffffe8b 0 1 0 0 x x 0 0 x x x 0 1 1 0 1 0 x x x
7abda2a3 1 0 1b 0b 00 000007a5 0 1 0 0 x x 0 0 x x x 0 1 3 0 0 1 x x x
e2ea00a3 1 0 14 0e 00 fffffe21 0 1 0 0 x x 0 0 x x x 0 1 0 1 0 0 x x x
598d1923 1 0 1a 18 00 00000592 0 1 0 0 x x 0 0 x x x 0 1 1 0 1 0 x x x
8345a5a3 1 0 0b 14 00 fffff82b 0 1 0 0 x x 0 0 x x x 0 1 3 0 0 1 x x x
d1e00823 1 0 00 1e 00 fffffd10 0 1 0 0 x x 0 0 x x x 0 1 0 1 0 0 x x x
01fb1023 1 0 16 1f 00 00000000 0 1 0 0 x x 0 0 x x x 0 1 1 0 1 0 x x x
41e0a023 1 0 01 1e 00 00000400 0 1 0 0 x x 0 0 x x x 0 1 3 0 0 1 x x x
a4560b23 1 0 0c 05 00 fffffa56 0 1 0 0 x x 0 0 x x x 0 1 0 1 0 0 x x x
7f331fa3 1 0 06 13 00 000007ff 0 1 0 0 x x 0 0 x x x 0 1 1 0 1 0 x x x
b5a02da3 1 0 00 1a 00 fffffb5b 0 1 0 0 x x 0 0 x x x 0 1 3 0 0 1 x x x
13f90023 1 0 12 1f 00 00000120 0 1 0 0 x x 0 0 x x x 0 1 0 1 0 0 x x x
94ef97a3 1 0 1f 0e 00 fffff94f 0 1 0 0 x x 0 0 x x x 0 1 1 0 1 0 x x x
70afa623 1 0 1f 0a 00 0000070c 0 1 0 0 x x 0 0 x x x 0 1 3 0 0 1 x x x
abb18523 1 0 03 1b 00 fffffaaa 0 1 0 0 x x 0 0 x x x 0 1 0 1 0 0 x x x
4b041823 1 0 08 10 00 000004b0 0 1 0 0 x x 0 0 x x x 0 1 1 0 1 0 x x x
57b6a7a3 1 0 0d 1b 00 0000056f 0 1 0 0 x x 0 0 x x x 0 1 3 0 0 1 x x x
fff28fa3 1 0 05 1f 00 ffffffff 0 1 0 0 x x 0 0 x x x 0 1 0 1 0 0 x x x
7f859fa3 1 0 0b 18 00 000007ff 0 1 0 0 x x 0 0 x x x 0 1 1 0 1 0 x x x
3b932e23 1 0 06 19 00 000003bc 0 1 0 0 x x 0 0 x x x 0 1 3 0 0 1 x x x
d5b706a3 1 0 0e 1b 00 fffffd4d 0 1 0 0 x x 0 0 x x x 0 1 0 1 0 0 x x x
ffe19fa3 1 0 03 1e 00 ffffffff 0 1 0 0 x x 0 0 x x x 0 1 1 0 1 0 x x x
58fda5a3 1 0 1b 0f 00 0000058b 0 1 0 0 x x 0 0 x x x 0 1 3 0 0 1 x x x
ff370fa3 1 0 0e 13 00 ffffffff 0 1 0 0 x x 0 0 x x x 0 1 0 1 0 0 x x x
ae8c1b23 1 0 18 08 00 fffffaf6 0 1 0 0 x x 0 0 x x x 0 1 1 0 1 0 x x x
f20daca3 1 0 1b 00 00 ffffff39 0 1 0 0 x x 0 0 x x x 0 1 3 0 0 1 x x x
7e078fa3 1 0 0f 00 00 000007ff 0 1 0 0 x x 0 0 x x x 0 1 0 1 0 0 x x x
4e071ea3 1 0 0e 00 00 000004fd 0 1 0 0 x x 0 0 x x x 0 1 1 0 1 0 x x x
3755ac23 1 0 0b 15 00 00000378 0 1 0 0 x x 0 0 x x x 0 1 3 0 0 1 x x x
007f80a3 1 0 1f 07 00 00000001 0 1 0 0 x x 0 0 x x x 0 1 0 1 0 0 x x x
9dc79523 1 0 0f 1c 00 fffff9ca 0 1 0 0 x x 0 0 x x x 0 1 1 0 1 0 x x x
5ca9ab23 1 0 13 0a 00 000005d6 0 1 0 0 x x 0 0 x x x 0 1 3 0 0 1 x x x
5ff30423 1 0 06 1f 00 000005e8 0 1 0 0 x x 0 0 x x x 0 1 0 1 0 0 x x x
6a319923 1 0 03 03 00 000006b2 0 1 0 0 x x 0 0 x x x 0 1 1 0 1 0 x x x
095523a3 1 0 0a 15 00 00000087 0 1 0 0 x x 0 0 x x x 0 1 3 0 0 1 x x x
1b060e23 1 0 0c 10 00 000001bc 0 1 0 0 x x 0 0 x x x 0 1 0 1 0 0 x x x
e1ec9723 1 0 19 1e 00 fffffe0e 0 1 0 0 x x 0 0 x x x 0 1 1 0 1 0 x x x
00ad20a3 1 0 1a 0a 00 00000001 0 1 0 0 x x 0 0 x x x 0 1 3 0 0 1 x x x
feca8f23 1 0 15 0c 00 fffffffe 0 1 0 0 x x 0 0 x x x 0 1 0 1 0 0 x x x
9df015a3 1 0 00 1f 00 fffff9cb 0 1 0 0 x x 0 0 x x x 0 1 1 0 1 0 x x x
abd02523 1 0 00 1d 00 fffffaaa 0 1 0 0 x x 0 0 x x x 0 1 3 0 0 1 x x x
74028ba3 1 0 05 00 00 00000757 0 1 0 0 x x 0 0 x x x 0 1 0 1 0 0 x x x
64fe9ba3 1 0 1d 0f 00 00000657 0 1 0 0 x x 0 0 x x x 0 1 1 0 1 0 x x x
6c3da223 1 0 1b 03 00 000006c4 0 1 0 0 x x 0 0 x x x 0 1 3 0 0 1 x x x
2ee98423 1 0 13 0e 00 000002e8 0 1 0 0 x x 0 0 x x x 0 1 0 1 0 0 x x x
e69d16a3 1 0 1a 09 00 fffffe6d 0 1 0 0 x x 0 0 x x x 0 1 1 0 1 0 x x x
541caaa3 1 0 19 01 00 00000555 0 1 0 0 x x 0 0 x x x 0 1 3 0 0 1 x x x
5e0b0ca3 1 0 16 00 00 000005f9 0 1 0 0 x x 0 0 x x x 0 1 0 1 0 0 x x x
1bb011a3 1 0 00 1b 00 000001a3 0 1 0 0 x x 0 0 x x x 0 1 1 0 1 0 x x x
016ca0a3 1 0 19 16 00 00000001 0 1 0 0 x x 0 0 x x x 0 1 3 0 0 1 x x x
d96f8223 1 0 1f 16 00 fffffd84 0 1 0 0 x x 0 0 x x x 0 1 0 1 0 0 x x x
54d01aa3 1 0 00 0d 00 00000555 0 1 0 0 x x 0 0 x x x 0 1 1 0 1 0 x x x
e80fac23 1 0 1f 00 00 fffffe98 0 1 0 0 x x 0 0 x x x 0 1 3 0 0 1 x x x
9bff8fa3 1 0 1f 1f 00 fffff9bf 0 1 0 0 x x 0 0 x x x 0 1 0 1 0 0 x x x
411f9ba3 1 0 1f 11 00 00000417 0 1 0 0 x x 0 0 x x x 0 1 1 0 1 0 x x x
f673a823 1 0 07 07 00 ffffff70 0 1 0 0 x x 0 0 x x x 0 1 3 0 0 1 x x x
80480c23 1 0 10 04 00 fffff818 0 1 0 0 x x 0 0 x x x 0 1 0 1 0 0 x x x
4a2b9ca3 1 0 17 02 00 000004b9 0 1 0 0 x x 0 0 x x x 0 1 1 0 1 0 x x x
ebf4a5a3 1 0 09 1f 00 fffffeab 0 1 0 0 x x 0 0 x x x 0 1 3 0 0 1 x x x
98c68ea3 1 0 0d 0c 00 fffff99d 0 1 0 0 x x 0 0 x x x 0 1 0 1 0 0 x x x
240614a3 1 0 0c 00 00 00000249 0 1 0 0 x x 0 0 x x x 0 1 1 0 1 0 x x x
0c0729a3 1 0 0e 00 00 000000d3 0 1 0 0 x x 0 0 x x x 0 1 3 0 0 1 x x x
c9d78ca3 1 0 0f 1d 00 fffffc99 0 1 0 0 x x 0 0 x x x 0 1 0 1 0 0 x x x
d97f98a3 1 0 1f 17 00 fffffd91 0 1 0 0 x x 0 0 x x x 0 1 1 0 1 0 x x x
f4d029a3 1 0 00 0d 00 ffffff53 0 1 0 0 x x 0 0 x x x 0 1 3 0 0 1 x x x
55b00aa3 1 0 00 1b 00 00000555 0 1 0 0 x x 0 0 x x x 0 1 0 1 0 0 x x x
4c0f1ba3 1 0 1e 00 00 000004d7 0 1 0 0 x x 0 0 x x x 0 1 1 0 1 0 x x x
011fa0a3 1 0 1f 11 00 00000001 0 1 0 0 x x 0 0 x x x 0 1 3 0 0 1 x x x
2cdf8d23 1 0 1f 0d 00 000002da 0 1 0 0 x x 0 0 x x x 0 1 0 1 0 0 x x x
01ce10a3 1 0 1c 1c 00 00000001 0 1 0 0 x x 0 0 x x x 0 1 1 0 1 0 x x x
9a762aa3 1 0 0c 07 00 fffff9b5 0 1 0 0 x x 0 0 x x x 0 1 3 0 0 1 x x x
03f18023 1 0 03 1f 00 00000020 0 1 0 0 x x 0 0 x x x 0 1 0 1 0 0 x x x
300c9ea3 1 0 19 00 00 0000031d 0 1 0 0 x x 0 0 x x x 0 1 1 0 1 0 x x x
6cee2ea3 1 0 1c 0e 00 000006dd 0 1 0 0 x x 0 0 x x x 0 1 3 0 0 1 x x x
02c00923 1 0 00 0c 00 00000032 0 1 0 0 x x 0 0 x x x 0 1 0 1 0 0 x x x
21b61b23 1 0 0c 1b 00 00000216 0 1 0 0 x x 0 0 x x x 0 1 1 0 1 0 x x x
ff2faf23 1 0 1f 12 00 fffffffe 0 1 0 0 x x 0 0 x x x 0 1 3 0 0 1 x x x
adfc0823 1 0 18 1f 00 fffffad0 0 1 0 0 x x 0 0 x x x 0 1 0 1 0 0 x x x
9f319723 1 0 03 13 00 fffff9ee 0 1 0 0 x x 0 0 x x x 0 1 1 0 1 0 x x x
22bcad23 1 0 19 0b 00 0000023a 0 1 0 0 x x 0 0 x x x 0 1 3 0 0 1 x x x
11df83a3 1 0 1f 1d 00 00000107 0 1 0 0 x x 0 0 x x x 0 1 0 1 0 0 x x x
9ae19123 1 0 03 0e 00 fffff9a2 0 1 0 0 x x 0 0 x x x 0 1 1 0 1 0 x x x
41d02ba3 1 0 00 1d 00 00000417 0 1 0 0 x x 0 0 x x x 0 1 3 0 0 1 x x x
55200aa3 1 0 00 12 00 00000555 0 1 0 0 x x 0 0 x x x 0 1 0 1 0 0 x x x
2a131023 1 0 06 01 00 000002a0 0 1 0 0 x x 0 0 x x x 0 1 1 0 1 0 x x x
0a262fa3 1 0 0c 02 00 000000bf 0 1 0 0 x x 0 0 x x x 0 1 3 0 0 1 x x x
ff6c0fa3 1 0 18 16 00 ffffffff 0 1 0 0 x x 0 0 x x x 0 1 0 1 0 0 x x x
a8b219a3 1 0 04 0b 00 fffffa93 0 1 0 0 x x 0 0 x x x 0 1 1 0 1 0 x x x
8f292d23 1 0 12 12 00 fffff8fa 0 1 0 0 x x 0 0 x x x 0 1 3 0 0 1 x x x
55bd8aa3 1 0 1b 1b 00 00000555 0 1 0 0 x x 0 0 x x x 0 1 0 1 0 0 x x x
522410a3 1 0 08 02 00 00000521 0 1 0 0 x x 0 0 x x x 0 1 1 0 1 0 x x x
f22f2323 1 0 1e 02 00 ffffff26 0 1 0 0 x x 0 0 x x x 0 1 3 0 0 1 x x x
32a80623 1 0 10 0a 00 0000032c 0 1 0 0 x x 0 0 x x x 0 1 0 1 0 0 x x x
abf39523 1 0 07 1f 00 fffffaaa 0 1 0 0 x x 0 0 x x x 0 1 1 0 1 0 x x x
b1fc2c23 1 0 18 1f 00 fffffb18 0 1 0 0 x x 0 0 x x x 0 1 3 0 0 1 x x x
240f0ba3 1 0 1e 00 00 00000257 0 1 0 0 x x 0 0 x x x 0 1 0 1 0 0 x x x
01611023 1 0 02 16 00 00000000 0 1 0 0 x x 0 0 x x x 0 1 1 0 1 0 x x x
2d53a823 1 0 07 15 00 000002d0 0 1 0 0 x x 0 0 x x x 0 1 3 0 0 1 x x x
00600023 1 0 00 06 00 00000000 0 1 0 0 x x 0 0 x x x 0 1 0 1 0 0 x x x
81679023 1 0 0f 16 00 fffff800 0 1 0 0 x x 0 0 x x x 0 1 1 0 1 0 x x x
012dab23 1 0 1b 12 00 00000016 0 1 0 0 x x 0 0 x x x 0 1 3 0 0 1 x x x
00ef80a3 1 0 1f 0e 00 00000001 0 1 0 0 x x 0 0 x x x 0 1 0 1 0 0 x x x
64c39d23 1 0 07 0c 00 0000065a 0 1 0 0 x x 0 0 x x x 0 1 1 0 1 0 x x x
e9d02ba3 1 0 00 1d 00 fffffe97 0 1 0 0 x x 0 0 x x x 0 1 3 0 0 1 x x x
00a000a3 1 0 00 0a 00 00000001 0 1 0 0 x x 0 0 x x x 0 1 0 1 0 0 x x x
fe901f23 1 0 00 09 00 fffffffe 0 1 0 0 x x 0 0 x x x 0 1 1 0 1 0 x x x
120622a3 1 0 0c 00 00 00000125 0 1 0 0 x x 0 0 x x x 0 1 3 0 0 1 x x x
5ba40b23 1 0 08 1a 00 000005b6 0 1 0 0 x x 0 0 x x x 0 1 0 1 0 0 x x x
df9e9d23 1 0 1d 19 00 fffffdfa 0 1 0 0 x x 0 0 x x x 0 1 1 0 1 0 x x x
c9502aa3 1 0 00 15 00 fffffc95 0 1 0 0 x x 0 0 x x x 0 1 3 0 0 1 x x x
540e0aa3 1 0 1c 00 00 00000555 0 1 0 0 x x 0 0 x x x 0 1 0 1 0 0 x x x
15b997a3 1 0 13 1b 00 0000014f 0 1 0 0 x x 0 0 x x x 0 1 1 0 1 0 x x x
649a2823 1 0 14 09 00 00000650 0 1 0 0 x x 0 0 x x x 0 1 3 0 0 1 x x x
9d6987a3 1 0 13 16 00 fffff9cf 0 1 0 0 x x 0 0 x x x 0 1 0 1 0 0 x x x
180119a3 1 0 02 00 00 00000193 0 1 0 0 x x 0 0 x x x 0 1 1 0 1 0 x x x
e193aea3 1 0 07 19 00 fffffe1d 0 1 0 0 x x 0 0 x x x 0 1 3 0 0 1 x x x
7a980b23 1 0 10 09 00 000007b6 0 1 0 0 x x 0 0 x x x 0 1 0 1 0 0 x x x
95f51423 1 0 0a 1f 00 fffff948 0 1 0 0 x x 0 0 x x x 0 1 1 0 1 0 x x x
fe26afa3 1 0 0d 02 00 ffffffff 0 1 0 0 x x 0 0 x x x 0 1 3 0 0 1 x x x
ff3f8fa3 1 0 1f 13 00 ffffffff 0 1 0 0 x x 0 0 x x x 0 1 0 1 0 0 x x x
790618a3 1 0 0c 10 00 00000791 0 1 0 0 x x 0 0 x x x 0 1 1 0 1 0 x x x
ce682aa3 1 0 10 06 00 fffffcf5 0 1 0 0 x x 0 0 x x x 0 1 3 0 0 1 x x x
20cb0ca3 1 0 16 0c 00 00000219 0 1 0 0 x x 0 0 x x x 0 1 0 1 0 0 x x x
68ce10a3 1 0 1c 0c 00 00000681 0 1 0 0 x x 0 0 x x x 0 1 1 0 1 0 x x x
620628a3 1 0 0c 00 00 00000631 0 1 0 0 x x 0 0 x x x 0 1 3 0 0 1 x x x
c6010a23 1 0 02 00 00 fffffc74 0 1 0 0 x x 0 0 x x x 0 1 0 1 0 0 x x x
ff019f23 1 0 03 10 00 fffffffe 0 1 0 0 x x 0 0 x x x 0 1 1 0 1 0 x x x
c2002aa3 1 0 00 00 00 fffffc35 0 1 0 0 x x 0 0 x x x 0 1 3 0 0 1 x x x
e57d0323 1 0 1a 17 00 fffffe46 0 1 0 0 x x 0 0 x x x 0 1 0 1 0 0 x x x
ec001123 1 0 00 00 00 fffffec2 0 1 0 0 x x 0 0 x x x 0 1 1 0 1 0 x x x
b58f2623 1 0 1e 18 00 fffffb4c 0 1 0 0 x x 0 0 x x x 0 1 3 0 0 1 x x x
4e040423 1 0 08 00 00 000004e8 0 1 0 0 x x 0 0 x x x 0 1 0 1 0 0 x x x
138b9a23 1 0 17 18 00 00000134 0 1 0 0 x x 0 0 x x x 0 1 1 0 1 0 x x x
19d1a923 1 0 03 1d 00 00000192 0 1 0 0 x x 0 0 x x x 0 1 3 0 0 1 x x x
fe058fa3 1 0 0b 00 00 ffffffff 0 1 0 0 x x 0 0 x x x 0 1 0 1 0 0 x x x
5d671a23 1 0 0e 16 00 000005d4 0 1 0 0 x x 0 0 x x x 0 1 1 0 1 0 x x x
b807a623 1 0 0f 00 00 fffffb8c 0 1 0 0 x x 0 0 x x x 0 1 3 0 0 1 x x x
19f28a23 1 0 05 1f 00 00000194 0 1 0 0 x x 0 0 x x x 0 1 0 1 0 0 x x x
db841923 1 0 08 18 00 fffffdb2 0 1 0 0 x x 0 0 x x x 0 1 1 0 1 0 x x x
2d982da3 1 0 10 19 00 000002db 0 1 0 0 x x 0 0 x x x 0 1 3 0 0 1 x x x
4e9c8da3 1 0 19 09 00 000004fb 0 1 0 0 x x 0 0 x x x 0 1 0 1 0 0 x x x
b03018a3 1 0 00 03 00 fffffb11 0 1 0 0 x x 0 0 x x x 0 1 1 0 1 0 x x x
cd3ea623 1 0 1d 13 00 fffffccc 0 1 0 0 x x 0 0 x x x 0 1 3 0 0 1 x x x
00020023 1 0 04 00 00 00000000 0 1 0 0 x x 0 0 x x x 0 1 0 1 0 0 x x x
9c0f9fa3 1 0 1f 00 00 fffff9df 0 1 0 0 x x 0 0 x x x 0 1 1 0 1 0 x x x
81582023 1 0 10 15 00 fffff800 0 1 0 0 x x 0 0 x x x 0 1 3 0 0 1 x x x
8c4a8fa3 1 0 15 04 00 fffff8df 0 1 0 0 x x 0 0 x x x 0 1 0 1 0 0 x x x
06451ca3 1 0 0a 04 00 00000079 0 1 0 0 x x 0 0 x x x 0 1 1 0 1 0 x x x
1652a423 1 0 05 05 00 00000168 0 1 0 0 x x 0 0 x x x 0 1 3 0 0 1 x x x
fe110fa3 1 0 02 01 00 ffffffff 0 1 0 0 x x 0 0 x x x 0 1 0 1 0 0 x x x
78091323 1 0 12 00 00 00000786 0 1 0 0 x x 0 0 x x x 0 1 1 0 1 0 x x x
7b1d2ea3 1 0 1a 11 00 000007bd 0 1 0 0 x x 0 0 x x x 0 1 3 0 0 1 x x x
ff438fa3 1 0 07 14 00 ffffffff 0 1 0 0 x x 0 0 x x x 0 1 0 1 0 0 x x x
1ef21b23 1 0 04 0f 00 000001f6 0 1 0 0 x x 0 0 x x x 0 1 1 0 1 0 x x x
89c42623 1 0 08 1c 00 fffff88c 0 1 0 0 x x 0 0 x x x 0 1 3 0 0 1 x x x
ba6a82a3 1 0 15 06 00 fffffba5 0 1 0 0 x x 0 0 x x x 0 1 0 1 0 0 x x x
b51096a3 1 0 01 11 00 fffffb4d 0 1 0 0 x x 0 0 x x x 0 1 1 0 1 0 x x x
92d42d23 1 0 08 0d 00 fffff93a 0 1 0 0 x x 0 0 x x x 0 1 3 0 0 1 x x x
19f00223 1 0 00 1f 00 00000184 0 1 0 0 x x 0 0 x x x 0 1 0 1 0 0 x x x
aa0d1523 1 0 1a 00 00 fffffaaa 0 1 0 0 x x 0 0 x x x 0 1 1 0 1 0 x x x
8c28a9a3 1 0 11 02 00 fffff8d3 0 1 0 0 x x 0 0 x x x 0 1 3 0 0 1 x x x
7e740fa3 1 0 08 07 00 000007ff 0 1 0 0 x x 0 0 x x x 0 1 0 1 0 0 x x x
a7df9423 1 0 1f 1d 00 fffffa68 0 1 0 0 x x 0 0 x x x 0 1 1 0 1 0 x x x
967ea0a3 1 0 1d 07 00 fffff961 0 1 0 0 x x 0 0 x x x 0 1 3 0 0 1 x x x
0a0004a3 1 0 00 00 00 000000a9 0 1 0 0 x x 0 0 x x x 0 1 0 1 0 0 x x x
5e9f9423 1 0 1f 09 00 000005e8 0 1 0 0 x x 0 0 x x x 0 1 1 0 1 0 x x x
a33724a3 1 0 0e 13 00 fffffa29 0 1 0 0 x x 0 0 x x x 0 1 3 0 0 1 x x x
ddfa85a3 1 0 15 1f 00 fffffdcb 0 1 0 0 x x 0 0 x x x 0 1 0 1 0 0 x x x
c42f1423 1 0 1e 02 00 fffffc48 0 1 0 0 x x 0 0 x x x 0 1 1 0 1 0 x x x
bad025a3 1 0 00 0d 00 fffffbab 0 1 0 0 x x 0 0 x x x 0 1 3 0 0 1 x x x
5e080823 1 0 10 00 00 000005f0 0 1 0 0 x x 0 0 x x x 0 1 0 1 0 0 x x x
fa4417a3 1 0 08 04 00 ffffffaf 0 1 0 0 x x 0 0 x x x 0 1 1 0 1 0 x x x
dbffa423 1 0 1f 1f 00 fffffda8 0 1 0 0 x x 0 0 x x x 0 1 3 0 0 1 x x x
30070ca3 1 0 0e 00 00 00000319 0 1 0 0 x x 0 0 x x x 0 1 0 1 0 0 x x x
cebd1223 1 0 1a 0b 00 fffffce4 0 1 0 0 x x 0 0 x x x 0 1 1 0 1 0 x x x
23f523a3 1 0 0a 1f 00 00000227 0 1 0 0 x x 0 0 x x x 0 1 3 0 0 1 x x x
ff430fa3 1 0 06 14 00 ffffffff 0 1 0 0 x x 0 0 x x x 0 1 0 1 0 0 x x x
29bf1ba3 1 0 1e 1b 00 00000297 0 1 0 0 x x 0 0 x x x 0 1 1 0 1 0 x x x
543faaa3 1 0 1f 03 00 00000555 0 1 0 0 x x 0 0 x x x 0 1 3 0 0 1 x x x
eb160823 1 0 0c 11 00 fffffeb0 0 1 0 0 x x 0 0 x x x 0 1 0 1 0 0 x x x
ab521523 1 0 04 15 00 fffffaaa 0 1 0 0 x x 0 0 x x x 0 1 1 0 1 0 x x x
6149a6a3 1 0 13 14 00 0000060d 0 1 0 0 x x 0 0 x x x 0 1 3 0 0 1 x x x
ff5d0f23 1 0 1a 15 00 fffffffe 0 1 0 0 x x 0 0 x x x 0 1 0 1 0 0 x x x
90759f23 1 0 0b 07 00 fffff91e 0 1 0 0 x x 0 0 x x x 0 1 1 0 1 0 x x x
0409a423 1 0 13 00 00 00000048 0 1 0 0 x x 0 0 x x x 0 1 3 0 0 1 x x x
37e305a3 1 0 06 1e 00 0000036b 0 1 0 0 x x 0 0 x x x 0 1 0 1 0 0 x x x
9cd21523 1 0 04 0d 00 fffff9ca 0 1 0 0 x x 0 0 x x x 0 1 1 0 1 0 x x x
eefa2ba3 1 0 14 0f 00 fffffef7 0 1 0 0 x x 0 0 x x x 0 1 3 0 0 1 x x x
8a088c23 1 0 11 00 00 fffff8b8 0 1 0 0 x x 0 0 x x x 0 1 0 1 0 0 x x x
54f49aa3 1 0 09 0f 00 00000555 0 1 0 0 x x 0 0 x x x 0 1 1 0 1 0 x x x
82ffa1a3 1 0 1f 0f 00 fffff823 0 1 0 0 x x 0 0 x x x 0 1 3 0 0 1 x x x
1af18123 1 0 03 0f 00 000001a2 0 1 0 0 x x 0 0 x x x 0 1 0 1 0 0 x x x
be8016a3 1 0 00 08 00 fffffbed 0 1 0 0 x x 0 0 x x x 0 1 1 0 1 0 x x x
806da023 1 0 1b 06 00 fffff800 0 1 0 0 x x 0 0 x x x 0 1 3 0 0 1 x x x
781902a3 1 0 12 01 00 00000785 0 1 0 0 x x 0 0 x x x 0 1 0 1 0 0 x x x
002610a3 1 0 0c 02 00 00000001 0 1 0 0 x x 0 0 x x x 0 1 1 0 1 0 x x x
edf027a3 1 0 00 1f 00 fffffecf 0 1 0 0 x x 0 0 x x x 0 1 3 0 0 1 x x x
aa6a0523 1 0 14 06 00 fffffaaa 0 1 0 0 x x 0 0 x x x 0 1 0 1 0 0 x x x
6d2c9d23 1 0 19 12 00 000006da 0 1 0 0 x x 0 0 x x x 0 1 1 0 1 0 x x x
2cee25a3 1 0 1c 0e 00 000002cb 0 1 0 0 x x 0 0 x x x 0 1 3 0 0 1 x x x
795004a3 1 0 00 15 00 00000789 0 1 0 0 x x 0 0 x x x 0 1 0 1 0 0 x x x
abe519a3 1 0 0a 1e 00 fffffab3 0 1 0 0 x x 0 0 x x x 0 1 1 0 1 0 x x x
ab602523 1 0 00 16 00 fffffaaa 0 1 0 0 x x 0 0 x x x 0 1 3 0 0 1 x x x
e9e60423 1 0 0c 1e 00 fffffe88 0 1 0 0 x x 0 0 x x x 0 1 0 1 0 0 x x x
dd6210a3 1 0 04 16 00 fffffdc1 0 1 0 0 x x 0 0 x x x 0 1 1 0 1 0 x x x
8efa2923 1 0 14 0f 00 fffff8f2 0 1 0 0 x x 0 0 x x x 0 1 3 0 0 1 x x x
542d0aa3 1 0 1a 02 00 00000555 0 1 0 0 x x 0 0 x x x 0 1 0 1 0 0 x x x
6b731123 1 0 06 17 00 000006a2 0 1 0 0 x x 0 0 x x x 0 1 1 0 1 0 x x x
e3c32423 1 0 06 1c 00 fffffe28 0 1 0 0 x x 0 0 x x x 0 1 3 0 0 1 x x x
fe6f0f23 1 0 1e 06 00 fffffffe 0 1 0 0 x x 0 0 x x x 0 1 0 1 0 0 x x x
89fe9423 1 0 1d 1f 00 fffff888 0 1 0 0 x x 0 0 x x x 0 1 1 0 1 0 x x x
fd9aa0a3 1 0 15 19 00 ffffffc1 0 1 0 0 x x 0 0 x x x 0 1 3 0 0 1 x x x
bfea8c23 1 0 15 1e 00 fffffbf8 0 1 0 0 x x 0 0 x x x 0 1 0 1 0 0 x x x
ba2a1523 1 0 14 02 00 fffffbaa 0 1 0 0 x x 0 0 x x x 0 1 1 0 1 0 x x x
7e592fa3 1 0 12 05 00 000007ff 0 1 0 0 x x 0 0 x x x 0 1 3 0 0 1 x x x
db208823 1 0 01 12 00 fffffdb0 0 1 0 0 x x 0 0 x x x 0 1 0 1 0 0 x x x
fe4f9f23 1 0 1f 04 00 fffffffe 0 1 0 0 x x 0 0 x x x 0 1 1 0 1 0 x x x
fbdfae23 1 0 1f 1d 00 ffffffbc 0 1 0 0 x x 0 0 x x x 0 1 3 0 0 1 x x x
30c20523 1 0 04 0c 00 0000030a 0 1 0 0 x x 0 0 x x x 0 1 0 1 0 0 x x x
dd251aa3 1 0 0a 12 00 fffffdd5 0 1 0 0 x x 0 0 x x x 0 1 1 0 1 0 x x x
8a8f2a23 1 0 1e 08 00 fffff8b4 0 1 0 0 x x 0 0 x x x 0 1 3 0 0 1 x x x
d6ae83a3 1 0 1d 0a 00 fffffd67 0 1 0 0 x x 0 0 x x x 0 1 0 1 0 0 x x x
21d319a3 1 0 06 1d 00 00000213 0 1 0 0 x x 0 0 x x x 0 1 1 0 1 0 x x x
2a0faa23 1 0 1f 00 00 000002b4 0 1 0 0 x x 0 0 x x x 0 1 3 0 0 1 x x x
3ce10723 1 0 02 0e 00 000003ce 0 1 0 0 x x 0 0 x x x 0 1 0 1 0 0 x x x
fe301fa3 1 0 00 03 00 ffffffff 0 1 0 0 x x 0 0 x x x 0 1 1 0 1 0 x x x
97ef26a3 1 0 1e 1e 00 fffff96d 0 1 0 0 x x 0 0 x x x 0 1 3 0 0 1 x x x
aaff8523 1 0 1f 0f 00 fffffaaa 0 1 0 0 x x 0 0 x x x 0 1 0 1 0 0 x x x
abc29323 1 0 05 1c 00 fffffaa6 0 1 0 0 x x 0 0 x x x 0 1 1 0 1 0 x x x
aa802523 1 0 00 08 00 fffffaaa 0 1 0 0 x x 0 0 x x x 0 1 3 0 0 1 x x x
eb4f8aa3 1 0 1f 14 00 fffffeb5 0 1 0 0 x x 0 0 x x x 0 1 0 1 0 0 x x x
10bf16a3 1 0 1e 0b 00 0000010d 0 1 0 0 x x 0 0 x x x 0 1 1 0 1 0 x x x
80302023 1 0 00 03 00 fffff800 0 1 0 0 x x 0 0 x x x 0 1 3 0 0 1 x x x
ab4f0523 1 0 1e 14 00 fffffaaa 0 1 0 0 x x 0 0 x x x 0 1 0 1 0 0 x x x
9f8215a3 1 0 04 18 00 fffff9eb 0 1 0 0 x x 0 0 x x x 0 1 1 0 1 0 x x x
# --- BRANCH ---
# i_inst | o_legal o_halt o_rs1 o_rs2 o_rd o_immediate o_op1_sel o_op2_sel
#     o_alu_opsel o_alu_sub o_alu_unsigned o_alu_arith o_branch o_jump
#     o_branch_equal o_branch_unsigned o_branch_invert o_dmem_ren o_dmem_wen
#     o_dmem_align o_dmem_memb o_dmem_memh o_dmem_memw o_dmem_memu o_rd_sel
#     o_pc_sel
7e718fe3 1 0 03 07 00 00000ffe 0 0 x x x x 1 0 1 x 0 0 0 x x x x x x 0
00941063 1 0 08 09 00 00000000 0 0 x x x x 1 0 1 x 1 0 0 x x x x x x 0
6406c1e3 1 0 0d 00 00 00000e42 0 0 x x 0 x 1 0 0 0 0 0 0 x x x x x x 0
61e95fe3 1 0 12 1e 00 00000e1e 0 0 x x 0 x 1 0 0 0 1 0 0 x x x x x x 0
a5ddebe3 1 0 1b 1d 00 fffffa56 0 0 x x 1 x 1 0 0 1 0 0 0 x x x x x x 0
c4007163 1 0 00 00 00 fffff442 0 0 x x 1 x 1 0 0 1 1 0 0 x x x x x x 0
a3b38ee3 1 0 07 1b 00 fffffa3c 0 0 x x x x 1 0 1 x 0 0 0 x x x x x x 0
07f71163 1 0 0e 1f 00 00000062 0 0 x x x x 1 0 1 x 1 0 0 x x x x x x 0
6914c763 1 0 09 11 00 0000068e 0 0 x x 0 x 1 0 0 0 0 0 0 x x x x x x 0
a7f756e3 1 0 0e 1f 00 fffffa6c 0 0 x x 0 x 1 0 0 0 1 0 0 x x x x x x 0
ec63e6e3 1 0 07 06 00 fffffecc 0 0 x x 1 x 1 0 0 1 0 0 0 x x x x x x 0
3e0f7b63 1 0 1e 00 00 000003f6 0 0 x x 1 x 1 0 0 1 1 0 0 x x x x x x 0
29698b63 1 0 13 16 00 00000296 0 0 x x x x 1 0 1 x 0 0 0 x x x x x x 0
7f5e9f63 1 0 1d 15 00 000007fe 0 0 x x x x 1 0 1 x 1 0 0 x x x x x x 0
c24fc0e3 1 0 1f 04 00 fffffc20 0 0 x x 0 x 1 0 0 0 0 0 0 x x x x x x 0
00ddd263 1 0 1b 0d 00 00000004 0 0 x x 0 x 1 0 0 0 1 0 0 x x x x x x 0
8cd06963 1 0 00 0d 00 fffff0d2 0 0 x x 1 x 1 0 0 1 0 0 0 x x x x x x 0
0d2772e3 1 0 0e 12 00 000008c4 0 0 x x 1 x 1 0 0 1 1 0 0 x x x x x x 0
06010b63 1 0 02 00 00 00000076 0 0 x x x x 1 0 1 x 0 0 0 x x x x x x 0
00401263 1 0 00 04 00 00000004 0 0 x x x x 1 0 1 x 1 0 0 x x x x x x 0
b80540e3 1 0 0a 00 00 fffffb80 0 0 x x 0 x 1 0 0 0 0 0 0 x x x x x x 0
d4c05de3 1 0 00 0c 00 fffffd5a 0 0 x x 0 x 1 0 0 0 1 0 0 x x x x x x 0
6f196ce3 1 0 12 11 00 00000ef8 0 0 x x 1 x 1 0 0 1 0 0 0 x x x x x x 0
7e79ff63 1 0 13 07 00 000007fe 0 0 x x 1 x 1 0 0 1 1 0 0 x x x x x x 0
7f640fe3 1 0 08 16 00 00000ffe 0 0 x x x x 1 0 1 x 0 0 0 x x x x x x 0
ab2c9763 1 0 19 12 00 fffff2ae 0 0 x x x x 1 0 1 x 1 0 0 x x x x x x 0
5f6849e3 1 0 10 16 00 00000df2 0 0 x x 0 x 1 0 0 0 0 0 0 x x x x x x 0
00d0d163 1 0 01 0d 00 00000002 0 0 x x 0 x 1 0 0 0 1 0 0 x x x x x x 0
9006eb63 1 0 0d 00 00 fffff116 0 0 x x 1 x 1 0 0 1 0 0 0 x x x x x x 0
fe507fe3 1 0 00 05 00 fffffffe 0 0 x x 1 x 1 0 0 1 1 0 0 x x x x x x 0
7ee30463 1 0 06 0e 00 000007e8 0 0 x x x x 1 0 1 x 0 0 0 x x x x x x 0
00a01263 1 0 00 0a 00 00000004 0 0 x x x x 1 0 1 x 1 0 0 x x x x x x 0
e132c463 1 0 05 13 00 fffff608 0 0 x x 0 x 1 0 0 0 0 0 0 x x x x x x 0
05edd7e3 1 0 1b 1e 00 0000084e 0 0 x x 0 x 1 0 0 0 1 0 0 x x x x x x 0
7e0cefe3 1 0 19 00 00 00000ffe 0 0 x x 1 x 1 0 0 1 0 0 0 x x x x x x 0
83bf76e3 1 0 1e 1b 00 fffff82c 0 0 x x 1 x 1 0 0 1 1 0 0 x x x x x x 0
10638863 1 0 07 06 00 00000110 0 0 x x x x 1 0 1 x 0 0 0 x x x x x x 0
7ef01ae3 1 0 00 0f 00 00000ff4 0 0 x x x x 1 0 1 x 1 0 0 x x x x x x 0
e66a4663 1 0 14 06 00 fffff66c 0 0 x x 0 x 1 0 0 0 0 0 0 x x x x x x 0
fabfdde3 1 0 1f 0b 00 ffffffba 0 0 x x 0 x 1 0 0 0 1 0 0 x x x x x x 0
00b36163 1 0 06 0b 00 00000002 0 0 x x 1 x 1 0 0 1 0 0 0 x x x x x x 0
e978fc63 1 0 11 17 00 fffff698 0 0 x x 1 x 1 0 0 1 1 0 0 x x x x x x 0
52e80063 1 0 10 0e 00 00000520 0 0 x x x x 1 0 1 x 0 0 0 x x x x x x 0
00f09163 1 0 01 0f 00 00000002 0 0 x x x x 1 0 1 x 1 0 0 x x x x x x 0
40cfca63 1 0 1f 0c 00 00000414 0 0 x x 0 x 1 0 0 0 0 0 0 x x x x x x 0
81145063 1 0 08 11 00 fffff000 0 0 x x 0 x 1 0 0 0 1 0 0 x x x x x x 0
419aea63 1 0 15 19 00 00000414 0 0 x x 1 x 1 0 0 1 0 0 0 x x x x x x 0
98f170e3 1 0 02 0f 00 fffff980 0 0 x x 1 x 1 0 0 1 1 0 0 x x x x x x 0
00e28063 1 0 05 0e 00 00000000 0 0 x x x x 1 0 1 x 0 0 0 x x x x x x 0
938990e3 1 0 13 18 00 fffff920 0 0 x x x x 1 0 1 x 1 0 0 x x x x x x 0
81e6c063 1 0 0d 1e 00 fffff000 0 0 x x 0 x 1 0 0 0 0 0 0 x x x x x x 0
7f085fe3 1 0 10 10 00 00000ffe 0 0 x x 0 x 1 0 0 0 1 0 0 x x x x x x 0
7fe86fe3 1 0 10 1e 00 00000ffe 0 0 x x 1 x 1 0 0 1 0 0 0 x x x x x x 0
275ff0e3 1 0 1f 15 00 00000a60 0 0 x x 1 x 1 0 0 1 1 0 0 x x x x x x 0
80658063 1 0 0b 06 00 fffff000 0 0 x x x x 1 0 1 x 0 0 0 x x x x x x 0
81679063 1 0 0f 16 00 fffff000 0 0 x x x x 1 0 1 x 1 0 0 x x x x x x 0
4303cf63 1 0 07 10 00 0000043e 0 0 x x 0 x 1 0 0 0 0 0 0 x x x x x x 0
ca29dce3 1 0 13 02 00 fffffcb8 0 0 x x 0 x 1 0 0 0 1 0 0 x x x x x x 0
87996e63 1 0 12 19 00 fffff07c 0 0 x x 1 x 1 0 0 1 0 0 0 x x x x x x 0
501afd63 1 0 15 01 00 0000051a 0 0 x x 1 x 1 0 0 1 1 0 0 x x x x x x 0
79ff8163 1 0 1f 1f 00 00000782 0 0 x x x x 1 0 1 x 0 0 0 x x x x x x 0
514813e3 1 0 10 14 00 00000d06 0 0 x x x x 1 0 1 x 1 0 0 x x x x x x 0
9ab04ae3 1 0 00 0b 00 fffff9b4 0 0 x x 0 x 1 0 0 0 0 0 0 x x x x x x 0
01905d63 1 0 00 19 00 0000001a 0 0 x x 0 x 1 0 0 0 1 0 0 x x x x x x 0
9499e663 1 0 13 09 00 fffff14c 0 0 x x 1 x 1 0 0 1 0 0 0 x x x x x x 0
7eca7de3 1 0 14 0c 00 00000ffa 0 0 x x 1 x 1 0 0 1 1 0 0 x x x x x x 0
518904e3 1 0 12 18 00 00000d08 0 0 x x x x 1 0 1 x 0 0 0 x x x x x x 0
d7829ce3 1 0 05 18 00 fffffd78 0 0 x x x x 1 0 1 x 1 0 0 x x x x x x 0
fe504fe3 1 0 00 05 00 fffffffe 0 0 x x 0 x 1 0 0 0 0 0 0 x x x x x x 0
29f05863 1 0 00 1f 00 00000290 0 0 x x 0 x 1 0 0 0 1 0 0 x x x x x x 0
002660e3 1 0 0c 02 00 00000800 0 0 x x 1 x 1 0 0 1 0 0 0 x x x x x x 0
c87efe63 1 0 1d 07 00 fffff49c 0 0 x x 1 x 1 0 0 1 1 0 0 x x x x x x 0
7e5f0f63 1 0 1e 05 00 000007fe 0 0 x x x x 1 0 1 x 0 0 0 x x x x x x 0
8e041663 1 0 08 00 00 fffff0ec 0 0 x x x x 1 0 1 x 1 0 0 x x x x x x 0
ff334fe3 1 0 06 13 00 fffffffe 0 0 x x 0 x 1 0 0 0 0 0 0 x x x x x x 0
720fd063 1 0 1f 00 00 00000720 0 0 x x 0 x 1 0 0 0 1 0 0 x x x x x x 0
f2ec6563 1 0 18 0e 00 fffff72a 0 0 x x 1 x 1 0 0 1 0 0 0 x x x x x x 0
5670f9e3 1 0 01 07 00 00000d72 0 0 x x 1 x 1 0 0 1 1 0 0 x x x x x x 0
ca2002e3 1 0 00 02 00 fffffca4 0 0 x x x x 1 0 1 x 0 0 0 x x x x x x 0
180797e3 1 0 0f 00 00 0000098e 0 0 x x x x 1 0 1 x 1 0 0 x x x x x x 0
a32fcbe3 1 0 1f 12 00 fffffa36 0 0 x x 0 x 1 0 0 0 0 0 0 x x x x x x 0
d974d8e3 1 0 09 17 00 fffffd90 0 0 x x 0 x 1 0 0 0 1 0 0 x x x x x x 0
2d2ced63 1 0 19 12 00 000002da 0 0 x x 1 x 1 0 0 1 0 0 0 x x x x x x 0
6eb47c63 1 0 08 0b 00 000006f8 0 0 x x 1 x 1 0 0 1 1 0 0 x x x x x x 0
945001e3 1 0 00 05 00 fffff942 0 0 x x x x 1 0 1 x 0 0 0 x x x x x x 0
3ad11ae3 1 0 02 0d 00 00000bb4 0 0 x x x x 1 0 1 x 1 0 0 x x x x x x 0
00004b63 1 0 00 00 00 00000016 0 0 x x 0 x 1 0 0 0 0 0 0 x x x x x x 0
efa057e3 1 0 00 1a 00 fffffeee 0 0 x x 0 x 1 0 0 0 1 0 0 x x x x x x 0
ff37efe3 1 0 0f 13 00 fffffffe 0 0 x x 1 x 1 0 0 1 0 0 0 x x x x x x 0
000af163 1 0 15 00 00 00000002 0 0 x x 1 x 1 0 0 1 1 0 0 x x x x x x 0
abad06e3 1 0 1a 1a 00 fffffaac 0 0 x x x x 1 0 1 x 0 0 0 x x x x x x 0
e68595e3 1 0 0b 08 00 fffffe6a 0 0 x x x x 1 0 1 x 1 0 0 x x x x x x 0
01f64663 1 0 0c 1f 00 0000000c 0 0 x x 0 x 1 0 0 0 0 0 0 x x x x x x 0
7ffbdf63 1 0 17 1f 00 000007fe 0 0 x x 0 x 1 0 0 0 1 0 0 x x x x x x 0
087c6d63 1 0 18 07 00 0000009a 0 0 x x 1 x 1 0 0 1 0 0 0 x x x x x x 0
0c0e7fe3 1 0 1c 00 00 000008de 0 0 x x 1 x 1 0 0 1 1 0 0 x x x x x x 0
80a50063 1 0 0a 0a 00 fffff000 0 0 x x x x 1 0 1 x 0 0 0 x x x x x x 0
ad501563 1 0 00 15 00 fffff2ca 0 0 x x x x 1 0 1 x 1 0 0 x x x x x x 0
78094b63 1 0 12 00 00 00000796 0 0 x x 0 x 1 0 0 0 0 0 0 x x x x x x 0
5d7a5be3 1 0 14 17 00 00000dd6 0 0 x x 0 x 1 0 0 0 1 0 0 x x x x x x 0
a5756f63 1 0 0a 17 00 fffff25e 0 0 x x 1 x 1 0 0 1 0 0 0 x x x x x x 0
61edf1e3 1 0 1b 1e 00 00000e02 0 0 x x 1 x 1 0 0 1 1 0 0 x x x x x x 0
fe318fe3 1 0 03 03 00 fffffffe 0 0 x x x x 1 0 1 x 0 0 0 x x x x x x 0
7eb79fe3 1 0 0f 0b 00 00000ffe 0 0 x x x x 1 0 1 x 1 0 0 x x x x x x 0
01f54263 1 0 0a 1f 00 00000004 0 0 x x 0 x 1 0 0 0 0 0 0 x x x x x x 0
c0eb58e3 1 0 16 0e 00 fffffc10 0 0 x x 0 x 1 0 0 0 1 0 0 x x x x x x 0
f002ea63 1 0 05 00 00 fffff714 0 0 x x 1 x 1 0 0 1 0 0 0 x x x x x x 0
a62ff6e3 1 0 1f 02 00 fffffa6c 0 0 x x 1 x 1 0 0 1 1 0 0 x x x x x x 0
91bf84e3 1 0 1f 1b 00 fffff908 0 0 x x x x 1 0 1 x 0 0 0 x x x x x x 0
f9be9063 1 0 1d 1b 00 fffff780 0 0 x x x x 1 0 1 x 1 0 0 x x x x x x 0
7b69c963 1 0 13 16 00 000007b2 0 0 x x 0 x 1 0 0 0 0 0 0 x x x x x x 0
44775063 1 0 0e 07 00 00000440 0 0 x x 0 x 1 0 0 0 1 0 0 x x x x x x 0
fdf06263 1 0 00 1f 00 fffff7c4 0 0 x x 1 x 1 0 0 1 0 0 0 x x x x x x 0
4f63f663 1 0 07 16 00 000004ec 0 0 x x 1 x 1 0 0 1 1 0 0 x x x x x x 0
90d980e3 1 0 13 0d 00 fffff900 0 0 x x x x 1 0 1 x 0 0 0 x x x x x x 0
1fd91963 1 0 12 1d 00 000001f2 0 0 x x x x 1 0 1 x 1 0 0 x x x x x x 0
cb0448e3 1 0 08 10 00 fffffcb0 0 0 x x 0 x 1 0 0 0 0 0 0 x x x x x x 0
ef5d50e3 1 0 1a 15 00 fffffee0 0 0 x x 0 x 1 0 0 0 1 0 0 x x x x x x 0
00a76263 1 0 0e 0a 00 00000004 0 0 x x 1 x 1 0 0 1 0 0 0 x x x x x x 0
e83afe63 1 0 15 03 00 fffff69c 0 0 x x 1 x 1 0 0 1 1 0 0 x x x x x x 0
7fed8f63 1 0 1b 1e 00 000007fe 0 0 x x x x 1 0 1 x 0 0 0 x x x x x x 0
ad729563 1 0 05 17 00 fffff2ca 0 0 x x x x 1 0 1 x 1 0 0 x x x x x x 0
c4afc0e3 1 0 1f 0a 00 fffffc40 0 0 x x 0 x 1 0 0 0 0 0 0 x x x x x x 0
34d75e63 1 0 0e 0d 00 0000035c 0 0 x x 0 x 1 0 0 0 1 0 0 x x x x x x 0
69646a63 1 0 08 16 00 00000694 0 0 x x 1 x 1 0 0 1 0 0 0 x x x x x x 0
7e177f63 1 0 0e 01 00 000007fe 0 0 x x 1 x 1 0 0 1 1 0 0 x x x x x x 0
a46c82e3 1 0 19 06 00 fffffa44 0 0 x x x x 1 0 1 x 0 0 0 x x x x x x 0
2ec49163 1 0 09 0c 00 000002e2 0 0 x x x x 1 0 1 x 1 0 0 x x x x x x 0
7e85cf63 1 0 0b 08 00 000007fe 0 0 x x 0 x 1 0 0 0 0 0 0 x x x x x x 0
b5cfd8e3 1 0 1f 1c 00 fffffb50 0 0 x x 0 x 1 0 0 0 1 0 0 x x x x x x 0
497167e3 1 0 02 17 00 00000c8e 0 0 x x 1 x 1 0 0 1 0 0 0 x x x x x x 0
889cf7e3 1 0 19 09 00 fffff88e 0 0 x x 1 x 1 0 0 1 1 0 0 x x x x x x 0
e8958ae3 1 0 0b 09 00 fffffe94 0 0 x x x x 1 0 1 x 0 0 0 x x x x x x 0
42f51263 1 0 0a 0f 00 00000424 0 0 x x x x 1 0 1 x 1 0 0 x x x x x x 0
7ff04fe3 1 0 00 1f 00 00000ffe 0 0 x x 0 x 1 0 0 0 0 0 0 x x x x x x 0
7e065f63 1 0 0c 00 00 000007fe 0 0 x x 0 x 1 0 0 0 1 0 0 x x x x x x 0
98eae7e3 1 0 15 0e 00 fffff98e 0 0 x x 1 x 1 0 0 1 0 0 0 x x x x x x 0
fbd8ffe3 1 0 11 1d 00 ffffffbe 0 0 x x 1 x 1 0 0 1 1 0 0 x x x x x x 0
18468263 1 0 0d 04 00 00000184 0 0 x x x x 1 0 1 x 0 0 0 x x x x x x 0
85fd9963 1 0 1b 1f 00 fffff052 0 0 x x x x 1 0 1 x 1 0 0 x x x x x x 0
cb764e63 1 0 0c 17 00 fffff4bc 0 0 x x 0 x 1 0 0 0 0 0 0 x x x x x x 0
be28d263 1 0 11 02 00 fffff3e4 0 0 x x 0 x 1 0 0 0 1 0 0 x x x x x x 0
72076fe3 1 0 0e 00 00 00000f3e 0 0 x x 1 x 1 0 0 1 0 0 0 x x x x x x 0
01e5f163 1 0 0b 1e 00 00000002 0 0 x x 1 x 1 0 0 1 1 0 0 x x x x x x 0
c57701e3 1 0 0e 17 00 fffffc42 0 0 x x x x 1 0 1 x 0 0 0 x x x x x x 0
cfff9363 1 0 1f 1f 00 fffff4e6 0 0 x x x x 1 0 1 x 1 0 0 x x x x x x 0
e7c14463 1 0 02 1c 00 fffff668 0 0 x x 0 x 1 0 0 0 0 0 0 x x x x x x 0
4f0d5663 1 0 1a 10 00 000004ec 0 0 x x 0 x 1 0 0 0 1 0 0 x x x x x x 0
7ef1ef63 1 0 03 0f 00 000007fe 0 0 x x 1 x 1 0 0 1 0 0 0 x x x x x x 0
af87fe63 1 0 0f 18 00 fffff2fc 0 0 x x 1 x 1 0 0 1 1 0 0 x x x x x x 0
69ec8be3 1 0 19 1e 00 00000e96 0 0 x x x x 1 0 1 x 0 0 0 x x x x x x 0
a04d9be3 1 0 1b 04 00 fffffa16 0 0 x x x x 1 0 1 x 1 0 0 x x x x x x 0
8b004263 1 0 00 10 00 fffff0a4 0 0 x x 0 x 1 0 0 0 0 0 0 x x x x x x 0
952cd4e3 1 0 19 12 00 fffff948 0 0 x x 0 x 1 0 0 0 1 0 0 x x x x x x 0
0bffe7e3 1 0 1f 1f 00 000008ae 0 0 x x 1 x 1 0 0 1 0 0 0 x x x x x x 0
396070e3 1 0 00 16 00 00000b80 0 0 x x 1 x 1 0 0 1 1 0 0 x x x x x x 0
c7a08363 1 0 01 1a 00 fffff466 0 0 x x x x 1 0 1 x 0 0 0 x x x x x x 0
75fd96e3 1 0 1b 1f 00 00000f4c 0 0 x x x x 1 0 1 x 1 0 0 x x x x x x 0
9aa24c63 1 0 04 0a 00 fffff1b8 0 0 x x 0 x 1 0 0 0 0 0 0 x x x x x x 0
89d959e3 1 0 12 1d 00 fffff892 0 0 x x 0 x 1 0 0 0 1 0 0 x x x x x x 0
4a0ce8e3 1 0 19 00 00 00000cb0 0 0 x x 1 x 1 0 0 1 0 0 0 x x x x x x 0
01407263 1 0 00 14 00 00000004 0 0 x x 1 x 1 0 0 1 1 0 0 x x x x x x 0
00910263 1 0 02 09 00 00000004 0 0 x x x x 1 0 1 x 0 0 0 x x x x x x 0
9eff12e3 1 0 1e 0f 00 fffff9e4 0 0 x x x x 1 0 1 x 1 0 0 x x x x x x 0
8361c8e3 1 0 03 16 00 fffff830 0 0 x x 0 x 1 0 0 0 0 0 0 x x x x x x 0
2370d063 1 0 01 17 00 00000220 0 0 x x 0 x 1 0 0 0 1 0 0 x x x x x x 0
fff9e7e3 1 0 13 1f 00 ffffffee 0 0 x x 1 x 1 0 0 1 0 0 0 x x x x x x 0
014cf0e3 1 0 19 14 00 00000800 0 0 x x 1 x 1 0 0 1 1 0 0 x x x x x x 0
09f48163 1 0 09 1f 00 00000082 0 0 x x x x 1 0 1 x 0 0 0 x x x x x x 0
943f9f63 1 0 1f 03 00 fffff15e 0 0 x x x x 1 0 1 x 1 0 0 x x x x x x 0
4a8e49e3 1 0 1c 08 00 00000cb2 0 0 x x 0 x 1 0 0 0 0 0 0 x x x x x x 0
c4c05c63 1 0 00 0c 00 fffff458 0 0 x x 0 x 1 0 0 0 1 0 0 x x x x x x 0
c25deb63 1 0 1b 05 00 fffff436 0 0 x x 1 x 1 0 0 1 0 0 0 x x x x x x 0
b6cbfde3 1 0 17 0c 00 fffffb7a 0 0 x x 1 x 1 0 0 1 1 0 0 x x x x x x 0
584f81e3 1 0 1f 04 00 00000d82 0 0 x x x x 1 0 1 x 0 0 0 x x x x x x 0
db071f63 1 0 0e 10 00 fffff5be 0 0 x x x x 1 0 1 x 1 0 0 x x x x x x 0
d3f34663 1 0 06 1f 00 fffff52c 0 0 x x 0 x 1 0 0 0 0 0 0 x x x x x x 0
7f7edfe3 1 0 1d 17 00 00000ffe 0 0 x x 0 x 1 0 0 0 1 0 0 x x x x x x 0
fced6963 1 0 1a 0e 00 fffff7d2 0 0 x x 1 x 1 0 0 1 0 0 0 x x x x x x 0
fe0fffe3 1 0 1f 00 00 fffffffe 0 0 x x 1 x 1 0 0 1 1 0 0 x x x x x x 0
114001e3 1 0 00 14 00 00000902 0 0 x x x x 1 0 1 x 0 0 0 x x x x x x 0
9f8c9de3 1 0 19 18 00 fffff9fa 0 0 x x x x 1 0 1 x 1 0 0 x x x x x x 0
fe0e4fe3 1 0 1c 00 00 fffffffe 0 0 x x 0 x 1 0 0 0 0 0 0 x x x x x x 0
a970d763 1 0 01 17 00 fffff28e 0 0 x x 0 x 1 0 0 0 1 0 0 x x x x x x 0
60726de3 1 0 04 07 00 00000e1a 0 0 x x 1 x 1 0 0 1 0 0 0 x x x x x x 0
8c00fd63 1 0 01 00 00 fffff0da 0 0 x x 1 x 1 0 0 1 1 0 0 x x x x x x 0
01b08163 1 0 01 1b 00 00000002 0 0 x x x x 1 0 1 x 0 0 0 x x x x x x 0
007f9163 1 0 1f 07 00 00000002 0 0 x x x x 1 0 1 x 1 0 0 x x x x x x 0
dd0c4de3 1 0 18 10 00 fffffdda 0 0 x x 0 x 1 0 0 0 0 0 0 x x x x x x 0
0088d0e3 1 0 11 08 00 00000800 0 0 x x 0 x 1 0 0 0 1 0 0 x x x x x x 0
01ea6263 1 0 14 1e 00 00000004 0 0 x x 1 x 1 0 0 1 0 0 0 x x x x x x 0
820f7763 1 0 1e 00 00 fffff02e 0 0 x x 1 x 1 0 0 1 1 0 0 x x x x x x 0
00128263 1 0 05 01 00 00000004 0 0 x x x x 1 0 1 x 0 0 0 x x x x x x 0
9dba1363 1 0 14 1b 00 fffff1c6 0 0 x x x x 1 0 1 x 1 0 0 x x x x x x 0
00e04163 1 0 00 0e 00 00000002 0 0 x x 0 x 1 0 0 0 0 0 0 x x x x x x 0
340e5fe3 1 0 1c 00 00 00000b5e 0 0 x x 0 x 1 0 0 0 1 0 0 x x x x x x 0
d6b9e263 1 0 13 0b 00 fffff564 0 0 x x 1 x 1 0 0 1 0 0 0 x x x x x x 0
60f67ee3 1 0 0c 0f 00 00000e1c 0 0 x x 1 x 1 0 0 1 1 0 0 x x x x x x 0
a20088e3 1 0 01 00 00 fffffa30 0 0 x x x x 1 0 1 x 0 0 0 x x x x x x 0
00671063 1 0 0e 06 00 00000000 0 0 x x x x 1 0 1 x 1 0 0 x x x x x x 0
2258cc63 1 0 11 05 00 00000238 0 0 x x 0 x 1 0 0 0 0 0 0 x x x x x x 0
45815be3 1 0 02 18 00 00000c56 0 0 x x 0 x 1 0 0 0 1 0 0 x x x x x x 0
9f9a66e3 1 0 14 19 00 fffff9ec 0 0 x x 1 x 1 0 0 1 0 0 0 x x x x x x 0
81f37063 1 0 06 1f 00 fffff000 0 0 x x 1 x 1 0 0 1 1 0 0 x x x x x x 0
04b00d63 1 0 00 0b 00 0000005a 0 0 x x x x 1 0 1 x 0 0 0 x x x x x x 0
537617e3 1 0 0c 17 00 00000d2e 0 0 x x x x 1 0 1 x 1 0 0 x x x x x x 0
bb03ce63 1 0 07 10 00 fffff3bc 0 0 x x 0 x 1 0 0 0 0 0 0 x x x x x x 0
0dc5d9e3 1 0 0b 1c 00 000008d2 0 0 x x 0 x 1 0 0 0 1 0 0 x x x x x x 0
cc516be3 1 0 02 05 00 fffffcd6 0 0 x x 1 x 1 0 0 1 0 0 0 x x x x x x 0
0f3e7463 1 0 1c 13 00 000000e8 0 0 x x 1 x 1 0 0 1 1 0 0 x x x x x x 0
009c00e3 1 0 18 09 00 00000800 0 0 x x x x 1 0 1 x 0 0 0 x x x x x x 0
2a519ae3 1 0 03 05 00 00000ab4 0 0 x x x x 1 0 1 x 1 0 0 x x x x x x 0
a5314363 1 0 02 13 00 fffff246 0 0 x x 0 x 1 0 0 0 0 0 0 x x x x x x 0
cb5053e3 1 0 00 15 00 fffffca6 0 0 x x 0 x 1 0 0 0 1 0 0 x x x x x x 0
000e6163 1 0 1c 00 00 00000002 0 0 x x 1 x 1 0 0 1 0 0 0 x x x x x x 0
0129f263 1 0 13 12 00 00000004 0 0 x x 1 x 1 0 0 1 1 0 0 x x x x x x 0
d9cf83e3 1 0 1f 1c 00 fffffd86 0 0 x x x x 1 0 1 x 0 0 0 x x x x x x 0
80001063 1 0 00 00 00 fffff000 0 0 x x x x 1 0 1 x 1 0 0 x x x x x x 0
1fd8c363 1 0 11 1d 00 000001e6 0 0 x x 0 x 1 0 0 0 0 0 0 x x x x x x 0
e0005063 1 0 00 00 00 fffff600 0 0 x x 0 x 1 0 0 0 1 0 0 x x x x x x 0
10726ae3 1 0 04 07 00 00000914 0 0 x x 1 x 1 0 0 1 0 0 0 x x x x x x 0
fd507c63 1 0 00 15 00 fffff7d8 0 0 x x 1 x 1 0 0 1 1 0 0 x x x x x x 0
554b8563 1 0 17 14 00 0000054a 0 0 x x x x 1 0 1 x 0 0 0 x x x x x x 0
f68f9ae3 1 0 1f 08 00 ffffff74 0 0 x x x x 1 0 1 x 1 0 0 x x x x x x 0
00a2c263 1 0 05 0a 00 00000004 0 0 x x 0 x 1 0 0 0 0 0 0 x x x x x x 0
022dda63 1 0 1b 02 00 00000034 0 0 x x 0 x 1 0 0 0 1 0 0 x x x x x x 0
44e66863 1 0 0c 0e 00 00000450 0 0 x x 1 x 1 0 0 1 0 0 0 x x x x x x 0
fd387b63 1 0 10 13 00 fffff7d6 0 0 x x 1 x 1 0 0 1 1 0 0 x x x x x x 0
d90f0563 1 0 1e 10 00 fffff58a 0 0 x x x x 1 0 1 x 0 0 0 x x x x x x 0
55519f63 1 0 03 15 00 0000055e 0 0 x x x x 1 0 1 x 1 0 0 x x x x x x 0
009b4263 1 0 16 09 00 00000004 0 0 x x 0 x 1 0 0 0 0 0 0 x x x x x x 0
66b051e3 1 0 00 0b 00 00000e62 0 0 x x 0 x 1 0 0 0 1 0 0 x x x x x x 0
65aee463 1 0 1d 1a 00 00000648 0 0 x x 1 x 1 0 0 1 0 0 0 x x x x x x 0
3a44f6e3 1 0 09 04 00 00000bac 0 0 x x 1 x 1 0 0 1 1 0 0 x x x x x x 0
fe1a0fe3 1 0 14 01 00 fffffffe 0 0 x x x x 1 0 1 x 0 0 0 x x x x x x 0
369313e3 1 0 06 09 00 00000b66 0 0 x x x x 1 0 1 x 1 0 0 x x x x x x 0
01c040e3 1 0 00 1c 00 00000800 0 0 x x 0 x 1 0 0 0 0 0 0 x x x x x x 0
c2bd50e3 1 0 1a 0b 00 fffffc20 0 0 x x 0 x 1 0 0 0 1 0 0 x x x x x x 0
77f468e3 1 0 08 1f 00 00000f70 0 0 x x 1 x 1 0 0 1 0 0 0 x x x x x x 0
a45af8e3 1 0 15 05 00 fffffa50 0 0 x x 1 x 1 0 0 1 1 0 0 x x x x x x 0
b97f83e3 1 0 1f 17 00 fffffb86 0 0 x x x x 1 0 1 x 0 0 0 x x x x x x 0
8f201563 1 0 00 12 00 fffff0ea 0 0 x x x x 1 0 1 x 1 0 0 x x x x x x 0
16824b63 1 0 04 08 00 00000176 0 0 x x 0 x 1 0 0 0 0 0 0 x x x x x x 0
cf1f54e3 1 0 1e 11 00 fffffce8 0 0 x x 0 x 1 0 0 0 1 0 0 x x x x x x 0
c188efe3 1 0 11 18 00 fffffc1e 0 0 x x 1 x 1 0 0 1 0 0 0 x x x x x x 0
c4f1f963 1 0 03 0f 00 fffff452 0 0 x x 1 x 1 0 0 1 1 0 0 x x x x x x 0
f0d10363 1 0 02 0d 00 fffff706 0 0 x x x x 1 0 1 x 0 0 0 x x x x x x 0
8d979ce3 1 0 0f 19 00 fffff8d8 0 0 x x x x 1 0 1 x 1 0 0 x x x x x x 0
ca09c8e3 1 0 13 00 00 fffffcb0 0 0 x x 0 x 1 0 0 0 0 0 0 x x x x x x 0
7fb05f63 1 0 00 1b 00 000007fe 0 0 x x 0 x 1 0 0 0 1 0 0 x x x x x x 0
00506163 1 0 00 05 00 00000002 0 0 x x 1 x 1 0 0 1 0 0 0 x x x x x x 0
01eff0e3 1 0 1f 1e 00 00000800 0 0 x x 1 x 1 0 0 1 1 0 0 x x x x x x 0
43408663 1 0 01 14 00 0000042c 0 0 x x x x 1 0 1 x 0 0 0 x x x x x x 0
e2aa9ee3 1 0 15 0a 00 fffffe3c 0 0 x x x x 1 0 1 x 1 0 0 x x x x x x 0
cbd0c363 1 0 01 1d 00 fffff4a6 0 0 x x 0 x 1 0 0 0 0 0 0 x x x x x x 0
01ae50e3 1 0 1c 1a 00 00000800 0 0 x x 0 x 1 0 0 0 1 0 0 x x x x x x 0
1464e263 1 0 09 06 00 00000144 0 0 x x 1 x 1 0 0 1 0 0 0 x x x x x x 0
012ef163 1 0 1d 12 00 00000002 0 0 x x 1 x 1 0 0 1 1 0 0 x x x x x x 0
d20c8863 1 0 19 00 00 fffff530 0 0 x x x x 1 0 1 x 0 0 0 x x x x x x 0
e5fa10e3 1 0 14 1f 00 fffffe40 0 0 x x x x 1 0 1 x 1 0 0 x x x x x x 0
00504163 1 0 00 05 00 00000002 0 0 x x 0 x 1 0 0 0 0 0 0 x x x x x x 0
0f62d9e3 1 0 05 16 00 000008f2 0 0 x x 0 x 1 0 0 0 1 0 0 x x x x x x 0
0007e063 1 0 0f 00 00 00000000 0 0 x x 1 x 1 0 0 1 0 0 0 x x x x x x 0
99b17f63 1 0 02 1b 00 fffff19e 0 0 x x 1 x 1 0 0 1 1 0 0 x x x x x x 0
19480f63 1 0 10 14 00 0000019e 0 0 x x x x 1 0 1 x 0 0 0 x x x x x x 0
67f09f63 1 0 01 1f 00 0000067e 0 0 x x x x 1 0 1 x 1 0 0 x x x x x x 0
fdf4c363 1 0 09 1f 00 fffff7c6 0 0 x x 0 x 1 0 0 0 0 0 0 x x x x x x 0
14f95863 1 0 12 0f 00 00000150 0 0 x x 0 x 1 0 0 0 1 0 0 x x x x x x 0
0b2be2e3 1 0 17 12 00 000008a4 0 0 x x 1 x 1 0 0 1 0 0 0 x x x x x x 0
3817fbe3 1 0 0f 01 00 00000b96 0 0 x x 1 x 1 0 0 1 1 0 0 x x x x x x 0
f1990863 1 0 12 19 00 fffff710 0 0 x x x x 1 0 1 x 0 0 0 x x x x x x 0
4e2a9be3 1 0 15 02 00 00000cf6 0 0 x x x x 1 0 1 x 1 0 0 x x x x x x 0
286dcae3 1 0 1b 06 00 00000a94 0 0 x x 0 x 1 0 0 0 0 0 0 x x x x x x 0
177e5063 1 0 1c 17 00 00000160 0 0 x x 0 x 1 0 0 0 1 0 0 x x x x x x 0
ff986fe3 1 0 10 19 00 fffffffe 0 0 x x 1 x 1 0 0 1 0 0 0 x x x x x x 0
01b17263 1 0 02 1b 00 00000004 0 0 x x 1 x 1 0 0 1 1 0 0 x x x x x x 0
b2b00163 1 0 00 0b 00 fffff322 0 0 x x x x 1 0 1 x 0 0 0 x x x x x x 0
40b894e3 1 0 11 0b 00 00000c08 0 0 x x x x 1 0 1 x 1 0 0 x x x x x x 0
36af4763 1 0 1e 0a 00 0000036e 0 0 x x 0 x 1 0 0 0 0 0 0 x x x x x x 0
13695de3 1 0 12 16 00 0000093a 0 0 x x 0 x 1 0 0 0 1 0 0 x x x x x x 0
54d7e3e3 1 0 0f 0d 00 00000d46 0 0 x x 1 x 1 0 0 1 0 0 0 x x x x x x 0
0cc17863 1 0 02 0c 00 000000d0 0 0 x x 1 x 1 0 0 1 1 0 0 x x x x x x 0
d00f8b63 1 0 1f 00 00 fffff516 0 0 x x x x 1 0 1 x 0 0 0 x x x x x x 0
548c1863 1 0 18 08 00 00000550 0 0 x x x x 1 0 1 x 1 0 0 x x x x x x 0
336dc663 1 0 1b 16 00 0000032c 0 0 x x 0 x 1 0 0 0 0 0 0 x x x x x x 0
33df5ee3 1 0 1e 1d 00 00000b3c 0 0 x x 0 x 1 0 0 0 1 0 0 x x x x x x 0
76e76ee3 1 0 0e 0e 00 00000f7c 0 0 x x 1 x 1 0 0 1 0 0 0 x x x x x x 0
30e3f5e3 1 0 07 0e 00 00000b0a 0 0 x x 1 x 1 0 0 1 1 0 0 x x x x x x 0
64080f63 1 0 10 00 00 0000065e 0 0 x x x x 1 0 1 x 0 0 0 x x x x x x 0
80089063 1 0 11 00 00 fffff000 0 0 x x x x 1 0 1 x 1 0 0 x x x x x x 0
a8844de3 1 0 08 08 00 fffffa9a 0 0 x x 0 x 1 0 0 0 0 0 0 x x x x x x 0
1a2053e3 1 0 00 02 00 000009a6 0 0 x x 0 x 1 0 0 0 1 0 0 x x x x x x 0
80e06063 1 0 00 0e 00 fffff000 0 0 x x 1 x 1 0 0 1 0 0 0 x x x x x x 0
d76070e3 1 0 00 16 00 fffffd60 0 0 x x 1 x 1 0 0 1 1 0 0 x x x x x x 0
618f8263 1 0 1f 18 00 00000604 0 0 x x x x 1 0 1 x 0 0 0 x x x x x x 0
c89f9b63 1 0 1f 09 00 fffff496 0 0 x x x x 1 0 1 x 1 0 0 x x x x x x 0
aa45ce63 1 0 0b 04 00 fffff2bc 0 0 x x 0 x 1 0 0 0 0 0 0 x x x x x x 0
e04354e3 1 0 06 04 00 fffffe08 0 0 x x 0 x 1 0 0 0 1 0 0 x x x x x x 0
a960eb63 1 0 01 16 00 fffff296 0 0 x x 1 x 1 0 0 1 0 0 0 x x x x x x 0
7a4af4e3 1 0 15 04 00 00000fa8 0 0 x x 1 x 1 0 0 1 1 0 0 x x x x x x 0
a2f70d63 1 0 0e 0f 00 fffff23a 0 0 x x x x 1 0 1 x 0 0 0 x x x x x x 0
06131763 1 0 06 01 00 0000006e 0 0 x x x x 1 0 1 x 1 0 0 x x x x x x 0
014ac063 1 0 15 14 00 00000000 0 0 x x 0 x 1 0 0 0 0 0 0 x x x x x x 0
44875763 1 0 0e 08 00 0000044e 0 0 x x 0 x 1 0 0 0 1 0 0 x x x x x x 0
e87dece3 1 0 1b 07 00 fffffe98 0 0 x x 1 x 1 0 0 1 0 0 0 x x x x x x 0
0856fd63 1 0 0d 05 00 0000009a 0 0 x x 1 x 1 0 0 1 1 0 0 x x x x x x 0
d0200d63 1 0 00 02 00 fffff51a 0 0 x x x x 1 0 1 x 0 0 0 x x x x x x 0
015f9063 1 0 1f 15 00 00000000 0 0 x x x x 1 0 1 x 1 0 0 x x x x x x 0
c5604763 1 0 00 16 00 fffff44e 0 0 x x 0 x 1 0 0 0 0 0 0 x x x x x x 0
7e12df63 1 0 05 01 00 000007fe 0 0 x x 0 x 1 0 0 0 1 0 0 x x x x x x 0
365fe8e3 1 0 1f 05 00 00000b70 0 0 x x 1 x 1 0 0 1 0 0 0 x x x x x x 0
bf0cf463 1 0 19 10 00 fffff3e8 0 0 x x 1 x 1 0 0 1 1 0 0 x x x x x x 0
501d0fe3 1 0 1a 01 00 00000d1e 0 0 x x x x 1 0 1 x 0 0 0 x x x x x x 0
0b671ce3 1 0 0e 16 00 000008b8 0 0 x x x x 1 0 1 x 1 0 0 x x x x x x 0
5c104a63 1 0 00 01 00 000005d4 0 0 x x 0 x 1 0 0 0 0 0 0 x x x x x x 0
7e4fdf63 1 0 1f 04 00 000007fe 0 0 x x 0 x 1 0 0 0 1 0 0 x x x x x x 0
0040e263 1 0 01 04 00 00000004 0 0 x x 1 x 1 0 0 1 0 0 0 x x x x x x 0
e41b7ae3 1 0 16 01 00 fffffe54 0 0 x x 1 x 1 0 0 1 1 0 0 x x x x x x 0
6a790be3 1 0 12 07 00 00000eb6 0 0 x x x x 1 0 1 x 0 0 0 x x x x x x 0
01c09263 1 0 01 1c 00 00000004 0 0 x x x x 1 0 1 x 1 0 0 x x x x x x 0
7a924063 1 0 04 09 00 000007a0 0 0 x x 0 x 1 0 0 0 0 0 0 x x x x x x 0
04afd3e3 1 0 1f 0a 00 00000846 0 0 x x 0 x 1 0 0 0 1 0 0 x x x x x x 0
ad50ed63 1 0 01 15 00 fffff2da 0 0 x x 1 x 1 0 0 1 0 0 0 x x x x x x 0
e3f6f663 1 0 0d 1f 00 fffff62c 0 0 x x 1 x 1 0 0 1 1 0 0 x x x x x x 0
97dc85e3 1 0 19 1d 00 fffff96a 0 0 x x x x 1 0 1 x 0 0 0 x x x x x x 0
0c8313e3 1 0 06 08 00 000008c6 0 0 x x x x 1 0 1 x 1 0 0 x x x x x x 0
c1cf4f63 1 0 1e 1c 00 fffff41e 0 0 x x 0 x 1 0 0 0 0 0 0 x x x x x x 0
b9f15d63 1 0 02 1f 00 fffff39a 0 0 x x 0 x 1 0 0 0 1 0 0 x x x x x x 0
8cd6efe3 1 0 0d 0d 00 fffff8de 0 0 x x 1 x 1 0 0 1 0 0 0 x x x x x x 0
1bf9ff63 1 0 13 1f 00 000001be 0 0 x x 1 x 1 0 0 1 1 0 0 x x x x x x 0
31d18be3 1 0 03 1d 00 00000b16 0 0 x x x x 1 0 1 x 0 0 0 x x x x x x 0
ef1b99e3 1 0 17 11 00 fffffef2 0 0 x x x x 1 0 1 x 1 0 0 x x x x x x 0
fef24fe3 1 0 04 0f 00 fffffffe 0 0 x x 0 x 1 0 0 0 0 0 0 x x x x x x 0
05d75c63 1 0 0e 1d 00 00000058 0 0 x x 0 x 1 0 0 0 1 0 0 x x x x x x 0
013c60e3 1 0 18 13 00 00000800 0 0 x x 1 x 1 0 0 1 0 0 0 x x x x x x 0
7ff27fe3 1 0 04 1f 00 00000ffe 0 0 x x 1 x 1 0 0 1 1 0 0 x x x x x x 0
da1d8863 1 0 1b 01 00 fffff5b0 0 0 x x x x 1 0 1 x 0 0 0 x x x x x x 0
78b013e3 1 0 00 0b 00 00000f86 0 0 x x x x 1 0 1 x 1 0 0 x x x x x x 0
afe24263 1 0 04 1e 00 fffff2e4 0 0 x x 0 x 1 0 0 0 0 0 0 x x x x x x 0
33fddf63 1 0 1b 1f 00 0000033e 0 0 x x 0 x 1 0 0 0 1 0 0 x x x x x x 0
b32d6fe3 1 0 1a 12 00 fffffb3e 0 0 x x 1 x 1 0 0 1 0 0 0 x x x x x x 0
026df3e3 1 0 1b 06 00 00000826 0 0 x x 1 x 1 0 0 1 1 0 0 x x x x x x 0
96d30663 1 0 06 0d 00 fffff16c 0 0 x x x x 1 0 1 x 0 0 0 x x x x x x 0
60a698e3 1 0 0d 0a 00 00000e10 0 0 x x x x 1 0 1 x 1 0 0 x x x x x x 0
f03945e3 1 0 12 03 00 ffffff0a 0 0 x x 0 x 1 0 0 0 0 0 0 x x x x x x 0
34495863 1 0 12 04 00 00000350 0 0 x x 0 x 1 0 0 0 1 0 0 x x x x x x 0
25856963 1 0 0a 18 00 00000252 0 0 x x 1 x 1 0 0 1 0 0 0 x x x x x x 0
80707063 1 0 00 07 00 fffff000 0 0 x x 1 x 1 0 0 1 1 0 0 x x x x x x 0
a2358863 1 0 0b 03 00 fffff230 0 0 x x x x 1 0 1 x 0 0 0 x x x x x x 0
db1f99e3 1 0 1f 11 00 fffffdb2 0 0 x x x x 1 0 1 x 1 0 0 x x x x x x 0
8001c063 1 0 03 00 00 fffff000 0 0 x x 0 x 1 0 0 0 0 0 0 x x x x x x 0
0c4358e3 1 0 06 04 00 000008d0 0 0 x x 0 x 1 0 0 0 1 0 0 x x x x x x 0
34b6e263 1 0 0d 0b 00 00000344 0 0 x x 1 x 1 0 0 1 0 0 0 x x x x x x 0
000ff163 1 0 1f 00 00 00000002 0 0 x x 1 x 1 0 0 1 1 0 0 x x x x x x 0
9d0f8163 1 0 1f 10 00 fffff1c2 0 0 x x x x 1 0 1 x 0 0 0 x x x x x x 0
b3921363 1 0 04 19 00 fffff326 0 0 x x x x 1 0 1 x 1 0 0 x x x x x x 0
2baac8e3 1 0 15 1a 00 00000ab0 0 0 x x 0 x 1 0 0 0 0 0 0 x x x x x x 0
7e8ddfe3 1 0 1b 08 00 00000ffe 0 0 x x 0 x 1 0 0 0 1 0 0 x x x x x x 0
8670e663 1 0 01 07 00 fffff06c 0 0 x x 1 x 1 0 0 1 0 0 0 x x x x x x 0
96007ce3 1 0 00 00 00 fffff978 0 0 x x 1 x 1 0 0 1 1 0 0 x x x x x x 0
a9ed8be3 1 0 1b 1e 00 fffffa96 0 0 x x x x 1 0 1 x 0 0 0 x x x x x x 0
74011763 1 0 02 00 00 0000074e 0 0 x x x x 1 0 1 x 1 0 0 x x x x x x 0
89dec563 1 0 1d 1d 00 fffff08a 0 0 x x 0 x 1 0 0 0 0 0 0 x x x x x x 0
c405d9e3 1 0 0b 00 00 fffffc52 0 0 x x 0 x 1 0 0 0 1 0 0 x x x x x x 0
ca0d6d63 1 0 1a 00 00 fffff4ba 0 0 x x 1 x 1 0 0 1 0 0 0 x x x x x x 0
9d6ff9e3 1 0 1f 16 00 fffff9d2 0 0 x x 1 x 1 0 0 1 1 0 0 x x x x x x 0
080b8de3 1 0 17 00 00 0000089a 0 0 x x x x 1 0 1 x 0 0 0 x x x x x x 0
33521f63 1 0 04 15 00 0000033e 0 0 x x x x 1 0 1 x 1 0 0 x x x x x x 0
00e9c263 1 0 13 0e 00 00000004 0 0 x x 0 x 1 0 0 0 0 0 0 x x x x x x 0
0039d263 1 0 13 03 00 00000004 0 0 x x 0 x 1 0 0 0 1 0 0 x x x x x x 0
fe02efe3 1 0 05 00 00 fffffffe 0 0 x x 1 x 1 0 0 1 0 0 0 x x x x x x 0
1992ff63 1 0 05 19 00 0000019e 0 0 x x 1 x 1 0 0 1 1 0 0 x x x x x x 0
54940963 1 0 08 09 00 00000552 0 0 x x x x 1 0 1 x 0 0 0 x x x x x x 0
3c9318e3 1 0 06 09 00 00000bd0 0 0 x x x x 1 0 1 x 1 0 0 x x x x x x 0
8059c063 1 0 13 05 00 fffff000 0 0 x x 0 x 1 0 0 0 0 0 0 x x x x x x 0
00bbd0e3 1 0 17 0b 00 00000800 0 0 x x 0 x 1 0 0 0 1 0 0 x x x x x x 0
9a026063 1 0 04 00 00 fffff1a0 0 0 x x 1 x 1 0 0 1 0 0 0 x x x x x x 0
7e007fe3 1 0 00 00 00 00000ffe 0 0 x x 1 x 1 0 0 1 1 0 0 x x x x x x 0
0f700be3 1 0 00 17 00 000008f6 0 0 x x x x 1 0 1 x 0 0 0 x x x x x x 0
10f31963 1 0 06 0f 00 00000112 0 0 x x x x 1 0 1 x 1 0 0 x x x x x x 0
c606c8e3 1 0 0d 00 00 fffffc70 0 0 x x 0 x 1 0 0 0 0 0 0 x x x x x x 0
010d50e3 1 0 1a 10 00 00000800 0 0 x x 0 x 1 0 0 0 1 0 0 x x x x x x 0
184661e3 1 0 0c 04 00 00000982 0 0 x x 1 x 1 0 0 1 0 0 0 x x x x x x 0
fae87563 1 0 10 0e 00 fffff7aa 0 0 x x 1 x 1 0 0 1 1 0 0 x x x x x x 0
00000063 1 0 00 00 00 00000000 0 0 x x x x 1 0 1 x 0 0 0 x x x x x x 0
4e6d13e3 1 0 1a 06 00 00000ce6 0 0 x x x x 1 0 1 x 1 0 0 x x x x x x 0
00674163 1 0 0e 06 00 00000002 0 0 x x 0 x 1 0 0 0 0 0 0 x x x x x x 0
c11fd9e3 1 0 1f 11 00 fffffc12 0 0 x x 0 x 1 0 0 0 1 0 0 x x x x x x 0
384b6fe3 1 0 16 04 00 00000b9e 0 0 x x 1 x 1 0 0 1 0 0 0 x x x x x x 0
ee5a7d63 1 0 14 05 00 fffff6fa 0 0 x x 1 x 1 0 0 1 1 0 0 x x x x x x 0
87b00f63 1 0 00 1b 00 fffff07e 0 0 x x x x 1 0 1 x 0 0 0 x x x x x x 0
7e101463 1 0 00 01 00 000007e8 0 0 x x x x 1 0 1 x 1 0 0 x x x x x x 0
00b64063 1 0 0c 0b 00 00000000 0 0 x x 0 x 1 0 0 0 0 0 0 x x x x x x 0
b000de63 1 0 01 00 00 fffff31c 0 0 x x 0 x 1 0 0 0 1 0 0 x x x x x x 0
25f1e163 1 0 03 1f 00 00000242 0 0 x x 1 x 1 0 0 1 0 0 0 x x x x x x 0
601079e3 1 0 00 01 00 00000e12 0 0 x x 1 x 1 0 0 1 1 0 0 x x x x x x 0
83b785e3 1 0 0f 1b 00 fffff82a 0 0 x x x x 1 0 1 x 0 0 0 x x x x x x 0
c15997e3 1 0 13 15 00 fffffc0e 0 0 x x x x 1 0 1 x 1 0 0 x x x x x x 0
71f54263 1 0 0a 1f 00 00000704 0 0 x x 0 x 1 0 0 0 0 0 0 x x x x x x 0
75c3d1e3 1 0 07 1c 00 00000f42 0 0 x x 0 x 1 0 0 0 1 0 0 x x x x x x 0
3e8966e3 1 0 12 08 00 00000bec 0 0 x x 1 x 1 0 0 1 0 0 0 x x x x x x 0
11fa7f63 1 0 14 1f 00 0000011e 0 0 x x 1 x 1 0 0 1 1 0 0 x x x x x x 0
ffd08c63 1 0 01 1d 00 fffff7f8 0 0 x x x x 1 0 1 x 0 0 0 x x x x x x 0
d75513e3 1 0 0a 15 00 fffffd66 0 0 x x x x 1 0 1 x 1 0 0 x x x x x x 0
017d4263 1 0 1a 17 00 00000004 0 0 x x 0 x 1 0 0 0 0 0 0 x x x x x x 0
7f105f63 1 0 00 11 00 000007fe 0 0 x x 0 x 1 0 0 0 1 0 0 x x x x x x 0
80bce063 1 0 19 0b 00 fffff000 0 0 x x 1 x 1 0 0 1 0 0 0 x x x x x x 0
81d17063 1 0 02 1d 00 fffff000 0 0 x x 1 x 1 0 0 1 1 0 0 x x x x x x 0
81700063 1 0 00 17 00 fffff000 0 0 x x x x 1 0 1 x 0 0 0 x x x x x x 0
00c890e3 1 0 11 0c 00 00000800 0 0 x x x x 1 0 1 x 1 0 0 x x x x x x 0
7e874fe3 1 0 0e 08 00 00000ffe 0 0 x x 0 x 1 0 0 0 0 0 0 x x x x x x 0
f7ce54e3 1 0 1c 1c 00 ffffff68 0 0 x x 0 x 1 0 0 0 1 0 0 x x x x x x 0
f2cee2e3 1 0 1d 0c 00 ffffff24 0 0 x x 1 x 1 0 0 1 0 0 0 x x x x x x 0
01007163 1 0 00 10 00 00000002 0 0 x x 1 x 1 0 0 1 1 0 0 x x x x x x 0
b8e280e3 1 0 05 0e 00 fffffb80 0 0 x x x x 1 0 1 x 0 0 0 x x x x x x 0
d57f9863 1 0 1f 17 00 fffff550 0 0 x x x x 1 0 1 x 1 0 0 x x x x x x 0
7fa64863 1 0 0c 1a 00 000007f0 0 0 x x 0 x 1 0 0 0 0 0 0 x x x x x x 0
01805163 1 0 00 18 00 00000002 0 0 x x 0 x 1 0 0 0 1 0 0 x x x x x x 0
bd09e9e3 1 0 13 10 00 fffffbd2 0 0 x x 1 x 1 0 0 1 0 0 0 x x x x x x 0
ff1073e3 1 0 00 11 00 ffffffe6 0 0 x x 1 x 1 0 0 1 1 0 0 x x x x x x 0
e01b0163 1 0 16 01 00 fffff602 0 0 x x x x 1 0 1 x 0 0 0 x x x x x x 0
90b111e3 1 0 02 0b 00 fffff902 0 0 x x x x 1 0 1 x 1 0 0 x x x x x x 0
009c4163 1 0 18 09 00 00000002 0 0 x x 0 x 1 0 0 0 0 0 0 x x x x x x 0
a30cd163 1 0 19 10 00 fffff222 0 0 x x 0 x 1 0 0 0 1 0 0 x x x x x x 0
7e836f63 1 0 06 08 00 000007fe 0 0 x x 1 x 1 0 0 1 0 0 0 x x x x x x 0
1e407363 1 0 00 04 00 000001e6 0 0 x x 1 x 1 0 0 1 1 0 0 x x x x x x 0
54f00c63 1 0 00 0f 00 00000558 0 0 x x x x 1 0 1 x 0 0 0 x x x x x x 0
c5ec1be3 1 0 18 1e 00 fffffc56 0 0 x x x x 1 0 1 x 1 0 0 x x x x x x 0
369d4ee3 1 0 1a 09 00 00000b7c 0 0 x x 0 x 1 0 0 0 0 0 0 x x x x x x 0
38cc5d63 1 0 18 0c 00 0000039a 0 0 x x 0 x 1 0 0 0 1 0 0 x x x x x x 0
2c7ee2e3 1 0 1d 07 00 00000ac4 0 0 x x 1 x 1 0 0 1 0 0 0 x x x x x x 0
39fff5e3 1 0 1f 1f 00 00000b8a 0 0 x x 1 x 1 0 0 1 1 0 0 x x x x x x 0
7adc83e3 1 0 19 0d 00 00000fa6 0 0 x x x x 1 0 1 x 0 0 0 x x x x x x 0
ebf59f63 1 0 0b 1f 00 fffff6be 0 0 x x x x 1 0 1 x 1 0 0 x x x x x x 0
14ae4b63 1 0 1c 0a 00 00000156 0 0 x x 0 x 1 0 0 0 0 0 0 x x x x x x 0
ab9652e3 1 0 0c 19 00 fffffaa4 0 0 x x 0 x 1 0 0 0 1 0 0 x x x x x x 0
fe806fe3 1 0 00 08 00 fffffffe 0 0 x x 1 x 1 0 0 1 0 0 0 x x x x x x 0
2c017f63 1 0 02 00 00 000002de 0 0 x x 1 x 1 0 0 1 1 0 0 x x x x x x 0
90808be3 1 0 01 08 00 fffff916 0 0 x x x x 1 0 1 x 0 0 0 x x x x x x 0
91f115e3 1 0 02 1f 00 fffff90a 0 0 x x x x 1 0 1 x 1 0 0 x x x x x x 0
d22644e3 1 0 0c 02 00 fffffd28 0 0 x x 0 x 1 0 0 0 0 0 0 x x x x x x 0
7ed35fe3 1 0 06 0d 00 00000ffe 0 0 x x 0 x 1 0 0 0 1 0 0 x x x x x x 0
9b82eee3 1 0 05 18 00 fffff9bc 0 0 x x 1 x 1 0 0 1 0 0 0 x x x x x x 0
5a54f063 1 0 09 05 00 000005a0 0 0 x x 1 x 1 0 0 1 1 0 0 x x x x x x 0
9d210963 1 0 02 12 00 fffff1d2 0 0 x x x x 1 0 1 x 0 0 0 x x x x x x 0
7e439fe3 1 0 07 04 00 00000ffe 0 0 x x x x 1 0 1 x 1 0 0 x x x x x x 0
b2fbc763 1 0 17 0f 00 fffff32e 0 0 x x 0 x 1 0 0 0 0 0 0 x x x x x x 0
fe005fe3 1 0 00 00 00 fffffffe 0 0 x x 0 x 1 0 0 0 1 0 0 x x x x x x 0
8252e563 1 0 05 05 00 fffff02a 0 0 x x 1 x 1 0 0 1 0 0 0 x x x x x x 0
1ea078e3 1 0 00 0a 00 000009f0 0 0 x x 1 x 1 0 0 1 1 0 0 x x x x x x 0
ebc40963 1 0 08 1c 00 fffff6b2 0 0 x x x x 1 0 1 x 0 0 0 x x x x x x 0
c3ff94e3 1 0 1f 1f 00 fffffc28 0 0 x x x x 1 0 1 x 1 0 0 x x x x x x 0
5561cee3 1 0 03 16 00 00000d5c 0 0 x x 0 x 1 0 0 0 0 0 0 x x x x x x 0
ce005fe3 1 0 00 00 00 fffffcfe 0 0 x x 0 x 1 0 0 0 1 0 0 x x x x x x 0
a1e2e4e3 1 0 05 1e 00 fffffa08 0 0 x x 1 x 1 0 0 1 0 0 0 x x x x x x 0
00307063 1 0 00 03 00 00000000 0 0 x x 1 x 1 0 0 1 1 0 0 x x x x x x 0
87cb01e3 1 0 16 1c 00 fffff862 0 0 x x x x 1 0 1 x 0 0 0 x x x x x x 0
000110e3 1 0 02 00 00 00000800 0 0 x x x x 1 0 1 x 1 0 0 x x x x x x 0
6e56c563 1 0 0d 05 00 000006ea 0 0 x x 0 x 1 0 0 0 0 0 0 x x x x x x 0
00bfd0e3 1 0 1f 0b 00 00000800 0 0 x x 0 x 1 0 0 0 1 0 0 x x x x x x 0
640364e3 1 0 06 00 00 00000e48 0 0 x x 1 x 1 0 0 1 0 0 0 x x x x x x 0
fa47f963 1 0 0f 04 00 fffff7b2 0 0 x x 1 x 1 0 0 1 1 0 0 x x x x x x 0
a9a08963 1 0 01 1a 00 fffff292 0 0 x x x x 1 0 1 x 0 0 0 x x x x x x 0
01be1263 1 0 1c 1b 00 00000004 0 0 x x x x 1 0 1 x 1 0 0 x x x x x x 0
80884263 1 0 10 08 00 fffff004 0 0 x x 0 x 1 0 0 0 0 0 0 x x x x x x 0
0197d0e3 1 0 0f 19 00 00000800 0 0 x x 0 x 1 0 0 0 1 0 0 x x x x x x 0
a3bfefe3 1 0 1f 1b 00 fffffa3e 0 0 x x 1 x 1 0 0 1 0 0 0 x x x x x x 0
ee097863 1 0 12 00 00 fffff6f0 0 0 x x 1 x 1 0 0 1 1 0 0 x x x x x x 0
b1758ce3 1 0 0b 17 00 fffffb18 0 0 x x x x 1 0 1 x 0 0 0 x x x x x x 0
64099463 1 0 13 00 00 00000648 0 0 x x x x 1 0 1 x 1 0 0 x x x x x x 0
979fcee3 1 0 1f 19 00 fffff97c 0 0 x x 0 x 1 0 0 0 0 0 0 x x x x x x 0
da3b5563 1 0 16 03 00 fffff5aa 0 0 x x 0 x 1 0 0 0 1 0 0 x x x x x x 0
7fb66fe3 1 0 0c 1b 00 00000ffe 0 0 x x 1 x 1 0 0 1 0 0 0 x x x x x x 0
60dd7763 1 0 1a 0d 00 0000060e 0 0 x x 1 x 1 0 0 1 1 0 0 x x x x x x 0
48f90163 1 0 12 0f 00 00000482 0 0 x x x x 1 0 1 x 0 0 0 x x x x x x 0
806e9063 1 0 1d 06 00 fffff000 0 0 x x x x 1 0 1 x 1 0 0 x x x x x x 0
e7184463 1 0 10 11 00 fffff668 0 0 x x 0 x 1 0 0 0 0 0 0 x x x x x x 0
ff555fe3 1 0 0a 15 00 fffffffe 0 0 x x 0 x 1 0 0 0 1 0 0 x x x x x x 0
7e39ef63 1 0 13 03 00 000007fe 0 0 x x 1 x 1 0 0 1 0 0 0 x x x x x x 0
73fff1e3 1 0 1f 1f 00 00000f22 0 0 x x 1 x 1 0 0 1 1 0 0 x x x x x x 0
27ec88e3 1 0 19 1e 00 00000a70 0 0 x x x x 1 0 1 x 0 0 0 x x x x x x 0
7ea19ae3 1 0 03 0a 00 00000ff4 0 0 x x x x 1 0 1 x 1 0 0 x x x x x x 0
981fcc63 1 0 1f 01 00 fffff198 0 0 x x 0 x 1 0 0 0 0 0 0 x x x x x x 0
df7556e3 1 0 0a 17 00 fffffdec 0 0 x x 0 x 1 0 0 0 1 0 0 x x x x x x 0
2ff36763 1 0 06 1f 00 000002ee 0 0 x x 1 x 1 0 0 1 0 0 0 x x x x x x 0
00b1f263 1 0 03 0b 00 00000004 0 0 x x 1 x 1 0 0 1 1 0 0 x x x x x x 0
ff230fe3 1 0 06 12 00 fffffffe 0 0 x x x x 1 0 1 x 0 0 0 x x x x x x 0
70111763 1 0 02 01 00 0000070e 0 0 x x x x 1 0 1 x 1 0 0 x x x x x x 0
8ca5cae3 1 0 0b 0a 00 fffff8d4 0 0 x x 0 x 1 0 0 0 0 0 0 x x x x x x 0
fd67d6e3 1 0 0f 16 00 ffffffcc 0 0 x x 0 x 1 0 0 0 1 0 0 x x x x x x 0
934163e3 1 0 02 14 00 fffff926 0 0 x x 1 x 1 0 0 1 0 0 0 x x x x x x 0
81ebf063 1 0 17 1e 00 fffff000 0 0 x x 1 x 1 0 0 1 1 0 0 x x x x x x 0
99970963 1 0 0e 19 00 fffff192 0 0 x x x x 1 0 1 x 0 0 0 x x x x x x 0
aa749663 1 0 09 07 00 fffff2ac 0 0 x x x x 1 0 1 x 1 0 0 x x x x x x 0
b0dfc463 1 0 1f 0d 00 fffff308 0 0 x x 0 x 1 0 0 0 0 0 0 x x x x x x 0
b24bd163 1 0 17 04 00 fffff322 0 0 x x 0 x 1 0 0 0 1 0 0 x x x x x x 0
953fee63 1 0 1f 13 00 fffff15c 0 0 x x 1 x 1 0 0 1 0 0 0 x x x x x x 0
ffb07fe3 1 0 00 1b 00 fffffffe 0 0 x x 1 x 1 0 0 1 1 0 0 x x x x x x 0
6faf86e3 1 0 1f 1a 00 00000eec 0 0 x x x x 1 0 1 x 0 0 0 x x x x x x 0
f6759563 1 0 0b 07 00 fffff76a 0 0 x x x x 1 0 1 x 1 0 0 x x x x x x 0
d0dc47e3 1 0 18 0d 00 fffffd0e 0 0 x x 0 x 1 0 0 0 0 0 0 x x x x x x 0
b264d263 1 0 09 06 00 fffff324 0 0 x x 0 x 1 0 0 0 1 0 0 x x x x x x 0
f7d06263 1 0 00 1d 00 fffff764 0 0 x x 1 x 1 0 0 1 0 0 0 x x x x x x 0
e5607be3 1 0 00 16 00 fffffe56 0 0 x x 1 x 1 0 0 1 1 0 0 x x x x x x 0
bc5c87e3 1 0 19 05 00 fffffbce 0 0 x x x x 1 0 1 x 0 0 0 x x x x x x 0
e5801be3 1 0 00 18 00 fffffe56 0 0 x x x x 1 0 1 x 1 0 0 x x x x x x 0
006e4263 1 0 1c 06 00 00000004 0 0 x x 0 x 1 0 0 0 0 0 0 x x x x x x 0
d25155e3 1 0 02 05 00 fffffd2a 0 0 x x 0 x 1 0 0 0 1 0 0 x x x x x x 0
a34be463 1 0 17 14 00 fffff228 0 0 x x 1 x 1 0 0 1 0 0 0 x x x x x x 0
0004f263 1 0 09 00 00 00000004 0 0 x x 1 x 1 0 0 1 1 0 0 x x x x x x 0
a6be89e3 1 0 1d 0b 00 fffffa72 0 0 x x x x 1 0 1 x 0 0 0 x x x x x x 0
360796e3 1 0 0f 00 00 00000b6c 0 0 x x x x 1 0 1 x 1 0 0 x x x x x x 0
013e40e3 1 0 1c 13 00 00000800 0 0 x x 0 x 1 0 0 0 0 0 0 x x x x x x 0
5a0d5b63 1 0 1a 00 00 000005b6 0 0 x x 0 x 1 0 0 0 1 0 0 x x x x x x 0
26a3e7e3 1 0 07 0a 00 00000a6e 0 0 x x 1 x 1 0 0 1 0 0 0 x x x x x x 0
9a92f1e3 1 0 05 09 00 fffff9a2 0 0 x x 1 x 1 0 0 1 1 0 0 x x x x x x 0
1a0d05e3 1 0 1a 00 00 000009aa 0 0 x x x x 1 0 1 x 0 0 0 x x x x x x 0
7e051f63 1 0 0a 00 00 000007fe 0 0 x x x x 1 0 1 x 1 0 0 x x x x x x 0
759cc9e3 1 0 19 19 00 00000f52 0 0 x x 0 x 1 0 0 0 0 0 0 x x x x x x 0
00005263 1 0 00 00 00 00000004 0 0 x x 0 x 1 0 0 0 1 0 0 x x x x x x 0
872bef63 1 0 17 12 00 fffff07e 0 0 x x 1 x 1 0 0 1 0 0 0 x x x x x x 0
37f97763 1 0 12 1f 00 0000036e 0 0 x x 1 x 1 0 0 1 1 0 0 x x x x x x 0
01af8063 1 0 1f 1a 00 00000000 0 0 x x x x 1 0 1 x 0 0 0 x x x x x x 0
62971ee3 1 0 0e 09 00 00000e3c 0 0 x x x x 1 0 1 x 1 0 0 x x x x x x 0
ece1c563 1 0 03 0e 00 fffff6ca 0 0 x x 0 x 1 0 0 0 0 0 0 x x x x x x 0
80495063 1 0 12 04 00 fffff000 0 0 x x 0 x 1 0 0 0 1 0 0 x x x x x x 0
b5c06ee3 1 0 00 1c 00 fffffb5c 0 0 x x 1 x 1 0 0 1 0 0 0 x x x x x x 0
f73ff1e3 1 0 1f 13 00 ffffff62 0 0 x x 1 x 1 0 0 1 1 0 0 x x x x x x 0
64f00163 1 0 00 0f 00 00000642 0 0 x x x x 1 0 1 x 0 0 0 x x x x x x 0
9b291963 1 0 12 12 00 fffff1b2 0 0 x x x x 1 0 1 x 1 0 0 x x x x x x 0
0004c263 1 0 09 00 00 00000004 0 0 x x 0 x 1 0 0 0 0 0 0 x x x x x x 0
7e605f63 1 0 00 06 00 000007fe 0 0 x x 0 x 1 0 0 0 1 0 0 x x x x x x 0
aa0f6f63 1 0 1e 00 00 fffff2be 0 0 x x 1 x 1 0 0 1 0 0 0 x x x x x x 0
5471fce3 1 0 03 07 00 00000d58 0 0 x x 1 x 1 0 0 1 1 0 0 x x x x x x 0
8ab88a63 1 0 11 0b 00 fffff0b4 0 0 x x x x 1 0 1 x 0 0 0 x x x x x x 0
01ca9063 1 0 15 1c 00 00000000 0 0 x x x x 1 0 1 x 1 0 0 x x x x x x 0
fe8dcfe3 1 0 1b 08 00 fffffffe 0 0 x x 0 x 1 0 0 0 0 0 0 x x x x x x 0
5056de63 1 0 0d 05 00 0000051c 0 0 x x 0 x 1 0 0 0 1 0 0 x x x x x x 0
ff3aefe3 1 0 15 13 00 fffffffe 0 0 x x 1 x 1 0 0 1 0 0 0 x x x x x x 0
01f675e3 1 0 0c 1f 00 0000080a 0 0 x x 1 x 1 0 0 1 1 0 0 x x x x x x 0
7eb50fe3 1 0 0a 0b 00 00000ffe 0 0 x x x x 1 0 1 x 0 0 0 x x x x x x 0
7f5a1fe3 1 0 14 15 00 00000ffe 0 0 x x x x 1 0 1 x 1 0 0 x x x x x x 0
51d147e3 1 0 02 1d 00 00000d0e 0 0 x x 0 x 1 0 0 0 0 0 0 x x x x x x 0
bc87dc63 1 0 0f 08 00 fffff3d8 0 0 x x 0 x 1 0 0 0 1 0 0 x x x x x x 0
46006ae3 1 0 00 00 00 00000c74 0 0 x x 1 x 1 0 0 1 0 0 0 x x x x x x 0
1b017be3 1 0 02 10 00 000009b6 0 0 x x 1 x 1 0 0 1 1 0 0 x x x x x x 0
7e238fe3 1 0 07 02 00 00000ffe 0 0 x x x x 1 0 1 x 0 0 0 x x x x x x 0
309012e3 1 0 00 09 00 00000b04 0 0 x x x x 1 0 1 x 1 0 0 x x x x x x 0
5ade40e3 1 0 1c 0d 00 00000da0 0 0 x x 0 x 1 0 0 0 0 0 0 x x x x x x 0
3d4edde3 1 0 1d 14 00 00000bda 0 0 x x 0 x 1 0 0 0 1 0 0 x x x x x x 0
198e6363 1 0 1c 18 00 00000186 0 0 x x 1 x 1 0 0 1 0 0 0 x x x x x x 0
f485f6e3 1 0 0b 08 00 ffffff4c 0 0 x x 1 x 1 0 0 1 1 0 0 x x x x x x 0
69f00663 1 0 00 1f 00 0000068c 0 0 x x x x 1 0 1 x 0 0 0 x x x x x x 0
28819ae3 1 0 03 08 00 00000a94 0 0 x x x x 1 0 1 x 1 0 0 x x x x x x 0
7608c163 1 0 11 00 00 00000762 0 0 x x 0 x 1 0 0 0 0 0 0 x x x x x x 0
59015de3 1 0 02 10 00 00000d9a 0 0 x x 0 x 1 0 0 0 1 0 0 x x x x x x 0
06e7e5e3 1 0 0f 0e 00 0000086a 0 0 x x 1 x 1 0 0 1 0 0 0 x x x x x x 0
19c3f563 1 0 07 1c 00 0000018a 0 0 x x 1 x 1 0 0 1 1 0 0 x x x x x x 0
912589e3 1 0 0b 12 00 fffff912 0 0 x x x x 1 0 1 x 0 0 0 x x x x x x 0
7f569f63 1 0 0d 15 00 000007fe 0 0 x x x x 1 0 1 x 1 0 0 x x x x x x 0
6f72c7e3 1 0 05 17 00 00000eee 0 0 x x 0 x 1 0 0 0 0 0 0 x x x x x x 0
91fad6e3 1 0 15 1f 00 fffff90c 0 0 x x 0 x 1 0 0 0 1 0 0 x x x x x x 0
da0761e3 1 0 0e 00 00 fffffda2 0 0 x x 1 x 1 0 0 1 0 0 0 x x x x x x 0
3ff076e3 1 0 00 1f 00 00000bec 0 0 x x 1 x 1 0 0 1 1 0 0 x x x x x x 0
86b180e3 1 0 03 0b 00 fffff860 0 0 x x x x 1 0 1 x 0 0 0 x x x x x x 0
fec09fe3 1 0 01 0c 00 fffffffe 0 0 x x x x 1 0 1 x 1 0 0 x x x x x x 0
ffdacfe3 1 0 15 1d 00 fffffffe 0 0 x x 0 x 1 0 0 0 0 0 0 x x x x x x 0
6620d063 1 0 01 02 00 00000660 0 0 x x 0 x 1 0 0 0 1 0 0 x x x x x x 0
7ee2ef63 1 0 05 0e 00 000007fe 0 0 x x 1 x 1 0 0 1 0 0 0 x x x x x x 0
03e1fd63 1 0 03 1e 00 0000003a 0 0 x x 1 x 1 0 0 1 1 0 0 x x x x x x 0
a6c80963 1 0 10 0c 00 fffff272 0 0 x x x x 1 0 1 x 0 0 0 x x x x x x 0
e4e19be3 1 0 03 0e 00 fffffe56 0 0 x x x x 1 0 1 x 1 0 0 x x x x x x 0
fea8cfe3 1 0 11 0a 00 fffffffe 0 0 x x 0 x 1 0 0 0 0 0 0 x x x x x x 0
45375c63 1 0 0e 13 00 00000458 0 0 x x 0 x 1 0 0 0 1 0 0 x x x x x x 0
dc5ee763 1 0 1d 05 00 fffff5ce 0 0 x x 1 x 1 0 0 1 0 0 0 x x x x x x 0
7e2aff63 1 0 15 02 00 000007fe 0 0 x x 1 x 1 0 0 1 1 0 0 x x x x x x 0
043a8f63 1 0 15 03 00 0000005e 0 0 x x x x 1 0 1 x 0 0 0 x x x x x x 0
cc0f94e3 1 0 1f 00 00 fffffcc8 0 0 x x x x 1 0 1 x 1 0 0 x x x x x x 0
a3fdc963 1 0 1b 1f 00 fffff232 0 0 x x 0 x 1 0 0 0 0 0 0 x x x x x x 0
b801dee3 1 0 03 00 00 fffffb9c 0 0 x x 0 x 1 0 0 0 1 0 0 x x x x x x 0
01d6e0e3 1 0 0d 1d 00 00000800 0 0 x x 1 x 1 0 0 1 0 0 0 x x x x x x 0
614affe3 1 0 15 14 00 00000e1e 0 0 x x 1 x 1 0 0 1 1 0 0 x x x x x x 0
595009e3 1 0 00 15 00 00000d92 0 0 x x x x 1 0 1 x 0 0 0 x x x x x x 0
4ae89763 1 0 11 0e 00 000004ae 0 0 x x x x 1 0 1 x 1 0 0 x x x x x x 0
00564163 1 0 0c 05 00 00000002 0 0 x x 0 x 1 0 0 0 0 0 0 x x x x x x 0
8d635863 1 0 06 16 00 fffff0d0 0 0 x x 0 x 1 0 0 0 1 0 0 x x x x x x 0
a502e5e3 1 0 05 10 00 fffffa4a 0 0 x x 1 x 1 0 0 1 0 0 0 x x x x x x 0
5f7b7563 1 0 16 17 00 000005ea 0 0 x x 1 x 1 0 0 1 1 0 0 x x x x x x 0
9baf8363 1 0 1f 1a 00 fffff1a6 0 0 x x x x 1 0 1 x 0 0 0 x x x x x x 0
b73a1ce3 1 0 14 13 00 fffffb78 0 0 x x x x 1 0 1 x 1 0 0 x x x x x x 0
1eefc1e3 1 0 1f 0e 00 000009e2 0 0 x x 0 x 1 0 0 0 0 0 0 x x x x x x 0
b9a95ae3 1 0 12 1a 00 fffffb94 0 0 x x 0 x 1 0 0 0 1 0 0 x x x x x x 0
d9de61e3 1 0 1c 1d 00 fffffd82 0 0 x x 1 x 1 0 0 1 0 0 0 x x x x x x 0
d076f163 1 0 0d 07 00 fffff502 0 0 x x 1 x 1 0 0 1 1 0 0 x x x x x x 0
870b0363 1 0 16 10 00 fffff066 0 0 x x x x 1 0 1 x 0 0 0 x x x x x x 0
80bf9063 1 0 1f 0b 00 fffff000 0 0 x x x x 1 0 1 x 1 0 0 x x x x x x 0
870fcd63 1 0 1f 10 00 fffff07a 0 0 x x 0 x 1 0 0 0 0 0 0 x x x x x x 0
53d6d8e3 1 0 0d 1d 00 00000d30 0 0 x x 0 x 1 0 0 0 1 0 0 x x x x x x 0
4b30e5e3 1 0 01 13 00 00000caa 0 0 x x 1 x 1 0 0 1 0 0 0 x x x x x x 0
942ff363 1 0 1f 02 00 fffff146 0 0 x x 1 x 1 0 0 1 1 0 0 x x x x x x 0
31f686e3 1 0 0d 1f 00 00000b0c 0 0 x x x x 1 0 1 x 0 0 0 x x x x x x 0
3fbc18e3 1 0 18 1b 00 00000bf0 0 0 x x x x 1 0 1 x 1 0 0 x x x x x x 0
5c604de3 1 0 00 06 00 00000dda 0 0 x x 0 x 1 0 0 0 0 0 0 x x x x x x 0
015050e3 1 0 00 15 00 00000800 0 0 x x 0 x 1 0 0 0 1 0 0 x x x x x x 0
d1a06763 1 0 00 1a 00 fffff50e 0 0 x x 1 x 1 0 0 1 0 0 0 x x x x x x 0
0377f863 1 0 0f 17 00 00000030 0 0 x x 1 x 1 0 0 1 1 0 0 x x x x x x 0
4e0f8d63 1 0 1f 00 00 000004fa 0 0 x x x x 1 0 1 x 0 0 0 x x x x x x 0
c10f9063 1 0 1f 10 00 fffff400 0 0 x x x x 1 0 1 x 1 0 0 x x x x x x 0
7eac4f63 1 0 18 0a 00 000007fe 0 0 x x 0 x 1 0 0 0 0 0 0 x x x x x x 0
0e4c5963 1 0 18 04 00 000000f2 0 0 x x 0 x 1 0 0 0 1 0 0 x x x x x x 0
01fee063 1 0 1d 1f 00 00000000 0 0 x x 1 x 1 0 0 1 0 0 0 x x x x x x 0
fff87f63 1 0 10 1f 00 fffff7fe 0 0 x x 1 x 1 0 0 1 1 0 0 x x x x x x 0
ff9c0fe3 1 0 18 19 00 fffffffe 0 0 x x x x 1 0 1 x 0 0 0 x x x x x x 0
d1de98e3 1 0 1d 1d 00 fffffd10 0 0 x x x x 1 0 1 x 1 0 0 x x x x x x 0
c6174e63 1 0 0e 01 00 fffff47c 0 0 x x 0 x 1 0 0 0 0 0 0 x x x x x x 0
81335063 1 0 06 13 00 fffff000 0 0 x x 0 x 1 0 0 0 1 0 0 x x x x x x 0
c09a6663 1 0 14 09 00 fffff40c 0 0 x x 1 x 1 0 0 1 0 0 0 x x x x x x 0
60a97f63 1 0 12 0a 00 0000061e 0 0 x x 1 x 1 0 0 1 1 0 0 x x x x x x 0
cda78e63 1 0 0f 1a 00 fffff4dc 0 0 x x x x 1 0 1 x 0 0 0 x x x x x x 0
d2151ee3 1 0 0a 01 00 fffffd3c 0 0 x x x x 1 0 1 x 1 0 0 x x x x x x 0
bac14ee3 1 0 02 0c 00 fffffbbc 0 0 x x 0 x 1 0 0 0 0 0 0 x x x x x x 0
ca55d063 1 0 0b 05 00 fffff4a0 0 0 x x 0 x 1 0 0 0 1 0 0 x x x x x x 0
4dffe1e3 1 0 1f 1f 00 00000cc2 0 0 x x 1 x 1 0 0 1 0 0 0 x x x x x x 0
94137863 1 0 06 01 00 fffff150 0 0 x x 1 x 1 0 0 1 1 0 0 x x x x x x 0
d7860263 1 0 0c 18 00 fffff564 0 0 x x x x 1 0 1 x 0 0 0 x x x x x x 0
50af9463 1 0 1f 0a 00 00000508 0 0 x x x x 1 0 1 x 1 0 0 x x x x x x 0
a7c5cb63 1 0 0b 1c 00 fffff276 0 0 x x 0 x 1 0 0 0 0 0 0 x x x x x x 0
7e0ddfe3 1 0 1b 00 00 00000ffe 0 0 x x 0 x 1 0 0 0 1 0 0 x x x x x x 0
300a62e3 1 0 14 00 00 00000b04 0 0 x x 1 x 1 0 0 1 0 0 0 x x x x x x 0
36b3f4e3 1 0 07 0b 00 00000b68 0 0 x x 1 x 1 0 0 1 1 0 0 x x x x x x 0
204504e3 1 0 0a 04 00 00000a08 0 0 x x x x 1 0 1 x 0 0 0 x x x x x x 0
d8549963 1 0 09 05 00 fffff592 0 0 x x x x 1 0 1 x 1 0 0 x x x x x x 0
250a4fe3 1 0 14 10 00 00000a5e 0 0 x x 0 x 1 0 0 0 0 0 0 x x x x x x 0
c1405e63 1 0 00 14 00 fffff41c 0 0 x x 0 x 1 0 0 0 1 0 0 x x x x x x 0
be0fe4e3 1 0 1f 00 00 fffffbe8 0 0 x x 1 x 1 0 0 1 0 0 0 x x x x x x 0
3eb474e3 1 0 08 0b 00 00000be8 0 0 x x 1 x 1 0 0 1 1 0 0 x x x x x x 0
005d8263 1 0 1b 05 00 00000004 0 0 x x x x 1 0 1 x 0 0 0 x x x x x x 0
a32f1463 1 0 1e 12 00 fffff228 0 0 x x x x 1 0 1 x 1 0 0 x x x x x x 0
98db42e3 1 0 16 0d 00 fffff984 0 0 x x 0 x 1 0 0 0 0 0 0 x x x x x x 0
fd445e63 1 0 08 14 00 fffff7dc 0 0 x x 0 x 1 0 0 0 1 0 0 x x x x x x 0
180d66e3 1 0 1a 00 00 0000098c 0 0 x x 1 x 1 0 0 1 0 0 0 x x x x x x 0
00e270e3 1 0 04 0e 00 00000800 0 0 x x 1 x 1 0 0 1 1 0 0 x x x x x x 0
e9b089e3 1 0 01 1b 00 fffffe92 0 0 x x x x 1 0 1 x 0 0 0 x x x x x x 0
032e92e3 1 0 1d 12 00 00000824 0 0 x x x x 1 0 1 x 1 0 0 x x x x x x 0
ad544063 1 0 08 15 00 fffff2c0 0 0 x x 0 x 1 0 0 0 0 0 0 x x x x x x 0
fe085fe3 1 0 10 00 00 fffffffe 0 0 x x 0 x 1 0 0 0 1 0 0 x x x x x x 0
815fe063 1 0 1f 15 00 fffff000 0 0 x x 1 x 1 0 0 1 0 0 0 x x x x x x 0
00007163 1 0 00 00 00 00000002 0 0 x x 1 x 1 0 0 1 1 0 0 x x x x x x 0
18100563 1 0 00 01 00 0000018a 0 0 x x x x 1 0 1 x 0 0 0 x x x x x x 0
f4eb1be3 1 0 16 0e 00 ffffff56 0 0 x x x x 1 0 1 x 1 0 0 x x x x x x 0
118fc863 1 0 1f 18 00 00000110 0 0 x x 0 x 1 0 0 0 0 0 0 x x x x x x 0
0167d0e3 1 0 0f 16 00 00000800 0 0 x x 0 x 1 0 0 0 1 0 0 x x x x x x 0
a94fe6e3 1 0 1f 14 00 fffffa8c 0 0 x x 1 x 1 0 0 1 0 0 0 x x x x x x 0
7fe6ffe3 1 0 0d 1e 00 00000ffe 0 0 x x 1 x 1 0 0 1 1 0 0 x x x x x x 0
000f0163 1 0 1e 00 00 00000002 0 0 x x x x 1 0 1 x 0 0 0 x x x x x x 0
01bb1263 1 0 16 1b 00 00000004 0 0 x x x x 1 0 1 x 1 0 0 x x x x x x 0
0e02c263 1 0 05 00 00 000000e4 0 0 x x 0 x 1 0 0 0 0 0 0 x x x x x x 0
01e2d063 1 0 05 1e 00 00000000 0 0 x x 0 x 1 0 0 0 1 0 0 x x x x x x 0
7804ea63 1 0 09 00 00 00000794 0 0 x x 1 x 1 0 0 1 0 0 0 x x x x x x 0
00757263 1 0 0a 07 00 00000004 0 0 x x 1 x 1 0 0 1 1 0 0 x x x x x x 0
c37e0663 1 0 1c 17 00 fffff42c 0 0 x x x x 1 0 1 x 0 0 0 x x x x x x 0
81451063 1 0 0a 14 00 fffff000 0 0 x x x x 1 0 1 x 1 0 0 x x x x x x 0
920ace63 1 0 15 00 00 fffff13c 0 0 x x 0 x 1 0 0 0 0 0 0 x x x x x x 0
00425263 1 0 04 04 00 00000004 0 0 x x 0 x 1 0 0 0 1 0 0 x x x x x x 0
4cc4eb63 1 0 09 0c 00 000004d6 0 0 x x 1 x 1 0 0 1 0 0 0 x x x x x x 0
83907be3 1 0 00 19 00 fffff836 0 0 x x 1 x 1 0 0 1 1 0 0 x x x x x x 0
f2618de3 1 0 03 06 00 ffffff3a 0 0 x x x x 1 0 1 x 0 0 0 x x x x x x 0
fff11fe3 1 0 02 1f 00 fffffffe 0 0 x x x x 1 0 1 x 1 0 0 x x x x x x 0
7ff64f63 1 0 0c 1f 00 000007fe 0 0 x x 0 x 1 0 0 0 0 0 0 x x x x x x 0
4df9d563 1 0 13 1f 00 000004ca 0 0 x x 0 x 1 0 0 0 1 0 0 x x x x x x 0
29f76363 1 0 0e 1f 00 00000286 0 0 x x 1 x 1 0 0 1 0 0 0 x x x x x x 0
01bef063 1 0 1d 1b 00 00000000 0 0 x x 1 x 1 0 0 1 1 0 0 x x x x x x 0
7e068f63 1 0 0d 00 00 000007fe 0 0 x x x x 1 0 1 x 0 0 0 x x x x x x 0
9da91163 1 0 12 1a 00 fffff1c2 0 0 x x x x 1 0 1 x 1 0 0 x x x x x x 0
db9bcfe3 1 0 17 19 00 fffffdbe 0 0 x x 0 x 1 0 0 0 0 0 0 x x x x x x 0
f82055e3 1 0 00 02 00 ffffff8a 0 0 x x 0 x 1 0 0 0 1 0 0 x x x x x x 0
4493ea63 1 0 07 09 00 00000454 0 0 x x 1 x 1 0 0 1 0 0 0 x x x x x x 0
7e237fe3 1 0 06 02 00 00000ffe 0 0 x x 1 x 1 0 0 1 1 0 0 x x x x x x 0
94ef89e3 1 0 1f 0e 00 fffff952 0 0 x x x x 1 0 1 x 0 0 0 x x x x x x 0
1c9a1de3 1 0 14 09 00 000009da 0 0 x x x x 1 0 1 x 1 0 0 x x x x x x 0
b340c563 1 0 01 14 00 fffff32a 0 0 x x 0 x 1 0 0 0 0 0 0 x x x x x x 0
0098d063 1 0 11 09 00 00000000 0 0 x x 0 x 1 0 0 0 1 0 0 x x x x x x 0
8403e263 1 0 07 00 00 fffff044 0 0 x x 1 x 1 0 0 1 0 0 0 x x x x x x 0
7e3b7fe3 1 0 16 03 00 00000ffe 0 0 x x 1 x 1 0 0 1 1 0 0 x x x x x x 0
00ba8063 1 0 15 0b 00 00000000 0 0 x x x x 1 0 1 x 0 0 0 x x x x x x 0
984f1463 1 0 1e 04 00 fffff188 0 0 x x x x 1 0 1 x 1 0 0 x x x x x x 0
f4504763 1 0 00 05 00 fffff74e 0 0 x x 0 x 1 0 0 0 0 0 0 x x x x x x 0
00ea50e3 1 0 14 0e 00 00000800 0 0 x x 0 x 1 0 0 0 1 0 0 x x x x x x 0
3200e863 1 0 01 00 00 00000330 0 0 x x 1 x 1 0 0 1 0 0 0 x x x x x x 0
7e607fe3 1 0 00 06 00 00000ffe 0 0 x x 1 x 1 0 0 1 1 0 0 x x x x x x 0
e4238e63 1 0 07 02 00 fffff65c 0 0 x x x x 1 0 1 x 0 0 0 x x x x x x 0
01e790e3 1 0 0f 1e 00 00000800 0 0 x x x x 1 0 1 x 1 0 0 x x x x x x 0
fcd94863 1 0 12 0d 00 fffff7d0 0 0 x x 0 x 1 0 0 0 0 0 0 x x x x x x 0
a41fd5e3 1 0 1f 01 00 fffffa4a 0 0 x x 0 x 1 0 0 0 1 0 0 x x x x x x 0
933fe1e3 1 0 1f 13 00 fffff922 0 0 x x 1 x 1 0 0 1 0 0 0 x x x x x x 0
3a45ff63 1 0 0b 04 00 000003be 0 0 x x 1 x 1 0 0 1 1 0 0 x x x x x x 0
0f5782e3 1 0 0f 15 00 000008e4 0 0 x x x x 1 0 1 x 0 0 0 x x x x x x 0
5b031c63 1 0 06 10 00 000005b8 0 0 x x x x 1 0 1 x 1 0 0 x x x x x x 0
7fbf4fe3 1 0 1e 1b 00 00000ffe 0 0 x x 0 x 1 0 0 0 0 0 0 x x x x x x 0
83b851e3 1 0 10 1b 00 fffff822 0 0 x x 0 x 1 0 0 0 1 0 0 x x x x x x 0
d12b6463 1 0 16 12 00 fffff508 0 0 x x 1 x 1 0 0 1 0 0 0 x x x x x x 0
80317063 1 0 02 03 00 fffff000 0 0 x x 1 x 1 0 0 1 1 0 0 x x x x x x 0
ba7584e3 1 0 0b 07 00 fffffba8 0 0 x x x x 1 0 1 x 0 0 0 x x x x x x 0
003390e3 1 0 07 03 00 00000800 0 0 x x x x 1 0 1 x 1 0 0 x x x x x x 0
350540e3 1 0 0a 10 00 00000b40 0 0 x x 0 x 1 0 0 0 0 0 0 x x x x x x 0
4d86db63 1 0 0d 18 00 000004d6 0 0 x x 0 x 1 0 0 0 1 0 0 x x x x x x 0
e1446763 1 0 08 14 00 fffff60e 0 0 x x 1 x 1 0 0 1 0 0 0 x x x x x x 0
7e87ff63 1 0 0f 08 00 000007fe 0 0 x x 1 x 1 0 0 1 1 0 0 x x x x x x 0
f2910ee3 1 0 02 09 00 ffffff3c 0 0 x x x x 1 0 1 x 0 0 0 x x x x x x 0
01201063 1 0 00 12 00 00000000 0 0 x x x x 1 0 1 x 1 0 0 x x x x x x 0
03fdc4e3 1 0 1b 1f 00 00000828 0 0 x x 0 x 1 0 0 0 0 0 0 x x x x x x 0
89605663 1 0 00 16 00 fffff08c 0 0 x x 0 x 1 0 0 0 1 0 0 x x x x x x 0
4a09e563 1 0 13 00 00 000004aa 0 0 x x 1 x 1 0 0 1 0 0 0 x x x x x x 0
952c7f63 1 0 18 12 00 fffff15e 0 0 x x 1 x 1 0 0 1 1 0 0 x x x x x x 0
2de809e3 1 0 10 1e 00 00000ad2 0 0 x x x x 1 0 1 x 0 0 0 x x x x x x 0
6bee1663 1 0 1c 1e 00 000006ac 0 0 x x x x 1 0 1 x 1 0 0 x x x x x x 0
e27fc363 1 0 1f 07 00 fffff626 0 0 x x 0 x 1 0 0 0 0 0 0 x x x x x x 0
7fba5f63 1 0 14 1b 00 000007fe 0 0 x x 0 x 1 0 0 0 1 0 0 x x x x x x 0
eeade9e3 1 0 1b 0a 00 fffffef2 0 0 x x 1 x 1 0 0 1 0 0 0 x x x x x x 0
8085f063 1 0 0b 08 00 fffff000 0 0 x x 1 x 1 0 0 1 1 0 0 x x x x x x 0
bfa30763 1 0 06 1a 00 fffff3ee 0 0 x x x x 1 0 1 x 0 0 0 x x x x x x 0
400e10e3 1 0 1c 00 00 00000c00 0 0 x x x x 1 0 1 x 1 0 0 x x x x x x 0
8eea4163 1 0 14 0e 00 fffff0e2 0 0 x x 0 x 1 0 0 0 0 0 0 x x x x x x 0
1dfe5663 1 0 1c 1f 00 000001cc 0 0 x x 0 x 1 0 0 0 1 0 0 x x x x x x 0
c656e9e3 1 0 0d 05 00 fffffc72 0 0 x x 1 x 1 0 0 1 0 0 0 x x x x x x 0
980474e3 1 0 08 00 00 fffff988 0 0 x x 1 x 1 0 0 1 1 0 0 x x x x x x 0
018f0063 1 0 1e 18 00 00000000 0 0 x x x x 1 0 1 x 0 0 0 x x x x x x 0
227c1763 1 0 18 07 00 0000022e 0 0 x x x x 1 0 1 x 1 0 0 x x x x x x 0
06edca63 1 0 1b 0e 00 00000074 0 0 x x 0 x 1 0 0 0 0 0 0 x x x x x x 0
00675063 1 0 0e 06 00 00000000 0 0 x x 0 x 1 0 0 0 1 0 0 x x x x x x 0
0007e0e3 1 0 0f 00 00 00000800 0 0 x x 1 x 1 0 0 1 0 0 0 x x x x x x 0
8dd77163 1 0 0e 1d 00 fffff0c2 0 0 x x 1 x 1 0 0 1 1 0 0 x x x x x x 0
12450063 1 0 0a 04 00 00000120 0 0 x x x x 1 0 1 x 0 0 0 x x x x x x 0
79dd9a63 1 0 1b 1d 00 00000794 0 0 x x x x 1 0 1 x 1 0 0 x x x x x x 0
dc334763 1 0 06 03 00 fffff5ce 0 0 x x 0 x 1 0 0 0 0 0 0 x x x x x x 0
feb4dfe3 1 0 09 0b 00 fffffffe 0 0 x x 0 x 1 0 0 0 1 0 0 x x x x x x 0
01e8ee63 1 0 11 1e 00 0000001c 0 0 x x 1 x 1 0 0 1 0 0 0 x x x x x x 0
7169f1e3 1 0 13 16 00 00000f02 0 0 x x 1 x 1 0 0 1 1 0 0 x x x x x x 0
da8d0de3 1 0 1a 08 00 fffffdba 0 0 x x x x 1 0 1 x 0 0 0 x x x x x x 0
771c98e3 1 0 19 11 00 00000f70 0 0 x x x x 1 0 1 x 1 0 0 x x x x x x 0
12aac363 1 0 15 0a 00 00000126 0 0 x x 0 x 1 0 0 0 0 0 0 x x x x x x 0
7693d8e3 1 0 07 09 00 00000f70 0 0 x x 0 x 1 0 0 0 1 0 0 x x x x x x 0
03fa60e3 1 0 14 1f 00 00000820 0 0 x x 1 x 1 0 0 1 0 0 0 x x x x x x 0
aed5fe63 1 0 0b 0d 00 fffff2fc 0 0 x x 1 x 1 0 0 1 1 0 0 x x x x x x 0
ad7d03e3 1 0 1a 17 00 fffffac6 0 0 x x x x 1 0 1 x 0 0 0 x x x x x x 0
769a9a63 1 0 15 09 00 00000774 0 0 x x x x 1 0 1 x 1 0 0 x x x x x x 0
b7164563 1 0 0c 11 00 fffff36a 0 0 x x 0 x 1 0 0 0 0 0 0 x x x x x x 0
fe0ddfe3 1 0 1b 00 00 fffffffe 0 0 x x 0 x 1 0 0 0 1 0 0 x x x x x x 0
6a6069e3 1 0 00 06 00 00000eb2 0 0 x x 1 x 1 0 0 1 0 0 0 x x x x x x 0
967af5e3 1 0 15 07 00 fffff96a 0 0 x x 1 x 1 0 0 1 1 0 0 x x x x x x 0
ffab8fe3 1 0 17 1a 00 fffffffe 0 0 x x x x 1 0 1 x 0 0 0 x x x x x x 0
f6fb18e3 1 0 16 0f 00 ffffff70 0 0 x x x x 1 0 1 x 1 0 0 x x x x x x 0
9fe3c663 1 0 07 1e 00 fffff1ec 0 0 x x 0 x 1 0 0 0 0 0 0 x x x x x x 0
80805063 1 0 00 08 00 fffff000 0 0 x x 0 x 1 0 0 0 1 0 0 x x x x x x 0
0163e063 1 0 07 16 00 00000000 0 0 x x 1 x 1 0 0 1 0 0 0 x x x x x x 0
40057ae3 1 0 0a 00 00 00000c14 0 0 x x 1 x 1 0 0 1 1 0 0 x x x x x x 0
018000e3 1 0 00 18 00 00000800 0 0 x x x x 1 0 1 x 0 0 0 x x x x x x 0
c9b11663 1 0 02 1b 00 fffff48c 0 0 x x x x 1 0 1 x 1 0 0 x x x x x x 0
00cec263 1 0 1d 0c 00 00000004 0 0 x x 0 x 1 0 0 0 0 0 0 x x x x x x 0
0cfbd4e3 1 0 17 0f 00 000008c8 0 0 x x 0 x 1 0 0 0 1 0 0 x x x x x x 0
81406063 1 0 00 14 00 fffff000 0 0 x x 1 x 1 0 0 1 0 0 0 x x x x x x 0
5b8073e3 1 0 00 18 00 00000da6 0 0 x x 1 x 1 0 0 1 1 0 0 x x x x x x 0
e40f88e3 1 0 1f 00 00 fffffe50 0 0 x x x x 1 0 1 x 0 0 0 x x x x x x 0
5f7013e3 1 0 00 17 00 00000de6 0 0 x x x x 1 0 1 x 1 0 0 x x x x x x 0
8bbfc1e3 1 0 1f 1b 00 fffff8a2 0 0 x x 0 x 1 0 0 0 0 0 0 x x x x x x 0
a5bcd663 1 0 19 1b 00 fffff24c 0 0 x x 0 x 1 0 0 0 1 0 0 x x x x x x 0
8019e063 1 0 13 01 00 fffff000 0 0 x x 1 x 1 0 0 1 0 0 0 x x x x x x 0
25787163 1 0 10 17 00 00000242 0 0 x x 1 x 1 0 0 1 1 0 0 x x x x x x 0
ff240fe3 1 0 08 12 00 fffffffe 0 0 x x x x 1 0 1 x 0 0 0 x x x x x x 0
00cf1263 1 0 1e 0c 00 00000004 0 0 x x x x 1 0 1 x 1 0 0 x x x x x x 0
a4d04263 1 0 00 0d 00 fffff244 0 0 x x 0 x 1 0 0 0 0 0 0 x x x x x x 0
ad285f63 1 0 10 12 00 fffff2de 0 0 x x 0 x 1 0 0 0 1 0 0 x x x x x x 0
4253e7e3 1 0 07 05 00 00000c2e 0 0 x x 1 x 1 0 0 1 0 0 0 x x x x x x 0
002870e3 1 0 10 02 00 00000800 0 0 x x 1 x 1 0 0 1 1 0 0 x x x x x x 0
fe088fe3 1 0 11 00 00 fffffffe 0 0 x x x x 1 0 1 x 0 0 0 x x x x x x 0
8e239f63 1 0 07 02 00 fffff0fe 0 0 x x x x 1 0 1 x 1 0 0 x x x x x x 0
be79c6e3 1 0 13 07 00 fffffbec 0 0 x x 0 x 1 0 0 0 0 0 0 x x x x x x 0
7ff25f63 1 0 04 1f 00 000007fe 0 0 x x 0 x 1 0 0 0 1 0 0 x x x x x x 0
7ca9e9e3 1 0 13 0a 00 00000fd2 0 0 x x 1 x 1 0 0 1 0 0 0 x x x x x x 0
f2f3f663 1 0 07 0f 00 fffff72c 0 0 x x 1 x 1 0 0 1 1 0 0 x x x x x x 0
840e09e3 1 0 1c 00 00 fffff852 0 0 x x x x 1 0 1 x 0 0 0 x x x x x x 0
d46f1663 1 0 1e 06 00 fffff54c 0 0 x x x x 1 0 1 x 1 0 0 x x x x x x 0
0292c663 1 0 05 09 00 0000002c 0 0 x x 0 x 1 0 0 0 0 0 0 x x x x x x 0
7ff15f63 1 0 02 1f 00 000007fe 0 0 x x 0 x 1 0 0 0 1 0 0 x x x x x x 0
ef016163 1 0 02 10 00 fffff6e2 0 0 x x 1 x 1 0 0 1 0 0 0 x x x x x x 0
2cdc74e3 1 0 18 0d 00 00000ac8 0 0 x x 1 x 1 0 0 1 1 0 0 x x x x x x 0
2a360863 1 0 0c 03 00 000002b0 0 0 x x x x 1 0 1 x 0 0 0 x x x x x x 0
1a831ce3 1 0 06 08 00 000009b8 0 0 x x x x 1 0 1 x 1 0 0 x x x x x x 0
553b4763 1 0 16 13 00 0000054e 0 0 x x 0 x 1 0 0 0 0 0 0 x x x x x x 0
01aad063 1 0 15 1a 00 00000000 0 0 x x 0 x 1 0 0 0 1 0 0 x x x x x x 0
e5be64e3 1 0 1c 1b 00 fffffe48 0 0 x x 1 x 1 0 0 1 0 0 0 x x x x x x 0
401ff863 1 0 1f 01 00 00000410 0 0 x x 1 x 1 0 0 1 1 0 0 x x x x x x 0
a8298263 1 0 13 02 00 fffff284 0 0 x x x x 1 0 1 x 0 0 0 x x x x x x 0
58901563 1 0 00 09 00 0000058a 0 0 x x x x 1 0 1 x 1 0 0 x x x x x x 0
c52fc4e3 1 0 1f 12 00 fffffc48 0 0 x x 0 x 1 0 0 0 0 0 0 x x x x x x 0
015dd0e3 1 0 1b 15 00 00000800 0 0 x x 0 x 1 0 0 0 1 0 0 x x x x x x 0
01d5e263 1 0 0b 1d 00 00000004 0 0 x x 1 x 1 0 0 1 0 0 0 x x x x x x 0
c3b5fa63 1 0 0b 1b 00 fffff434 0 0 x x 1 x 1 0 0 1 1 0 0 x x x x x x 0
73668c63 1 0 0d 16 00 00000738 0 0 x x x x 1 0 1 x 0 0 0 x x x x x x 0
fee21fe3 1 0 04 0e 00 fffffffe 0 0 x x x x 1 0 1 x 1 0 0 x x x x x x 0
de1040e3 1 0 00 01 00 fffffde0 0 0 x x 0 x 1 0 0 0 0 0 0 x x x x x x 0
ae68dde3 1 0 11 06 00 fffffafa 0 0 x x 0 x 1 0 0 0 1 0 0 x x x x x x 0
48cb6e63 1 0 16 0c 00 0000049c 0 0 x x 1 x 1 0 0 1 0 0 0 x x x x x x 0
9cd77d63 1 0 0e 0d 00 fffff1da 0 0 x x 1 x 1 0 0 1 1 0 0 x x x x x x 0
894b00e3 1 0 16 14 00 fffff880 0 0 x x x x 1 0 1 x 0 0 0 x x x x x x 0
abbd1fe3 1 0 1a 1b 00 fffffabe 0 0 x x x x 1 0 1 x 1 0 0 x x x x x x 0
00b04263 1 0 00 0b 00 00000004 0 0 x x 0 x 1 0 0 0 0 0 0 x x x x x x 0
000c5163 1 0 18 00 00 00000002 0 0 x x 0 x 1 0 0 0 1 0 0 x x x x x x 0
0c5dec63 1 0 1b 05 00 000000d8 0 0 x x 1 x 1 0 0 1 0 0 0 x x x x x x 0
807c7063 1 0 18 07 00 fffff000 0 0 x x 1 x 1 0 0 1 1 0 0 x x x x x x 0
70c78763 1 0 0f 0c 00 0000070e 0 0 x x x x 1 0 1 x 0 0 0 x x x x x x 0
c6821763 1 0 04 08 00 fffff46e 0 0 x x x x 1 0 1 x 1 0 0 x x x x x x 0
a6004c63 1 0 00 00 00 fffff278 0 0 x x 0 x 1 0 0 0 0 0 0 x x x x x x 0
4f405be3 1 0 00 14 00 00000cf6 0 0 x x 0 x 1 0 0 0 1 0 0 x x x x x x 0
a17ce4e3 1 0 19 17 00 fffffa08 0 0 x x 1 x 1 0 0 1 0 0 0 x x x x x x 0
d0baf263 1 0 15 0b 00 fffff504 0 0 x x 1 x 1 0 0 1 1 0 0 x x x x x x 0
7ede8fe3 1 0 1d 0d 00 00000ffe 0 0 x x x x 1 0 1 x 0 0 0 x x x x x x 0
61cc1fe3 1 0 18 1c 00 00000e1e 0 0 x x x x 1 0 1 x 1 0 0 x x x x x x 0
007ac0e3 1 0 15 07 00 00000800 0 0 x x 0 x 1 0 0 0 0 0 0 x x x x x x 0
ba0851e3 1 0 10 00 00 fffffba2 0 0 x x 0 x 1 0 0 0 1 0 0 x x x x x x 0
b59fe763 1 0 1f 19 00 fffff34e 0 0 x x 1 x 1 0 0 1 0 0 0 x x x x x x 0
bf3bf6e3 1 0 17 13 00 fffffbec 0 0 x x 1 x 1 0 0 1 1 0 0 x x x x x x 0
ba798163 1 0 13 07 00 fffff3a2 0 0 x x x x 1 0 1 x 0 0 0 x x x x x x 0
80041063 1 0 08 00 00 fffff000 0 0 x x x x 1 0 1 x 1 0 0 x x x x x x 0
6b024b63 1 0 04 10 00 000006b6 0 0 x x 0 x 1 0 0 0 0 0 0 x x x x x x 0
ffc057e3 1 0 00 1c 00 ffffffee 0 0 x x 0 x 1 0 0 0 1 0 0 x x x x x x 0
82616b63 1 0 02 06 00 fffff036 0 0 x x 1 x 1 0 0 1 0 0 0 x x x x x x 0
0136f0e3 1 0 0d 13 00 00000800 0 0 x x 1 x 1 0 0 1 1 0 0 x x x x x x 0
3d100863 1 0 00 11 00 000003d0 0 0 x x x x 1 0 1 x 0 0 0 x x x x x x 0
01b31163 1 0 06 1b 00 00000002 0 0 x x x x 1 0 1 x 1 0 0 x x x x x x 0
dfeb4b63 1 0 16 1e 00 fffff5f6 0 0 x x 0 x 1 0 0 0 0 0 0 x x x x x x 0
0198d263 1 0 11 19 00 00000004 0 0 x x 0 x 1 0 0 0 1 0 0 x x x x x x 0
46066963 1 0 0c 00 00 00000472 0 0 x x 1 x 1 0 0 1 0 0 0 x x x x x x 0
0063f0e3 1 0 07 06 00 00000800 0 0 x x 1 x 1 0 0 1 1 0 0 x x x x x x 0
a5f60ee3 1 0 0c 1f 00 fffffa5c 0 0 x x x x 1 0 1 x 0 0 0 x x x x x x 0
700f9963 1 0 1f 00 00 00000712 0 0 x x x x 1 0 1 x 1 0 0 x x x x x x 0
2ee44d63 1 0 08 0e 00 000002fa 0 0 x x 0 x 1 0 0 0 0 0 0 x x x x x x 0
9f5adfe3 1 0 15 15 00 fffff9fe 0 0 x x 0 x 1 0 0 0 1 0 0 x x x x x x 0
00eb60e3 1 0 16 0e 00 00000800 0 0 x x 1 x 1 0 0 1 0 0 0 x x x x x x 0
ba4cfce3 1 0 19 04 00 fffffbb8 0 0 x x 1 x 1 0 0 1 1 0 0 x x x x x x 0
01390163 1 0 12 13 00 00000002 0 0 x x x x 1 0 1 x 0 0 0 x x x x x x 0
51001d63 1 0 00 10 00 0000051a 0 0 x x x x 1 0 1 x 1 0 0 x x x x x x 0
7ecccfe3 1 0 19 0c 00 00000ffe 0 0 x x 0 x 1 0 0 0 0 0 0 x x x x x x 0
746f5163 1 0 1e 06 00 00000742 0 0 x x 0 x 1 0 0 0 1 0 0 x x x x x x 0
0205e063 1 0 0b 00 00 00000020 0 0 x x 1 x 1 0 0 1 0 0 0 x x x x x x 0
000a7263 1 0 14 00 00 00000004 0 0 x x 1 x 1 0 0 1 1 0 0 x x x x x x 0
4d960d63 1 0 0c 19 00 000004da 0 0 x x x x 1 0 1 x 0 0 0 x x x x x x 0
0d1015e3 1 0 00 11 00 000008ca 0 0 x x x x 1 0 1 x 1 0 0 x x x x x x 0
c47144e3 1 0 02 07 00 fffffc48 0 0 x x 0 x 1 0 0 0 0 0 0 x x x x x x 0
65375ae3 1 0 0e 13 00 00000e54 0 0 x x 0 x 1 0 0 0 1 0 0 x x x x x x 0
01d360e3 1 0 06 1d 00 00000800 0 0 x x 1 x 1 0 0 1 0 0 0 x x x x x x 0
140ef8e3 1 0 1d 00 00 00000950 0 0 x x 1 x 1 0 0 1 1 0 0 x x x x x x 0
7e038f63 1 0 07 00 00 000007fe 0 0 x x x x 1 0 1 x 0 0 0 x x x x x x 0
008a1263 1 0 14 08 00 00000004 0 0 x x x x 1 0 1 x 1 0 0 x x x x x x 0
01f6c163 1 0 0d 1f 00 00000002 0 0 x x 0 x 1 0 0 0 0 0 0 x x x x x x 0
a00fd663 1 0 1f 00 00 fffff20c 0 0 x x 0 x 1 0 0 0 1 0 0 x x x x x x 0
bc17ef63 1 0 0f 01 00 fffff3de 0 0 x x 1 x 1 0 0 1 0 0 0 x x x x x x 0
bfc2fe63 1 0 05 1c 00 fffff3fc 0 0 x x 1 x 1 0 0 1 1 0 0 x x x x x x 0
2eda81e3 1 0 15 0d 00 00000ae2 0 0 x x x x 1 0 1 x 0 0 0 x x x x x x 0
06ca13e3 1 0 14 0c 00 00000866 0 0 x x x x 1 0 1 x 1 0 0 x x x x x x 0
e3cf4863 1 0 1e 1c 00 fffff630 0 0 x x 0 x 1 0 0 0 0 0 0 x x x x x x 0
01b05263 1 0 00 1b 00 00000004 0 0 x x 0 x 1 0 0 0 1 0 0 x x x x x x 0
d5f0e563 1 0 01 1f 00 fffff54a 0 0 x x 1 x 1 0 0 1 0 0 0 x x x x x x 0
b5aaff63 1 0 15 1a 00 fffff35e 0 0 x x 1 x 1 0 0 1 1 0 0 x x x x x x 0
9c690863 1 0 12 06 00 fffff1d0 0 0 x x x x 1 0 1 x 0 0 0 x x x x x x 0
01b71163 1 0 0e 1b 00 00000002 0 0 x x x x 1 0 1 x 1 0 0 x x x x x x 0
46f3cde3 1 0 07 0f 00 00000c7a 0 0 x x 0 x 1 0 0 0 0 0 0 x x x x x x 0
8921dae3 1 0 03 12 00 fffff894 0 0 x x 0 x 1 0 0 0 1 0 0 x x x x x x 0
1e996a63 1 0 12 09 00 000001f4 0 0 x x 1 x 1 0 0 1 0 0 0 x x x x x x 0
01e07063 1 0 00 1e 00 00000000 0 0 x x 1 x 1 0 0 1 1 0 0 x x x x x x 0
938b8e63 1 0 17 18 00 fffff13c 0 0 x x x x 1 0 1 x 0 0 0 x x x x x x 0
81f81063 1 0 10 1f 00 fffff000 0 0 x x x x 1 0 1 x 1 0 0 x x x x x x 0
2dffc7e3 1 0 1f 1f 00 00000ace 0 0 x x 0 x 1 0 0 0 0 0 0 x x x x x x 0
004fd163 1 0 1f 04 00 00000002 0 0 x x 0 x 1 0 0 0 1 0 0 x x x x x x 0
6dfd6663 1 0 1a 1f 00 000006cc 0 0 x x 1 x 1 0 0 1 0 0 0 x x x x x x 0
5721f963 1 0 03 12 00 00000572 0 0 x x 1 x 1 0 0 1 1 0 0 x x x x x x 0
ffaf8fe3 1 0 1f 1a 00 fffffffe 0 0 x x x x 1 0 1 x 0 0 0 x x x x x x 0
006010e3 1 0 00 06 00 00000800 0 0 x x x x 1 0 1 x 1 0 0 x x x x x x 0
820fc063 1 0 1f 00 00 fffff020 0 0 x x 0 x 1 0 0 0 0 0 0 x x x x x x 0
683751e3 1 0 0e 03 00 00000e82 0 0 x x 0 x 1 0 0 0 1 0 0 x x x x x x 0
31da6ae3 1 0 14 1d 00 00000b14 0 0 x x 1 x 1 0 0 1 0 0 0 x x x x x x 0
8d54f4e3 1 0 09 15 00 fffff8c8 0 0 x x 1 x 1 0 0 1 1 0 0 x x x x x x 0
baf00163 1 0 00 0f 00 fffff3a2 0 0 x x x x 1 0 1 x 0 0 0 x x x x x x 0
c00110e3 1 0 02 00 00 fffffc00 0 0 x x x x 1 0 1 x 1 0 0 x x x x x x 0
fbbe45e3 1 0 1c 1b 00 ffffffaa 0 0 x x 0 x 1 0 0 0 0 0 0 x x x x x x 0
e140dce3 1 0 01 14 00 fffffe18 0 0 x x 0 x 1 0 0 0 1 0 0 x x x x x x 0
ac0febe3 1 0 1f 00 00 fffffad6 0 0 x x 1 x 1 0 0 1 0 0 0 x x x x x x 0
7ed07f63 1 0 00 0d 00 000007fe 0 0 x x 1 x 1 0 0 1 1 0 0 x x x x x x 0
2a878be3 1 0 0f 08 00 00000ab6 0 0 x x x x 1 0 1 x 0 0 0 x x x x x x 0
80721063 1 0 04 07 00 fffff000 0 0 x x x x 1 0 1 x 1 0 0 x x x x x x 0
1c16c6e3 1 0 0d 01 00 000009cc 0 0 x x 0 x 1 0 0 0 0 0 0 x x x x x x 0
31325463 1 0 04 13 00 00000308 0 0 x x 0 x 1 0 0 0 1 0 0 x x x x x x 0
00aa6063 1 0 14 0a 00 00000000 0 0 x x 1 x 1 0 0 1 0 0 0 x x x x x x 0
d4007163 1 0 00 00 00 fffff542 0 0 x x 1 x 1 0 0 1 1 0 0 x x x x x x 0
01900263 1 0 00 19 00 00000004 0 0 x x x x 1 0 1 x 0 0 0 x x x x x x 0
351e9e63 1 0 1d 11 00 0000035c 0 0 x x x x 1 0 1 x 1 0 0 x x x x x x 0
40834963 1 0 06 08 00 00000412 0 0 x x 0 x 1 0 0 0 0 0 0 x x x x x x 0
7ff85fe3 1 0 10 1f 00 00000ffe 0 0 x x 0 x 1 0 0 0 1 0 0 x x x x x x 0
00406163 1 0 00 04 00 00000002 0 0 x x 1 x 1 0 0 1 0 0 0 x x x x x x 0
d1a07163 1 0 00 1a 00 fffff502 0 0 x x 1 x 1 0 0 1 1 0 0 x x x x x x 0
082f8ae3 1 0 1f 02 00 00000894 0 0 x x x x 1 0 1 x 0 0 0 x x x x x x 0
ad8195e3 1 0 03 18 00 fffffaca 0 0 x x x x 1 0 1 x 1 0 0 x x x x x x 0
0090c0e3 1 0 01 09 00 00000800 0 0 x x 0 x 1 0 0 0 0 0 0 x x x x x x 0
70775663 1 0 0e 07 00 0000070c 0 0 x x 0 x 1 0 0 0 1 0 0 x x x x x x 0
5fd96363 1 0 12 1d 00 000005e6 0 0 x x 1 x 1 0 0 1 0 0 0 x x x x x x 0
bef0fce3 1 0 01 0f 00 fffffbf8 0 0 x x 1 x 1 0 0 1 1 0 0 x x x x x x 0
2c2288e3 1 0 05 02 00 00000ad0 0 0 x x x x 1 0 1 x 0 0 0 x x x x x x 0
00f41063 1 0 08 0f 00 00000000 0 0 x x x x 1 0 1 x 1 0 0 x x x x x x 0
9f59c163 1 0 13 15 00 fffff1e2 0 0 x x 0 x 1 0 0 0 0 0 0 x x x x x x 0
ea025063 1 0 04 00 00 fffff6a0 0 0 x x 0 x 1 0 0 0 1 0 0 x x x x x x 0
01f360e3 1 0 06 1f 00 00000800 0 0 x x 1 x 1 0 0 1 0 0 0 x x x x x x 0
400e7a63 1 0 1c 00 00 00000414 0 0 x x 1 x 1 0 0 1 1 0 0 x x x x x x 0
84ec03e3 1 0 18 0e 00 fffff846 0 0 x x x x 1 0 1 x 0 0 0 x x x x x x 0
fd8311e3 1 0 06 18 00 ffffffc2 0 0 x x x x 1 0 1 x 1 0 0 x x x x x x 0
10b543e3 1 0 0a 0b 00 00000906 0 0 x x 0 x 1 0 0 0 0 0 0 x x x x x x 0
f8005963 1 0 00 00 00 fffff792 0 0 x x 0 x 1 0 0 0 1 0 0 x x x x x x 0
89e6eae3 1 0 0d 1e 00 fffff894 0 0 x x 1 x 1 0 0 1 0 0 0 x x x x x x 0
bd677fe3 1 0 0e 16 00 fffffbde 0 0 x x 1 x 1 0 0 1 1 0 0 x x x x x x 0
05308b63 1 0 01 13 00 00000056 0 0 x x x x 1 0 1 x 0 0 0 x x x x x x 0
0bb71263 1 0 0e 1b 00 000000a4 0 0 x x x x 1 0 1 x 1 0 0 x x x x x x 0
fbe4c463 1 0 09 1e 00 fffff7a8 0 0 x x 0 x 1 0 0 0 0 0 0 x x x x x x 0
c9efd5e3 1 0 1f 1e 00 fffffc8a 0 0 x x 0 x 1 0 0 0 1 0 0 x x x x x x 0
0f8162e3 1 0 02 18 00 000008e4 0 0 x x 1 x 1 0 0 1 0 0 0 x x x x x x 0
35747d63 1 0 08 17 00 0000035a 0 0 x x 1 x 1 0 0 1 1 0 0 x x x x x x 0
2e0301e3 1 0 06 00 00 00000ae2 0 0 x x x x 1 0 1 x 0 0 0 x x x x x x 0
4aff1d63 1 0 1e 0f 00 000004ba 0 0 x x x x 1 0 1 x 1 0 0 x x x x x x 0
7fc7cf63 1 0 0f 1c 00 000007fe 0 0 x x 0 x 1 0 0 0 0 0 0 x x x x x x 0
97f052e3 1 0 00 1f 00 fffff964 0 0 x x 0 x 1 0 0 0 1 0 0 x x x x x x 0
326962e3 1 0 12 06 00 00000b24 0 0 x x 1 x 1 0 0 1 0 0 0 x x x x x x 0
151cf7e3 1 0 19 11 00 0000094e 0 0 x x 1 x 1 0 0 1 1 0 0 x x x x x x 0
b2c006e3 1 0 00 0c 00 fffffb2c 0 0 x x x x 1 0 1 x 0 0 0 x x x x x x 0
bf969363 1 0 0d 19 00 fffff3e6 0 0 x x x x 1 0 1 x 1 0 0 x x x x x x 0
800d4063 1 0 1a 00 00 fffff000 0 0 x x 0 x 1 0 0 0 0 0 0 x x x x x x 0
e4dc5d63 1 0 18 0d 00 fffff65a 0 0 x x 0 x 1 0 0 0 1 0 0 x x x x x x 0
7ef66f63 1 0 0c 0f 00 000007fe 0 0 x x 1 x 1 0 0 1 0 0 0 x x x x x x 0
87e8fae3 1 0 11 1e 00 fffff874 0 0 x x 1 x 1 0 0 1 1 0 0 x x x x x x 0
6c7788e3 1 0 0f 07 00 00000ed0 0 0 x x x x 1 0 1 x 0 0 0 x x x x x x 0
000d9163 1 0 1b 00 00 00000002 0 0 x x x x 1 0 1 x 1 0 0 x x x x x x 0
6f9e45e3 1 0 1c 19 00 00000eea 0 0 x x 0 x 1 0 0 0 0 0 0 x x x x x x 0
8a81d1e3 1 0 03 08 00 fffff8a2 0 0 x x 0 x 1 0 0 0 1 0 0 x x x x x x 0
7ec06fe3 1 0 00 0c 00 00000ffe 0 0 x x 1 x 1 0 0 1 0 0 0 x x x x x x 0
01287263 1 0 10 12 00 00000004 0 0 x x 1 x 1 0 0 1 1 0 0 x x x x x x 0
01d70063 1 0 0e 1d 00 00000000 0 0 x x x x 1 0 1 x 0 0 0 x x x x x x 0
809f9063 1 0 1f 09 00 fffff000 0 0 x x x x 1 0 1 x 1 0 0 x x x x x x 0
218fc9e3 1 0 1f 18 00 00000a12 0 0 x x 0 x 1 0 0 0 0 0 0 x x x x x x 0
01085063 1 0 10 10 00 00000000 0 0 x x 0 x 1 0 0 0 1 0 0 x x x x x x 0
89446fe3 1 0 08 14 00 fffff89e 0 0 x x 1 x 1 0 0 1 0 0 0 x x x x x x 0
142ffe63 1 0 1f 02 00 0000015c 0 0 x x 1 x 1 0 0 1 1 0 0 x x x x x x 0
21f28163 1 0 05 1f 00 00000202 0 0 x x x x 1 0 1 x 0 0 0 x x x x x x 0
7ebd1f63 1 0 1a 0b 00 000007fe 0 0 x x x x 1 0 1 x 1 0 0 x x x x x x 0
960c4ee3 1 0 18 00 00 fffff97c 0 0 x x 0 x 1 0 0 0 0 0 0 x x x x x x 0
ff035fe3 1 0 06 10 00 fffffffe 0 0 x x 0 x 1 0 0 0 1 0 0 x x x x x x 0
01b46263 1 0 08 1b 00 00000004 0 0 x x 1 x 1 0 0 1 0 0 0 x x x x x x 0
72607263 1 0 00 06 00 00000724 0 0 x x 1 x 1 0 0 1 1 0 0 x x x x x x 0
ea090463 1 0 12 00 00 fffff6a8 0 0 x x x x 1 0 1 x 0 0 0 x x x x x x 0
c93896e3 1 0 11 13 00 fffffc8c 0 0 x x x x 1 0 1 x 1 0 0 x x x x x x 0
01804163 1 0 00 18 00 00000002 0 0 x x 0 x 1 0 0 0 0 0 0 x x x x x x 0
7e045f63 1 0 08 00 00 000007fe 0 0 x x 0 x 1 0 0 0 1 0 0 x x x x x x 0
be04eb63 1 0 09 00 00 fffff3f6 0 0 x x 1 x 1 0 0 1 0 0 0 x x x x x x 0
febb7fe3 1 0 16 0b 00 fffffffe 0 0 x x 1 x 1 0 0 1 1 0 0 x x x x x x 0
83c00a63 1 0 00 1c 00 fffff034 0 0 x x x x 1 0 1 x 0 0 0 x x x x x x 0
9af913e3 1 0 12 0f 00 fffff9a6 0 0 x x x x 1 0 1 x 1 0 0 x x x x x x 0
5a1b4a63 1 0 16 01 00 000005b4 0 0 x x 0 x 1 0 0 0 0 0 0 x x x x x x 0
000fd263 1 0 1f 00 00 00000004 0 0 x x 0 x 1 0 0 0 1 0 0 x x x x x x 0
38d26063 1 0 04 0d 00 00000380 0 0 x x 1 x 1 0 0 1 0 0 0 x x x x x x 0
01b7ffe3 1 0 0f 1b 00 0000081e 0 0 x x 1 x 1 0 0 1 1 0 0 x x x x x x 0
6cba0763 1 0 14 0b 00 000006ce 0 0 x x x x 1 0 1 x 0 0 0 x x x x x x 0
224b9263 1 0 17 04 00 00000224 0 0 x x x x 1 0 1 x 1 0 0 x x x x x x 0
b2afc8e3 1 0 1f 0a 00 fffffb30 0 0 x x 0 x 1 0 0 0 0 0 0 x x x x x x 0
01afd063 1 0 1f 1a 00 00000000 0 0 x x 0 x 1 0 0 0 1 0 0 x x x x x x 0
574b65e3 1 0 16 14 00 00000d6a 0 0 x x 1 x 1 0 0 1 0 0 0 x x x x x x 0
d1cb79e3 1 0 16 1c 00 fffffd12 0 0 x x 1 x 1 0 0 1 1 0 0 x x x x x x 0
09f78de3 1 0 0f 1f 00 0000089a 0 0 x x x x 1 0 1 x 0 0 0 x x x x x x 0
808a9063 1 0 15 08 00 fffff000 0 0 x x x x 1 0 1 x 1 0 0 x x x x x x 0
016ec0e3 1 0 1d 16 00 00000800 0 0 x x 0 x 1 0 0 0 0 0 0 x x x x x x 0
81805063 1 0 00 18 00 fffff000 0 0 x x 0 x 1 0 0 0 1 0 0 x x x x x x 0
5f006ce3 1 0 00 10 00 00000df8 0 0 x x 1 x 1 0 0 1 0 0 0 x x x x x x 0
000f7063 1 0 1e 00 00 00000000 0 0 x x 1 x 1 0 0 1 1 0 0 x x x x x x 0
81410063 1 0 02 14 00 fffff000 0 0 x x x x 1 0 1 x 0 0 0 x x x x x x 0
dd5f9be3 1 0 1f 15 00 fffffdd6 0 0 x x x x 1 0 1 x 1 0 0 x x x x x x 0
c0a34fe3 1 0 06 0a 00 fffffc1e 0 0 x x 0 x 1 0 0 0 0 0 0 x x x x x x 0
012850e3 1 0 10 12 00 00000800 0 0 x x 0 x 1 0 0 0 1 0 0 x x x x x x 0
000a60e3 1 0 14 00 00 00000800 0 0 x x 1 x 1 0 0 1 0 0 0 x x x x x x 0
c46378e3 1 0 06 06 00 fffffc50 0 0 x x 1 x 1 0 0 1 1 0 0 x x x x x x 0
43ff86e3 1 0 1f 1f 00 00000c2c 0 0 x x x x 1 0 1 x 0 0 0 x x x x x x 0
7e051f63 1 0 0a 00 00 000007fe 0 0 x x x x 1 0 1 x 1 0 0 x x x x x x 0
133dcf63 1 0 1b 13 00 0000013e 0 0 x x 0 x 1 0 0 0 0 0 0 x x x x x x 0
c15f5fe3 1 0 1e 15 00 fffffc1e 0 0 x x 0 x 1 0 0 0 1 0 0 x x x x x x 0
a0026863 1 0 04 00 00 fffff210 0 0 x x 1 x 1 0 0 1 0 0 0 x x x x x x 0
ebd072e3 1 0 00 1d 00 fffffea4 0 0 x x 1 x 1 0 0 1 1 0 0 x x x x x x 0
a4b88363 1 0 11 0b 00 fffff246 0 0 x x x x 1 0 1 x 0 0 0 x x x x x x 0
24c61063 1 0 0c 0c 00 00000240 0 0 x x x x 1 0 1 x 1 0 0 x x x x x x 0
02b34363 1 0 06 0b 00 00000026 0 0 x x 0 x 1 0 0 0 0 0 0 x x x x x x 0
ff3a5fe3 1 0 14 13 00 fffffffe 0 0 x x 0 x 1 0 0 0 1 0 0 x x x x x x 0
54d66563 1 0 0c 0d 00 0000054a 0 0 x x 1 x 1 0 0 1 0 0 0 x x x x x x 0
fe807463 1 0 00 08 00 fffff7e8 0 0 x x 1 x 1 0 0 1 1 0 0 x x x x x x 0
f7f48563 1 0 09 1f 00 fffff76a 0 0 x x x x 1 0 1 x 0 0 0 x x x x x x 0
81c89063 1 0 11 1c 00 fffff000 0 0 x x x x 1 0 1 x 1 0 0 x x x x x x 0
0130c063 1 0 01 13 00 00000000 0 0 x x 0 x 1 0 0 0 0 0 0 x x x x x x 0
c2045163 1 0 08 00 00 fffff422 0 0 x x 0 x 1 0 0 0 1 0 0 x x x x x x 0
9200e6e3 1 0 01 00 00 fffff92c 0 0 x x 1 x 1 0 0 1 0 0 0 x x x x x x 0
aacbfde3 1 0 17 0c 00 fffffaba 0 0 x x 1 x 1 0 0 1 1 0 0 x x x x x x 0
0f288ee3 1 0 11 12 00 000008fc 0 0 x x x x 1 0 1 x 0 0 0 x x x x x x 0
00ed1263 1 0 1a 0e 00 00000004 0 0 x x x x 1 0 1 x 1 0 0 x x x x x x 0
65e0c8e3 1 0 01 1e 00 00000e50 0 0 x x 0 x 1 0 0 0 0 0 0 x x x x x x 0
a0bf5063 1 0 1e 0b 00 fffff200 0 0 x x 0 x 1 0 0 0 1 0 0 x x x x x x 0
9b396663 1 0 12 13 00 fffff1ac 0 0 x x 1 x 1 0 0 1 0 0 0 x x x x x x 0
0092f063 1 0 05 09 00 00000000 0 0 x x 1 x 1 0 0 1 1 0 0 x x x x x x 0
5b688de3 1 0 11 16 00 00000dba 0 0 x x x x 1 0 1 x 0 0 0 x x x x x x 0
7e0f9fe3 1 0 1f 00 00 00000ffe 0 0 x x x x 1 0 1 x 1 0 0 x x x x x x 0
baddc963 1 0 1b 0d 00 fffff3b2 0 0 x x 0 x 1 0 0 0 0 0 0 x x x x x x 0
ec1150e3 1 0 02 01 00 fffffec0 0 0 x x 0 x 1 0 0 0 1 0 0 x x x x x x 0
696ce1e3 1 0 19 16 00 00000e82 0 0 x x 1 x 1 0 0 1 0 0 0 x x x x x x 0
7eba7fe3 1 0 14 0b 00 00000ffe 0 0 x x 1 x 1 0 0 1 1 0 0 x x x x x x 0
a2950b63 1 0 0a 09 00 fffff236 0 0 x x x x 1 0 1 x 0 0 0 x x x x x x 0
9a141b63 1 0 08 01 00 fffff1b6 0 0 x x x x 1 0 1 x 1 0 0 x x x x x x 0
4c57cde3 1 0 0f 05 00 00000cda 0 0 x x 0 x 1 0 0 0 0 0 0 x x x x x x 0
85685963 1 0 10 16 00 fffff052 0 0 x x 0 x 1 0 0 0 1 0 0 x x x x x x 0
a3306863 1 0 00 13 00 fffff230 0 0 x x 1 x 1 0 0 1 0 0 0 x x x x x x 0
0122f0e3 1 0 05 12 00 00000800 0 0 x x 1 x 1 0 0 1 1 0 0 x x x x x x 0
98b185e3 1 0 03 0b 00 fffff98a 0 0 x x x x 1 0 1 x 0 0 0 x x x x x x 0
810a1063 1 0 14 10 00 fffff000 0 0 x x x x 1 0 1 x 1 0 0 x x x x x x 0
921fc4e3 1 0 1f 01 00 fffff928 0 0 x x 0 x 1 0 0 0 0 0 0 x x x x x x 0
280fd1e3 1 0 1f 00 00 00000a82 0 0 x x 0 x 1 0 0 0 1 0 0 x x x x x x 0
c34fe3e3 1 0 1f 14 00 fffffc26 0 0 x x 1 x 1 0 0 1 0 0 0 x x x x x x 0
c8cc7be3 1 0 18 0c 00 fffffc96 0 0 x x 1 x 1 0 0 1 1 0 0 x x x x x x 0
b6bd83e3 1 0 1b 0b 00 fffffb66 0 0 x x x x 1 0 1 x 0 0 0 x x x x x x 0
cf8f1863 1 0 1e 18 00 fffff4f0 0 0 x x x x 1 0 1 x 1 0 0 x x x x x x 0
4f81cbe3 1 0 03 18 00 00000cf6 0 0 x x 0 x 1 0 0 0 0 0 0 x x x x x x 0
17b05be3 1 0 00 1b 00 00000976 0 0 x x 0 x 1 0 0 0 1 0 0 x x x x x x 0
336e6f63 1 0 1c 16 00 0000033e 0 0 x x 1 x 1 0 0 1 0 0 0 x x x x x x 0
6b53f863 1 0 07 15 00 000006b0 0 0 x x 1 x 1 0 0 1 1 0 0 x x x x x x 0
2af90663 1 0 12 0f 00 000002ac 0 0 x x x x 1 0 1 x 0 0 0 x x x x x x 0
19db12e3 1 0 16 1d 00 00000984 0 0 x x x x 1 0 1 x 1 0 0 x x x x x x 0
0fbc49e3 1 0 18 1b 00 000008f2 0 0 x x 0 x 1 0 0 0 0 0 0 x x x x x x 0
4bffdd63 1 0 1f 1f 00 000004ba 0 0 x x 0 x 1 0 0 0 1 0 0 x x x x x x 0
636fede3 1 0 1f 16 00 00000e3a 0 0 x x 1 x 1 0 0 1 0 0 0 x x x x x x 0
151cfee3 1 0 19 11 00 0000095c 0 0 x x 1 x 1 0 0 1 1 0 0 x x x x x x 0
8f3b02e3 1 0 16 13 00 fffff8e4 0 0 x x x x 1 0 1 x 0 0 0 x x x x x x 0
4ae415e3 1 0 08 0e 00 00000caa 0 0 x x x x 1 0 1 x 1 0 0 x x x x x x 0
6f65c1e3 1 0 0b 16 00 00000ee2 0 0 x x 0 x 1 0 0 0 0 0 0 x x x x x x 0
a3f3d0e3 1 0 07 1f 00 fffffa20 0 0 x x 0 x 1 0 0 0 1 0 0 x x x x x x 0
6d526763 1 0 04 15 00 000006ce 0 0 x x 1 x 1 0 0 1 0 0 0 x x x x x x 0
0119f063 1 0 13 11 00 00000000 0 0 x x 1 x 1 0 0 1 1 0 0 x x x x x x 0
fe0f8fe3 1 0 1f 00 00 fffffffe 0 0 x x x x 1 0 1 x 0 0 0 x x x x x x 0
471f9763 1 0 1f 11 00 0000046e 0 0 x x x x 1 0 1 x 1 0 0 x x x x x x 0
ff694fe3 1 0 12 16 00 fffffffe 0 0 x x 0 x 1 0 0 0 0 0 0 x x x x x x 0
df82d8e3 1 0 05 18 00 fffffdf0 0 0 x x 0 x 1 0 0 0 1 0 0 x x x x x x 0
2886ece3 1 0 0d 08 00 00000a98 0 0 x x 1 x 1 0 0 1 0 0 0 x x x x x x 0
01daf263 1 0 15 1d 00 00000004 0 0 x x 1 x 1 0 0 1 1 0 0 x x x x x x 0
9be28f63 1 0 05 1e 00 fffff1be 0 0 x x x x 1 0 1 x 0 0 0 x x x x x x 0
601016e3 1 0 00 01 00 00000e0c 0 0 x x x x 1 0 1 x 1 0 0 x x x x x x 0
49b148e3 1 0 02 1b 00 00000c90 0 0 x x 0 x 1 0 0 0 0 0 0 x x x x x x 0
98075363 1 0 0e 00 00 fffff186 0 0 x x 0 x 1 0 0 0 1 0 0 x x x x x x 0
449f6ce3 1 0 1e 09 00 00000c58 0 0 x x 1 x 1 0 0 1 0 0 0 x x x x x x 0
8181f063 1 0 03 18 00 fffff000 0 0 x x 1 x 1 0 0 1 1 0 0 x x x x x x 0
9a028de3 1 0 05 00 00 fffff9ba 0 0 x x x x 1 0 1 x 0 0 0 x x x x x x 0
69ac1d63 1 0 18 1a 00 0000069a 0 0 x x x x 1 0 1 x 1 0 0 x x x x x x 0
39164ae3 1 0 0c 11 00 00000b94 0 0 x x 0 x 1 0 0 0 0 0 0 x x x x x x 0
d01c5263 1 0 18 01 00 fffff504 0 0 x x 0 x 1 0 0 0 1 0 0 x x x x x x 0
52bbebe3 1 0 17 0b 00 00000d36 0 0 x x 1 x 1 0 0 1 0 0 0 x x x x x x 0
db22fbe3 1 0 05 12 00 fffffdb6 0 0 x x 1 x 1 0 0 1 1 0 0 x x x x x x 0
40720663 1 0 04 07 00 0000040c 0 0 x x x x 1 0 1 x 0 0 0 x x x x x x 0
65ff9363 1 0 1f 1f 00 00000646 0 0 x x x x 1 0 1 x 1 0 0 x x x x x x 0
7f3fc9e3 1 0 1f 13 00 00000ff2 0 0 x x 0 x 1 0 0 0 0 0 0 x x x x x x 0
237f59e3 1 0 1e 17 00 00000a32 0 0 x x 0 x 1 0 0 0 1 0 0 x x x x x x 0
a30cec63 1 0 19 10 00 fffff238 0 0 x x 1 x 1 0 0 1 0 0 0 x x x x x x 0
7594f163 1 0 09 19 00 00000742 0 0 x x 1 x 1 0 0 1 1 0 0 x x x x x x 0
01ac00e3 1 0 18 1a 00 00000800 0 0 x x x x 1 0 1 x 0 0 0 x x x x x x 0
fee01fe3 1 0 00 0e 00 fffffffe 0 0 x x x x 1 0 1 x 1 0 0 x x x x x x 0
7ec44fe3 1 0 08 0c 00 00000ffe 0 0 x x 0 x 1 0 0 0 0 0 0 x x x x x x 0
aa7cda63 1 0 19 07 00 fffff2b4 0 0 x x 0 x 1 0 0 0 1 0 0 x x x x x x 0
d4666a63 1 0 0c 06 00 fffff554 0 0 x x 1 x 1 0 0 1 0 0 0 x x x x x x 0
8af0ffe3 1 0 01 0f 00 fffff8be 0 0 x x 1 x 1 0 0 1 1 0 0 x x x x x x 0
a7f50e63 1 0 0a 1f 00 fffff27c 0 0 x x x x 1 0 1 x 0 0 0 x x x x x x 0
ec001be3 1 0 00 00 00 fffffed6 0 0 x x x x 1 0 1 x 1 0 0 x x x x x x 0
75d94363 1 0 12 1d 00 00000746 0 0 x x 0 x 1 0 0 0 0 0 0 x x x x x x 0
80075063 1 0 0e 00 00 fffff000 0 0 x x 0 x 1 0 0 0 1 0 0 x x x x x x 0
8b316763 1 0 02 13 00 fffff0ae 0 0 x x 1 x 1 0 0 1 0 0 0 x x x x x x 0
71477ce3 1 0 0e 14 00 00000f18 0 0 x x 1 x 1 0 0 1 1 0 0 x x x x x x 0
d1e68a63 1 0 0d 1e 00 fffff514 0 0 x x x x 1 0 1 x 0 0 0 x x x x x x 0
004a90e3 1 0 15 04 00 00000800 0 0 x x x x 1 0 1 x 1 0 0 x x x x x x 0
13404ce3 1 0 00 14 00 00000938 0 0 x x 0 x 1 0 0 0 0 0 0 x x x x x x 0
819e5063 1 0 1c 19 00 fffff000 0 0 x x 0 x 1 0 0 0 1 0 0 x x x x x x 0
a202ece3 1 0 05 00 00 fffffa38 0 0 x x 1 x 1 0 0 1 0 0 0 x x x x x x 0
6ff37e63 1 0 06 1f 00 000006fc 0 0 x x 1 x 1 0 0 1 1 0 0 x x x x x x 0
c34d0d63 1 0 1a 14 00 fffff43a 0 0 x x x x 1 0 1 x 0 0 0 x x x x x x 0
01c89163 1 0 11 1c 00 00000002 0 0 x x x x 1 0 1 x 1 0 0 x x x x x x 0
2d62c063 1 0 05 16 00 000002c0 0 0 x x 0 x 1 0 0 0 0 0 0 x x x x x x 0
8160d063 1 0 01 16 00 fffff000 0 0 x x 0 x 1 0 0 0 1 0 0 x x x x x x 0
19a065e3 1 0 00 1a 00 0000098a 0 0 x x 1 x 1 0 0 1 0 0 0 x x x x x x 0
ed067ce3 1 0 0c 10 00 fffffed8 0 0 x x 1 x 1 0 0 1 1 0 0 x x x x x x 0
4f2b8c63 1 0 17 12 00 000004f8 0 0 x x x x 1 0 1 x 0 0 0 x x x x x x 0
962098e3 1 0 01 02 00 fffff970 0 0 x x x x 1 0 1 x 1 0 0 x x x x x x 0
6cb04ae3 1 0 00 0b 00 00000ed4 0 0 x x 0 x 1 0 0 0 0 0 0 x x x x x x 0
e66cdce3 1 0 19 06 00 fffffe78 0 0 x x 0 x 1 0 0 0 1 0 0 x x x x x x 0
ff0c6fe3 1 0 18 10 00 fffffffe 0 0 x x 1 x 1 0 0 1 0 0 0 x x x x x x 0
d8347a63 1 0 08 03 00 fffff594 0 0 x x 1 x 1 0 0 1 1 0 0 x x x x x x 0
76238c63 1 0 07 02 00 00000778 0 0 x x x x 1 0 1 x 0 0 0 x x x x x x 0
ac6a1ee3 1 0 14 06 00 fffffadc 0 0 x x x x 1 0 1 x 1 0 0 x x x x x x 0
# --- UPPER ---
# i_inst | o_legal o_halt o_rs1 o_rs2 o_rd o_immediate o_op1_sel o_op2_sel
#     o_alu_opsel o_alu_sub o_alu_unsigned o_alu_arith o_branch o_jump
#     o_branch_equal o_branch_unsigned o_branch_invert o_dmem_ren o_dmem_wen
#     o_dmem_align o_dmem_memb o_dmem_memh o_dmem_memw o_dmem_memu o_rd_sel
#     o_pc_sel
215314b7 1 0 xx xx 09 21531000 x x x x x x 0 0 x x x 0 0 x x x x x 2 x
032bd697 1 0 xx xx 0d 032bd000 1 1 0 0 x x 0 0 x x x 0 0 x x x x x 1 x
7f2b01b7 1 0 xx xx 03 7f2b0000 x x x x x x 0 0 x x x 0 0 x x x x x 2 x
4e995f17 1 0 xx xx 1e 4e995000 1 1 0 0 x x 0 0 x x x 0 0 x x x x x 1 x
94f47ab7 1 0 xx xx 15 94f47000 x x x x x x 0 0 x x x 0 0 x x x x x 2 x
b1c70797 1 0 xx xx 0f b1c70000 1 1 0 0 x x 0 0 x x x 0 0 x x x x x 1 x
1dcc4c37 1 0 xx xx 18 1dcc4000 x x x x x x 0 0 x x x 0 0 x x x x x 2 x
fffff017 1 0 xx xx 00 fffff000 1 1 0 0 x x 0 0 x x x 0 0 x x x x x 1 x
4ab5ac37 1 0 xx xx 18 4ab5a000 x x x x x x 0 0 x x x 0 0 x x x x x 2 x
d4682017 1 0 xx xx 00 d4682000 1 1 0 0 x x 0 0 x x x 0 0 x x x x x 1 x
e25c61b7 1 0 xx xx 03 e25c6000 x x x x x x 0 0 x x x 0 0 x x x x x 2 x
bdbfc017 1 0 xx xx 00 bdbfc000 1 1 0 0 x x 0 0 x x x 0 0 x x x x x 1 x
8c06bcb7 1 0 xx xx 19 8c06b000 x x x x x x 0 0 x x x 0 0 x x x x x 2 x
fffff297 1 0 xx xx 05 fffff000 1 1 0 0 x x 0 0 x x x 0 0 x x x x x 1 x
7c66f037 1 0 xx xx 00 7c66f000 x x x x x x 0 0 x x x 0 0 x x x x x 2 x
c2206a17 1 0 xx xx 14 c2206000 1 1 0 0 x x 0 0 x x x 0 0 x x x x x 1 x
c9b39637 1 0 xx xx 0c c9b39000 x x x x x x 0 0 x x x 0 0 x x x x x 2 x
0362aa97 1 0 xx xx 15 0362a000 1 1 0 0 x x 0 0 x x x 0 0 x x x x x 1 x
5d150db7 1 0 xx xx 1b 5d150000 x x x x x x 0 0 x x x 0 0 x x x x x 2 x
c42c1397 1 0 xx xx 07 c42c1000 1 1 0 0 x x 0 0 x x x 0 0 x x x x x 1 x
bf6eefb7 1 0 xx xx 1f bf6ee000 x x x x x x 0 0 x x x 0 0 x x x x x 2 x
6989b617 1 0 xx xx 0c 6989b000 1 1 0 0 x x 0 0 x x x 0 0 x x x x x 1 x
eaf60a37 1 0 xx xx 14 eaf60000 x x x x x x 0 0 x x x 0 0 x x x x x 2 x
2a905117 1 0 xx xx 02 2a905000 1 1 0 0 x x 0 0 x x x 0 0 x x x x x 1 x
4b07a337 1 0 xx xx 06 4b07a000 x x x x x x 0 0 x x x 0 0 x x x x x 2 x
e381f817 1 0 xx xx 10 e381f000 1 1 0 0 x x 0 0 x x x 0 0 x x x x x 1 x
125b9fb7 1 0 xx xx 1f 125b9000 x x x x x x 0 0 x x x 0 0 x x x x x 2 x
1082ce17 1 0 xx xx 1c 1082c000 1 1 0 0 x x 0 0 x x x 0 0 x x x x x 1 x
7e819937 1 0 xx xx 12 7e819000 x x x x x x 0 0 x x x 0 0 x x x x x 2 x
7ffff117 1 0 xx xx 02 7ffff000 1 1 0 0 x x 0 0 x x x 0 0 x x x x x 1 x
44d9ca37 1 0 xx xx 14 44d9c000 x x x x x x 0 0 x x x 0 0 x x x x x 2 x
5eaa2297 1 0 xx xx 05 5eaa2000 1 1 0 0 x x 0 0 x x x 0 0 x x x x x 1 x
791f33b7 1 0 xx xx 07 791f3000 x x x x x x 0 0 x x x 0 0 x x x x x 2 x
f26a3f97 1 0 xx xx 1f f26a3000 1 1 0 0 x x 0 0 x x x 0 0 x x x x x 1 x
aabe7eb7 1 0 xx xx 1d aabe7000 x x x x x x 0 0 x x x 0 0 x x x x x 2 x
6e86d217 1 0 xx xx 04 6e86d000 1 1 0 0 x x 0 0 x x x 0 0 x x x x x 1 x
6cf3c2b7 1 0 xx xx 05 6cf3c000 x x x x x x 0 0 x x x 0 0 x x x x x 2 x
80000817 1 0 xx xx 10 80000000 1 1 0 0 x x 0 0 x x x 0 0 x x x x x 1 x
2637c0b7 1 0 xx xx 01 2637c000 x x x x x x 0 0 x x x 0 0 x x x x x 2 x
e1b6ad97 1 0 xx xx 1b e1b6a000 1 1 0 0 x x 0 0 x x x 0 0 x x x x x 1 x
fffff9b7 1 0 xx xx 13 fffff000 x x x x x x 0 0 x x x 0 0 x x x x x 2 x
2cd61c97 1 0 xx xx 19 2cd61000 1 1 0 0 x x 0 0 x x x 0 0 x x x x x 1 x
54eb8037 1 0 xx xx 00 54eb8000 x x x x x x 0 0 x x x 0 0 x x x x x 2 x
00000f97 1 0 xx xx 1f 00000000 1 1 0 0 x x 0 0 x x x 0 0 x x x x x 1 x
17122637 1 0 xx xx 0c 17122000 x x x x x x 0 0 x x x 0 0 x x x x x 2 x
6c266097 1 0 xx xx 01 6c266000 1 1 0 0 x x 0 0 x x x 0 0 x x x x x 1 x
905088b7 1 0 xx xx 11 90508000 x x x x x x 0 0 x x x 0 0 x x x x x 2 x
00000197 1 0 xx xx 03 00000000 1 1 0 0 x x 0 0 x x x 0 0 x x x x x 1 x
c5023a37 1 0 xx xx 14 c5023000 x x x x x x 0 0 x x x 0 0 x x x x x 2 x
216da197 1 0 xx xx 03 216da000 1 1 0 0 x x 0 0 x x x 0 0 x x x x x 1 x
824aefb7 1 0 xx xx 1f 824ae000 x x x x x x 0 0 x x x 0 0 x x x x x 2 x
7ffff417 1 0 xx xx 08 7ffff000 1 1 0 0 x x 0 0 x x x 0 0 x x x x x 1 x
000008b7 1 0 xx xx 11 00000000 x x x x x x 0 0 x x x 0 0 x x x x x 2 x
1e2f5f97 1 0 xx xx 1f 1e2f5000 1 1 0 0 x x 0 0 x x x 0 0 x x x x x 1 x
8f0dfa37 1 0 xx xx 14 8f0df000 x x x x x x 0 0 x x x 0 0 x x x x x 2 x
863ce017 1 0 xx xx 00 863ce000 1 1 0 0 x x 0 0 x x x 0 0 x x x x x 1 x
7ffff137 1 0 xx xx 02 7ffff000 x x x x x x 0 0 x x x 0 0 x x x x x 2 x
5111a617 1 0 xx xx 0c 5111a000 1 1 0 0 x x 0 0 x x x 0 0 x x x x x 1 x
4a0daab7 1 0 xx xx 15 4a0da000 x x x x x x 0 0 x x x 0 0 x x x x x 2 x
ce7d1697 1 0 xx xx 0d ce7d1000 1 1 0 0 x x 0 0 x x x 0 0 x x x x x 1 x
4717d037 1 0 xx xx 00 4717d000 x x x x x x 0 0 x x x 0 0 x x x x x 2 x
c49cd097 1 0 xx xx 01 c49cd000 1 1 0 0 x x 0 0 x x x 0 0 x x x x x 1 x
00000337 1 0 xx xx 06 00000000 x x x x x x 0 0 x x x 0 0 x x x x x 2 x
f9c82717 1 0 xx xx 0e f9c82000 1 1 0 0 x x 0 0 x x x 0 0 x x x x x 1 x
f3a6d037 1 0 xx xx 00 f3a6d000 x x x x x x 0 0 x x x 0 0 x x x x x 2 x
55631017 1 0 xx xx 00 55631000 1 1 0 0 x x 0 0 x x x 0 0 x x x x x 1 x
9ffe83b7 1 0 xx xx 07 9ffe8000 x x x x x x 0 0 x x x 0 0 x x x x x 2 x
13390797 1 0 xx xx 0f 13390000 1 1 0 0 x x 0 0 x x x 0 0 x x x x x 1 x
14b0d3b7 1 0 xx xx 07 14b0d000 x x x x x x 0 0 x x x 0 0 x x x x x 2 x
065ad617 1 0 xx xx 0c 065ad000 1 1 0 0 x x 0 0 x x x 0 0 x x x x x 1 x
90326737 1 0 xx xx 0e 90326000 x x x x x x 0 0 x x x 0 0 x x x x x 2 x
439d7197 1 0 xx xx 03 439d7000 1 1 0 0 x x 0 0 x x x 0 0 x x x x x 1 x
fffff5b7 1 0 xx xx 0b fffff000 x x x x x x 0 0 x x x 0 0 x x x x x 2 x
23490f97 1 0 xx xx 1f 23490000 1 1 0 0 x x 0 0 x x x 0 0 x x x x x 1 x
661fab37 1 0 xx xx 16 661fa000 x x x x x x 0 0 x x x 0 0 x x x x x 2 x
36c24f97 1 0 xx xx 1f 36c24000 1 1 0 0 x x 0 0 x x x 0 0 x x x x x 1 x
336ed837 1 0 xx xx 10 336ed000 x x x x x x 0 0 x x x 0 0 x x x x x 2 x
c3aa4017 1 0 xx xx 00 c3aa4000 1 1 0 0 x x 0 0 x x x 0 0 x x x x x 1 x
4e35bdb7 1 0 xx xx 1b 4e35b000 x x x x x x 0 0 x x x 0 0 x x x x x 2 x
c7c6fe97 1 0 xx xx 1d c7c6f000 1 1 0 0 x x 0 0 x x x 0 0 x x x x x 1 x
12345fb7 1 0 xx xx 1f 12345000 x x x x x x 0 0 x x x 0 0 x x x x x 2 x
bbdcee17 1 0 xx xx 1c bbdce000 1 1 0 0 x x 0 0 x x x 0 0 x x x x x 1 x
36ce6eb7 1 0 xx xx 1d 36ce6000 x x x x x x 0 0 x x x 0 0 x x x x x 2 x
119f8b17 1 0 xx xx 16 119f8000 1 1 0 0 x x 0 0 x x x 0 0 x x x x x 1 x
11645337 1 0 xx xx 06 11645000 x x x x x x 0 0 x x x 0 0 x x x x x 2 x
80000917 1 0 xx xx 12 80000000 1 1 0 0 x x 0 0 x x x 0 0 x x x x x 1 x
06f14137 1 0 xx xx 02 06f14000 x x x x x x 0 0 x x x 0 0 x x x x x 2 x
c31c0717 1 0 xx xx 0e c31c0000 1 1 0 0 x x 0 0 x x x 0 0 x x x x x 1 x
cb5f39b7 1 0 xx xx 13 cb5f3000 x x x x x x 0 0 x x x 0 0 x x x x x 2 x
9857cb17 1 0 xx xx 16 9857c000 1 1 0 0 x x 0 0 x x x 0 0 x x x x x 1 x
fffffb37 1 0 xx xx 16 fffff000 x x x x x x 0 0 x x x 0 0 x x x x x 2 x
437b9e17 1 0 xx xx 1c 437b9000 1 1 0 0 x x 0 0 x x x 0 0 x x x x x 1 x
12345437 1 0 xx xx 08 12345000 x x x x x x 0 0 x x x 0 0 x x x x x 2 x
7fffff97 1 0 xx xx 1f 7ffff000 1 1 0 0 x x 0 0 x x x 0 0 x x x x x 1 x
85c281b7 1 0 xx xx 03 85c28000 x x x x x x 0 0 x x x 0 0 x x x x x 2 x
3a2cac17 1 0 xx xx 18 3a2ca000 1 1 0 0 x x 0 0 x x x 0 0 x x x x x 1 x
cc7a1037 1 0 xx xx 00 cc7a1000 x x x x x x 0 0 x x x 0 0 x x x x x 2 x
7ffff517 1 0 xx xx 0a 7ffff000 1 1 0 0 x x 0 0 x x x 0 0 x x x x x 1 x
dc146037 1 0 xx xx 00 dc146000 x x x x x x 0 0 x x x 0 0 x x x x x 2 x
f58b4317 1 0 xx xx 06 f58b4000 1 1 0 0 x x 0 0 x x x 0 0 x x x x x 1 x
80000b37 1 0 xx xx 16 80000000 x x x x x x 0 0 x x x 0 0 x x x x x 2 x
cc829c17 1 0 xx xx 18 cc829000 1 1 0 0 x x 0 0 x x x 0 0 x x x x x 1 x
81b8ffb7 1 0 xx xx 1f 81b8f000 x x x x x x 0 0 x x x 0 0 x x x x x 2 x
da70ac17 1 0 xx xx 18 da70a000 1 1 0 0 x x 0 0 x x x 0 0 x x x x x 1 x
524df037 1 0 xx xx 00 524df000 x x x x x x 0 0 x x x 0 0 x x x x x 2 x
c5fcd017 1 0 xx xx 00 c5fcd000 1 1 0 0 x x 0 0 x x x 0 0 x x x x x 1 x
7dafedb7 1 0 xx xx 1b 7dafe000 x x x x x x 0 0 x x x 0 0 x x x x x 2 x
d3be2897 1 0 xx xx 11 d3be2000 1 1 0 0 x x 0 0 x x x 0 0 x x x x x 1 x
123456b7 1 0 xx xx 0d 12345000 x x x x x x 0 0 x x x 0 0 x x x x x 2 x
12345797 1 0 xx xx 0f 12345000 1 1 0 0 x x 0 0 x x x 0 0 x x x x x 1 x
00000b37 1 0 xx xx 16 00000000 x x x x x x 0 0 x x x 0 0 x x x x x 2 x
00000617 1 0 xx xx 0c 00000000 1 1 0 0 x x 0 0 x x x 0 0 x x x x x 1 x
febc77b7 1 0 xx xx 0f febc7000 x x x x x x 0 0 x x x 0 0 x x x x x 2 x
18edd417 1 0 xx xx 08 18edd000 1 1 0 0 x x 0 0 x x x 0 0 x x x x x 1 x
c7f98cb7 1 0 xx xx 19 c7f98000 x x x x x x 0 0 x x x 0 0 x x x x x 2 x
c6bb6c97 1 0 xx xx 19 c6bb6000 1 1 0 0 x x 0 0 x x x 0 0 x x x x x 1 x
8075a037 1 0 xx xx 00 8075a000 x x x x x x 0 0 x x x 0 0 x x x x x 2 x
00000c97 1 0 xx xx 19 00000000 1 1 0 0 x x 0 0 x x x 0 0 x x x x x 1 x
6dff2937 1 0 xx xx 12 6dff2000 x x x x x x 0 0 x x x 0 0 x x x x x 2 x
3d6faf17 1 0 xx xx 1e 3d6fa000 1 1 0 0 x x 0 0 x x x 0 0 x x x x x 1 x
c10e9fb7 1 0 xx xx 1f c10e9000 x x x x x x 0 0 x x x 0 0 x x x x x 2 x
00000c97 1 0 xx xx 19 00000000 1 1 0 0 x x 0 0 x x x 0 0 x x x x x 1 x
943e2f37 1 0 xx xx 1e 943e2000 x x x x x x 0 0 x x x 0 0 x x x x x 2 x
80000f97 1 0 xx xx 1f 80000000 1 1 0 0 x x 0 0 x x x 0 0 x x x x x 1 x
336cf137 1 0 xx xx 02 336cf000 x x x x x x 0 0 x x x 0 0 x x x x x 2 x
58b34597 1 0 xx xx 0b 58b34000 1 1 0 0 x x 0 0 x x x 0 0 x x x x x 1 x
c1da7eb7 1 0 xx xx 1d c1da7000 x x x x x x 0 0 x x x 0 0 x x x x x 2 x
7ffffd97 1 0 xx xx 1b 7ffff000 1 1 0 0 x x 0 0 x x x 0 0 x x x x x 1 x
f9d20337 1 0 xx xx 06 f9d20000 x x x x x x 0 0 x x x 0 0 x x x x x 2 x
61d52017 1 0 xx xx 00 61d52000 1 1 0 0 x x 0 0 x x x 0 0 x x x x x 1 x
2158bbb7 1 0 xx xx 17 2158b000 x x x x x x 0 0 x x x 0 0 x x x x x 2 x
fffff897 1 0 xx xx 11 fffff000 1 1 0 0 x x 0 0 x x x 0 0 x x x x x 1 x
7ffffa37 1 0 xx xx 14 7ffff000 x x x x x x 0 0 x x x 0 0 x x x x x 2 x
7ffff617 1 0 xx xx 0c 7ffff000 1 1 0 0 x x 0 0 x x x 0 0 x x x x x 1 x
a94edb37 1 0 xx xx 16 a94ed000 x x x x x x 0 0 x x x 0 0 x x x x x 2 x
2120a997 1 0 xx xx 13 2120a000 1 1 0 0 x x 0 0 x x x 0 0 x x x x x 1 x
3d1745b7 1 0 xx xx 0b 3d174000 x x x x x x 0 0 x x x 0 0 x x x x x 2 x
d3ef1597 1 0 xx xx 0b d3ef1000 1 1 0 0 x x 0 0 x x x 0 0 x x x x x 1 x
00000037 1 0 xx xx 00 00000000 x x x x x x 0 0 x x x 0 0 x x x x x 2 x
12345517 1 0 xx xx 0a 12345000 1 1 0 0 x x 0 0 x x x 0 0 x x x x x 1 x
bc0a6037 1 0 xx xx 00 bc0a6000 x x x x x x 0 0 x x x 0 0 x x x x x 2 x
ce8bb897 1 0 xx xx 11 ce8bb000 1 1 0 0 x x 0 0 x x x 0 0 x x x x x 1 x
7ffff437 1 0 xx xx 08 7ffff000 x x x x x x 0 0 x x x 0 0 x x x x x 2 x
69c03d97 1 0 xx xx 1b 69c03000 1 1 0 0 x x 0 0 x x x 0 0 x x x x x 1 x
6a473db7 1 0 xx xx 1b 6a473000 x x x x x x 0 0 x x x 0 0 x x x x x 2 x
3131a597 1 0 xx xx 0b 3131a000 1 1 0 0 x x 0 0 x x x 0 0 x x x x x 1 x
3b40f6b7 1 0 xx xx 0d 3b40f000 x x x x x x 0 0 x x x 0 0 x x x x x 2 x
80598017 1 0 xx xx 00 80598000 1 1 0 0 x x 0 0 x x x 0 0 x x x x x 1 x
326202b7 1 0 xx xx 05 32620000 x x x x x x 0 0 x x x 0 0 x x x x x 2 x
bfedf097 1 0 xx xx 01 bfedf000 1 1 0 0 x x 0 0 x x x 0 0 x x x x x 1 x
98cf9a37 1 0 xx xx 14 98cf9000 x x x x x x 0 0 x x x 0 0 x x x x x 2 x
00000d17 1 0 xx xx 1a 00000000 1 1 0 0 x x 0 0 x x x 0 0 x x x x x 1 x
d68336b7 1 0 xx xx 0d d6833000 x x x x x x 0 0 x x x 0 0 x x x x x 2 x
7ffff917 1 0 xx xx 12 7ffff000 1 1 0 0 x x 0 0 x x x 0 0 x x x x x 1 x
52f7edb7 1 0 xx xx 1b 52f7e000 x x x x x x 0 0 x x x 0 0 x x x x x 2 x
ad9c7017 1 0 xx xx 00 ad9c7000 1 1 0 0 x x 0 0 x x x 0 0 x x x x x 1 x
d2f92937 1 0 xx xx 12 d2f92000 x x x x x x 0 0 x x x 0 0 x x x x x 2 x
39117097 1 0 xx xx 01 39117000 1 1 0 0 x x 0 0 x x x 0 0 x x x x x 1 x
ab322037 1 0 xx xx 00 ab322000 x x x x x x 0 0 x x x 0 0 x x x x x 2 x
0a972c97 1 0 xx xx 19 0a972000 1 1 0 0 x x 0 0 x x x 0 0 x x x x x 1 x
7ebc55b7 1 0 xx xx 0b 7ebc5000 x x x x x x 0 0 x x x 0 0 x x x x x 2 x
13132c97 1 0 xx xx 19 13132000 1 1 0 0 x x 0 0 x x x 0 0 x x x x x 1 x
41197f37 1 0 xx xx 1e 41197000 x x x x x x 0 0 x x x 0 0 x x x x x 2 x
e7e96017 1 0 xx xx 00 e7e96000 1 1 0 0 x x 0 0 x x x 0 0 x x x x x 1 x
62003ab7 1 0 xx xx 15 62003000 x x x x x x 0 0 x x x 0 0 x x x x x 2 x
ee890797 1 0 xx xx 0f ee890000 1 1 0 0 x x 0 0 x x x 0 0 x x x x x 1 x
00000a37 1 0 xx xx 14 00000000 x x x x x x 0 0 x x x 0 0 x x x x x 2 x
fffff797 1 0 xx xx 0f fffff000 1 1 0 0 x x 0 0 x x x 0 0 x x x x x 1 x
fa0cd437 1 0 xx xx 08 fa0cd000 x x x x x x 0 0 x x x 0 0 x x x x x 2 x
ff0edb97 1 0 xx xx 17 ff0ed000 1 1 0 0 x x 0 0 x x x 0 0 x x x x x 1 x
baa4bfb7 1 0 xx xx 1f baa4b000 x x x x x x 0 0 x x x 0 0 x x x x x 2 x
12345197 1 0 xx xx 03 12345000 1 1 0 0 x x 0 0 x x x 0 0 x x x x x 1 x
6d6bd237 1 0 xx xx 04 6d6bd000 x x x x x x 0 0 x x x 0 0 x x x x x 2 x
22d80817 1 0 xx xx 10 22d80000 1 1 0 0 x x 0 0 x x x 0 0 x x x x x 1 x
7fece037 1 0 xx xx 00 7fece000 x x x x x x 0 0 x x x 0 0 x x x x x 2 x
fffff197 1 0 xx xx 03 fffff000 1 1 0 0 x x 0 0 x x x 0 0 x x x x x 1 x
7ffffeb7 1 0 xx xx 1d 7ffff000 x x x x x x 0 0 x x x 0 0 x x x x x 2 x
fffffd97 1 0 xx xx 1b fffff000 1 1 0 0 x x 0 0 x x x 0 0 x x x x x 1 x
80000637 1 0 xx xx 0c 80000000 x x x x x x 0 0 x x x 0 0 x x x x x 2 x
9d7d9d97 1 0 xx xx 1b 9d7d9000 1 1 0 0 x x 0 0 x x x 0 0 x x x x x 1 x
2cbb5b37 1 0 xx xx 16 2cbb5000 x x x x x x 0 0 x x x 0 0 x x x x x 2 x
8e563817 1 0 xx xx 10 8e563000 1 1 0 0 x x 0 0 x x x 0 0 x x x x x 1 x
20b26037 1 0 xx xx 00 20b26000 x x x x x x 0 0 x x x 0 0 x x x x x 2 x
97fbf517 1 0 xx xx 0a 97fbf000 1 1 0 0 x x 0 0 x x x 0 0 x x x x x 1 x
ffffff37 1 0 xx xx 1e fffff000 x x x x x x 0 0 x x x 0 0 x x x x x 2 x
7a2e8c17 1 0 xx xx 18 7a2e8000 1 1 0 0 x x 0 0 x x x 0 0 x x x x x 1 x
7bc777b7 1 0 xx xx 0f 7bc77000 x x x x x x 0 0 x x x 0 0 x x x x x 2 x
80000f97 1 0 xx xx 1f 80000000 1 1 0 0 x x 0 0 x x x 0 0 x x x x x 1 x
f493bbb7 1 0 xx xx 17 f493b000 x x x x x x 0 0 x x x 0 0 x x x x x 2 x
35009197 1 0 xx xx 03 35009000 1 1 0 0 x x 0 0 x x x 0 0 x x x x x 1 x
db65c937 1 0 xx xx 12 db65c000 x x x x x x 0 0 x x x 0 0 x x x x x 2 x
80000c17 1 0 xx xx 18 80000000 1 1 0 0 x x 0 0 x x x 0 0 x x x x x 1 x
7ffffd37 1 0 xx xx 1a 7ffff000 x x x x x x 0 0 x x x 0 0 x x x x x 2 x
ea9e4217 1 0 xx xx 04 ea9e4000 1 1 0 0 x x 0 0 x x x 0 0 x x x x x 1 x
9fc26537 1 0 xx xx 0a 9fc26000 x x x x x x 0 0 x x x 0 0 x x x x x 2 x
e835cf97 1 0 xx xx 1f e835c000 1 1 0 0 x x 0 0 x x x 0 0 x x x x x 1 x
c5d0abb7 1 0 xx xx 17 c5d0a000 x x x x x x 0 0 x x x 0 0 x x x x x 2 x
38a32f97 1 0 xx xx 1f 38a32000 1 1 0 0 x x 0 0 x x x 0 0 x x x x x 1 x
b5e6d437 1 0 xx xx 08 b5e6d000 x x x x x x 0 0 x x x 0 0 x x x x x 2 x
a0331f17 1 0 xx xx 1e a0331000 1 1 0 0 x x 0 0 x x x 0 0 x x x x x 1 x
72f0c437 1 0 xx xx 08 72f0c000 x x x x x x 0 0 x x x 0 0 x x x x x 2 x
873dfd17 1 0 xx xx 1a 873df000 1 1 0 0 x x 0 0 x x x 0 0 x x x x x 1 x
fffff037 1 0 xx xx 00 fffff000 x x x x x x 0 0 x x x 0 0 x x x x x 2 x
0eb3ef97 1 0 xx xx 1f 0eb3e000 1 1 0 0 x x 0 0 x x x 0 0 x x x x x 1 x
3e5af037 1 0 xx xx 00 3e5af000 x x x x x x 0 0 x x x 0 0 x x x x x 2 x
3c5c1317 1 0 xx xx 06 3c5c1000 1 1 0 0 x x 0 0 x x x 0 0 x x x x x 1 x
80000fb7 1 0 xx xx 1f 80000000 x x x x x x 0 0 x x x 0 0 x x x x x 2 x
f9f3b397 1 0 xx xx 07 f9f3b000 1 1 0 0 x x 0 0 x x x 0 0 x x x x x 1 x
bc0e0737 1 0 xx xx 0e bc0e0000 x x x x x x 0 0 x x x 0 0 x x x x x 2 x
25075d17 1 0 xx xx 1a 25075000 1 1 0 0 x x 0 0 x x x 0 0 x x x x x 1 x
26e89d37 1 0 xx xx 1a 26e89000 x x x x x x 0 0 x x x 0 0 x x x x x 2 x
06c4c597 1 0 xx xx 0b 06c4c000 1 1 0 0 x x 0 0 x x x 0 0 x x x x x 1 x
7ffffa37 1 0 xx xx 14 7ffff000 x x x x x x 0 0 x x x 0 0 x x x x x 2 x
6e9a4817 1 0 xx xx 10 6e9a4000 1 1 0 0 x x 0 0 x x x 0 0 x x x x x 1 x
80000937 1 0 xx xx 12 80000000 x x x x x x 0 0 x x x 0 0 x x x x x 2 x
0c518997 1 0 xx xx 13 0c518000 1 1 0 0 x x 0 0 x x x 0 0 x x x x x 1 x
f32ef637 1 0 xx xx 0c f32ef000 x x x x x x 0 0 x x x 0 0 x x x x x 2 x
ae0d2f17 1 0 xx xx 1e ae0d2000 1 1 0 0 x x 0 0 x x x 0 0 x x x x x 1 x
2bd91bb7 1 0 xx xx 17 2bd91000 x x x x x x 0 0 x x x 0 0 x x x x x 2 x
00000b97 1 0 xx xx 17 00000000 1 1 0 0 x x 0 0 x x x 0 0 x x x x x 1 x
fffffab7 1 0 xx xx 15 fffff000 x x x x x x 0 0 x x x 0 0 x x x x x 2 x
3ca1c717 1 0 xx xx 0e 3ca1c000 1 1 0 0 x x 0 0 x x x 0 0 x x x x x 1 x
f6d3a0b7 1 0 xx xx 01 f6d3a000 x x x x x x 0 0 x x x 0 0 x x x x x 2 x
abb13e97 1 0 xx xx 1d abb13000 1 1 0 0 x x 0 0 x x x 0 0 x x x x x 1 x
7ffffb37 1 0 xx xx 16 7ffff000 x x x x x x 0 0 x x x 0 0 x x x x x 2 x
b76cb517 1 0 xx xx 0a b76cb000 1 1 0 0 x x 0 0 x x x 0 0 x x x x x 1 x
5ca5efb7 1 0 xx xx 1f 5ca5e000 x x x x x x 0 0 x x x 0 0 x x x x x 2 x
7ffff097 1 0 xx xx 01 7ffff000 1 1 0 0 x x 0 0 x x x 0 0 x x x x x 1 x
1baa74b7 1 0 xx xx 09 1baa7000 x x x x x x 0 0 x x x 0 0 x x x x x 2 x
7e4f1117 1 0 xx xx 02 7e4f1000 1 1 0 0 x x 0 0 x x x 0 0 x x x x x 1 x
4bd02137 1 0 xx xx 02 4bd02000 x x x x x x 0 0 x x x 0 0 x x x x x 2 x
27074517 1 0 xx xx 0a 27074000 1 1 0 0 x x 0 0 x x x 0 0 x x x x x 1 x
b77d77b7 1 0 xx xx 0f b77d7000 x x x x x x 0 0 x x x 0 0 x x x x x 2 x
80000817 1 0 xx xx 10 80000000 1 1 0 0 x x 0 0 x x x 0 0 x x x x x 1 x
40186037 1 0 xx xx 00 40186000 x x x x x x 0 0 x x x 0 0 x x x x x 2 x
58aec917 1 0 xx xx 12 58aec000 1 1 0 0 x x 0 0 x x x 0 0 x x x x x 1 x
4f8ea037 1 0 xx xx 00 4f8ea000 x x x x x x 0 0 x x x 0 0 x x x x x 2 x
7ffffc17 1 0 xx xx 18 7ffff000 1 1 0 0 x x 0 0 x x x 0 0 x x x x x 1 x
3ce38037 1 0 xx xx 00 3ce38000 x x x x x x 0 0 x x x 0 0 x x x x x 2 x
bec92397 1 0 xx xx 07 bec92000 1 1 0 0 x x 0 0 x x x 0 0 x x x x x 1 x
c2ce2fb7 1 0 xx xx 1f c2ce2000 x x x x x x 0 0 x x x 0 0 x x x x x 2 x
f1669b97 1 0 xx xx 17 f1669000 1 1 0 0 x x 0 0 x x x 0 0 x x x x x 1 x
12345fb7 1 0 xx xx 1f 12345000 x x x x x x 0 0 x x x 0 0 x x x x x 2 x
75934c17 1 0 xx xx 18 75934000 1 1 0 0 x x 0 0 x x x 0 0 x x x x x 1 x
e8e1a5b7 1 0 xx xx 0b e8e1a000 x x x x x x 0 0 x x x 0 0 x x x x x 2 x
00000697 1 0 xx xx 0d 00000000 1 1 0 0 x x 0 0 x x x 0 0 x x x x x 1 x
1f5e1037 1 0 xx xx 00 1f5e1000 x x x x x x 0 0 x x x 0 0 x x x x x 2 x
62852a97 1 0 xx xx 15 62852000 1 1 0 0 x x 0 0 x x x 0 0 x x x x x 1 x
e7597e37 1 0 xx xx 1c e7597000 x x x x x x 0 0 x x x 0 0 x x x x x 2 x
7ffffc17 1 0 xx xx 18 7ffff000 1 1 0 0 x x 0 0 x x x 0 0 x x x x x 1 x
1a504bb7 1 0 xx xx 17 1a504000 x x x x x x 0 0 x x x 0 0 x x x x x 2 x
56db8997 1 0 xx xx 13 56db8000 1 1 0 0 x x 0 0 x x x 0 0 x x x x x 1 x
297c53b7 1 0 xx xx 07 297c5000 x x x x x x 0 0 x x x 0 0 x x x x x 2 x
c41acb97 1 0 xx xx 17 c41ac000 1 1 0 0 x x 0 0 x x x 0 0 x x x x x 1 x
ed080237 1 0 xx xx 04 ed080000 x x x x x x 0 0 x x x 0 0 x x x x x 2 x
07328a97 1 0 xx xx 15 07328000 1 1 0 0 x x 0 0 x x x 0 0 x x x x x 1 x
09aa5037 1 0 xx xx 00 09aa5000 x x x x x x 0 0 x x x 0 0 x x x x x 2 x
04da1497 1 0 xx xx 09 04da1000 1 1 0 0 x x 0 0 x x x 0 0 x x x x x 1 x
b79ec8b7 1 0 xx xx 11 b79ec000 x x x x x x 0 0 x x x 0 0 x x x x x 2 x
00000117 1 0 xx xx 02 00000000 1 1 0 0 x x 0 0 x x x 0 0 x x x x x 1 x
80000737 1 0 xx xx 0e 80000000 x x x x x x 0 0 x x x 0 0 x x x x x 2 x
84b71f17 1 0 xx xx 1e 84b71000 1 1 0 0 x x 0 0 x x x 0 0 x x x x x 1 x
00000437 1 0 xx xx 08 00000000 x x x x x x 0 0 x x x 0 0 x x x x x 2 x
6356fe97 1 0 xx xx 1d 6356f000 1 1 0 0 x x 0 0 x x x 0 0 x x x x x 1 x
72d74ab7 1 0 xx xx 15 72d74000 x x x x x x 0 0 x x x 0 0 x x x x x 2 x
9d30ea97 1 0 xx xx 15 9d30e000 1 1 0 0 x x 0 0 x x x 0 0 x x x x x 1 x
6c014fb7 1 0 xx xx 1f 6c014000 x x x x x x 0 0 x x x 0 0 x x x x x 2 x
00000317 1 0 xx xx 06 00000000 1 1 0 0 x x 0 0 x x x 0 0 x x x x x 1 x
7059f4b7 1 0 xx xx 09 7059f000 x x x x x x 0 0 x x x 0 0 x x x x x 2 x
fcdfbe97 1 0 xx xx 1d fcdfb000 1 1 0 0 x x 0 0 x x x 0 0 x x x x x 1 x
351776b7 1 0 xx xx 0d 35177000 x x x x x x 0 0 x x x 0 0 x x x x x 2 x
5fee9017 1 0 xx xx 00 5fee9000 1 1 0 0 x x 0 0 x x x 0 0 x x x x x 1 x
f60f6937 1 0 xx xx 12 f60f6000 x x x x x x 0 0 x x x 0 0 x x x x x 2 x
80000017 1 0 xx xx 00 80000000 1 1 0 0 x x 0 0 x x x 0 0 x x x x x 1 x
fffff0b7 1 0 xx xx 01 fffff000 x x x x x x 0 0 x x x 0 0 x x x x x 2 x
716dfb17 1 0 xx xx 16 716df000 1 1 0 0 x x 0 0 x x x 0 0 x x x x x 1 x
3dd53037 1 0 xx xx 00 3dd53000 x x x x x x 0 0 x x x 0 0 x x x x x 2 x
fb0e9117 1 0 xx xx 02 fb0e9000 1 1 0 0 x x 0 0 x x x 0 0 x x x x x 1 x
0dc9fbb7 1 0 xx xx 17 0dc9f000 x x x x x x 0 0 x x x 0 0 x x x x x 2 x
bcd1b197 1 0 xx xx 03 bcd1b000 1 1 0 0 x x 0 0 x x x 0 0 x x x x x 1 x
fc6dd637 1 0 xx xx 0c fc6dd000 x x x x x x 0 0 x x x 0 0 x x x x x 2 x
5ed1cf97 1 0 xx xx 1f 5ed1c000 1 1 0 0 x x 0 0 x x x 0 0 x x x x x 1 x
70fc3037 1 0 xx xx 00 70fc3000 x x x x x x 0 0 x x x 0 0 x x x x x 2 x
00000e97 1 0 xx xx 1d 00000000 1 1 0 0 x x 0 0 x x x 0 0 x x x x x 1 x
80000437 1 0 xx xx 08 80000000 x x x x x x 0 0 x x x 0 0 x x x x x 2 x
ba2e9717 1 0 xx xx 0e ba2e9000 1 1 0 0 x x 0 0 x x x 0 0 x x x x x 1 x
7ffffe37 1 0 xx xx 1c 7ffff000 x x x x x x 0 0 x x x 0 0 x x x x x 2 x
22864917 1 0 xx xx 12 22864000 1 1 0 0 x x 0 0 x x x 0 0 x x x x x 1 x
d9296037 1 0 xx xx 00 d9296000 x x x x x x 0 0 x x x 0 0 x x x x x 2 x
80000f97 1 0 xx xx 1f 80000000 1 1 0 0 x x 0 0 x x x 0 0 x x x x x 1 x
000002b7 1 0 xx xx 05 00000000 x x x x x x 0 0 x x x 0 0 x x x x x 2 x
80000517 1 0 xx xx 0a 80000000 1 1 0 0 x x 0 0 x x x 0 0 x x x x x 1 x
49780f37 1 0 xx xx 1e 49780000 x x x x x x 0 0 x x x 0 0 x x x x x 2 x
caf86017 1 0 xx xx 00 caf86000 1 1 0 0 x x 0 0 x x x 0 0 x x x x x 1 x
45f4dcb7 1 0 xx xx 19 45f4d000 x x x x x x 0 0 x x x 0 0 x x x x x 2 x
12345c17 1 0 xx xx 18 12345000 1 1 0 0 x x 0 0 x x x 0 0 x x x x x 1 x
d58ac0b7 1 0 xx xx 01 d58ac000 x x x x x x 0 0 x x x 0 0 x x x x x 2 x
617d9d97 1 0 xx xx 1b 617d9000 1 1 0 0 x x 0 0 x x x 0 0 x x x x x 1 x
f0276a37 1 0 xx xx 14 f0276000 x x x x x x 0 0 x x x 0 0 x x x x x 2 x
12345017 1 0 xx xx 00 12345000 1 1 0 0 x x 0 0 x x x 0 0 x x x x x 1 x
de5d0b37 1 0 xx xx 16 de5d0000 x x x x x x 0 0 x x x 0 0 x x x x x 2 x
fffffa17 1 0 xx xx 14 fffff000 1 1 0 0 x x 0 0 x x x 0 0 x x x x x 1 x
48992237 1 0 xx xx 04 48992000 x x x x x x 0 0 x x x 0 0 x x x x x 2 x
72cd4217 1 0 xx xx 04 72cd4000 1 1 0 0 x x 0 0 x x x 0 0 x x x x x 1 x
80000e37 1 0 xx xx 1c 80000000 x x x x x x 0 0 x x x 0 0 x x x x x 2 x
9f97b317 1 0 xx xx 06 9f97b000 1 1 0 0 x x 0 0 x x x 0 0 x x x x x 1 x
31bcc037 1 0 xx xx 00 31bcc000 x x x x x x 0 0 x x x 0 0 x x x x x 2 x
fffffd97 1 0 xx xx 1b fffff000 1 1 0 0 x x 0 0 x x x 0 0 x x x x x 1 x
0748adb7 1 0 xx xx 1b 0748a000 x x x x x x 0 0 x x x 0 0 x x x x x 2 x
21295517 1 0 xx xx 0a 21295000 1 1 0 0 x x 0 0 x x x 0 0 x x x x x 1 x
b192cbb7 1 0 xx xx 17 b192c000 x x x x x x 0 0 x x x 0 0 x x x x x 2 x
a28e1f17 1 0 xx xx 1e a28e1000 1 1 0 0 x x 0 0 x x x 0 0 x x x x x 1 x
1c351537 1 0 xx xx 0a 1c351000 x x x x x x 0 0 x x x 0 0 x x x x x 2 x
85651917 1 0 xx xx 12 85651000 1 1 0 0 x x 0 0 x x x 0 0 x x x x x 1 x
4a45c437 1 0 xx xx 08 4a45c000 x x x x x x 0 0 x x x 0 0 x x x x x 2 x
00000797 1 0 xx xx 0f 00000000 1 1 0 0 x x 0 0 x x x 0 0 x x x x x 1 x
3ddadeb7 1 0 xx xx 1d 3ddad000 x x x x x x 0 0 x x x 0 0 x x x x x 2 x
d3b65217 1 0 xx xx 04 d3b65000 1 1 0 0 x x 0 0 x x x 0 0 x x x x x 1 x
ffffffb7 1 0 xx xx 1f fffff000 x x x x x x 0 0 x x x 0 0 x x x x x 2 x
71aad017 1 0 xx xx 00 71aad000 1 1 0 0 x x 0 0 x x x 0 0 x x x x x 1 x
000001b7 1 0 xx xx 03 00000000 x x x x x x 0 0 x x x 0 0 x x x x x 2 x
7ffff997 1 0 xx xx 13 7ffff000 1 1 0 0 x x 0 0 x x x 0 0 x x x x x 1 x
d2898d37 1 0 xx xx 1a d2898000 x x x x x x 0 0 x x x 0 0 x x x x x 2 x
f9589697 1 0 xx xx 0d f9589000 1 1 0 0 x x 0 0 x x x 0 0 x x x x x 1 x
00000fb7 1 0 xx xx 1f 00000000 x x x x x x 0 0 x x x 0 0 x x x x x 2 x
10b65897 1 0 xx xx 11 10b65000 1 1 0 0 x x 0 0 x x x 0 0 x x x x x 1 x
409c47b7 1 0 xx xx 0f 409c4000 x x x x x x 0 0 x x x 0 0 x x x x x 2 x
24648697 1 0 xx xx 0d 24648000 1 1 0 0 x x 0 0 x x x 0 0 x x x x x 1 x
6923efb7 1 0 xx xx 1f 6923e000 x x x x x x 0 0 x x x 0 0 x x x x x 2 x
12345b97 1 0 xx xx 17 12345000 1 1 0 0 x x 0 0 x x x 0 0 x x x x x 1 x
12345637 1 0 xx xx 0c 12345000 x x x x x x 0 0 x x x 0 0 x x x x x 2 x
ae11a697 1 0 xx xx 0d ae11a000 1 1 0 0 x x 0 0 x x x 0 0 x x x x x 1 x
2c0a0037 1 0 xx xx 00 2c0a0000 x x x x x x 0 0 x x x 0 0 x x x x x 2 x
b8cc8e97 1 0 xx xx 1d b8cc8000 1 1 0 0 x x 0 0 x x x 0 0 x x x x x 1 x
59c3e9b7 1 0 xx xx 13 59c3e000 x x x x x x 0 0 x x x 0 0 x x x x x 2 x
4e542017 1 0 xx xx 00 4e542000 1 1 0 0 x x 0 0 x x x 0 0 x x x x x 1 x
b6160db7 1 0 xx xx 1b b6160000 x x x x x x 0 0 x x x 0 0 x x x x x 2 x
12345197 1 0 xx xx 03 12345000 1 1 0 0 x x 0 0 x x x 0 0 x x x x x 1 x
8be63eb7 1 0 xx xx 1d 8be63000 x x x x x x 0 0 x x x 0 0 x x x x x 2 x
c5bf5a97 1 0 xx xx 15 c5bf5000 1 1 0 0 x x 0 0 x x x 0 0 x x x x x 1 x
12345137 1 0 xx xx 02 12345000 x x x x x x 0 0 x x x 0 0 x x x x x 2 x
babdde97 1 0 xx xx 1d babdd000 1 1 0 0 x x 0 0 x x x 0 0 x x x x x 1 x
12b3e337 1 0 xx xx 06 12b3e000 x x x x x x 0 0 x x x 0 0 x x x x x 2 x
ea024d97 1 0 xx xx 1b ea024000 1 1 0 0 x x 0 0 x x x 0 0 x x x x x 1 x
7fffffb7 1 0 xx xx 1f 7ffff000 x x x x x x 0 0 x x x 0 0 x x x x x 2 x
efbbe617 1 0 xx xx 0c efbbe000 1 1 0 0 x x 0 0 x x x 0 0 x x x x x 1 x
253c0fb7 1 0 xx xx 1f 253c0000 x x x x x x 0 0 x x x 0 0 x x x x x 2 x
fffff597 1 0 xx xx 0b fffff000 1 1 0 0 x x 0 0 x x x 0 0 x x x x x 1 x
1a5b9c37 1 0 xx xx 18 1a5b9000 x x x x x x 0 0 x x x 0 0 x x x x x 2 x
dba36397 1 0 xx xx 07 dba36000 1 1 0 0 x x 0 0 x x x 0 0 x x x x x 1 x
ae10e3b7 1 0 xx xx 07 ae10e000 x x x x x x 0 0 x x x 0 0 x x x x x 2 x
5d6aed17 1 0 xx xx 1a 5d6ae000 1 1 0 0 x x 0 0 x x x 0 0 x x x x x 1 x
bf00b137 1 0 xx xx 02 bf00b000 x x x x x x 0 0 x x x 0 0 x x x x x 2 x
fffff497 1 0 xx xx 09 fffff000 1 1 0 0 x x 0 0 x x x 0 0 x x x x x 1 x
2c301037 1 0 xx xx 00 2c301000 x x x x x x 0 0 x x x 0 0 x x x x x 2 x
12345217 1 0 xx xx 04 12345000 1 1 0 0 x x 0 0 x x x 0 0 x x x x x 1 x
00000337 1 0 xx xx 06 00000000 x x x x x x 0 0 x x x 0 0 x x x x x 2 x
ee4daa17 1 0 xx xx 14 ee4da000 1 1 0 0 x x 0 0 x x x 0 0 x x x x x 1 x
80000a37 1 0 xx xx 14 80000000 x x x x x x 0 0 x x x 0 0 x x x x x 2 x
6fb03c97 1 0 xx xx 19 6fb03000 1 1 0 0 x x 0 0 x x x 0 0 x x x x x 1 x
677dad37 1 0 xx xx 1a 677da000 x x x x x x 0 0 x x x 0 0 x x x x x 2 x
c2334517 1 0 xx xx 0a c2334000 1 1 0 0 x x 0 0 x x x 0 0 x x x x x 1 x
e7aa8c37 1 0 xx xx 18 e7aa8000 x x x x x x 0 0 x x x 0 0 x x x x x 2 x
ac7e4797 1 0 xx xx 0f ac7e4000 1 1 0 0 x x 0 0 x x x 0 0 x x x x x 1 x
1c491cb7 1 0 xx xx 19 1c491000 x x x x x x 0 0 x x x 0 0 x x x x x 2 x
ff3c4717 1 0 xx xx 0e ff3c4000 1 1 0 0 x x 0 0 x x x 0 0 x x x x x 1 x
43016cb7 1 0 xx xx 19 43016000 x x x x x x 0 0 x x x 0 0 x x x x x 2 x
a4197e17 1 0 xx xx 1c a4197000 1 1 0 0 x x 0 0 x x x 0 0 x x x x x 1 x
fffff6b7 1 0 xx xx 0d fffff000 x x x x x x 0 0 x x x 0 0 x x x x x 2 x
fffff117 1 0 xx xx 02 fffff000 1 1 0 0 x x 0 0 x x x 0 0 x x x x x 1 x
f3c272b7 1 0 xx xx 05 f3c27000 x x x x x x 0 0 x x x 0 0 x x x x x 2 x
12345717 1 0 xx xx 0e 12345000 1 1 0 0 x x 0 0 x x x 0 0 x x x x x 1 x
12345cb7 1 0 xx xx 19 12345000 x x x x x x 0 0 x x x 0 0 x x x x x 2 x
50847797 1 0 xx xx 0f 50847000 1 1 0 0 x x 0 0 x x x 0 0 x x x x x 1 x
944bd7b7 1 0 xx xx 0f 944bd000 x x x x x x 0 0 x x x 0 0 x x x x x 2 x
96a18697 1 0 xx xx 0d 96a18000 1 1 0 0 x x 0 0 x x x 0 0 x x x x x 1 x
33d61537 1 0 xx xx 0a 33d61000 x x x x x x 0 0 x x x 0 0 x x x x x 2 x
20803117 1 0 xx xx 02 20803000 1 1 0 0 x x 0 0 x x x 0 0 x x x x x 1 x
54b57437 1 0 xx xx 08 54b57000 x x x x x x 0 0 x x x 0 0 x x x x x 2 x
3b6a4597 1 0 xx xx 0b 3b6a4000 1 1 0 0 x x 0 0 x x x 0 0 x x x x x 1 x
ae0eb7b7 1 0 xx xx 0f ae0eb000 x x x x x x 0 0 x x x 0 0 x x x x x 2 x
64992517 1 0 xx xx 0a 64992000 1 1 0 0 x x 0 0 x x x 0 0 x x x x x 1 x
fffffe37 1 0 xx xx 1c fffff000 x x x x x x 0 0 x x x 0 0 x x x x x 2 x
1e403417 1 0 xx xx 08 1e403000 1 1 0 0 x x 0 0 x x x 0 0 x x x x x 1 x
eec81bb7 1 0 xx xx 17 eec81000 x x x x x x 0 0 x x x 0 0 x x x x x 2 x
b01f2617 1 0 xx xx 0c b01f2000 1 1 0 0 x x 0 0 x x x 0 0 x x x x x 1 x
f6ac0f37 1 0 xx xx 1e f6ac0000 x x x x x x 0 0 x x x 0 0 x x x x x 2 x
94a1e617 1 0 xx xx 0c 94a1e000 1 1 0 0 x x 0 0 x x x 0 0 x x x x x 1 x
9e1ef837 1 0 xx xx 10 9e1ef000 x x x x x x 0 0 x x x 0 0 x x x x x 2 x
ef863e17 1 0 xx xx 1c ef863000 1 1 0 0 x x 0 0 x x x 0 0 x x x x x 1 x
80000cb7 1 0 xx xx 19 80000000 x x x x x x 0 0 x x x 0 0 x x x x x 2 x
d6ed5a17 1 0 xx xx 14 d6ed5000 1 1 0 0 x x 0 0 x x x 0 0 x x x x x 1 x
78fb7e37 1 0 xx xx 1c 78fb7000 x x x x x x 0 0 x x x 0 0 x x x x x 2 x
fffff697 1 0 xx xx 0d fffff000 1 1 0 0 x x 0 0 x x x 0 0 x x x x x 1 x
68bd1cb7 1 0 xx xx 19 68bd1000 x x x x x x 0 0 x x x 0 0 x x x x x 2 x
da3f2397 1 0 xx xx 07 da3f2000 1 1 0 0 x x 0 0 x x x 0 0 x x x x x 1 x
08636f37 1 0 xx xx 1e 08636000 x x x x x x 0 0 x x x 0 0 x x x x x 2 x
dddb0017 1 0 xx xx 00 dddb0000 1 1 0 0 x x 0 0 x x x 0 0 x x x x x 1 x
b210bb37 1 0 xx xx 16 b210b000 x x x x x x 0 0 x x x 0 0 x x x x x 2 x
80000697 1 0 xx xx 0d 80000000 1 1 0 0 x x 0 0 x x x 0 0 x x x x x 1 x
f6e92f37 1 0 xx xx 1e f6e92000 x x x x x x 0 0 x x x 0 0 x x x x x 2 x
fffff117 1 0 xx xx 02 fffff000 1 1 0 0 x x 0 0 x x x 0 0 x x x x x 1 x
7ffff937 1 0 xx xx 12 7ffff000 x x x x x x 0 0 x x x 0 0 x x x x x 2 x
12345c97 1 0 xx xx 19 12345000 1 1 0 0 x x 0 0 x x x 0 0 x x x x x 1 x
1212da37 1 0 xx xx 14 1212d000 x x x x x x 0 0 x x x 0 0 x x x x x 2 x
7ffff297 1 0 xx xx 05 7ffff000 1 1 0 0 x x 0 0 x x x 0 0 x x x x x 1 x
988b7fb7 1 0 xx xx 1f 988b7000 x x x x x x 0 0 x x x 0 0 x x x x x 2 x
26c16017 1 0 xx xx 00 26c16000 1 1 0 0 x x 0 0 x x x 0 0 x x x x x 1 x
123455b7 1 0 xx xx 0b 12345000 x x x x x x 0 0 x x x 0 0 x x x x x 2 x
3fb4c017 1 0 xx xx 00 3fb4c000 1 1 0 0 x x 0 0 x x x 0 0 x x x x x 1 x
131fbab7 1 0 xx xx 15 131fb000 x x x x x x 0 0 x x x 0 0 x x x x x 2 x
4062bf97 1 0 xx xx 1f 4062b000 1 1 0 0 x x 0 0 x x x 0 0 x x x x x 1 x
8af15737 1 0 xx xx 0e 8af15000 x x x x x x 0 0 x x x 0 0 x x x x x 2 x
6fc3cb97 1 0 xx xx 17 6fc3c000 1 1 0 0 x x 0 0 x x x 0 0 x x x x x 1 x
c15461b7 1 0 xx xx 03 c1546000 x x x x x x 0 0 x x x 0 0 x x x x x 2 x
918b1f17 1 0 xx xx 1e 918b1000 1 1 0 0 x x 0 0 x x x 0 0 x x x x x 1 x
12345d37 1 0 xx xx 1a 12345000 x x x x x x 0 0 x x x 0 0 x x x x x 2 x
12345017 1 0 xx xx 00 12345000 1 1 0 0 x x 0 0 x x x 0 0 x x x x x 1 x
12345837 1 0 xx xx 10 12345000 x x x x x x 0 0 x x x 0 0 x x x x x 2 x
582ab197 1 0 xx xx 03 582ab000 1 1 0 0 x x 0 0 x x x 0 0 x x x x x 1 x
00000f37 1 0 xx xx 1e 00000000 x x x x x x 0 0 x x x 0 0 x x x x x 2 x
f9511e97 1 0 xx xx 1d f9511000 1 1 0 0 x x 0 0 x x x 0 0 x x x x x 1 x
6236d637 1 0 xx xx 0c 6236d000 x x x x x x 0 0 x x x 0 0 x x x x x 2 x
4c3a7c17 1 0 xx xx 18 4c3a7000 1 1 0 0 x x 0 0 x x x 0 0 x x x x x 1 x
717e81b7 1 0 xx xx 03 717e8000 x x x x x x 0 0 x x x 0 0 x x x x x 2 x
7ffff417 1 0 xx xx 08 7ffff000 1 1 0 0 x x 0 0 x x x 0 0 x x x x x 1 x
00000337 1 0 xx xx 06 00000000 x x x x x x 0 0 x x x 0 0 x x x x x 2 x
497e1897 1 0 xx xx 11 497e1000 1 1 0 0 x x 0 0 x x x 0 0 x x x x x 1 x
823715b7 1 0 xx xx 0b 82371000 x x x x x x 0 0 x x x 0 0 x x x x x 2 x
d28b5b97 1 0 xx xx 17 d28b5000 1 1 0 0 x x 0 0 x x x 0 0 x x x x x 1 x
fffffa37 1 0 xx xx 14 fffff000 x x x x x x 0 0 x x x 0 0 x x x x x 2 x
e7d55017 1 0 xx xx 00 e7d55000 1 1 0 0 x x 0 0 x x x 0 0 x x x x x 1 x
42bfc137 1 0 xx xx 02 42bfc000 x x x x x x 0 0 x x x 0 0 x x x x x 2 x
b71e8017 1 0 xx xx 00 b71e8000 1 1 0 0 x x 0 0 x x x 0 0 x x x x x 1 x
fffff337 1 0 xx xx 06 fffff000 x x x x x x 0 0 x x x 0 0 x x x x x 2 x
06641897 1 0 xx xx 11 06641000 1 1 0 0 x x 0 0 x x x 0 0 x x x x x 1 x
e7919037 1 0 xx xx 00 e7919000 x x x x x x 0 0 x x x 0 0 x x x x x 2 x
e79e6997 1 0 xx xx 13 e79e6000 1 1 0 0 x x 0 0 x x x 0 0 x x x x x 1 x
5a22c337 1 0 xx xx 06 5a22c000 x x x x x x 0 0 x x x 0 0 x x x x x 2 x
83ded897 1 0 xx xx 11 83ded000 1 1 0 0 x x 0 0 x x x 0 0 x x x x x 1 x
5a578837 1 0 xx xx 10 5a578000 x x x x x x 0 0 x x x 0 0 x x x x x 2 x
20032917 1 0 xx xx 12 20032000 1 1 0 0 x x 0 0 x x x 0 0 x x x x x 1 x
59671037 1 0 xx xx 00 59671000 x x x x x x 0 0 x x x 0 0 x x x x x 2 x
00000517 1 0 xx xx 0a 00000000 1 1 0 0 x x 0 0 x x x 0 0 x x x x x 1 x
12345fb7 1 0 xx xx 1f 12345000 x x x x x x 0 0 x x x 0 0 x x x x x 2 x
06a53417 1 0 xx xx 08 06a53000 1 1 0 0 x x 0 0 x x x 0 0 x x x x x 1 x
f2d083b7 1 0 xx xx 07 f2d08000 x x x x x x 0 0 x x x 0 0 x x x x x 2 x
fffff817 1 0 xx xx 10 fffff000 1 1 0 0 x x 0 0 x x x 0 0 x x x x x 1 x
03331cb7 1 0 xx xx 19 03331000 x x x x x x 0 0 x x x 0 0 x x x x x 2 x
af9ceb17 1 0 xx xx 16 af9ce000 1 1 0 0 x x 0 0 x x x 0 0 x x x x x 1 x
7ffff037 1 0 xx xx 00 7ffff000 x x x x x x 0 0 x x x 0 0 x x x x x 2 x
b94a8817 1 0 xx xx 10 b94a8000 1 1 0 0 x x 0 0 x x x 0 0 x x x x x 1 x
7ffff637 1 0 xx xx 0c 7ffff000 x x x x x x 0 0 x x x 0 0 x x x x x 2 x
04ffaa17 1 0 xx xx 14 04ffa000 1 1 0 0 x x 0 0 x x x 0 0 x x x x x 1 x
26f648b7 1 0 xx xx 11 26f64000 x x x x x x 0 0 x x x 0 0 x x x x x 2 x
33890797 1 0 xx xx 0f 33890000 1 1 0 0 x x 0 0 x x x 0 0 x x x x x 1 x
80000737 1 0 xx xx 0e 80000000 x x x x x x 0 0 x x x 0 0 x x x x x 2 x
db74ee17 1 0 xx xx 1c db74e000 1 1 0 0 x x 0 0 x x x 0 0 x x x x x 1 x
12345d37 1 0 xx xx 1a 12345000 x x x x x x 0 0 x x x 0 0 x x x x x 2 x
246a1797 1 0 xx xx 0f 246a1000 1 1 0 0 x x 0 0 x x x 0 0 x x x x x 1 x
fffffa37 1 0 xx xx 14 fffff000 x x x x x x 0 0 x x x 0 0 x x x x x 2 x
e0a85c17 1 0 xx xx 18 e0a85000 1 1 0 0 x x 0 0 x x x 0 0 x x x x x 1 x
3c388f37 1 0 xx xx 1e 3c388000 x x x x x x 0 0 x x x 0 0 x x x x x 2 x
df781597 1 0 xx xx 0b df781000 1 1 0 0 x x 0 0 x x x 0 0 x x x x x 1 x
22680737 1 0 xx xx 0e 22680000 x x x x x x 0 0 x x x 0 0 x x x x x 2 x
f435ad97 1 0 xx xx 1b f435a000 1 1 0 0 x x 0 0 x x x 0 0 x x x x x 1 x
1a6fe237 1 0 xx xx 04 1a6fe000 x x x x x x 0 0 x x x 0 0 x x x x x 2 x
80000297 1 0 xx xx 05 80000000 1 1 0 0 x x 0 0 x x x 0 0 x x x x x 1 x
bf6364b7 1 0 xx xx 09 bf636000 x x x x x x 0 0 x x x 0 0 x x x x x 2 x
ffffff97 1 0 xx xx 1f fffff000 1 1 0 0 x x 0 0 x x x 0 0 x x x x x 1 x
12345037 1 0 xx xx 00 12345000 x x x x x x 0 0 x x x 0 0 x x x x x 2 x
12345997 1 0 xx xx 13 12345000 1 1 0 0 x x 0 0 x x x 0 0 x x x x x 1 x
80000137 1 0 xx xx 02 80000000 x x x x x x 0 0 x x x 0 0 x x x x x 2 x
80000197 1 0 xx xx 03 80000000 1 1 0 0 x x 0 0 x x x 0 0 x x x x x 1 x
7ffff6b7 1 0 xx xx 0d 7ffff000 x x x x x x 0 0 x x x 0 0 x x x x x 2 x
5f094297 1 0 xx xx 05 5f094000 1 1 0 0 x x 0 0 x x x 0 0 x x x x x 1 x
c63708b7 1 0 xx xx 11 c6370000 x x x x x x 0 0 x x x 0 0 x x x x x 2 x
47a89e97 1 0 xx xx 1d 47a89000 1 1 0 0 x x 0 0 x x x 0 0 x x x x x 1 x
30178137 1 0 xx xx 02 30178000 x x x x x x 0 0 x x x 0 0 x x x x x 2 x
0cd7fe17 1 0 xx xx 1c 0cd7f000 1 1 0 0 x x 0 0 x x x 0 0 x x x x x 1 x
3142ddb7 1 0 xx xx 1b 3142d000 x x x x x x 0 0 x x x 0 0 x x x x x 2 x
7ffff917 1 0 xx xx 12 7ffff000 1 1 0 0 x x 0 0 x x x 0 0 x x x x x 1 x
314611b7 1 0 xx xx 03 31461000 x x x x x x 0 0 x x x 0 0 x x x x x 2 x
acaf4f97 1 0 xx xx 1f acaf4000 1 1 0 0 x x 0 0 x x x 0 0 x x x x x 1 x
115f5f37 1 0 xx xx 1e 115f5000 x x x x x x 0 0 x x x 0 0 x x x x x 2 x
d7522d17 1 0 xx xx 1a d7522000 1 1 0 0 x x 0 0 x x x 0 0 x x x x x 1 x
5b3a49b7 1 0 xx xx 13 5b3a4000 x x x x x x 0 0 x x x 0 0 x x x x x 2 x
392ab617 1 0 xx xx 0c 392ab000 1 1 0 0 x x 0 0 x x x 0 0 x x x x x 1 x
b413e637 1 0 xx xx 0c b413e000 x x x x x x 0 0 x x x 0 0 x x x x x 2 x
40703b17 1 0 xx xx 16 40703000 1 1 0 0 x x 0 0 x x x 0 0 x x x x x 1 x
7fffff37 1 0 xx xx 1e 7ffff000 x x x x x x 0 0 x x x 0 0 x x x x x 2 x
05c6e017 1 0 xx xx 00 05c6e000 1 1 0 0 x x 0 0 x x x 0 0 x x x x x 1 x
b0b685b7 1 0 xx xx 0b b0b68000 x x x x x x 0 0 x x x 0 0 x x x x x 2 x
12345a97 1 0 xx xx 15 12345000 1 1 0 0 x x 0 0 x x x 0 0 x x x x x 1 x
bd35cb37 1 0 xx xx 16 bd35c000 x x x x x x 0 0 x x x 0 0 x x x x x 2 x
5e2d0a97 1 0 xx xx 15 5e2d0000 1 1 0 0 x x 0 0 x x x 0 0 x x x x x 1 x
80000037 1 0 xx xx 00 80000000 x x x x x x 0 0 x x x 0 0 x x x x x 2 x
1a3c0017 1 0 xx xx 00 1a3c0000 1 1 0 0 x x 0 0 x x x 0 0 x x x x x 1 x
499508b7 1 0 xx xx 11 49950000 x x x x x x 0 0 x x x 0 0 x x x x x 2 x
80000b17 1 0 xx xx 16 80000000 1 1 0 0 x x 0 0 x x x 0 0 x x x x x 1 x
af8756b7 1 0 xx xx 0d af875000 x x x x x x 0 0 x x x 0 0 x x x x x 2 x
f087f017 1 0 xx xx 00 f087f000 1 1 0 0 x x 0 0 x x x 0 0 x x x x x 1 x
36fc0137 1 0 xx xx 02 36fc0000 x x x x x x 0 0 x x x 0 0 x x x x x 2 x
f0a2fc97 1 0 xx xx 19 f0a2f000 1 1 0 0 x x 0 0 x x x 0 0 x x x x x 1 x
00dbabb7 1 0 xx xx 17 00dba000 x x x x x x 0 0 x x x 0 0 x x x x x 2 x
30329897 1 0 xx xx 11 30329000 1 1 0 0 x x 0 0 x x x 0 0 x x x x x 1 x
05f28637 1 0 xx xx 0c 05f28000 x x x x x x 0 0 x x x 0 0 x x x x x 2 x
e8bfda17 1 0 xx xx 14 e8bfd000 1 1 0 0 x x 0 0 x x x 0 0 x x x x x 1 x
7ffff6b7 1 0 xx xx 0d 7ffff000 x x x x x x 0 0 x x x 0 0 x x x x x 2 x
00000b97 1 0 xx xx 17 00000000 1 1 0 0 x x 0 0 x x x 0 0 x x x x x 1 x
77860b37 1 0 xx xx 16 77860000 x x x x x x 0 0 x x x 0 0 x x x x x 2 x
fd0ab017 1 0 xx xx 00 fd0ab000 1 1 0 0 x x 0 0 x x x 0 0 x x x x x 1 x
0f6b94b7 1 0 xx xx 09 0f6b9000 x x x x x x 0 0 x x x 0 0 x x x x x 2 x
4fa91397 1 0 xx xx 07 4fa91000 1 1 0 0 x x 0 0 x x x 0 0 x x x x x 1 x
00000037 1 0 xx xx 00 00000000 x x x x x x 0 0 x x x 0 0 x x x x x 2 x
fffff017 1 0 xx xx 00 fffff000 1 1 0 0 x x 0 0 x x x 0 0 x x x x x 1 x
8164a037 1 0 xx xx 00 8164a000 x x x x x x 0 0 x x x 0 0 x x x x x 2 x
6c8e6997 1 0 xx xx 13 6c8e6000 1 1 0 0 x x 0 0 x x x 0 0 x x x x x 1 x
5d29a037 1 0 xx xx 00 5d29a000 x x x x x x 0 0 x x x 0 0 x x x x x 2 x
42277317 1 0 xx xx 06 42277000 1 1 0 0 x x 0 0 x x x 0 0 x x x x x 1 x
1998da37 1 0 xx xx 14 1998d000 x x x x x x 0 0 x x x 0 0 x x x x x 2 x
4e00fc17 1 0 xx xx 18 4e00f000 1 1 0 0 x x 0 0 x x x 0 0 x x x x x 1 x
e8c6ab37 1 0 xx xx 16 e8c6a000 x x x x x x 0 0 x x x 0 0 x x x x x 2 x
332bc117 1 0 xx xx 02 332bc000 1 1 0 0 x x 0 0 x x x 0 0 x x x x x 1 x
a033c9b7 1 0 xx xx 13 a033c000 x x x x x x 0 0 x x x 0 0 x x x x x 2 x
2525b817 1 0 xx xx 10 2525b000 1 1 0 0 x x 0 0 x x x 0 0 x x x x x 1 x
7ffff137 1 0 xx xx 02 7ffff000 x x x x x x 0 0 x x x 0 0 x x x x x 2 x
2666b117 1 0 xx xx 02 2666b000 1 1 0 0 x x 0 0 x x x 0 0 x x x x x 1 x
000005b7 1 0 xx xx 0b 00000000 x x x x x x 0 0 x x x 0 0 x x x x x 2 x
9aaf6917 1 0 xx xx 12 9aaf6000 1 1 0 0 x x 0 0 x x x 0 0 x x x x x 1 x
00000337 1 0 xx xx 06 00000000 x x x x x x 0 0 x x x 0 0 x x x x x 2 x
3c043017 1 0 xx xx 00 3c043000 1 1 0 0 x x 0 0 x x x 0 0 x x x x x 1 x
80000f37 1 0 xx xx 1e 80000000 x x x x x x 0 0 x x x 0 0 x x x x x 2 x
2ac6d617 1 0 xx xx 0c 2ac6d000 1 1 0 0 x x 0 0 x x x 0 0 x x x x x 1 x
9dfa8537 1 0 xx xx 0a 9dfa8000 x x x x x x 0 0 x x x 0 0 x x x x x 2 x
65a1ab17 1 0 xx xx 16 65a1a000 1 1 0 0 x x 0 0 x x x 0 0 x x x x x 1 x
095752b7 1 0 xx xx 05 09575000 x x x x x x 0 0 x x x 0 0 x x x x x 2 x
e5ba6697 1 0 xx xx 0d e5ba6000 1 1 0 0 x x 0 0 x x x 0 0 x x x x x 1 x
675dbcb7 1 0 xx xx 19 675db000 x x x x x x 0 0 x x x 0 0 x x x x x 2 x
9387c117 1 0 xx xx 02 9387c000 1 1 0 0 x x 0 0 x x x 0 0 x x x x x 1 x
a6d7c037 1 0 xx xx 00 a6d7c000 x x x x x x 0 0 x x x 0 0 x x x x x 2 x
acea3f97 1 0 xx xx 1f acea3000 1 1 0 0 x x 0 0 x x x 0 0 x x x x x 1 x
bb48ec37 1 0 xx xx 18 bb48e000 x x x x x x 0 0 x x x 0 0 x x x x x 2 x
1330c017 1 0 xx xx 00 1330c000 1 1 0 0 x x 0 0 x x x 0 0 x x x x x 1 x
f2a8cfb7 1 0 xx xx 1f f2a8c000 x x x x x x 0 0 x x x 0 0 x x x x x 2 x
12345897 1 0 xx xx 11 12345000 1 1 0 0 x x 0 0 x x x 0 0 x x x x x 1 x
74a96ab7 1 0 xx xx 15 74a96000 x x x x x x 0 0 x x x 0 0 x x x x x 2 x
de344397 1 0 xx xx 07 de344000 1 1 0 0 x x 0 0 x x x 0 0 x x x x x 1 x
df78ddb7 1 0 xx xx 1b df78d000 x x x x x x 0 0 x x x 0 0 x x x x x 2 x
fcc68997 1 0 xx xx 13 fcc68000 1 1 0 0 x x 0 0 x x x 0 0 x x x x x 1 x
4c9352b7 1 0 xx xx 05 4c935000 x x x x x x 0 0 x x x 0 0 x x x x x 2 x
8eff3597 1 0 xx xx 0b 8eff3000 1 1 0 0 x x 0 0 x x x 0 0 x x x x x 1 x
999639b7 1 0 xx xx 13 99963000 x x x x x x 0 0 x x x 0 0 x x x x x 2 x
ffa52497 1 0 xx xx 09 ffa52000 1 1 0 0 x x 0 0 x x x 0 0 x x x x x 1 x
3c7cf637 1 0 xx xx 0c 3c7cf000 x x x x x x 0 0 x x x 0 0 x x x x x 2 x
ad245917 1 0 xx xx 12 ad245000 1 1 0 0 x x 0 0 x x x 0 0 x x x x x 1 x
e915e2b7 1 0 xx xx 05 e915e000 x x x x x x 0 0 x x x 0 0 x x x x x 2 x
045b8c17 1 0 xx xx 18 045b8000 1 1 0 0 x x 0 0 x x x 0 0 x x x x x 1 x
faaa10b7 1 0 xx xx 01 faaa1000 x x x x x x 0 0 x x x 0 0 x x x x x 2 x
0636a997 1 0 xx xx 13 0636a000 1 1 0 0 x x 0 0 x x x 0 0 x x x x x 1 x
4dbabeb7 1 0 xx xx 1d 4dbab000 x x x x x x 0 0 x x x 0 0 x x x x x 2 x
53553e97 1 0 xx xx 1d 53553000 1 1 0 0 x x 0 0 x x x 0 0 x x x x x 1 x
fffff8b7 1 0 xx xx 11 fffff000 x x x x x x 0 0 x x x 0 0 x x x x x 2 x
fffff017 1 0 xx xx 00 fffff000 1 1 0 0 x x 0 0 x x x 0 0 x x x x x 1 x
b1606d37 1 0 xx xx 1a b1606000 x x x x x x 0 0 x x x 0 0 x x x x x 2 x
a4766917 1 0 xx xx 12 a4766000 1 1 0 0 x x 0 0 x x x 0 0 x x x x x 1 x
80000037 1 0 xx xx 00 80000000 x x x x x x 0 0 x x x 0 0 x x x x x 2 x
3b146517 1 0 xx xx 0a 3b146000 1 1 0 0 x x 0 0 x x x 0 0 x x x x x 1 x
6e75dfb7 1 0 xx xx 1f 6e75d000 x x x x x x 0 0 x x x 0 0 x x x x x 2 x
ca660c97 1 0 xx xx 19 ca660000 1 1 0 0 x x 0 0 x x x 0 0 x x x x x 1 x
109a7737 1 0 xx xx 0e 109a7000 x x x x x x 0 0 x x x 0 0 x x x x x 2 x
00000197 1 0 xx xx 03 00000000 1 1 0 0 x x 0 0 x x x 0 0 x x x x x 1 x
5c7a2437 1 0 xx xx 08 5c7a2000 x x x x x x 0 0 x x x 0 0 x x x x x 2 x
a792f717 1 0 xx xx 0e a792f000 1 1 0 0 x x 0 0 x x x 0 0 x x x x x 1 x
b5d67437 1 0 xx xx 08 b5d67000 x x x x x x 0 0 x x x 0 0 x x x x x 2 x
51a0cd97 1 0 xx xx 1b 51a0c000 1 1 0 0 x x 0 0 x x x 0 0 x x x x x 1 x
00000737 1 0 xx xx 0e 00000000 x x x x x x 0 0 x x x 0 0 x x x x x 2 x
379c8117 1 0 xx xx 02 379c8000 1 1 0 0 x x 0 0 x x x 0 0 x x x x x 1 x
39534e37 1 0 xx xx 1c 39534000 x x x x x x 0 0 x x x 0 0 x x x x x 2 x
daf7bf17 1 0 xx xx 1e daf7b000 1 1 0 0 x x 0 0 x x x 0 0 x x x x x 1 x
caa65d37 1 0 xx xx 1a caa65000 x x x x x x 0 0 x x x 0 0 x x x x x 2 x
3f11a617 1 0 xx xx 0c 3f11a000 1 1 0 0 x x 0 0 x x x 0 0 x x x x x 1 x
123459b7 1 0 xx xx 13 12345000 x x x x x x 0 0 x x x 0 0 x x x x x 2 x
49600d17 1 0 xx xx 1a 49600000 1 1 0 0 x x 0 0 x x x 0 0 x x x x x 1 x
00000237 1 0 xx xx 04 00000000 x x x x x x 0 0 x x x 0 0 x x x x x 2 x
12345597 1 0 xx xx 0b 12345000 1 1 0 0 x x 0 0 x x x 0 0 x x x x x 1 x
7ffffcb7 1 0 xx xx 19 7ffff000 x x x x x x 0 0 x x x 0 0 x x x x x 2 x
80000017 1 0 xx xx 00 80000000 1 1 0 0 x x 0 0 x x x 0 0 x x x x x 1 x
123458b7 1 0 xx xx 11 12345000 x x x x x x 0 0 x x x 0 0 x x x x x 2 x
e4c38917 1 0 xx xx 12 e4c38000 1 1 0 0 x x 0 0 x x x 0 0 x x x x x 1 x
743b5bb7 1 0 xx xx 17 743b5000 x x x x x x 0 0 x x x 0 0 x x x x x 2 x
7ffff897 1 0 xx xx 11 7ffff000 1 1 0 0 x x 0 0 x x x 0 0 x x x x x 1 x
93d34137 1 0 xx xx 02 93d34000 x x x x x x 0 0 x x x 0 0 x x x x x 2 x
d75ab017 1 0 xx xx 00 d75ab000 1 1 0 0 x x 0 0 x x x 0 0 x x x x x 1 x
00000037 1 0 xx xx 00 00000000 x x x x x x 0 0 x x x 0 0 x x x x x 2 x
475e6f17 1 0 xx xx 1e 475e6000 1 1 0 0 x x 0 0 x x x 0 0 x x x x x 1 x
800000b7 1 0 xx xx 01 80000000 x x x x x x 0 0 x x x 0 0 x x x x x 2 x
76a8ef97 1 0 xx xx 1f 76a8e000 1 1 0 0 x x 0 0 x x x 0 0 x x x x x 1 x
ed35d937 1 0 xx xx 12 ed35d000 x x x x x x 0 0 x x x 0 0 x x x x x 2 x
3aad3817 1 0 xx xx 10 3aad3000 1 1 0 0 x x 0 0 x x x 0 0 x x x x x 1 x
0ee1a637 1 0 xx xx 0c 0ee1a000 x x x x x x 0 0 x x x 0 0 x x x x x 2 x
7ffffd97 1 0 xx xx 1b 7ffff000 1 1 0 0 x x 0 0 x x x 0 0 x x x x x 1 x
b29ac037 1 0 xx xx 00 b29ac000 x x x x x x 0 0 x x x 0 0 x x x x x 2 x
de28cf97 1 0 xx xx 1f de28c000 1 1 0 0 x x 0 0 x x x 0 0 x x x x x 1 x
daee92b7 1 0 xx xx 05 daee9000 x x x x x x 0 0 x x x 0 0 x x x x x 2 x
fffff397 1 0 xx xx 07 fffff000 1 1 0 0 x x 0 0 x x x 0 0 x x x x x 1 x
435532b7 1 0 xx xx 05 43553000 x x x x x x 0 0 x x x 0 0 x x x x x 2 x
fffffe17 1 0 xx xx 1c fffff000 1 1 0 0 x x 0 0 x x x 0 0 x x x x x 1 x
4b922bb7 1 0 xx xx 17 4b922000 x x x x x x 0 0 x x x 0 0 x x x x x 2 x
11d72517 1 0 xx xx 0a 11d72000 1 1 0 0 x x 0 0 x x x 0 0 x x x x x 1 x
7ffff937 1 0 xx xx 12 7ffff000 x x x x x x 0 0 x x x 0 0 x x x x x 2 x
3f407317 1 0 xx xx 06 3f407000 1 1 0 0 x x 0 0 x x x 0 0 x x x x x 1 x
0416e5b7 1 0 xx xx 0b 0416e000 x x x x x x 0 0 x x x 0 0 x x x x x 2 x
304d3017 1 0 xx xx 00 304d3000 1 1 0 0 x x 0 0 x x x 0 0 x x x x x 1 x
3468d5b7 1 0 xx xx 0b 3468d000 x x x x x x 0 0 x x x 0 0 x x x x x 2 x
1907a617 1 0 xx xx 0c 1907a000 1 1 0 0 x x 0 0 x x x 0 0 x x x x x 1 x
4a4c93b7 1 0 xx xx 07 4a4c9000 x x x x x x 0 0 x x x 0 0 x x x x x 2 x
ae83b517 1 0 xx xx 0a ae83b000 1 1 0 0 x x 0 0 x x x 0 0 x x x x x 1 x
2ec1c0b7 1 0 xx xx 01 2ec1c000 x x x x x x 0 0 x x x 0 0 x x x x x 2 x
11652b97 1 0 xx xx 17 11652000 1 1 0 0 x x 0 0 x x x 0 0 x x x x x 1 x
12ceaf37 1 0 xx xx 1e 12cea000 x x x x x x 0 0 x x x 0 0 x x x x x 2 x
fa99e097 1 0 xx xx 01 fa99e000 1 1 0 0 x x 0 0 x x x 0 0 x x x x x 1 x
ab2adfb7 1 0 xx xx 1f ab2ad000 x x x x x x 0 0 x x x 0 0 x x x x x 2 x
ffffff17 1 0 xx xx 1e fffff000 1 1 0 0 x x 0 0 x x x 0 0 x x x x x 1 x
974ffdb7 1 0 xx xx 1b 974ff000 x x x x x x 0 0 x x x 0 0 x x x x x 2 x
05b57517 1 0 xx xx 0a 05b57000 1 1 0 0 x x 0 0 x x x 0 0 x x x x x 1 x
704a4037 1 0 xx xx 00 704a4000 x x x x x x 0 0 x x x 0 0 x x x x x 2 x
de472617 1 0 xx xx 0c de472000 1 1 0 0 x x 0 0 x x x 0 0 x x x x x 1 x
b1c301b7 1 0 xx xx 03 b1c30000 x x x x x x 0 0 x x x 0 0 x x x x x 2 x
7ffff017 1 0 xx xx 00 7ffff000 1 1 0 0 x x 0 0 x x x 0 0 x x x x x 1 x
1b8d6db7 1 0 xx xx 1b 1b8d6000 x x x x x x 0 0 x x x 0 0 x x x x x 2 x
285cbc97 1 0 xx xx 19 285cb000 1 1 0 0 x x 0 0 x x x 0 0 x x x x x 1 x
94fa4a37 1 0 xx xx 14 94fa4000 x x x x x x 0 0 x x x 0 0 x x x x x 2 x
80000a17 1 0 xx xx 14 80000000 1 1 0 0 x x 0 0 x x x 0 0 x x x x x 1 x
30f8f237 1 0 xx xx 04 30f8f000 x x x x x x 0 0 x x x 0 0 x x x x x 2 x
a1d2f217 1 0 xx xx 04 a1d2f000 1 1 0 0 x x 0 0 x x x 0 0 x x x x x 1 x
1ef91fb7 1 0 xx xx 1f 1ef91000 x x x x x x 0 0 x x x 0 0 x x x x x 2 x
6b277917 1 0 xx xx 12 6b277000 1 1 0 0 x x 0 0 x x x 0 0 x x x x x 1 x
6d4022b7 1 0 xx xx 05 6d402000 x x x x x x 0 0 x x x 0 0 x x x x x 2 x
e83faf17 1 0 xx xx 1e e83fa000 1 1 0 0 x x 0 0 x x x 0 0 x x x x x 1 x
97ff10b7 1 0 xx xx 01 97ff1000 x x x x x x 0 0 x x x 0 0 x x x x x 2 x
1ce50917 1 0 xx xx 12 1ce50000 1 1 0 0 x x 0 0 x x x 0 0 x x x x x 1 x
168f5ab7 1 0 xx xx 15 168f5000 x x x x x x 0 0 x x x 0 0 x x x x x 2 x
2c5d8c97 1 0 xx xx 19 2c5d8000 1 1 0 0 x x 0 0 x x x 0 0 x x x x x 1 x
11831fb7 1 0 xx xx 1f 11831000 x x x x x x 0 0 x x x 0 0 x x x x x 2 x
dd169a97 1 0 xx xx 15 dd169000 1 1 0 0 x x 0 0 x x x 0 0 x x x x x 1 x
80000e37 1 0 xx xx 1c 80000000 x x x x x x 0 0 x x x 0 0 x x x x x 2 x
79d4f797 1 0 xx xx 0f 79d4f000 1 1 0 0 x x 0 0 x x x 0 0 x x x x x 1 x
56f3ce37 1 0 xx xx 1c 56f3c000 x x x x x x 0 0 x x x 0 0 x x x x x 2 x
5044fd17 1 0 xx xx 1a 5044f000 1 1 0 0 x x 0 0 x x x 0 0 x x x x x 1 x
aa183037 1 0 xx xx 00 aa183000 x x x x x x 0 0 x x x 0 0 x x x x x 2 x
3a810017 1 0 xx xx 00 3a810000 1 1 0 0 x x 0 0 x x x 0 0 x x x x x 1 x
fffff1b7 1 0 xx xx 03 fffff000 x x x x x x 0 0 x x x 0 0 x x x x x 2 x
e3345b17 1 0 xx xx 16 e3345000 1 1 0 0 x x 0 0 x x x 0 0 x x x x x 1 x
12345037 1 0 xx xx 00 12345000 x x x x x x 0 0 x x x 0 0 x x x x x 2 x
cd79b017 1 0 xx xx 00 cd79b000 1 1 0 0 x x 0 0 x x x 0 0 x x x x x 1 x
885e3ab7 1 0 xx xx 15 885e3000 x x x x x x 0 0 x x x 0 0 x x x x x 2 x
8df2a197 1 0 xx xx 03 8df2a000 1 1 0 0 x x 0 0 x x x 0 0 x x x x x 1 x
6d654db7 1 0 xx xx 1b 6d654000 x x x x x x 0 0 x x x 0 0 x x x x x 2 x
4498e517 1 0 xx xx 0a 4498e000 1 1 0 0 x x 0 0 x x x 0 0 x x x x x 1 x
a57e0c37 1 0 xx xx 18 a57e0000 x x x x x x 0 0 x x x 0 0 x x x x x 2 x
ae91e997 1 0 xx xx 13 ae91e000 1 1 0 0 x x 0 0 x x x 0 0 x x x x x 1 x
cd55b0b7 1 0 xx xx 01 cd55b000 x x x x x x 0 0 x x x 0 0 x x x x x 2 x
12345c97 1 0 xx xx 19 12345000 1 1 0 0 x x 0 0 x x x 0 0 x x x x x 1 x
c1320d37 1 0 xx xx 1a c1320000 x x x x x x 0 0 x x x 0 0 x x x x x 2 x
00000a17 1 0 xx xx 14 00000000 1 1 0 0 x x 0 0 x x x 0 0 x x x x x 1 x
9401f6b7 1 0 xx xx 0d 9401f000 x x x x x x 0 0 x x x 0 0 x x x x x 2 x
fffff017 1 0 xx xx 00 fffff000 1 1 0 0 x x 0 0 x x x 0 0 x x x x x 1 x
36a58cb7 1 0 xx xx 19 36a58000 x x x x x x 0 0 x x x 0 0 x x x x x 2 x
9b6fc797 1 0 xx xx 0f 9b6fc000 1 1 0 0 x x 0 0 x x x 0 0 x x x x x 1 x
d23d12b7 1 0 xx xx 05 d23d1000 x x x x x x 0 0 x x x 0 0 x x x x x 2 x
56f8ed97 1 0 xx xx 1b 56f8e000 1 1 0 0 x x 0 0 x x x 0 0 x x x x x 1 x
63e0ddb7 1 0 xx xx 1b 63e0d000 x x x x x x 0 0 x x x 0 0 x x x x x 2 x
ec286e97 1 0 xx xx 1d ec286000 1 1 0 0 x x 0 0 x x x 0 0 x x x x x 1 x
7fffffb7 1 0 xx xx 1f 7ffff000 x x x x x x 0 0 x x x 0 0 x x x x x 2 x
5fe17d17 1 0 xx xx 1a 5fe17000 1 1 0 0 x x 0 0 x x x 0 0 x x x x x 1 x
c03c44b7 1 0 xx xx 09 c03c4000 x x x x x x 0 0 x x x 0 0 x x x x x 2 x
917b6b97 1 0 xx xx 17 917b6000 1 1 0 0 x x 0 0 x x x 0 0 x x x x x 1 x
6b74f0b7 1 0 xx xx 01 6b74f000 x x x x x x 0 0 x x x 0 0 x x x x x 2 x
a5110897 1 0 xx xx 11 a5110000 1 1 0 0 x x 0 0 x x x 0 0 x x x x x 1 x
36c8c537 1 0 xx xx 0a 36c8c000 x x x x x x 0 0 x x x 0 0 x x x x x 2 x
4b130d97 1 0 xx xx 1b 4b130000 1 1 0 0 x x 0 0 x x x 0 0 x x x x x 1 x
00000537 1 0 xx xx 0a 00000000 x x x x x x 0 0 x x x 0 0 x x x x x 2 x
80000617 1 0 xx xx 0c 80000000 1 1 0 0 x x 0 0 x x x 0 0 x x x x x 1 x
4418cfb7 1 0 xx xx 1f 4418c000 x x x x x x 0 0 x x x 0 0 x x x x x 2 x
086da917 1 0 xx xx 12 086da000 1 1 0 0 x x 0 0 x x x 0 0 x x x x x 1 x
36604cb7 1 0 xx xx 19 36604000 x x x x x x 0 0 x x x 0 0 x x x x x 2 x
9a8c0117 1 0 xx xx 02 9a8c0000 1 1 0 0 x x 0 0 x x x 0 0 x x x x x 1 x
80000137 1 0 xx xx 02 80000000 x x x x x x 0 0 x x x 0 0 x x x x x 2 x
7ffffa97 1 0 xx xx 15 7ffff000 1 1 0 0 x x 0 0 x x x 0 0 x x x x x 1 x
7ffff6b7 1 0 xx xx 0d 7ffff000 x x x x x x 0 0 x x x 0 0 x x x x x 2 x
5c762d17 1 0 xx xx 1a 5c762000 1 1 0 0 x x 0 0 x x x 0 0 x x x x x 1 x
57d797b7 1 0 xx xx 0f 57d79000 x x x x x x 0 0 x x x 0 0 x x x x x 2 x
98060617 1 0 xx xx 0c 98060000 1 1 0 0 x x 0 0 x x x 0 0 x x x x x 1 x
dd592f37 1 0 xx xx 1e dd592000 x x x x x x 0 0 x x x 0 0 x x x x x 2 x
3245a597 1 0 xx xx 0b 3245a000 1 1 0 0 x x 0 0 x x x 0 0 x x x x x 1 x
00000337 1 0 xx xx 06 00000000 x x x x x x 0 0 x x x 0 0 x x x x x 2 x
a511fe97 1 0 xx xx 1d a511f000 1 1 0 0 x x 0 0 x x x 0 0 x x x x x 1 x
7fffffb7 1 0 xx xx 1f 7ffff000 x x x x x x 0 0 x x x 0 0 x x x x x 2 x
17ce4017 1 0 xx xx 00 17ce4000 1 1 0 0 x x 0 0 x x x 0 0 x x x x x 1 x
4de698b7 1 0 xx xx 11 4de69000 x x x x x x 0 0 x x x 0 0 x x x x x 2 x
12345397 1 0 xx xx 07 12345000 1 1 0 0 x x 0 0 x x x 0 0 x x x x x 1 x
939a6e37 1 0 xx xx 1c 939a6000 x x x x x x 0 0 x x x 0 0 x x x x x 2 x
fffff597 1 0 xx xx 0b fffff000 1 1 0 0 x x 0 0 x x x 0 0 x x x x x 1 x
d35c25b7 1 0 xx xx 0b d35c2000 x x x x x x 0 0 x x x 0 0 x x x x x 2 x
48375297 1 0 xx xx 05 48375000 1 1 0 0 x x 0 0 x x x 0 0 x x x x x 1 x
4bf100b7 1 0 xx xx 01 4bf10000 x x x x x x 0 0 x x x 0 0 x x x x x 2 x
12345897 1 0 xx xx 11 12345000 1 1 0 0 x x 0 0 x x x 0 0 x x x x x 1 x
3260c4b7 1 0 xx xx 09 3260c000 x x x x x x 0 0 x x x 0 0 x x x x x 2 x
8e4a1697 1 0 xx xx 0d 8e4a1000 1 1 0 0 x x 0 0 x x x 0 0 x x x x x 1 x
54b35337 1 0 xx xx 06 54b35000 x x x x x x 0 0 x x x 0 0 x x x x x 2 x
ce1b7f97 1 0 xx xx 1f ce1b7000 1 1 0 0 x x 0 0 x x x 0 0 x x x x x 1 x
566c3037 1 0 xx xx 00 566c3000 x x x x x x 0 0 x x x 0 0 x x x x x 2 x
13919b17 1 0 xx xx 16 13919000 1 1 0 0 x x 0 0 x x x 0 0 x x x x x 1 x
b722a237 1 0 xx xx 04 b722a000 x x x x x x 0 0 x x x 0 0 x x x x x 2 x
fffff297 1 0 xx xx 05 fffff000 1 1 0 0 x x 0 0 x x x 0 0 x x x x x 1 x
9aea3d37 1 0 xx xx 1a 9aea3000 x x x x x x 0 0 x x x 0 0 x x x x x 2 x
1b10c097 1 0 xx xx 01 1b10c000 1 1 0 0 x x 0 0 x x x 0 0 x x x x x 1 x
7ffffd37 1 0 xx xx 1a 7ffff000 x x x x x x 0 0 x x x 0 0 x x x x x 2 x
f8bc3817 1 0 xx xx 10 f8bc3000 1 1 0 0 x x 0 0 x x x 0 0 x x x x x 1 x
3c1835b7 1 0 xx xx 0b 3c183000 x x x x x x 0 0 x x x 0 0 x x x x x 2 x
fffff517 1 0 xx xx 0a fffff000 1 1 0 0 x x 0 0 x x x 0 0 x x x x x 1 x
780b0db7 1 0 xx xx 1b 780b0000 x x x x x x 0 0 x x x 0 0 x x x x x 2 x
fcb2bd17 1 0 xx xx 1a fcb2b000 1 1 0 0 x x 0 0 x x x 0 0 x x x x x 1 x
96d43bb7 1 0 xx xx 17 96d43000 x x x x x x 0 0 x x x 0 0 x x x x x 2 x
4a704197 1 0 xx xx 03 4a704000 1 1 0 0 x x 0 0 x x x 0 0 x x x x x 1 x
44f06137 1 0 xx xx 02 44f06000 x x x x x x 0 0 x x x 0 0 x x x x x 2 x
4ca19197 1 0 xx xx 03 4ca19000 1 1 0 0 x x 0 0 x x x 0 0 x x x x x 1 x
aa1491b7 1 0 xx xx 03 aa149000 x x x x x x 0 0 x x x 0 0 x x x x x 2 x
80000097 1 0 xx xx 01 80000000 1 1 0 0 x x 0 0 x x x 0 0 x x x x x 1 x
56557eb7 1 0 xx xx 1d 56557000 x x x x x x 0 0 x x x 0 0 x x x x x 2 x
80000c17 1 0 xx xx 18 80000000 1 1 0 0 x x 0 0 x x x 0 0 x x x x x 1 x
00000a37 1 0 xx xx 14 00000000 x x x x x x 0 0 x x x 0 0 x x x x x 2 x
6bc82817 1 0 xx xx 10 6bc82000 1 1 0 0 x x 0 0 x x x 0 0 x x x x x 1 x
4ff97137 1 0 xx xx 02 4ff97000 x x x x x x 0 0 x x x 0 0 x x x x x 2 x
00000397 1 0 xx xx 07 00000000 1 1 0 0 x x 0 0 x x x 0 0 x x x x x 1 x
4a7f9f37 1 0 xx xx 1e 4a7f9000 x x x x x x 0 0 x x x 0 0 x x x x x 2 x
a669bf97 1 0 xx xx 1f a669b000 1 1 0 0 x x 0 0 x x x 0 0 x x x x x 1 x
13936037 1 0 xx xx 00 13936000 x x x x x x 0 0 x x x 0 0 x x x x x 2 x
ed15d617 1 0 xx xx 0c ed15d000 1 1 0 0 x x 0 0 x x x 0 0 x x x x x 1 x
18014237 1 0 xx xx 04 18014000 x x x x x x 0 0 x x x 0 0 x x x x x 2 x
c6028917 1 0 xx xx 12 c6028000 1 1 0 0 x x 0 0 x x x 0 0 x x x x x 1 x
eb1ee637 1 0 xx xx 0c eb1ee000 x x x x x x 0 0 x x x 0 0 x x x x x 2 x
cf640897 1 0 xx xx 11 cf640000 1 1 0 0 x x 0 0 x x x 0 0 x x x x x 1 x
813c7fb7 1 0 xx xx 1f 813c7000 x x x x x x 0 0 x x x 0 0 x x x x x 2 x
5198e217 1 0 xx xx 04 5198e000 1 1 0 0 x x 0 0 x x x 0 0 x x x x x 1 x
9e039db7 1 0 xx xx 1b 9e039000 x x x x x x 0 0 x x x 0 0 x x x x x 2 x
2b1f2897 1 0 xx xx 11 2b1f2000 1 1 0 0 x x 0 0 x x x 0 0 x x x x x 1 x
12345f37 1 0 xx xx 1e 12345000 x x x x x x 0 0 x x x 0 0 x x x x x 2 x
12345917 1 0 xx xx 12 12345000 1 1 0 0 x x 0 0 x x x 0 0 x x x x x 1 x
12345637 1 0 xx xx 0c 12345000 x x x x x x 0 0 x x x 0 0 x x x x x 2 x
5bf6e697 1 0 xx xx 0d 5bf6e000 1 1 0 0 x x 0 0 x x x 0 0 x x x x x 1 x
797f08b7 1 0 xx xx 11 797f0000 x x x x x x 0 0 x x x 0 0 x x x x x 2 x
80000917 1 0 xx xx 12 80000000 1 1 0 0 x x 0 0 x x x 0 0 x x x x x 1 x
77262337 1 0 xx xx 06 77262000 x x x x x x 0 0 x x x 0 0 x x x x x 2 x
836b4017 1 0 xx xx 00 836b4000 1 1 0 0 x x 0 0 x x x 0 0 x x x x x 1 x
7ffff737 1 0 xx xx 0e 7ffff000 x x x x x x 0 0 x x x 0 0 x x x x x 2 x
0a7e3017 1 0 xx xx 00 0a7e3000 1 1 0 0 x x 0 0 x x x 0 0 x x x x x 1 x
882071b7 1 0 xx xx 03 88207000 x x x x x x 0 0 x x x 0 0 x x x x x 2 x
80000017 1 0 xx xx 00 80000000 1 1 0 0 x x 0 0 x x x 0 0 x x x x x 1 x
7ffff637 1 0 xx xx 0c 7ffff000 x x x x x x 0 0 x x x 0 0 x x x x x 2 x
3f629117 1 0 xx xx 02 3f629000 1 1 0 0 x x 0 0 x x x 0 0 x x x x x 1 x
8d9ecfb7 1 0 xx xx 1f 8d9ec000 x x x x x x 0 0 x x x 0 0 x x x x x 2 x
d6fdf097 1 0 xx xx 01 d6fdf000 1 1 0 0 x x 0 0 x x x 0 0 x x x x x 1 x
a4546c37 1 0 xx xx 18 a4546000 x x x x x x 0 0 x x x 0 0 x x x x x 2 x
fffffa17 1 0 xx xx 14 fffff000 1 1 0 0 x x 0 0 x x x 0 0 x x x x x 1 x
a983b7b7 1 0 xx xx 0f a983b000 x x x x x x 0 0 x x x 0 0 x x x x x 2 x
813fe897 1 0 xx xx 11 813fe000 1 1 0 0 x x 0 0 x x x 0 0 x x x x x 1 x
123454b7 1 0 xx xx 09 12345000 x x x x x x 0 0 x x x 0 0 x x x x x 2 x
3754fd17 1 0 xx xx 1a 3754f000 1 1 0 0 x x 0 0 x x x 0 0 x x x x x 1 x
3f82e137 1 0 xx xx 02 3f82e000 x x x x x x 0 0 x x x 0 0 x x x x x 2 x
c4181597 1 0 xx xx 0b c4181000 1 1 0 0 x x 0 0 x x x 0 0 x x x x x 1 x
af04fe37 1 0 xx xx 1c af04f000 x x x x x x 0 0 x x x 0 0 x x x x x 2 x
fffff797 1 0 xx xx 0f fffff000 1 1 0 0 x x 0 0 x x x 0 0 x x x x x 1 x
b3a64b37 1 0 xx xx 16 b3a64000 x x x x x x 0 0 x x x 0 0 x x x x x 2 x
f9024697 1 0 xx xx 0d f9024000 1 1 0 0 x x 0 0 x x x 0 0 x x x x x 1 x
fffff4b7 1 0 xx xx 09 fffff000 x x x x x x 0 0 x x x 0 0 x x x x x 2 x
846fea97 1 0 xx xx 15 846fe000 1 1 0 0 x x 0 0 x x x 0 0 x x x x x 1 x
963783b7 1 0 xx xx 07 96378000 x x x x x x 0 0 x x x 0 0 x x x x x 2 x
12345c97 1 0 xx xx 19 12345000 1 1 0 0 x x 0 0 x x x 0 0 x x x x x 1 x
80000037 1 0 xx xx 00 80000000 x x x x x x 0 0 x x x 0 0 x x x x x 2 x
ffffff97 1 0 xx xx 1f fffff000 1 1 0 0 x x 0 0 x x x 0 0 x x x x x 1 x
3559eeb7 1 0 xx xx 1d 3559e000 x x x x x x 0 0 x x x 0 0 x x x x x 2 x
97525597 1 0 xx xx 0b 97525000 1 1 0 0 x x 0 0 x x x 0 0 x x x x x 1 x
fffff537 1 0 xx xx 0a fffff000 x x x x x x 0 0 x x x 0 0 x x x x x 2 x
d0b83997 1 0 xx xx 13 d0b83000 1 1 0 0 x x 0 0 x x x 0 0 x x x x x 1 x
18359137 1 0 xx xx 02 18359000 x x x x x x 0 0 x x x 0 0 x x x x x 2 x
a2f8b997 1 0 xx xx 13 a2f8b000 1 1 0 0 x x 0 0 x x x 0 0 x x x x x 1 x
8b4a0e37 1 0 xx xx 1c 8b4a0000 x x x x x x 0 0 x x x 0 0 x x x x x 2 x
fffff017 1 0 xx xx 00 fffff000 1 1 0 0 x x 0 0 x x x 0 0 x x x x x 1 x
7f262db7 1 0 xx xx 1b 7f262000 x x x x x x 0 0 x x x 0 0 x x x x x 2 x
49865197 1 0 xx xx 03 49865000 1 1 0 0 x x 0 0 x x x 0 0 x x x x x 1 x
9b6d0737 1 0 xx xx 0e 9b6d0000 x x x x x x 0 0 x x x 0 0 x x x x x 2 x
45872117 1 0 xx xx 02 45872000 1 1 0 0 x x 0 0 x x x 0 0 x x x x x 1 x
04fc7ab7 1 0 xx xx 15 04fc7000 x x x x x x 0 0 x x x 0 0 x x x x x 2 x
7ffff217 1 0 xx xx 04 7ffff000 1 1 0 0 x x 0 0 x x x 0 0 x x x x x 1 x
b28bee37 1 0 xx xx 1c b28be000 x x x x x x 0 0 x x x 0 0 x x x x x 2 x
80000597 1 0 xx xx 0b 80000000 1 1 0 0 x x 0 0 x x x 0 0 x x x x x 1 x
c7c563b7 1 0 xx xx 07 c7c56000 x x x x x x 0 0 x x x 0 0 x x x x x 2 x
08192c17 1 0 xx xx 18 08192000 1 1 0 0 x x 0 0 x x x 0 0 x x x x x 1 x
cc3fe037 1 0 xx xx 00 cc3fe000 x x x x x x 0 0 x x x 0 0 x x x x x 2 x
80000217 1 0 xx xx 04 80000000 1 1 0 0 x x 0 0 x x x 0 0 x x x x x 1 x
e27492b7 1 0 xx xx 05 e2749000 x x x x x x 0 0 x x x 0 0 x x x x x 2 x
00000a17 1 0 xx xx 14 00000000 1 1 0 0 x x 0 0 x x x 0 0 x x x x x 1 x
7355c637 1 0 xx xx 0c 7355c000 x x x x x x 0 0 x x x 0 0 x x x x x 2 x
c55ad897 1 0 xx xx 11 c55ad000 1 1 0 0 x x 0 0 x x x 0 0 x x x x x 1 x
89290037 1 0 xx xx 00 89290000 x x x x x x 0 0 x x x 0 0 x x x x x 2 x
ffffff97 1 0 xx xx 1f fffff000 1 1 0 0 x x 0 0 x x x 0 0 x x x x x 1 x
b1550cb7 1 0 xx xx 19 b1550000 x x x x x x 0 0 x x x 0 0 x x x x x 2 x
5d0ca717 1 0 xx xx 0e 5d0ca000 1 1 0 0 x x 0 0 x x x 0 0 x x x x x 1 x
fffff637 1 0 xx xx 0c fffff000 x x x x x x 0 0 x x x 0 0 x x x x x 2 x
aefce497 1 0 xx xx 09 aefce000 1 1 0 0 x x 0 0 x x x 0 0 x x x x x 1 x
d2b11e37 1 0 xx xx 1c d2b11000 x x x x x x 0 0 x x x 0 0 x x x x x 2 x
14e64b17 1 0 xx xx 16 14e64000 1 1 0 0 x x 0 0 x x x 0 0 x x x x x 1 x
80000237 1 0 xx xx 04 80000000 x x x x x x 0 0 x x x 0 0 x x x x x 2 x
53695017 1 0 xx xx 00 53695000 1 1 0 0 x x 0 0 x x x 0 0 x x x x x 1 x
9a2eeb37 1 0 xx xx 16 9a2ee000 x x x x x x 0 0 x x x 0 0 x x x x x 2 x
fd82ee17 1 0 xx xx 1c fd82e000 1 1 0 0 x x 0 0 x x x 0 0 x x x x x 1 x
811d0037 1 0 xx xx 00 811d0000 x x x x x x 0 0 x x x 0 0 x x x x x 2 x
de0a4497 1 0 xx xx 09 de0a4000 1 1 0 0 x x 0 0 x x x 0 0 x x x x x 1 x
80000037 1 0 xx xx 00 80000000 x x x x x x 0 0 x x x 0 0 x x x x x 2 x
e1cae417 1 0 xx xx 08 e1cae000 1 1 0 0 x x 0 0 x x x 0 0 x x x x x 1 x
430c03b7 1 0 xx xx 07 430c0000 x x x x x x 0 0 x x x 0 0 x x x x x 2 x
752c2e97 1 0 xx xx 1d 752c2000 1 1 0 0 x x 0 0 x x x 0 0 x x x x x 1 x
7ffffa37 1 0 xx xx 14 7ffff000 x x x x x x 0 0 x x x 0 0 x x x x x 2 x
12345497 1 0 xx xx 09 12345000 1 1 0 0 x x 0 0 x x x 0 0 x x x x x 1 x
000004b7 1 0 xx xx 09 00000000 x x x x x x 0 0 x x x 0 0 x x x x x 2 x
61332597 1 0 xx xx 0b 61332000 1 1 0 0 x x 0 0 x x x 0 0 x x x x x 1 x
197834b7 1 0 xx xx 09 19783000 x x x x x x 0 0 x x x 0 0 x x x x x 2 x
c4ddb317 1 0 xx xx 06 c4ddb000 1 1 0 0 x x 0 0 x x x 0 0 x x x x x 1 x
44f29db7 1 0 xx xx 1b 44f29000 x x x x x x 0 0 x x x 0 0 x x x x x 2 x
55339797 1 0 xx xx 0f 55339000 1 1 0 0 x x 0 0 x x x 0 0 x x x x x 1 x
ec3da6b7 1 0 xx xx 0d ec3da000 x x x x x x 0 0 x x x 0 0 x x x x x 2 x
fc3d5497 1 0 xx xx 09 fc3d5000 1 1 0 0 x x 0 0 x x x 0 0 x x x x x 1 x
028f6137 1 0 xx xx 02 028f6000 x x x x x x 0 0 x x x 0 0 x x x x x 2 x
90e7fa17 1 0 xx xx 14 90e7f000 1 1 0 0 x x 0 0 x x x 0 0 x x x x x 1 x
08fe30b7 1 0 xx xx 01 08fe3000 x x x x x x 0 0 x x x 0 0 x x x x x 2 x
968c6897 1 0 xx xx 11 968c6000 1 1 0 0 x x 0 0 x x x 0 0 x x x x x 1 x
b95b7e37 1 0 xx xx 1c b95b7000 x x x x x x 0 0 x x x 0 0 x x x x x 2 x
935bdc97 1 0 xx xx 19 935bd000 1 1 0 0 x x 0 0 x x x 0 0 x x x x x 1 x
05949937 1 0 xx xx 12 05949000 x x x x x x 0 0 x x x 0 0 x x x x x 2 x
a1cc9017 1 0 xx xx 00 a1cc9000 1 1 0 0 x x 0 0 x x x 0 0 x x x x x 1 x
252df037 1 0 xx xx 00 252df000 x x x x x x 0 0 x x x 0 0 x x x x x 2 x
5e654b97 1 0 xx xx 17 5e654000 1 1 0 0 x x 0 0 x x x 0 0 x x x x x 1 x
d69c98b7 1 0 xx xx 11 d69c9000 x x x x x x 0 0 x x x 0 0 x x x x x 2 x
1d90ab97 1 0 xx xx 17 1d90a000 1 1 0 0 x x 0 0 x x x 0 0 x x x x x 1 x
f2dafe37 1 0 xx xx 1c f2daf000 x x x x x x 0 0 x x x 0 0 x x x x x 2 x
99765717 1 0 xx xx 0e 99765000 1 1 0 0 x x 0 0 x x x 0 0 x x x x x 1 x
fffffab7 1 0 xx xx 15 fffff000 x x x x x x 0 0 x x x 0 0 x x x x x 2 x
e89de017 1 0 xx xx 00 e89de000 1 1 0 0 x x 0 0 x x x 0 0 x x x x x 1 x
9e4656b7 1 0 xx xx 0d 9e465000 x x x x x x 0 0 x x x 0 0 x x x x x 2 x
d95e6697 1 0 xx xx 0d d95e6000 1 1 0 0 x x 0 0 x x x 0 0 x x x x x 1 x
8b02b5b7 1 0 xx xx 0b 8b02b000 x x x x x x 0 0 x x x 0 0 x x x x x 2 x
7f551217 1 0 xx xx 04 7f551000 1 1 0 0 x x 0 0 x x x 0 0 x x x x x 1 x
7bafd4b7 1 0 xx xx 09 7bafd000 x x x x x x 0 0 x x x 0 0 x x x x x 2 x
1ec6b617 1 0 xx xx 0c 1ec6b000 1 1 0 0 x x 0 0 x x x 0 0 x x x x x 1 x
00000e37 1 0 xx xx 1c 00000000 x x x x x x 0 0 x x x 0 0 x x x x x 2 x
2cdb2f97 1 0 xx xx 1f 2cdb2000 1 1 0 0 x x 0 0 x x x 0 0 x x x x x 1 x
00000037 1 0 xx xx 00 00000000 x x x x x x 0 0 x x x 0 0 x x x x x 2 x
e29e7397 1 0 xx xx 07 e29e7000 1 1 0 0 x x 0 0 x x x 0 0 x x x x x 1 x
0e29c637 1 0 xx xx 0c 0e29c000 x x x x x x 0 0 x x x 0 0 x x x x x 2 x
82486017 1 0 xx xx 00 82486000 1 1 0 0 x x 0 0 x x x 0 0 x x x x x 1 x
2f7ea9b7 1 0 xx xx 13 2f7ea000 x x x x x x 0 0 x x x 0 0 x x x x x 2 x
4ed6cc17 1 0 xx xx 18 4ed6c000 1 1 0 0 x x 0 0 x x x 0 0 x x x x x 1 x
32f90b37 1 0 xx xx 16 32f90000 x x x x x x 0 0 x x x 0 0 x x x x x 2 x
9ef4d117 1 0 xx xx 02 9ef4d000 1 1 0 0 x x 0 0 x x x 0 0 x x x x x 1 x
12345037 1 0 xx xx 00 12345000 x x x x x x 0 0 x x x 0 0 x x x x x 2 x
8379a017 1 0 xx xx 00 8379a000 1 1 0 0 x x 0 0 x x x 0 0 x x x x x 1 x
000005b7 1 0 xx xx 0b 00000000 x x x x x x 0 0 x x x 0 0 x x x x x 2 x
4ad7ed97 1 0 xx xx 1b 4ad7e000 1 1 0 0 x x 0 0 x x x 0 0 x x x x x 1 x
dc737bb7 1 0 xx xx 17 dc737000 x x x x x x 0 0 x x x 0 0 x x x x x 2 x
24bfdb17 1 0 xx xx 16 24bfd000 1 1 0 0 x x 0 0 x x x 0 0 x x x x x 1 x
d41c0f37 1 0 xx xx 1e d41c0000 x x x x x x 0 0 x x x 0 0 x x x x x 2 x
7ffff697 1 0 xx xx 0d 7ffff000 1 1 0 0 x x 0 0 x x x 0 0 x x x x x 1 x
1d51ffb7 1 0 xx xx 1f 1d51f000 x x x x x x 0 0 x x x 0 0 x x x x x 2 x
fffff297 1 0 xx xx 05 fffff000 1 1 0 0 x x 0 0 x x x 0 0 x x x x x 1 x
f0a58b37 1 0 xx xx 16 f0a58000 x x x x x x 0 0 x x x 0 0 x x x x x 2 x
5cf29597 1 0 xx xx 0b 5cf29000 1 1 0 0 x x 0 0 x x x 0 0 x x x x x 1 x
12345037 1 0 xx xx 00 12345000 x x x x x x 0 0 x x x 0 0 x x x x x 2 x
00000d17 1 0 xx xx 1a 00000000 1 1 0 0 x x 0 0 x x x 0 0 x x x x x 1 x
98ee7937 1 0 xx xx 12 98ee7000 x x x x x x 0 0 x x x 0 0 x x x x x 2 x
9b8afd97 1 0 xx xx 1b 9b8af000 1 1 0 0 x x 0 0 x x x 0 0 x x x x x 1 x
6ff58fb7 1 0 xx xx 1f 6ff58000 x x x x x x 0 0 x x x 0 0 x x x x x 2 x
00000017 1 0 xx xx 00 00000000 1 1 0 0 x x 0 0 x x x 0 0 x x x x x 1 x
dca678b7 1 0 xx xx 11 dca67000 x x x x x x 0 0 x x x 0 0 x x x x x 2 x
82c88f97 1 0 xx xx 1f 82c88000 1 1 0 0 x x 0 0 x x x 0 0 x x x x x 1 x
52dd93b7 1 0 xx xx 07 52dd9000 x x x x x x 0 0 x x x 0 0 x x x x x 2 x
4cb3ab17 1 0 xx xx 16 4cb3a000 1 1 0 0 x x 0 0 x x x 0 0 x x x x x 1 x
7ffff937 1 0 xx xx 12 7ffff000 x x x x x x 0 0 x x x 0 0 x x x x x 2 x
d2cbb017 1 0 xx xx 00 d2cbb000 1 1 0 0 x x 0 0 x x x 0 0 x x x x x 1 x
fffff237 1 0 xx xx 04 fffff000 x x x x x x 0 0 x x x 0 0 x x x x x 2 x
334d8597 1 0 xx xx 0b 334d8000 1 1 0 0 x x 0 0 x x x 0 0 x x x x x 1 x
12345eb7 1 0 xx xx 1d 12345000 x x x x x x 0 0 x x x 0 0 x x x x x 2 x
21a10897 1 0 xx xx 11 21a10000 1 1 0 0 x x 0 0 x x x 0 0 x x x x x 1 x
efe376b7 1 0 xx xx 0d efe37000 x x x x x x 0 0 x x x 0 0 x x x x x 2 x
150b0017 1 0 xx xx 00 150b0000 1 1 0 0 x x 0 0 x x x 0 0 x x x x x 1 x
80000037 1 0 xx xx 00 80000000 x x x x x x 0 0 x x x 0 0 x x x x x 2 x
00000697 1 0 xx xx 0d 00000000 1 1 0 0 x x 0 0 x x x 0 0 x x x x x 1 x
7c066437 1 0 xx xx 08 7c066000 x x x x x x 0 0 x x x 0 0 x x x x x 2 x
8a2a9697 1 0 xx xx 0d 8a2a9000 1 1 0 0 x x 0 0 x x x 0 0 x x x x x 1 x
7ffff4b7 1 0 xx xx 09 7ffff000 x x x x x x 0 0 x x x 0 0 x x x x x 2 x
fffff897 1 0 xx xx 11 fffff000 1 1 0 0 x x 0 0 x x x 0 0 x x x x x 1 x
499ca2b7 1 0 xx xx 05 499ca000 x x x x x x 0 0 x x x 0 0 x x x x x 2 x
4c793d97 1 0 xx xx 1b 4c793000 1 1 0 0 x x 0 0 x x x 0 0 x x x x x 1 x
80000c37 1 0 xx xx 18 80000000 x x x x x x 0 0 x x x 0 0 x x x x x 2 x
80000197 1 0 xx xx 03 80000000 1 1 0 0 x x 0 0 x x x 0 0 x x x x x 1 x
714a4937 1 0 xx xx 12 714a4000 x x x x x x 0 0 x x x 0 0 x x x x x 2 x
524bae97 1 0 xx xx 1d 524ba000 1 1 0 0 x x 0 0 x x x 0 0 x x x x x 1 x
6f5e1f37 1 0 xx xx 1e 6f5e1000 x x x x x x 0 0 x x x 0 0 x x x x x 2 x
80000997 1 0 xx xx 13 80000000 1 1 0 0 x x 0 0 x x x 0 0 x x x x x 1 x
46c79fb7 1 0 xx xx 1f 46c79000 x x x x x x 0 0 x x x 0 0 x x x x x 2 x
9b67a397 1 0 xx xx 07 9b67a000 1 1 0 0 x x 0 0 x x x 0 0 x x x x x 1 x
0ee40bb7 1 0 xx xx 17 0ee40000 x x x x x x 0 0 x x x 0 0 x x x x x 2 x
c33e4197 1 0 xx xx 03 c33e4000 1 1 0 0 x x 0 0 x x x 0 0 x x x x x 1 x
12345037 1 0 xx xx 00 12345000 x x x x x x 0 0 x x x 0 0 x x x x x 2 x
b3803797 1 0 xx xx 0f b3803000 1 1 0 0 x x 0 0 x x x 0 0 x x x x x 1 x
fffff037 1 0 xx xx 00 fffff000 x x x x x x 0 0 x x x 0 0 x x x x x 2 x
a14ac997 1 0 xx xx 13 a14ac000 1 1 0 0 x x 0 0 x x x 0 0 x x x x x 1 x
e0c2b037 1 0 xx xx 00 e0c2b000 x x x x x x 0 0 x x x 0 0 x x x x x 2 x
c9b8c717 1 0 xx xx 0e c9b8c000 1 1 0 0 x x 0 0 x x x 0 0 x x x x x 1 x
6cfb5fb7 1 0 xx xx 1f 6cfb5000 x x x x x x 0 0 x x x 0 0 x x x x x 2 x
59776317 1 0 xx xx 06 59776000 1 1 0 0 x x 0 0 x x x 0 0 x x x x x 1 x
1bf123b7 1 0 xx xx 07 1bf12000 x x x x x x 0 0 x x x 0 0 x x x x x 2 x
d2c59017 1 0 xx xx 00 d2c59000 1 1 0 0 x x 0 0 x x x 0 0 x x x x x 1 x
80000137 1 0 xx xx 02 80000000 x x x x x x 0 0 x x x 0 0 x x x x x 2 x
7ffff197 1 0 xx xx 03 7ffff000 1 1 0 0 x x 0 0 x x x 0 0 x x x x x 1 x
00000037 1 0 xx xx 00 00000000 x x x x x x 0 0 x x x 0 0 x x x x x 2 x
fffff597 1 0 xx xx 0b fffff000 1 1 0 0 x x 0 0 x x x 0 0 x x x x x 1 x
80000837 1 0 xx xx 10 80000000 x x x x x x 0 0 x x x 0 0 x x x x x 2 x
7b608e17 1 0 xx xx 1c 7b608000 1 1 0 0 x x 0 0 x x x 0 0 x x x x x 1 x
652f48b7 1 0 xx xx 11 652f4000 x x x x x x 0 0 x x x 0 0 x x x x x 2 x
7ffff997 1 0 xx xx 13 7ffff000 1 1 0 0 x x 0 0 x x x 0 0 x x x x x 1 x
cb11f937 1 0 xx xx 12 cb11f000 x x x x x x 0 0 x x x 0 0 x x x x x 2 x
a3f54e17 1 0 xx xx 1c a3f54000 1 1 0 0 x x 0 0 x x x 0 0 x x x x x 1 x
ce12dfb7 1 0 xx xx 1f ce12d000 x x x x x x 0 0 x x x 0 0 x x x x x 2 x
2c480197 1 0 xx xx 03 2c480000 1 1 0 0 x x 0 0 x x x 0 0 x x x x x 1 x
fffff3b7 1 0 xx xx 07 fffff000 x x x x x x 0 0 x x x 0 0 x x x x x 2 x
a65b0497 1 0 xx xx 09 a65b0000 1 1 0 0 x x 0 0 x x x 0 0 x x x x x 1 x
12345137 1 0 xx xx 02 12345000 x x x x x x 0 0 x x x 0 0 x x x x x 2 x
f4787017 1 0 xx xx 00 f4787000 1 1 0 0 x x 0 0 x x x 0 0 x x x x x 1 x
6ed05fb7 1 0 xx xx 1f 6ed05000 x x x x x x 0 0 x x x 0 0 x x x x x 2 x
f3304817 1 0 xx xx 10 f3304000 1 1 0 0 x x 0 0 x x x 0 0 x x x x x 1 x
6ece4fb7 1 0 xx xx 1f 6ece4000 x x x x x x 0 0 x x x 0 0 x x x x x 2 x
544dc017 1 0 xx xx 00 544dc000 1 1 0 0 x x 0 0 x x x 0 0 x x x x x 1 x
41424037 1 0 xx xx 00 41424000 x x x x x x 0 0 x x x 0 0 x x x x x 2 x
80000317 1 0 xx xx 06 80000000 1 1 0 0 x x 0 0 x x x 0 0 x x x x x 1 x
7b8956b7 1 0 xx xx 0d 7b895000 x x x x x x 0 0 x x x 0 0 x x x x x 2 x
522ef017 1 0 xx xx 00 522ef000 1 1 0 0 x x 0 0 x x x 0 0 x x x x x 1 x
34d14d37 1 0 xx xx 1a 34d14000 x x x x x x 0 0 x x x 0 0 x x x x x 2 x
94e42e17 1 0 xx xx 1c 94e42000 1 1 0 0 x x 0 0 x x x 0 0 x x x x x 1 x
6f30f937 1 0 xx xx 12 6f30f000 x x x x x x 0 0 x x x 0 0 x x x x x 2 x
ffffff97 1 0 xx xx 1f fffff000 1 1 0 0 x x 0 0 x x x 0 0 x x x x x 1 x
5c44a337 1 0 xx xx 06 5c44a000 x x x x x x 0 0 x x x 0 0 x x x x x 2 x
fe5ab597 1 0 xx xx 0b fe5ab000 1 1 0 0 x x 0 0 x x x 0 0 x x x x x 1 x
b0ee4537 1 0 xx xx 0a b0ee4000 x x x x x x 0 0 x x x 0 0 x x x x x 2 x
28fc8f97 1 0 xx xx 1f 28fc8000 1 1 0 0 x x 0 0 x x x 0 0 x x x x x 1 x
daf506b7 1 0 xx xx 0d daf50000 x x x x x x 0 0 x x x 0 0 x x x x x 2 x
da941197 1 0 xx xx 03 da941000 1 1 0 0 x x 0 0 x x x 0 0 x x x x x 1 x
f28d3137 1 0 xx xx 02 f28d3000 x x x x x x 0 0 x x x 0 0 x x x x x 2 x
7ffff597 1 0 xx xx 0b 7ffff000 1 1 0 0 x x 0 0 x x x 0 0 x x x x x 1 x
80000ab7 1 0 xx xx 15 80000000 x x x x x x 0 0 x x x 0 0 x x x x x 2 x
bc101517 1 0 xx xx 0a bc101000 1 1 0 0 x x 0 0 x x x 0 0 x x x x x 1 x
a2efe537 1 0 xx xx 0a a2efe000 x x x x x x 0 0 x x x 0 0 x x x x x 2 x
7343cc17 1 0 xx xx 18 7343c000 1 1 0 0 x x 0 0 x x x 0 0 x x x x x 1 x
efe25937 1 0 xx xx 12 efe25000 x x x x x x 0 0 x x x 0 0 x x x x x 2 x
af599e97 1 0 xx xx 1d af599000 1 1 0 0 x x 0 0 x x x 0 0 x x x x x 1 x
845d7db7 1 0 xx xx 1b 845d7000 x x x x x x 0 0 x x x 0 0 x x x x x 2 x
8e835017 1 0 xx xx 00 8e835000 1 1 0 0 x x 0 0 x x x 0 0 x x x x x 1 x
dd64a137 1 0 xx xx 02 dd64a000 x x x x x x 0 0 x x x 0 0 x x x x x 2 x
ffffff17 1 0 xx xx 1e fffff000 1 1 0 0 x x 0 0 x x x 0 0 x x x x x 1 x
7ffffd37 1 0 xx xx 1a 7ffff000 x x x x x x 0 0 x x x 0 0 x x x x x 2 x
e23a7017 1 0 xx xx 00 e23a7000 1 1 0 0 x x 0 0 x x x 0 0 x x x x x 1 x
31d829b7 1 0 xx xx 13 31d82000 x x x x x x 0 0 x x x 0 0 x x x x x 2 x
8255d417 1 0 xx xx 08 8255d000 1 1 0 0 x x 0 0 x x x 0 0 x x x x x 1 x
2d557f37 1 0 xx xx 1e 2d557000 x x x x x x 0 0 x x x 0 0 x x x x x 2 x
e34c9697 1 0 xx xx 0d e34c9000 1 1 0 0 x x 0 0 x x x 0 0 x x x x x 1 x
4abeccb7 1 0 xx xx 19 4abec000 x x x x x x 0 0 x x x 0 0 x x x x x 2 x
a7d8a317 1 0 xx xx 06 a7d8a000 1 1 0 0 x x 0 0 x x x 0 0 x x x x x 1 x
800003b7 1 0 xx xx 07 80000000 x x x x x x 0 0 x x x 0 0 x x x x x 2 x
a7f15e17 1 0 xx xx 1c a7f15000 1 1 0 0 x x 0 0 x x x 0 0 x x x x x 1 x
f5d40037 1 0 xx xx 00 f5d40000 x x x x x x 0 0 x x x 0 0 x x x x x 2 x
fffff197 1 0 xx xx 03 fffff000 1 1 0 0 x x 0 0 x x x 0 0 x x x x x 1 x
ff90ca37 1 0 xx xx 14 ff90c000 x x x x x x 0 0 x x x 0 0 x x x x x 2 x
3ffca697 1 0 xx xx 0d 3ffca000 1 1 0 0 x x 0 0 x x x 0 0 x x x x x 1 x
00000037 1 0 xx xx 00 00000000 x x x x x x 0 0 x x x 0 0 x x x x x 2 x
4856fc17 1 0 xx xx 18 4856f000 1 1 0 0 x x 0 0 x x x 0 0 x x x x x 1 x
b64900b7 1 0 xx xx 01 b6490000 x x x x x x 0 0 x x x 0 0 x x x x x 2 x
00000e97 1 0 xx xx 1d 00000000 1 1 0 0 x x 0 0 x x x 0 0 x x x x x 1 x
800009b7 1 0 xx xx 13 80000000 x x x x x x 0 0 x x x 0 0 x x x x x 2 x
73218017 1 0 xx xx 00 73218000 1 1 0 0 x x 0 0 x x x 0 0 x x x x x 1 x
000000b7 1 0 xx xx 01 00000000 x x x x x x 0 0 x x x 0 0 x x x x x 2 x
4f1e5417 1 0 xx xx 08 4f1e5000 1 1 0 0 x x 0 0 x x x 0 0 x x x x x 1 x
6a6035b7 1 0 xx xx 0b 6a603000 x x x x x x 0 0 x x x 0 0 x x x x x 2 x
599b3997 1 0 xx xx 13 599b3000 1 1 0 0 x x 0 0 x x x 0 0 x x x x x 1 x
ee66b1b7 1 0 xx xx 03 ee66b000 x x x x x x 0 0 x x x 0 0 x x x x x 2 x
06e2b597 1 0 xx xx 0b 06e2b000 1 1 0 0 x x 0 0 x x x 0 0 x x x x x 1 x
28d06937 1 0 xx xx 12 28d06000 x x x x x x 0 0 x x x 0 0 x x x x x 2 x
7ffff017 1 0 xx xx 00 7ffff000 1 1 0 0 x x 0 0 x x x 0 0 x x x x x 1 x
dd1beb37 1 0 xx xx 16 dd1be000 x x x x x x 0 0 x x x 0 0 x x x x x 2 x
7ffff917 1 0 xx xx 12 7ffff000 1 1 0 0 x x 0 0 x x x 0 0 x x x x x 1 x
123450b7 1 0 xx xx 01 12345000 x x x x x x 0 0 x x x 0 0 x x x x x 2 x
aa538217 1 0 xx xx 04 aa538000 1 1 0 0 x x 0 0 x x x 0 0 x x x x x 1 x
3352fcb7 1 0 xx xx 19 3352f000 x x x x x x 0 0 x x x 0 0 x x x x x 2 x
3c46ee97 1 0 xx xx 1d 3c46e000 1 1 0 0 x x 0 0 x x x 0 0 x x x x x 1 x
123451b7 1 0 xx xx 03 12345000 x x x x x x 0 0 x x x 0 0 x x x x x 2 x
00000197 1 0 xx xx 03 00000000 1 1 0 0 x x 0 0 x x x 0 0 x x x x x 1 x
fffffcb7 1 0 xx xx 19 fffff000 x x x x x x 0 0 x x x 0 0 x x x x x 2 x
80000017 1 0 xx xx 00 80000000 1 1 0 0 x x 0 0 x x x 0 0 x x x x x 1 x
0f7d2937 1 0 xx xx 12 0f7d2000 x x x x x x 0 0 x x x 0 0 x x x x x 2 x
74761017 1 0 xx xx 00 74761000 1 1 0 0 x x 0 0 x x x 0 0 x x x x x 1 x
7ffff637 1 0 xx xx 0c 7ffff000 x x x x x x 0 0 x x x 0 0 x x x x x 2 x
c4b07f97 1 0 xx xx 1f c4b07000 1 1 0 0 x x 0 0 x x x 0 0 x x x x x 1 x
00d5a4b7 1 0 xx xx 09 00d5a000 x x x x x x 0 0 x x x 0 0 x x x x x 2 x
c315e317 1 0 xx xx 06 c315e000 1 1 0 0 x x 0 0 x x x 0 0 x x x x x 1 x
939fb437 1 0 xx xx 08 939fb000 x x x x x x 0 0 x x x 0 0 x x x x x 2 x
994f4017 1 0 xx xx 00 994f4000 1 1 0 0 x x 0 0 x x x 0 0 x x x x x 1 x
16a182b7 1 0 xx xx 05 16a18000 x x x x x x 0 0 x x x 0 0 x x x x x 2 x
19266317 1 0 xx xx 06 19266000 1 1 0 0 x x 0 0 x x x 0 0 x x x x x 1 x
64b1f2b7 1 0 xx xx 05 64b1f000 x x x x x x 0 0 x x x 0 0 x x x x x 2 x
b99cb017 1 0 xx xx 00 b99cb000 1 1 0 0 x x 0 0 x x x 0 0 x x x x x 1 x
45c4a837 1 0 xx xx 10 45c4a000 x x x x x x 0 0 x x x 0 0 x x x x x 2 x
80000e97 1 0 xx xx 1d 80000000 1 1 0 0 x x 0 0 x x x 0 0 x x x x x 1 x
cce79db7 1 0 xx xx 1b cce79000 x x x x x x 0 0 x x x 0 0 x x x x x 2 x
5e6c6b97 1 0 xx xx 17 5e6c6000 1 1 0 0 x x 0 0 x x x 0 0 x x x x x 1 x
80000537 1 0 xx xx 0a 80000000 x x x x x x 0 0 x x x 0 0 x x x x x 2 x
0c825f97 1 0 xx xx 1f 0c825000 1 1 0 0 x x 0 0 x x x 0 0 x x x x x 1 x
cfbe1eb7 1 0 xx xx 1d cfbe1000 x x x x x x 0 0 x x x 0 0 x x x x x 2 x
80000217 1 0 xx xx 04 80000000 1 1 0 0 x x 0 0 x x x 0 0 x x x x x 1 x
54914337 1 0 xx xx 06 54914000 x x x x x x 0 0 x x x 0 0 x x x x x 2 x
fffff617 1 0 xx xx 0c fffff000 1 1 0 0 x x 0 0 x x x 0 0 x x x x x 1 x
fffffdb7 1 0 xx xx 1b fffff000 x x x x x x 0 0 x x x 0 0 x x x x x 2 x
fffff097 1 0 xx xx 01 fffff000 1 1 0 0 x x 0 0 x x x 0 0 x x x x x 1 x
699daeb7 1 0 xx xx 1d 699da000 x x x x x x 0 0 x x x 0 0 x x x x x 2 x
7ffff717 1 0 xx xx 0e 7ffff000 1 1 0 0 x x 0 0 x x x 0 0 x x x x x 1 x
fffffb37 1 0 xx xx 16 fffff000 x x x x x x 0 0 x x x 0 0 x x x x x 2 x
9130d017 1 0 xx xx 00 9130d000 1 1 0 0 x x 0 0 x x x 0 0 x x x x x 1 x
cb3c9e37 1 0 xx xx 1c cb3c9000 x x x x x x 0 0 x x x 0 0 x x x x x 2 x
7ffff897 1 0 xx xx 11 7ffff000 1 1 0 0 x x 0 0 x x x 0 0 x x x x x 1 x
fffff0b7 1 0 xx xx 01 fffff000 x x x x x x 0 0 x x x 0 0 x x x x x 2 x
04061817 1 0 xx xx 10 04061000 1 1 0 0 x x 0 0 x x x 0 0 x x x x x 1 x
fffff037 1 0 xx xx 00 fffff000 x x x x x x 0 0 x x x 0 0 x x x x x 2 x
2d96d697 1 0 xx xx 0d 2d96d000 1 1 0 0 x x 0 0 x x x 0 0 x x x x x 1 x
782ea837 1 0 xx xx 10 782ea000 x x x x x x 0 0 x x x 0 0 x x x x x 2 x
8c14f797 1 0 xx xx 0f 8c14f000 1 1 0 0 x x 0 0 x x x 0 0 x x x x x 1 x
9d3edb37 1 0 xx xx 16 9d3ed000 x x x x x x 0 0 x x x 0 0 x x x x x 2 x
aa269b97 1 0 xx xx 17 aa269000 1 1 0 0 x x 0 0 x x x 0 0 x x x x x 1 x
228570b7 1 0 xx xx 01 22857000 x x x x x x 0 0 x x x 0 0 x x x x x 2 x
00000b97 1 0 xx xx 17 00000000 1 1 0 0 x x 0 0 x x x 0 0 x x x x x 1 x
59ade037 1 0 xx xx 00 59ade000 x x x x x x 0 0 x x x 0 0 x x x x x 2 x
89bf5017 1 0 xx xx 00 89bf5000 1 1 0 0 x x 0 0 x x x 0 0 x x x x x 1 x
ce1d35b7 1 0 xx xx 0b ce1d3000 x x x x x x 0 0 x x x 0 0 x x x x x 2 x
00000f97 1 0 xx xx 1f 00000000 1 1 0 0 x x 0 0 x x x 0 0 x x x x x 1 x
74217fb7 1 0 xx xx 1f 74217000 x x x x x x 0 0 x x x 0 0 x x x x x 2 x
a0dc5a97 1 0 xx xx 15 a0dc5000 1 1 0 0 x x 0 0 x x x 0 0 x x x x x 1 x
0f7fab37 1 0 xx xx 16 0f7fa000 x x x x x x 0 0 x x x 0 0 x x x x x 2 x
d4169017 1 0 xx xx 00 d4169000 1 1 0 0 x x 0 0 x x x 0 0 x x x x x 1 x
fd13d237 1 0 xx xx 04 fd13d000 x x x x x x 0 0 x x x 0 0 x x x x x 2 x
88a37d17 1 0 xx xx 1a 88a37000 1 1 0 0 x x 0 0 x x x 0 0 x x x x x 1 x
a3d7d237 1 0 xx xx 04 a3d7d000 x x x x x x 0 0 x x x 0 0 x x x x x 2 x
863bdf97 1 0 xx xx 1f 863bd000 1 1 0 0 x x 0 0 x x x 0 0 x x x x x 1 x
b5063bb7 1 0 xx xx 17 b5063000 x x x x x x 0 0 x x x 0 0 x x x x x 2 x
7ffff417 1 0 xx xx 08 7ffff000 1 1 0 0 x x 0 0 x x x 0 0 x x x x x 1 x
145f06b7 1 0 xx xx 0d 145f0000 x x x x x x 0 0 x x x 0 0 x x x x x 2 x
ff752017 1 0 xx xx 00 ff752000 1 1 0 0 x x 0 0 x x x 0 0 x x x x x 1 x
b76a3237 1 0 xx xx 04 b76a3000 x x x x x x 0 0 x x x 0 0 x x x x x 2 x
0e0f3317 1 0 xx xx 06 0e0f3000 1 1 0 0 x x 0 0 x x x 0 0 x x x x x 1 x
fffff2b7 1 0 xx xx 05 fffff000 x x x x x x 0 0 x x x 0 0 x x x x x 2 x
88686217 1 0 xx xx 04 88686000 1 1 0 0 x x 0 0 x x x 0 0 x x x x x 1 x
d794a7b7 1 0 xx xx 0f d794a000 x x x x x x 0 0 x x x 0 0 x x x x x 2 x
fffff197 1 0 xx xx 03 fffff000 1 1 0 0 x x 0 0 x x x 0 0 x x x x x 1 x
199c9cb7 1 0 xx xx 19 199c9000 x x x x x x 0 0 x x x 0 0 x x x x x 2 x
00000017 1 0 xx xx 00 00000000 1 1 0 0 x x 0 0 x x x 0 0 x x x x x 1 x
1699da37 1 0 xx xx 14 1699d000 x x x x x x 0 0 x x x 0 0 x x x x x 2 x
12345417 1 0 xx xx 08 12345000 1 1 0 0 x x 0 0 x x x 0 0 x x x x x 1 x
b6a052b7 1 0 xx xx 05 b6a05000 x x x x x x 0 0 x x x 0 0 x x x x x 2 x
1f8ec497 1 0 xx xx 09 1f8ec000 1 1 0 0 x x 0 0 x x x 0 0 x x x x x 1 x
f9c77737 1 0 xx xx 0e f9c77000 x x x x x x 0 0 x x x 0 0 x x x x x 2 x
7ffff017 1 0 xx xx 00 7ffff000 1 1 0 0 x x 0 0 x x x 0 0 x x x x x 1 x
87feebb7 1 0 xx xx 17 87fee000 x x x x x x 0 0 x x x 0 0 x x x x x 2 x
32866117 1 0 xx xx 02 32866000 1 1 0 0 x x 0 0 x x x 0 0 x x x x x 1 x
1f4c9cb7 1 0 xx xx 19 1f4c9000 x x x x x x 0 0 x x x 0 0 x x x x x 2 x
82b1da97 1 0 xx xx 15 82b1d000 1 1 0 0 x x 0 0 x x x 0 0 x x x x x 1 x
01216637 1 0 xx xx 0c 01216000 x x x x x x 0 0 x x x 0 0 x x x x x 2 x
ffc02017 1 0 xx xx 00 ffc02000 1 1 0 0 x x 0 0 x x x 0 0 x x x x x 1 x
00000b37 1 0 xx xx 16 00000000 x x x x x x 0 0 x x x 0 0 x x x x x 2 x
7ffff397 1 0 xx xx 07 7ffff000 1 1 0 0 x x 0 0 x x x 0 0 x x x x x 1 x
9f501f37 1 0 xx xx 1e 9f501000 x x x x x x 0 0 x x x 0 0 x x x x x 2 x
7325fa17 1 0 xx xx 14 7325f000 1 1 0 0 x x 0 0 x x x 0 0 x x x x x 1 x
fffff937 1 0 xx xx 12 fffff000 x x x x x x 0 0 x x x 0 0 x x x x x 2 x
71568117 1 0 xx xx 02 71568000 1 1 0 0 x x 0 0 x x x 0 0 x x x x x 1 x
08a2c037 1 0 xx xx 00 08a2c000 x x x x x x 0 0 x x x 0 0 x x x x x 2 x
8c3dec97 1 0 xx xx 19 8c3de000 1 1 0 0 x x 0 0 x x x 0 0 x x x x x 1 x
800007b7 1 0 xx xx 0f 80000000 x x x x x x 0 0 x x x 0 0 x x x x x 2 x
35072e97 1 0 xx xx 1d 35072000 1 1 0 0 x x 0 0 x x x 0 0 x x x x x 1 x
eebba037 1 0 xx xx 00 eebba000 x x x x x x 0 0 x x x 0 0 x x x x x 2 x
7ffff617 1 0 xx xx 0c 7ffff000 1 1 0 0 x x 0 0 x x x 0 0 x x x x x 1 x
a63934b7 1 0 xx xx 09 a6393000 x x x x x x 0 0 x x x 0 0 x x x x x 2 x
26d6cd17 1 0 xx xx 1a 26d6c000 1 1 0 0 x x 0 0 x x x 0 0 x x x x x 1 x
a22860b7 1 0 xx xx 01 a2286000 x x x x x x 0 0 x x x 0 0 x x x x x 2 x
00000e97 1 0 xx xx 1d 00000000 1 1 0 0 x x 0 0 x x x 0 0 x x x x x 1 x
# --- JUMP ---
# i_inst | o_legal o_halt o_rs1 o_rs2 o_rd o_immediate o_op1_sel o_op2_sel
#     o_alu_opsel o_alu_sub o_alu_unsigned o_alu_arith o_branch o_jump
#     o_branch_equal o_branch_unsigned o_branch_invert o_dmem_ren o_dmem_wen
#     o_dmem_align o_dmem_memb o_dmem_memh o_dmem_memw o_dmem_memu o_rd_sel
#     o_pc_sel
45804fef 1 0 xx xx 1f 00004458 x x x x x x 0 1 x x x 0 0 x x x x x 4 0
4c3007e7 1 0 00 xx 0f 000004c3 0 1 0 0 x x 0 1 x x x 0 0 x x x x x 4 1
90fbafef 1 0 xx xx 1f fffba90e x x x x x x 0 1 x x x 0 0 x x x x x 4 0
80048267 1 0 09 xx 04 fffff800 0 1 0 0 x x 0 1 x x x 0 0 x x x x x 4 1
bcf55aef 1 0 xx xx 15 fff55bce x x x x x x 0 1 x x x 0 0 x x x x x 4 0
70d68fe7 1 0 0d xx 1f 0000070d 0 1 0 0 x x 0 1 x x x 0 0 x x x x x 4 1
561668ef 1 0 xx xx 11 00066d60 x x x x x x 0 1 x x x 0 0 x x x x x 4 0
800b0fe7 1 0 16 xx 1f fffff800 0 1 0 0 x x 0 1 x x x 0 0 x x x x x 4 1
1d09236f 1 0 xx xx 06 000921d0 x x x x x x 0 1 x x x 0 0 x x x x x 4 0
95800fe7 1 0 00 xx 1f fffff958 0 1 0 0 x x 0 1 x x x 0 0 x x x x x 4 1
5296e66f 1 0 xx xx 0c 0006ed28 x x x x x x 0 1 x x x 0 0 x x x x x 4 0
fc0001e7 1 0 00 xx 03 ffffffc0 0 1 0 0 x x 0 1 x x x 0 0 x x x x x 4 1
7ffff56f 1 0 xx xx 0a 000ffffe x x x x x x 0 1 x x x 0 0 x x x x x 4 0
00158167 1 0 0b xx 02 00000001 0 1 0 0 x x 0 1 x x x 0 0 x x x x x 4 1
73feb2ef 1 0 xx xx 05 000ebf3e x x x x x x 0 1 x x x 0 0 x x x x x 4 0
684282e7 1 0 05 xx 05 00000684 0 1 0 0 x x 0 1 x x x 0 0 x x x x x 4 1
764caaef 1 0 xx xx 15 000ca764 x x x x x x 0 1 x x x 0 0 x x x x x 4 0
8d4284e7 1 0 05 xx 09 fffff8d4 0 1 0 0 x x 0 1 x x x 0 0 x x x x x 4 1
800003ef 1 0 xx xx 07 fff00000 x x x x x x 0 1 x x x 0 0 x x x x x 4 0
000902e7 1 0 12 xx 05 00000000 0 1 0 0 x x 0 1 x x x 0 0 x x x x x 4 1
dddf37ef 1 0 xx xx 0f ffff3ddc x x x x x x 0 1 x x x 0 0 x x x x x 4 0
001609e7 1 0 0c xx 13 00000001 0 1 0 0 x x 0 1 x x x 0 0 x x x x x 4 1
b85b876f 1 0 xx xx 0e fffb8b84 x x x x x x 0 1 x x x 0 0 x x x x x 4 0
02c70267 1 0 0e xx 04 0000002c 0 1 0 0 x x 0 1 x x x 0 0 x x x x x 4 1
dc80f66f 1 0 xx xx 0c fff0f5c8 x x x x x x 0 1 x x x 0 0 x x x x x 4 0
e6100567 1 0 00 xx 0a fffffe61 0 1 0 0 x x 0 1 x x x 0 0 x x x x x 4 1
4e621bef 1 0 xx xx 17 000214e6 x x x x x x 0 1 x x x 0 0 x x x x x 4 0
9a0b0067 1 0 16 xx 00 fffff9a0 0 1 0 0 x x 0 1 x x x 0 0 x x x x x 4 1
aacd176f 1 0 xx xx 0e fffd12ac x x x x x x 0 1 x x x 0 0 x x x x x 4 0
800685e7 1 0 0d xx 0b fffff800 0 1 0 0 x x 0 1 x x x 0 0 x x x x x 4 1
0020006f 1 0 xx xx 00 00000002 x x x x x x 0 1 x x x 0 0 x x x x x 4 0
56278067 1 0 0f xx 00 00000562 0 1 0 0 x x 0 1 x x x 0 0 x x x x x 4 1
fffff36f 1 0 xx xx 06 fffffffe x x x x x x 0 1 x x x 0 0 x x x x x 4 0
0a758467 1 0 0b xx 08 000000a7 0 1 0 0 x x 0 1 x x x 0 0 x x x x x 4 1
93514aef 1 0 xx xx 15 fff14934 x x x x x x 0 1 x x x 0 0 x x x x x 4 0
115504e7 1 0 0a xx 09 00000115 0 1 0 0 x x 0 1 x x x 0 0 x x x x x 4 1
32f9a4ef 1 0 xx xx 09 0009ab2e x x x x x x 0 1 x x x 0 0 x x x x x 4 0
555a8467 1 0 15 xx 08 00000555 0 1 0 0 x x 0 1 x x x 0 0 x x x x x 4 1
ca60fbef 1 0 xx xx 17 fff0f4a6 x x x x x x 0 1 x x x 0 0 x x x x x 4 0
ddc70167 1 0 0e xx 02 fffffddc 0 1 0 0 x x 0 1 x x x 0 0 x x x x x 4 1
daf2636f 1 0 xx xx 06 fff26dae x x x x x x 0 1 x x x 0 0 x x x x x 4 0
40780be7 1 0 10 xx 17 00000407 0 1 0 0 x x 0 1 x x x 0 0 x x x x x 4 1
f6f2a2ef 1 0 xx xx 05 fff2af6e x x x x x x 0 1 x x x 0 0 x x x x x 4 0
ea868767 1 0 0d xx 0e fffffea8 0 1 0 0 x x 0 1 x x x 0 0 x x x x x 4 1
620ccfef 1 0 xx xx 1f 000cc620 x x x x x x 0 1 x x x 0 0 x x x x x 4 0
7ff80ee7 1 0 10 xx 1d 000007ff 0 1 0 0 x x 0 1 x x x 0 0 x x x x x 4 1
000005ef 1 0 xx xx 0b 00000000 x x x x x x 0 1 x x x 0 0 x x x x x 4 0
08e90067 1 0 12 xx 00 0000008e 0 1 0 0 x x 0 1 x x x 0 0 x x x x x 4 1
b1d4ad6f 1 0 xx xx 1a fff4ab1c x x x x x x 0 1 x x x 0 0 x x x x x 4 0
00040be7 1 0 08 xx 17 00000000 0 1 0 0 x x 0 1 x x x 0 0 x x x x x 4 1
00000fef 1 0 xx xx 1f 00000000 x x x x x x 0 1 x x x 0 0 x x x x x 4 0
a66d8167 1 0 1b xx 02 fffffa66 0 1 0 0 x x 0 1 x x x 0 0 x x x x x 4 1
42c6f0ef 1 0 xx xx 01 0006f42c x x x x x x 0 1 x x x 0 0 x x x x x 4 0
1ec705e7 1 0 0e xx 0b 000001ec 0 1 0 0 x x 0 1 x x x 0 0 x x x x x 4 1
7ffffeef 1 0 xx xx 1d 000ffffe x x x x x x 0 1 x x x 0 0 x x x x x 4 0
28f409e7 1 0 08 xx 13 0000028f 0 1 0 0 x x 0 1 x x x 0 0 x x x x x 4 1
80000def 1 0 xx xx 1b fff00000 x x x x x x 0 1 x x x 0 0 x x x x x 4 0
aaa40267 1 0 08 xx 04 fffffaaa 0 1 0 0 x x 0 1 x x x 0 0 x x x x x 4 1
b39816ef 1 0 xx xx 0d fff81b38 x x x x x x 0 1 x x x 0 0 x x x x x 4 0
aaaf85e7 1 0 1f xx 0b fffffaaa 0 1 0 0 x x 0 1 x x x 0 0 x x x x x 4 1
0020006f 1 0 xx xx 00 00000002 x x x x x x 0 1 x x x 0 0 x x x x x 4 0
d4a10e67 1 0 02 xx 1c fffffd4a 0 1 0 0 x x 0 1 x x x 0 0 x x x x x 4 1
1f08c06f 1 0 xx xx 00 0008c1f0 x x x x x x 0 1 x x x 0 0 x x x x x 4 0
b31e0de7 1 0 1c xx 1b fffffb31 0 1 0 0 x x 0 1 x x x 0 0 x x x x x 4 1
716cc46f 1 0 xx xx 08 000cc716 x x x x x x 0 1 x x x 0 0 x x x x x 4 0
800a8d67 1 0 15 xx 1a fffff800 0 1 0 0 x x 0 1 x x x 0 0 x x x x x 4 1
2c8146ef 1 0 xx xx 0d 000142c8 x x x x x x 0 1 x x x 0 0 x x x x x 4 0
80028567 1 0 05 xx 0a fffff800 0 1 0 0 x x 0 1 x x x 0 0 x x x x x 4 1
000001ef 1 0 xx xx 03 00000000 x x x x x x 0 1 x x x 0 0 x x x x x 4 0
6bc38067 1 0 07 xx 00 000006bc 0 1 0 0 x x 0 1 x x x 0 0 x x x x x 4 1
9a51896f 1 0 xx xx 12 fff189a4 x x x x x x 0 1 x x x 0 0 x x x x x 4 0
2d8882e7 1 0 11 xx 05 000002d8 0 1 0 0 x x 0 1 x x x 0 0 x x x x x 4 1
de4c926f 1 0 xx xx 04 fffc95e4 x x x x x x 0 1 x x x 0 0 x x x x x 4 0
88010d67 1 0 02 xx 1a fffff880 0 1 0 0 x x 0 1 x x x 0 0 x x x x x 4 1
00200fef 1 0 xx xx 1f 00000002 x x x x x x 0 1 x x x 0 0 x x x x x 4 0
00020ee7 1 0 04 xx 1d 00000000 0 1 0 0 x x 0 1 x x x 0 0 x x x x x 4 1
dfcc496f 1 0 xx xx 12 fffc45fc x x x x x x 0 1 x x x 0 0 x x x x x 4 0
41490a67 1 0 12 xx 14 00000414 0 1 0 0 x x 0 1 x x x 0 0 x x x x x 4 1
ba4a56ef 1 0 xx xx 0d fffa53a4 x x x x x x 0 1 x x x 0 0 x x x x x 4 0
1a3f81e7 1 0 1f xx 03 000001a3 0 1 0 0 x x 0 1 x x x 0 0 x x x x x 4 1
0000006f 1 0 xx xx 00 00000000 x x x x x x 0 1 x x x 0 0 x x x x x 4 0
723585e7 1 0 0b xx 0b 00000723 0 1 0 0 x x 0 1 x x x 0 0 x x x x x 4 1
c3f005ef 1 0 xx xx 0b fff00c3e x x x x x x 0 1 x x x 0 0 x x x x x 4 0
14aa8ee7 1 0 15 xx 1d 0000014a 0 1 0 0 x x 0 1 x x x 0 0 x x x x x 4 1
dc3c1fef 1 0 xx xx 1f fffc1dc2 x x x x x x 0 1 x x x 0 0 x x x x x 4 0
7ee586e7 1 0 0b xx 0d 000007ee 0 1 0 0 x x 0 1 x x x 0 0 x x x x x 4 1
0ae0126f 1 0 xx xx 04 000010ae x x x x x x 0 1 x x x 0 0 x x x x x 4 0
7ff005e7 1 0 00 xx 0b 000007ff 0 1 0 0 x x 0 1 x x x 0 0 x x x x x 4 1
1f7faf6f 1 0 xx xx 1e 000fa9f6 x x x x x x 0 1 x x x 0 0 x x x x x 4 0
1a460967 1 0 0c xx 12 000001a4 0 1 0 0 x x 0 1 x x x 0 0 x x x x x 4 1
890e8aef 1 0 xx xx 15 fffe8090 x x x x x x 0 1 x x x 0 0 x x x x x 4 0
3b8b0567 1 0 16 xx 0a 000003b8 0 1 0 0 x x 0 1 x x x 0 0 x x x x x 4 1
895f7f6f 1 0 xx xx 1e ffff7894 x x x x x x 0 1 x x x 0 0 x x x x x 4 0
22af8567 1 0 1f xx 0a 0000022a 0 1 0 0 x x 0 1 x x x 0 0 x x x x x 4 1
b8c7c0ef 1 0 xx xx 01 fff7c38c x x x x x x 0 1 x x x 0 0 x x x x x 4 0
b58a0d67 1 0 14 xx 1a fffffb58 0 1 0 0 x x 0 1 x x x 0 0 x x x x x 4 1
6dcabf6f 1 0 xx xx 1e 000ab6dc x x x x x x 0 1 x x x 0 0 x x x x x 4 0
f6400f67 1 0 00 xx 1e ffffff64 0 1 0 0 x x 0 1 x x x 0 0 x x x x x 4 1
a3b3bc6f 1 0 xx xx 18 fff3ba3a x x x x x x 0 1 x x x 0 0 x x x x x 4 0
fee00de7 1 0 00 xx 1b ffffffee 0 1 0 0 x x 0 1 x x x 0 0 x x x x x 4 1
5b9c2fef 1 0 xx xx 1f 000c2db8 x x x x x x 0 1 x x x 0 0 x x x x x 4 0
dfcf8be7 1 0 1f xx 17 fffffdfc 0 1 0 0 x x 0 1 x x x 0 0 x x x x x 4 1
157169ef 1 0 xx xx 13 00016956 x x x x x x 0 1 x x x 0 0 x x x x x 4 0
8f010067 1 0 02 xx 00 fffff8f0 0 1 0 0 x x 0 1 x x x 0 0 x x x x x 4 1
58a6a46f 1 0 xx xx 08 0006a58a x x x x x x 0 1 x x x 0 0 x x x x x 4 0
5c930fe7 1 0 06 xx 1f 000005c9 0 1 0 0 x x 0 1 x x x 0 0 x x x x x 4 1
30acb06f 1 0 xx xx 00 000cb30a x x x x x x 0 1 x x x 0 0 x x x x x 4 0
001c8e67 1 0 19 xx 1c 00000001 0 1 0 0 x x 0 1 x x x 0 0 x x x x x 4 1
ab6ce56f 1 0 xx xx 0a fffce2b6 x x x x x x 0 1 x x x 0 0 x x x x x 4 0
61a684e7 1 0 0d xx 09 0000061a 0 1 0 0 x x 0 1 x x x 0 0 x x x x x 4 1
c331666f 1 0 xx xx 0c fff16c32 x x x x x x 0 1 x x x 0 0 x x x x x 4 0
332a8567 1 0 15 xx 0a 00000332 0 1 0 0 x x 0 1 x x x 0 0 x x x x x 4 1
80000a6f 1 0 xx xx 14 fff00000 x x x x x x 0 1 x x x 0 0 x x x x x 4 0
d0150ae7 1 0 0a xx 15 fffffd01 0 1 0 0 x x 0 1 x x x 0 0 x x x x x 4 1
0eb851ef 1 0 xx xx 03 000858ea x x x x x x 0 1 x x x 0 0 x x x x x 4 0
aaac8767 1 0 19 xx 0e fffffaaa 0 1 0 0 x x 0 1 x x x 0 0 x x x x x 4 1
ffffffef 1 0 xx xx 1f fffffffe x x x x x x 0 1 x x x 0 0 x x x x x 4 0
55510167 1 0 02 xx 02 00000555 0 1 0 0 x x 0 1 x x x 0 0 x x x x x 4 1
7ffff56f 1 0 xx xx 0a 000ffffe x x x x x x 0 1 x x x 0 0 x x x x x 4 0
7ff184e7 1 0 03 xx 09 000007ff 0 1 0 0 x x 0 1 x x x 0 0 x x x x x 4 1
122f006f 1 0 xx xx 00 000f0122 x x x x x x 0 1 x x x 0 0 x x x x x 4 0
800f8ae7 1 0 1f xx 15 fffff800 0 1 0 0 x x 0 1 x x x 0 0 x x x x x 4 1
85f438ef 1 0 xx xx 11 fff4385e x x x x x x 0 1 x x x 0 0 x x x x x 4 0
41408067 1 0 01 xx 00 00000414 0 1 0 0 x x 0 1 x x x 0 0 x x x x x 4 1
5e238fef 1 0 xx xx 1f 000385e2 x x x x x x 0 1 x x x 0 0 x x x x x 4 0
dc460ce7 1 0 0c xx 19 fffffdc4 0 1 0 0 x x 0 1 x x x 0 0 x x x x x 4 1
00000d6f 1 0 xx xx 1a 00000000 x x x x x x 0 1 x x x 0 0 x x x x x 4 0
7ffc0067 1 0 18 xx 00 000007ff 0 1 0 0 x x 0 1 x x x 0 0 x x x x x 4 1
369788ef 1 0 xx xx 11 00078b68 x x x x x x 0 1 x x x 0 0 x x x x x 4 0
55500a67 1 0 00 xx 14 00000555 0 1 0 0 x x 0 1 x x x 0 0 x x x x x 4 1
0020006f 1 0 xx xx 00 00000002 x x x x x x 0 1 x x x 0 0 x x x x x 4 0
994b8a67 1 0 17 xx 14 fffff994 0 1 0 0 x x 0 1 x x x 0 0 x x x x x 4 1
4143f6ef 1 0 xx xx 0d 0003f414 x x x x x x 0 1 x x x 0 0 x x x x x 4 0
634c83e7 1 0 19 xx 07 00000634 0 1 0 0 x x 0 1 x x x 0 0 x x x x x 4 1
2803b36f 1 0 xx xx 06 0003b280 x x x x x x 0 1 x x x 0 0 x x x x x 4 0
941a0867 1 0 14 xx 10 fffff941 0 1 0 0 x x 0 1 x x x 0 0 x x x x x 4 1
2a2a286f 1 0 xx xx 10 000a22a2 x x x x x x 0 1 x x x 0 0 x x x x x 4 0
e90f8fe7 1 0 1f xx 1f fffffe90 0 1 0 0 x x 0 1 x x x 0 0 x x x x x 4 1
ba04acef 1 0 xx xx 19 fff4a3a0 x x x x x x 0 1 x x x 0 0 x x x x x 4 0
dfb007e7 1 0 00 xx 0f fffffdfb 0 1 0 0 x x 0 1 x x x 0 0 x x x x x 4 1
fffff06f 1 0 xx xx 00 fffffffe x x x x x x 0 1 x x x 0 0 x x x x x 4 0
aa028767 1 0 05 xx 0e fffffaa0 0 1 0 0 x x 0 1 x x x 0 0 x x x x x 4 1
7ffff06f 1 0 xx xx 00 000ffffe x x x x x x 0 1 x x x 0 0 x x x x x 4 0
bda601e7 1 0 0c xx 03 fffffbda 0 1 0 0 x x 0 1 x x x 0 0 x x x x x 4 1
c119afef 1 0 xx xx 1f fff9ac10 x x x x x x 0 1 x x x 0 0 x x x x x 4 0
dfe702e7 1 0 0e xx 05 fffffdfe 0 1 0 0 x x 0 1 x x x 0 0 x x x x x 4 1
39d9106f 1 0 xx xx 00 00091b9c x x x x x x 0 1 x x x 0 0 x x x x x 4 0
80048de7 1 0 09 xx 1b fffff800 0 1 0 0 x x 0 1 x x x 0 0 x x x x x 4 1
09c553ef 1 0 xx xx 07 0005509c x x x x x x 0 1 x x x 0 0 x x x x x 4 0
7f2486e7 1 0 09 xx 0d 000007f2 0 1 0 0 x x 0 1 x x x 0 0 x x x x x 4 1
a727eeef 1 0 xx xx 1d fff7e272 x x x x x x 0 1 x x x 0 0 x x x x x 4 0
7c720967 1 0 04 xx 12 000007c7 0 1 0 0 x x 0 1 x x x 0 0 x x x x x 4 1
1bf1f76f 1 0 xx xx 0e 0001f9be x x x x x x 0 1 x x x 0 0 x x x x x 4 0
b5b58c67 1 0 0b xx 18 fffffb5b 0 1 0 0 x x 0 1 x x x 0 0 x x x x x 4 1
fbb3d4ef 1 0 xx xx 09 fff3dfba x x x x x x 0 1 x x x 0 0 x x x x x 4 0
e08907e7 1 0 12 xx 0f fffffe08 0 1 0 0 x x 0 1 x x x 0 0 x x x x x 4 1
80000a6f 1 0 xx xx 14 fff00000 x x x x x x 0 1 x x x 0 0 x x x x x 4 0
2f100967 1 0 00 xx 12 000002f1 0 1 0 0 x x 0 1 x x x 0 0 x x x x x 4 1
5a96106f 1 0 xx xx 00 00061da8 x x x x x x 0 1 x x x 0 0 x x x x x 4 0
7a988667 1 0 11 xx 0c 000007a9 0 1 0 0 x x 0 1 x x x 0 0 x x x x x 4 1
b83792ef 1 0 xx xx 05 fff79b82 x x x x x x 0 1 x x x 0 0 x x x x x 4 0
73140f67 1 0 08 xx 1e 00000731 0 1 0 0 x x 0 1 x x x 0 0 x x x x x 4 1
fb9bb06f 1 0 xx xx 00 fffbbfb8 x x x x x x 0 1 x x x 0 0 x x x x x 4 0
d3af0d67 1 0 1e xx 1a fffffd3a 0 1 0 0 x x 0 1 x x x 0 0 x x x x x 4 1
554e31ef 1 0 xx xx 03 000e3554 x x x x x x 0 1 x x x 0 0 x x x x x 4 0
47500a67 1 0 00 xx 14 00000475 0 1 0 0 x x 0 1 x x x 0 0 x x x x x 4 1
5fab4bef 1 0 xx xx 17 000b45fa x x x x x x 0 1 x x x 0 0 x x x x x 4 0
c8f004e7 1 0 00 xx 09 fffffc8f 0 1 0 0 x x 0 1 x x x 0 0 x x x x x 4 1
fffff36f 1 0 xx xx 06 fffffffe x x x x x x 0 1 x x x 0 0 x x x x x 4 0
9e8a08e7 1 0 14 xx 11 fffff9e8 0 1 0 0 x x 0 1 x x x 0 0 x x x x x 4 1
68bfb16f 1 0 xx xx 02 000fbe8a x x x x x x 0 1 x x x 0 0 x x x x x 4 0
c3d10567 1 0 02 xx 0a fffffc3d 0 1 0 0 x x 0 1 x x x 0 0 x x x x x 4 1
056701ef 1 0 xx xx 03 00070056 x x x x x x 0 1 x x x 0 0 x x x x x 4 0
e84009e7 1 0 00 xx 13 fffffe84 0 1 0 0 x x 0 1 x x x 0 0 x x x x x 4 1
d8ee996f 1 0 xx xx 12 fffe958e x x x x x x 0 1 x x x 0 0 x x x x x 4 0
984004e7 1 0 00 xx 09 fffff984 0 1 0 0 x x 0 1 x x x 0 0 x x x x x 4 1
800007ef 1 0 xx xx 0f fff00000 x x x x x x 0 1 x x x 0 0 x x x x x 4 0
bc440067 1 0 08 xx 00 fffffbc4 0 1 0 0 x x 0 1 x x x 0 0 x x x x x 4 1
c144756f 1 0 xx xx 0a fff47414 x x x x x x 0 1 x x x 0 0 x x x x x 4 0
95fa88e7 1 0 15 xx 11 fffff95f 0 1 0 0 x x 0 1 x x x 0 0 x x x x x 4 1
64e76f6f 1 0 xx xx 1e 0007664e x x x x x x 0 1 x x x 0 0 x x x x x 4 0
fcc18fe7 1 0 03 xx 1f ffffffcc 0 1 0 0 x x 0 1 x x x 0 0 x x x x x 4 1
94beb06f 1 0 xx xx 00 fffeb94a x x x x x x 0 1 x x x 0 0 x x x x x 4 0
47f90ce7 1 0 12 xx 19 0000047f 0 1 0 0 x x 0 1 x x x 0 0 x x x x x 4 1
6b9a06ef 1 0 xx xx 0d 000a0eb8 x x x x x x 0 1 x x x 0 0 x x x x x 4 0
001285e7 1 0 05 xx 0b 00000001 0 1 0 0 x x 0 1 x x x 0 0 x x x x x 4 1
4fa851ef 1 0 xx xx 03 000854fa x x x x x x 0 1 x x x 0 0 x x x x x 4 0
99eb8be7 1 0 17 xx 17 fffff99e 0 1 0 0 x x 0 1 x x x 0 0 x x x x x 4 1
8399626f 1 0 xx xx 04 fff96838 x x x x x x 0 1 x x x 0 0 x x x x x 4 0
b24387e7 1 0 07 xx 0f fffffb24 0 1 0 0 x x 0 1 x x x 0 0 x x x x x 4 1
95db6fef 1 0 xx xx 1f fffb695c x x x x x x 0 1 x x x 0 0 x x x x x 4 0
452f8067 1 0 1f xx 00 00000452 0 1 0 0 x x 0 1 x x x 0 0 x x x x x 4 1
346ef26f 1 0 xx xx 04 000ef346 x x x x x x 0 1 x x x 0 0 x x x x x 4 0
d3398267 1 0 13 xx 04 fffffd33 0 1 0 0 x x 0 1 x x x 0 0 x x x x x 4 1
3f6fffef 1 0 xx xx 1f 000ff3f6 x x x x x x 0 1 x x x 0 0 x x x x x 4 0
3eaf0167 1 0 1e xx 02 000003ea 0 1 0 0 x x 0 1 x x x 0 0 x x x x x 4 1
80000fef 1 0 xx xx 1f fff00000 x x x x x x 0 1 x x x 0 0 x x x x x 4 0
3b5a02e7 1 0 14 xx 05 000003b5 0 1 0 0 x x 0 1 x x x 0 0 x x x x x 4 1
cf744b6f 1 0 xx xx 16 fff44cf6 x x x x x x 0 1 x x x 0 0 x x x x x 4 0
070601e7 1 0 0c xx 03 00000070 0 1 0 0 x x 0 1 x x x 0 0 x x x x x 4 1
406fdbef 1 0 xx xx 17 000fd406 x x x x x x 0 1 x x x 0 0 x x x x x 4 0
e5ec8067 1 0 19 xx 00 fffffe5e 0 1 0 0 x x 0 1 x x x 0 0 x x x x x 4 1
80000a6f 1 0 xx xx 14 fff00000 x x x x x x 0 1 x x x 0 0 x x x x x 4 0
7ffa87e7 1 0 15 xx 0f 000007ff 0 1 0 0 x x 0 1 x x x 0 0 x x x x x 4 1
46884c6f 1 0 xx xx 18 00084468 x x x x x x 0 1 x x x 0 0 x x x x x 4 0
692c8067 1 0 19 xx 00 00000692 0 1 0 0 x x 0 1 x x x 0 0 x x x x x 4 1
b35d8eef 1 0 xx xx 1d fffd8b34 x x x x x x 0 1 x x x 0 0 x x x x x 4 0
94900b67 1 0 00 xx 16 fffff949 0 1 0 0 x x 0 1 x x x 0 0 x x x x x 4 1
755ccaef 1 0 xx xx 15 000ccf54 x x x x x x 0 1 x x x 0 0 x x x x x 4 0
e5890f67 1 0 12 xx 1e fffffe58 0 1 0 0 x x 0 1 x x x 0 0 x x x x x 4 1
b6b292ef 1 0 xx xx 05 fff29b6a x x x x x x 0 1 x x x 0 0 x x x x x 4 0
73100967 1 0 00 xx 12 00000731 0 1 0 0 x x 0 1 x x x 0 0 x x x x x 4 1
cfa2e4ef 1 0 xx xx 09 fff2e4fa x x x x x x 0 1 x x x 0 0 x x x x x 4 0
022501e7 1 0 0a xx 03 00000022 0 1 0 0 x x 0 1 x x x 0 0 x x x x x 4 1
b2a70cef 1 0 xx xx 19 fff7032a x x x x x x 0 1 x x x 0 0 x x x x x 4 0
12ad0f67 1 0 1a xx 1e 0000012a 0 1 0 0 x x 0 1 x x x 0 0 x x x x x 4 1
60278def 1 0 xx xx 1b 00078602 x x x x x x 0 1 x x x 0 0 x x x x x 4 0
e89a0167 1 0 14 xx 02 fffffe89 0 1 0 0 x x 0 1 x x x 0 0 x x x x x 4 1
a09fb26f 1 0 xx xx 04 ffffba08 x x x x x x 0 1 x x x 0 0 x x x x x 4 0
fd888be7 1 0 11 xx 17 ffffffd8 0 1 0 0 x x 0 1 x x x 0 0 x x x x x 4 1
8000096f 1 0 xx xx 12 fff00000 x x x x x x 0 1 x x x 0 0 x x x x x 4 0
d3800767 1 0 00 xx 0e fffffd38 0 1 0 0 x x 0 1 x x x 0 0 x x x x x 4 1
3c3b606f 1 0 xx xx 00 000b6bc2 x x x x x x 0 1 x x x 0 0 x x x x x 4 0
fff504e7 1 0 0a xx 09 ffffffff 0 1 0 0 x x 0 1 x x x 0 0 x x x x x 4 1
7ffff26f 1 0 xx xx 04 000ffffe x x x x x x 0 1 x x x 0 0 x x x x x 4 0
aaa884e7 1 0 11 xx 09 fffffaaa 0 1 0 0 x x 0 1 x x x 0 0 x x x x x 4 1
24fb9fef 1 0 xx xx 1f 000b9a4e x x x x x x 0 1 x x x 0 0 x x x x x 4 0
a8bf81e7 1 0 1f xx 03 fffffa8b 0 1 0 0 x x 0 1 x x x 0 0 x x x x x 4 1
b3df156f 1 0 xx xx 0a ffff1b3c x x x x x x 0 1 x x x 0 0 x x x x x 4 0
f9008fe7 1 0 01 xx 1f ffffff90 0 1 0 0 x x 0 1 x x x 0 0 x x x x x 4 1
e0ce6fef 1 0 xx xx 1f fffe660c x x x x x x 0 1 x x x 0 0 x x x x x 4 0
49170de7 1 0 0e xx 1b 00000491 0 1 0 0 x x 0 1 x x x 0 0 x x x x x 4 1
fffff96f 1 0 xx xx 12 fffffffe x x x x x x 0 1 x x x 0 0 x x x x x 4 0
20730ee7 1 0 06 xx 1d 00000207 0 1 0 0 x x 0 1 x x x 0 0 x x x x x 4 1
b0311aef 1 0 xx xx 15 fff11b02 x x x x x x 0 1 x x x 0 0 x x x x x 4 0
dc478b67 1 0 0f xx 16 fffffdc4 0 1 0 0 x x 0 1 x x x 0 0 x x x x x 4 1
fffffdef 1 0 xx xx 1b fffffffe x x x x x x 0 1 x x x 0 0 x x x x x 4 0
2c250067 1 0 0a xx 00 000002c2 0 1 0 0 x x 0 1 x x x 0 0 x x x x x 4 1
df3c3b6f 1 0 xx xx 16 fffc3df2 x x x x x x 0 1 x x x 0 0 x x x x x 4 0
aaaf8fe7 1 0 1f xx 1f fffffaaa 0 1 0 0 x x 0 1 x x x 0 0 x x x x x 4 1
80000fef 1 0 xx xx 1f fff00000 x x x x x x 0 1 x x x 0 0 x x x x x 4 0
faeb0567 1 0 16 xx 0a ffffffae 0 1 0 0 x x 0 1 x x x 0 0 x x x x x 4 1
fffffb6f 1 0 xx xx 16 fffffffe x x x x x x 0 1 x x x 0 0 x x x x x 4 0
0d3f86e7 1 0 1f xx 0d 000000d3 0 1 0 0 x x 0 1 x x x 0 0 x x x x x 4 1
f398c06f 1 0 xx xx 00 fff8cf38 x x x x x x 0 1 x x x 0 0 x x x x x 4 0
000f8267 1 0 1f xx 04 00000000 0 1 0 0 x x 0 1 x x x 0 0 x x x x x 4 1
0fe263ef 1 0 xx xx 07 000260fe x x x x x x 0 1 x x x 0 0 x x x x x 4 0
62ff8467 1 0 1f xx 08 0000062f 0 1 0 0 x x 0 1 x x x 0 0 x x x x x 4 1
8aada76f 1 0 xx xx 0e fffda0aa x x x x x x 0 1 x x x 0 0 x x x x x 4 0
b2ea8be7 1 0 15 xx 17 fffffb2e 0 1 0 0 x x 0 1 x x x 0 0 x x x x x 4 1
bc72efef 1 0 xx xx 1f fff2ebc6 x x x x x x 0 1 x x x 0 0 x x x x x 4 0
438000e7 1 0 00 xx 01 00000438 0 1 0 0 x x 0 1 x x x 0 0 x x x x x 4 1
a643476f 1 0 xx xx 0e fff34264 x x x x x x 0 1 x x x 0 0 x x x x x 4 0
cc0e08e7 1 0 1c xx 11 fffffcc0 0 1 0 0 x x 0 1 x x x 0 0 x x x x x 4 1
a9f984ef 1 0 xx xx 09 fff98a9e x x x x x x 0 1 x x x 0 0 x x x x x 4 0
37530467 1 0 06 xx 08 00000375 0 1 0 0 x x 0 1 x x x 0 0 x x x x x 4 1
bdf1abef 1 0 xx xx 17 fff1abde x x x x x x 0 1 x x x 0 0 x x x x x 4 0
55590667 1 0 12 xx 0c 00000555 0 1 0 0 x x 0 1 x x x 0 0 x x x x x 4 1
7ffff06f 1 0 xx xx 00 000ffffe x x x x x x 0 1 x x x 0 0 x x x x x 4 0
00100d67 1 0 00 xx 1a 00000001 0 1 0 0 x x 0 1 x x x 0 0 x x x x x 4 1
6124baef 1 0 xx xx 15 0004b612 x x x x x x 0 1 x x x 0 0 x x x x x 4 0
1b420ae7 1 0 04 xx 15 000001b4 0 1 0 0 x x 0 1 x x x 0 0 x x x x x 4 1
00200aef 1 0 xx xx 15 00000002 x x x x x x 0 1 x x x 0 0 x x x x x 4 0
fab40fe7 1 0 08 xx 1f ffffffab 0 1 0 0 x x 0 1 x x x 0 0 x x x x x 4 1
17ca606f 1 0 xx xx 00 000a617c x x x x x x 0 1 x x x 0 0 x x x x x 4 0
64310fe7 1 0 02 xx 1f 00000643 0 1 0 0 x x 0 1 x x x 0 0 x x x x x 4 1
f6b14bef 1 0 xx xx 17 fff14f6a x x x x x x 0 1 x x x 0 0 x x x x x 4 0
38a88667 1 0 11 xx 0c 0000038a 0 1 0 0 x x 0 1 x x x 0 0 x x x x x 4 1
00200fef 1 0 xx xx 1f 00000002 x x x x x x 0 1 x x x 0 0 x x x x x 4 0
ffed0f67 1 0 1a xx 1e fffffffe 0 1 0 0 x x 0 1 x x x 0 0 x x x x x 4 1
1a01a06f 1 0 xx xx 00 0001a1a0 x x x x x x 0 1 x x x 0 0 x x x x x 4 0
7de584e7 1 0 0b xx 09 000007de 0 1 0 0 x x 0 1 x x x 0 0 x x x x x 4 1
be522d6f 1 0 xx xx 1a fff22be4 x x x x x x 0 1 x x x 0 0 x x x x x 4 0
c5e486e7 1 0 09 xx 0d fffffc5e 0 1 0 0 x x 0 1 x x x 0 0 x x x x x 4 1
80000aef 1 0 xx xx 15 fff00000 x x x x x x 0 1 x x x 0 0 x x x x x 4 0
001f85e7 1 0 1f xx 0b 00000001 0 1 0 0 x x 0 1 x x x 0 0 x x x x x 4 1
d5ce57ef 1 0 xx xx 0f fffe555c x x x x x x 0 1 x x x 0 0 x x x x x 4 0
fff00267 1 0 00 xx 04 ffffffff 0 1 0 0 x x 0 1 x x x 0 0 x x x x x 4 1
e33bf8ef 1 0 xx xx 11 fffbfe32 x x x x x x 0 1 x x x 0 0 x x x x x 4 0
09718067 1 0 03 xx 00 00000097 0 1 0 0 x x 0 1 x x x 0 0 x x x x x 4 1
fe6734ef 1 0 xx xx 09 fff737e6 x x x x x x 0 1 x x x 0 0 x x x x x 4 0
97d40f67 1 0 08 xx 1e fffff97d 0 1 0 0 x x 0 1 x x x 0 0 x x x x x 4 1
dc17f6ef 1 0 xx xx 0d fff7fdc0 x x x x x x 0 1 x x x 0 0 x x x x x 4 0
7ff880e7 1 0 11 xx 01 000007ff 0 1 0 0 x x 0 1 x x x 0 0 x x x x x 4 1
f237706f 1 0 xx xx 00 fff77f22 x x x x x x 0 1 x x x 0 0 x x x x x 4 0
55568567 1 0 0d xx 0a 00000555 0 1 0 0 x x 0 1 x x x 0 0 x x x x x 4 1
d1ecff6f 1 0 xx xx 1e fffcf51e x x x x x x 0 1 x x x 0 0 x x x x x 4 0
5f1f0167 1 0 1e xx 02 000005f1 0 1 0 0 x x 0 1 x x x 0 0 x x x x x 4 1
91f909ef 1 0 xx xx 13 fff9091e x x x x x x 0 1 x x x 0 0 x x x x x 4 0
ffe60a67 1 0 0c xx 14 fffffffe 0 1 0 0 x x 0 1 x x x 0 0 x x x x x 4 1
f193b7ef 1 0 xx xx 0f fff3bf18 x x x x x x 0 1 x x x 0 0 x x x x x 4 0
69200be7 1 0 00 xx 17 00000692 0 1 0 0 x x 0 1 x x x 0 0 x x x x x 4 1
1e443fef 1 0 xx xx 1f 000431e4 x x x x x x 0 1 x x x 0 0 x x x x x 4 0
455709e7 1 0 0e xx 13 00000455 0 1 0 0 x x 0 1 x x x 0 0 x x x x x 4 1
db7509ef 1 0 xx xx 13 fff50db6 x x x x x x 0 1 x x x 0 0 x x x x x 4 0
b62f8067 1 0 1f xx 00 fffffb62 0 1 0 0 x x 0 1 x x x 0 0 x x x x x 4 1
7ffff06f 1 0 xx xx 00 000ffffe x x x x x x 0 1 x x x 0 0 x x x x x 4 0
6cd18fe7 1 0 03 xx 1f 000006cd 0 1 0 0 x x 0 1 x x x 0 0 x x x x x 4 1
878ae06f 1 0 xx xx 00 fffae078 x x x x x x 0 1 x x x 0 0 x x x x x 4 0
71d20067 1 0 04 xx 00 0000071d 0 1 0 0 x x 0 1 x x x 0 0 x x x x x 4 1
03c25fef 1 0 xx xx 1f 0002503c x x x x x x 0 1 x x x 0 0 x x x x x 4 0
07fe0ee7 1 0 1c xx 1d 0000007f 0 1 0 0 x x 0 1 x x x 0 0 x x x x x 4 1
3b02566f 1 0 xx xx 0c 000253b0 x x x x x x 0 1 x x x 0 0 x x x x x 4 0
ffe00ee7 1 0 00 xx 1d fffffffe 0 1 0 0 x x 0 1 x x x 0 0 x x x x x 4 1
002006ef 1 0 xx xx 0d 00000002 x x x x x x 0 1 x x x 0 0 x x x x x 4 0
1a698067 1 0 13 xx 00 000001a6 0 1 0 0 x x 0 1 x x x 0 0 x x x x x 4 1
88d1146f 1 0 xx xx 08 fff1188c x x x x x x 0 1 x x x 0 0 x x x x x 4 0
ffff0067 1 0 1e xx 00 ffffffff 0 1 0 0 x x 0 1 x x x 0 0 x x x x x 4 1
1ebc986f 1 0 xx xx 10 000c99ea x x x x x x 0 1 x x x 0 0 x x x x x 4 0
300e0267 1 0 1c xx 04 00000300 0 1 0 0 x x 0 1 x x x 0 0 x x x x x 4 1
0888766f 1 0 xx xx 0c 00087088 x x x x x x 0 1 x x x 0 0 x x x x x 4 0
f4328467 1 0 05 xx 08 ffffff43 0 1 0 0 x x 0 1 x x x 0 0 x x x x x 4 1
7ffffcef 1 0 xx xx 19 000ffffe x x x x x x 0 1 x x x 0 0 x x x x x 4 0
e6338b67 1 0 07 xx 16 fffffe63 0 1 0 0 x x 0 1 x x x 0 0 x x x x x 4 1
d0549eef 1 0 xx xx 1d fff49d04 x x x x x x 0 1 x x x 0 0 x x x x x 4 0
aaab0a67 1 0 16 xx 14 fffffaaa 0 1 0 0 x x 0 1 x x x 0 0 x x x x x 4 1
6103a4ef 1 0 xx xx 09 0003a610 x x x x x x 0 1 x x x 0 0 x x x x x 4 0
95f70ee7 1 0 0e xx 1d fffff95f 0 1 0 0 x x 0 1 x x x 0 0 x x x x x 4 1
c276b2ef 1 0 xx xx 05 fff6bc26 x x x x x x 0 1 x x x 0 0 x x x x x 4 0
4ccb02e7 1 0 16 xx 05 000004cc 0 1 0 0 x x 0 1 x x x 0 0 x x x x x 4 1
7ffff8ef 1 0 xx xx 11 000ffffe x x x x x x 0 1 x x x 0 0 x x x x x 4 0
f16508e7 1 0 0a xx 11 ffffff16 0 1 0 0 x x 0 1 x x x 0 0 x x x x x 4 1
4a0317ef 1 0 xx xx 0f 000314a0 x x x x x x 0 1 x x x 0 0 x x x x x 4 0
55b808e7 1 0 10 xx 11 0000055b 0 1 0 0 x x 0 1 x x x 0 0 x x x x x 4 1
488d5b6f 1 0 xx xx 16 000d5488 x x x x x x 0 1 x x x 0 0 x x x x x 4 0
0bd00c67 1 0 00 xx 18 000000bd 0 1 0 0 x x 0 1 x x x 0 0 x x x x x 4 1
fdfbe6ef 1 0 xx xx 0d fffbefde x x x x x x 0 1 x x x 0 0 x x x x x 4 0
c47309e7 1 0 06 xx 13 fffffc47 0 1 0 0 x x 0 1 x x x 0 0 x x x x x 4 1
0020006f 1 0 xx xx 00 00000002 x x x x x x 0 1 x x x 0 0 x x x x x 4 0
f23d8f67 1 0 1b xx 1e ffffff23 0 1 0 0 x x 0 1 x x x 0 0 x x x x x 4 1
ac07fcef 1 0 xx xx 19 fff7f2c0 x x x x x x 0 1 x x x 0 0 x x x x x 4 0
11628ae7 1 0 05 xx 15 00000116 0 1 0 0 x x 0 1 x x x 0 0 x x x x x 4 1
7ffff66f 1 0 xx xx 0c 000ffffe x x x x x x 0 1 x x x 0 0 x x x x x 4 0
6dcf8fe7 1 0 1f xx 1f 000006dc 0 1 0 0 x x 0 1 x x x 0 0 x x x x x 4 1
db7726ef 1 0 xx xx 0d fff72db6 x x x x x x 0 1 x x x 0 0 x x x x x 4 0
aaa78fe7 1 0 0f xx 1f fffffaaa 0 1 0 0 x x 0 1 x x x 0 0 x x x x x 4 1
50e22a6f 1 0 xx xx 14 0002250e x x x x x x 0 1 x x x 0 0 x x x x x 4 0
5baf81e7 1 0 1f xx 03 000005ba 0 1 0 0 x x 0 1 x x x 0 0 x x x x x 4 1
80000d6f 1 0 xx xx 1a fff00000 x x x x x x 0 1 x x x 0 0 x x x x x 4 0
000d0267 1 0 1a xx 04 00000000 0 1 0 0 x x 0 1 x x x 0 0 x x x x x 4 1
2468bb6f 1 0 xx xx 16 0008b246 x x x x x x 0 1 x x x 0 0 x x x x x 4 0
46808967 1 0 01 xx 12 00000468 0 1 0 0 x x 0 1 x x x 0 0 x x x x x 4 1
96ff5b6f 1 0 xx xx 16 ffff596e x x x x x x 0 1 x x x 0 0 x x x x x 4 0
e42c0067 1 0 18 xx 00 fffffe42 0 1 0 0 x x 0 1 x x x 0 0 x x x x x 4 1
4d15926f 1 0 xx xx 04 00059cd0 x x x x x x 0 1 x x x 0 0 x x x x x 4 0
af1183e7 1 0 03 xx 07 fffffaf1 0 1 0 0 x x 0 1 x x x 0 0 x x x x x 4 1
800008ef 1 0 xx xx 11 fff00000 x x x x x x 0 1 x x x 0 0 x x x x x 4 0
5a3d0067 1 0 1a xx 00 000005a3 0 1 0 0 x x 0 1 x x x 0 0 x x x x x 4 1
6ff624ef 1 0 xx xx 09 00062efe x x x x x x 0 1 x x x 0 0 x x x x x 4 0
1ba103e7 1 0 02 xx 07 000001ba 0 1 0 0 x x 0 1 x x x 0 0 x x x x x 4 1
a1d8586f 1 0 xx xx 10 fff85a1c x x x x x x 0 1 x x x 0 0 x x x x x 4 0
de600b67 1 0 00 xx 16 fffffde6 0 1 0 0 x x 0 1 x x x 0 0 x x x x x 4 1
0020006f 1 0 xx xx 00 00000002 x x x x x x 0 1 x x x 0 0 x x x x x 4 0
17f182e7 1 0 03 xx 05 0000017f 0 1 0 0 x x 0 1 x x x 0 0 x x x x x 4 1
025056ef 1 0 xx xx 0d 00005824 x x x x x x 0 1 x x x 0 0 x x x x x 4 0
90838b67 1 0 07 xx 16 fffff908 0 1 0 0 x x 0 1 x x x 0 0 x x x x x 4 1
814b25ef 1 0 xx xx 0b fffb2014 x x x x x x 0 1 x x x 0 0 x x x x x 4 0
95720ee7 1 0 04 xx 1d fffff957 0 1 0 0 x x 0 1 x x x 0 0 x x x x x 4 1
7ffffa6f 1 0 xx xx 14 000ffffe x x x x x x 0 1 x x x 0 0 x x x x x 4 0
085903e7 1 0 12 xx 07 00000085 0 1 0 0 x x 0 1 x x x 0 0 x x x x x 4 1
4c4a106f 1 0 xx xx 00 000a14c4 x x x x x x 0 1 x x x 0 0 x x x x x 4 0
e4600767 1 0 00 xx 0e fffffe46 0 1 0 0 x x 0 1 x x x 0 0 x x x x x 4 1
53f7c86f 1 0 xx xx 10 0007cd3e x x x x x x 0 1 x x x 0 0 x x x x x 4 0
2b400667 1 0 00 xx 0c 000002b4 0 1 0 0 x x 0 1 x x x 0 0 x x x x x 4 1
fb1e376f 1 0 xx xx 0e fffe3fb0 x x x x x x 0 1 x x x 0 0 x x x x x 4 0
7ff40fe7 1 0 08 xx 1f 000007ff 0 1 0 0 x x 0 1 x x x 0 0 x x x x x 4 1
ae3dc7ef 1 0 xx xx 0f fffdcae2 x x x x x x 0 1 x x x 0 0 x x x x x 4 0
30e30c67 1 0 06 xx 18 0000030e 0 1 0 0 x x 0 1 x x x 0 0 x x x x x 4 1
2fe2056f 1 0 xx xx 0a 000202fe x x x x x x 0 1 x x x 0 0 x x x x x 4 0
2f4d06e7 1 0 1a xx 0d 000002f4 0 1 0 0 x x 0 1 x x x 0 0 x x x x x 4 1
919ae9ef 1 0 xx xx 13 fffae918 x x x x x x 0 1 x x x 0 0 x x x x x 4 0
684d84e7 1 0 1b xx 09 00000684 0 1 0 0 x x 0 1 x x x 0 0 x x x x x 4 1
6031de6f 1 0 xx xx 1c 0001de02 x x x x x x 0 1 x x x 0 0 x x x x x 4 0
28088de7 1 0 11 xx 1b 00000280 0 1 0 0 x x 0 1 x x x 0 0 x x x x x 4 1
732b496f 1 0 xx xx 12 000b4732 x x x x x x 0 1 x x x 0 0 x x x x x 4 0
0bc38367 1 0 07 xx 06 000000bc 0 1 0 0 x x 0 1 x x x 0 0 x x x x x 4 1
5363a06f 1 0 xx xx 00 0003a536 x x x x x x 0 1 x x x 0 0 x x x x x 4 0
00138f67 1 0 07 xx 1e 00000001 0 1 0 0 x x 0 1 x x x 0 0 x x x x x 4 1
db94db6f 1 0 xx xx 16 fff4ddb8 x x x x x x 0 1 x x x 0 0 x x x x x 4 0
8dd00f67 1 0 00 xx 1e fffff8dd 0 1 0 0 x x 0 1 x x x 0 0 x x x x x 4 1
fffffd6f 1 0 xx xx 1a fffffffe x x x x x x 0 1 x x x 0 0 x x x x x 4 0
3d580867 1 0 10 xx 10 000003d5 0 1 0 0 x x 0 1 x x x 0 0 x x x x x 4 1
f61cde6f 1 0 xx xx 1c fffcdf60 x x x x x x 0 1 x x x 0 0 x x x x x 4 0
555681e7 1 0 0d xx 03 00000555 0 1 0 0 x x 0 1 x x x 0 0 x x x x x 4 1
228d43ef 1 0 xx xx 07 000d4228 x x x x x x 0 1 x x x 0 0 x x x x x 4 0
3ad00fe7 1 0 00 xx 1f 000003ad 0 1 0 0 x x 0 1 x x x 0 0 x x x x x 4 1
97618b6f 1 0 xx xx 16 fff18176 x x x x x x 0 1 x x x 0 0 x x x x x 4 0
fff48f67 1 0 09 xx 1e ffffffff 0 1 0 0 x x 0 1 x x x 0 0 x x x x x 4 1
98fe7bef 1 0 xx xx 17 fffe798e x x x x x x 0 1 x x x 0 0 x x x x x 4 0
aaa200e7 1 0 04 xx 01 fffffaaa 0 1 0 0 x x 0 1 x x x 0 0 x x x x x 4 1
7fffffef 1 0 xx xx 1f 000ffffe x x x x x x 0 1 x x x 0 0 x x x x x 4 0
aa5387e7 1 0 07 xx 0f fffffaa5 0 1 0 0 x x 0 1 x x x 0 0 x x x x x 4 1
e162f06f 1 0 xx xx 00 fff2f616 x x x x x x 0 1 x x x 0 0 x x x x x 4 0
9ed98d67 1 0 13 xx 1a fffff9ed 0 1 0 0 x x 0 1 x x x 0 0 x x x x x 4 1
de27dbef 1 0 xx xx 17 fff7d5e2 x x x x x x 0 1 x x x 0 0 x x x x x 4 0
fc900d67 1 0 00 xx 1a ffffffc9 0 1 0 0 x x 0 1 x x x 0 0 x x x x x 4 1
3b456a6f 1 0 xx xx 14 000563b4 x x x x x x 0 1 x x x 0 0 x x x x x 4 0
800681e7 1 0 0d xx 03 fffff800 0 1 0 0 x x 0 1 x x x 0 0 x x x x x 4 1
3f90c76f 1 0 xx xx 0e 0000cbf8 x x x x x x 0 1 x x x 0 0 x x x x x 4 0
800a8a67 1 0 15 xx 14 fffff800 0 1 0 0 x x 0 1 x x x 0 0 x x x x x 4 1
a397636f 1 0 xx xx 06 fff76a38 x x x x x x 0 1 x x x 0 0 x x x x x 4 0
ffed80e7 1 0 1b xx 01 fffffffe 0 1 0 0 x x 0 1 x x x 0 0 x x x x x 4 1
e56c886f 1 0 xx xx 10 fffc8656 x x x x x x 0 1 x x x 0 0 x x x x x 4 0
001307e7 1 0 06 xx 0f 00000001 0 1 0 0 x x 0 1 x x x 0 0 x x x x x 4 1
961a6c6f 1 0 xx xx 18 fffa6960 x x x x x x 0 1 x x x 0 0 x x x x x 4 0
98e20c67 1 0 04 xx 18 fffff98e 0 1 0 0 x x 0 1 x x x 0 0 x x x x x 4 1
c2063e6f 1 0 xx xx 1c fff63420 x x x x x x 0 1 x x x 0 0 x x x x x 4 0
a4780de7 1 0 10 xx 1b fffffa47 0 1 0 0 x x 0 1 x x x 0 0 x x x x x 4 1
c3a9756f 1 0 xx xx 0a fff9743a x x x x x x 0 1 x x x 0 0 x x x x x 4 0
ff1607e7 1 0 0c xx 0f fffffff1 0 1 0 0 x x 0 1 x x x 0 0 x x x x x 4 1
bc52b06f 1 0 xx xx 00 fff2bbc4 x x x x x x 0 1 x x x 0 0 x x x x x 4 0
e5ac0067 1 0 18 xx 00 fffffe5a 0 1 0 0 x x 0 1 x x x 0 0 x x x x x 4 1
9ee46b6f 1 0 xx xx 16 fff461ee x x x x x x 0 1 x x x 0 0 x x x x x 4 0
5e000b67 1 0 00 xx 16 000005e0 0 1 0 0 x x 0 1 x x x 0 0 x x x x x 4 1
1fd6ac6f 1 0 xx xx 18 0006a9fc x x x x x x 0 1 x x x 0 0 x x x x x 4 0
74d48067 1 0 09 xx 00 0000074d 0 1 0 0 x x 0 1 x x x 0 0 x x x x x 4 1
0849ea6f 1 0 xx xx 14 0009e084 x x x x x x 0 1 x x x 0 0 x x x x x 4 0
7eae87e7 1 0 1d xx 0f 000007ea 0 1 0 0 x x 0 1 x x x 0 0 x x x x x 4 1
7ffffb6f 1 0 xx xx 16 000ffffe x x x x x x 0 1 x x x 0 0 x x x x x 4 0
10300e67 1 0 00 xx 1c 00000103 0 1 0 0 x x 0 1 x x x 0 0 x x x x x 4 1
873f38ef 1 0 xx xx 11 ffff3872 x x x x x x 0 1 x x x 0 0 x x x x x 4 0
456c85e7 1 0 19 xx 0b 00000456 0 1 0 0 x x 0 1 x x x 0 0 x x x x x 4 1
800003ef 1 0 xx xx 07 fff00000 x x x x x x 0 1 x x x 0 0 x x x x x 4 0
ad8a0767 1 0 14 xx 0e fffffad8 0 1 0 0 x x 0 1 x x x 0 0 x x x x x 4 1
09093def 1 0 xx xx 1b 00093090 x x x x x x 0 1 x x x 0 0 x x x x x 4 0
4b620ae7 1 0 04 xx 15 000004b6 0 1 0 0 x x 0 1 x x x 0 0 x x x x x 4 1
0652206f 1 0 xx xx 00 00022864 x x x x x x 0 1 x x x 0 0 x x x x x 4 0
ff918467 1 0 03 xx 08 fffffff9 0 1 0 0 x x 0 1 x x x 0 0 x x x x x 4 1
3d446fef 1 0 xx xx 1f 000463d4 x x x x x x 0 1 x x x 0 0 x x x x x 4 0
38ff0b67 1 0 1e xx 16 0000038f 0 1 0 0 x x 0 1 x x x 0 0 x x x x x 4 1
9974756f 1 0 xx xx 0a fff47996 x x x x x x 0 1 x x x 0 0 x x x x x 4 0
7ff181e7 1 0 03 xx 03 000007ff 0 1 0 0 x x 0 1 x x x 0 0 x x x x x 4 1
5af83fef 1 0 xx xx 1f 00083dae x x x x x x 0 1 x x x 0 0 x x x x x 4 0
e2128c67 1 0 05 xx 18 fffffe21 0 1 0 0 x x 0 1 x x x 0 0 x x x x x 4 1
846a156f 1 0 xx xx 0a fffa1046 x x x x x x 0 1 x x x 0 0 x x x x x 4 0
80068567 1 0 0d xx 0a fffff800 0 1 0 0 x x 0 1 x x x 0 0 x x x x x 4 1
7a99c7ef 1 0 xx xx 0f 0009cfa8 x x x x x x 0 1 x x x 0 0 x x x x x 4 0
25000fe7 1 0 00 xx 1f 00000250 0 1 0 0 x x 0 1 x x x 0 0 x x x x x 4 1
f681c6ef 1 0 xx xx 0d fff1c768 x x x x x x 0 1 x x x 0 0 x x x x x 4 0
bf8e0067 1 0 1c xx 00 fffffbf8 0 1 0 0 x x 0 1 x x x 0 0 x x x x x 4 1
d5b96fef 1 0 xx xx 1f fff96d5a x x x x x x 0 1 x x x 0 0 x x x x x 4 0
00050267 1 0 0a xx 04 00000000 0 1 0 0 x x 0 1 x x x 0 0 x x x x x 4 1
00200fef 1 0 xx xx 1f 00000002 x x x x x x 0 1 x x x 0 0 x x x x x 4 0
61ff8de7 1 0 1f xx 1b 0000061f 0 1 0 0 x x 0 1 x x x 0 0 x x x x x 4 1
67dc9fef 1 0 xx xx 1f 000c9e7c x x x x x x 0 1 x x x 0 0 x x x x x 4 0
40c30267 1 0 06 xx 04 0000040c 0 1 0 0 x x 0 1 x x x 0 0 x x x x x 4 1
fffff06f 1 0 xx xx 00 fffffffe x x x x x x 0 1 x x x 0 0 x x x x x 4 0
967a8a67 1 0 15 xx 14 fffff967 0 1 0 0 x x 0 1 x x x 0 0 x x x x x 4 1
5438816f 1 0 xx xx 02 00088d42 x x x x x x 0 1 x x x 0 0 x x x x x 4 0
ffe38ce7 1 0 07 xx 19 fffffffe 0 1 0 0 x x 0 1 x x x 0 0 x x x x x 4 1
1396c66f 1 0 xx xx 0c 0006c938 x x x x x x 0 1 x x x 0 0 x x x x x 4 0
fb670167 1 0 0e xx 02 ffffffb6 0 1 0 0 x x 0 1 x x x 0 0 x x x x x 4 1
604376ef 1 0 xx xx 0d 00037604 x x x x x x 0 1 x x x 0 0 x x x x x 4 0
80000a67 1 0 00 xx 14 fffff800 0 1 0 0 x x 0 1 x x x 0 0 x x x x x 4 1
39e55e6f 1 0 xx xx 1c 0005539e x x x x x x 0 1 x x x 0 0 x x x x x 4 0
0efe03e7 1 0 1c xx 07 000000ef 0 1 0 0 x x 0 1 x x x 0 0 x x x x x 4 1
9647d6ef 1 0 xx xx 0d fff7d164 x x x x x x 0 1 x x x 0 0 x x x x x 4 0
77a70367 1 0 0e xx 06 0000077a 0 1 0 0 x x 0 1 x x x 0 0 x x x x x 4 1
a93df6ef 1 0 xx xx 0d fffdfa92 x x x x x x 0 1 x x x 0 0 x x x x x 4 0
55500067 1 0 00 xx 00 00000555 0 1 0 0 x x 0 1 x x x 0 0 x x x x x 4 1
c9de1eef 1 0 xx xx 1d fffe1c9c x x x x x x 0 1 x x x 0 0 x x x x x 4 0
4f1682e7 1 0 0d xx 05 000004f1 0 1 0 0 x x 0 1 x x x 0 0 x x x x x 4 1
976b1def 1 0 xx xx 1b fffb1176 x x x x x x 0 1 x x x 0 0 x x x x x 4 0
6bcd0e67 1 0 1a xx 1c 000006bc 0 1 0 0 x x 0 1 x x x 0 0 x x x x x 4 1
7ffffd6f 1 0 xx xx 1a 000ffffe x x x x x x 0 1 x x x 0 0 x x x x x 4 0
cf3b8ae7 1 0 17 xx 15 fffffcf3 0 1 0 0 x x 0 1 x x x 0 0 x x x x x 4 1
00200a6f 1 0 xx xx 14 00000002 x x x x x x 0 1 x x x 0 0 x x x x x 4 0
7ff780e7 1 0 0f xx 01 000007ff 0 1 0 0 x x 0 1 x x x 0 0 x x x x x 4 1
61bc14ef 1 0 xx xx 09 000c1e1a x x x x x x 0 1 x x x 0 0 x x x x x 4 0
02008067 1 0 01 xx 00 00000020 0 1 0 0 x x 0 1 x x x 0 0 x x x x x 4 1
e41f08ef 1 0 xx xx 11 ffff0e40 x x x x x x 0 1 x x x 0 0 x x x x x 4 0
3a370b67 1 0 0e xx 16 000003a3 0 1 0 0 x x 0 1 x x x 0 0 x x x x x 4 1
2bcbf3ef 1 0 xx xx 07 000bf2bc x x x x x x 0 1 x x x 0 0 x x x x x 4 0
bcb88fe7 1 0 11 xx 1f fffffbcb 0 1 0 0 x x 0 1 x x x 0 0 x x x x x 4 1
c0beb26f 1 0 xx xx 04 fffebc0a x x x x x x 0 1 x x x 0 0 x x x x x 4 0
02218867 1 0 03 xx 10 00000022 0 1 0 0 x x 0 1 x x x 0 0 x x x x x 4 1
1d47b9ef 1 0 xx xx 13 0007b1d4 x x x x x x 0 1 x x x 0 0 x x x x x 4 0
61a088e7 1 0 01 xx 11 0000061a 0 1 0 0 x x 0 1 x x x 0 0 x x x x x 4 1
01d7806f 1 0 xx xx 00 0007881c x x x x x x 0 1 x x x 0 0 x x x x x 4 0
4bfe05e7 1 0 1c xx 0b 000004bf 0 1 0 0 x x 0 1 x x x 0 0 x x x x x 4 1
f030946f 1 0 xx xx 08 fff09f02 x x x x x x 0 1 x x x 0 0 x x x x x 4 0
01cc8fe7 1 0 19 xx 1f 0000001c 0 1 0 0 x x 0 1 x x x 0 0 x x x x x 4 1
00200fef 1 0 xx xx 1f 00000002 x x x x x x 0 1 x x x 0 0 x x x x x 4 0
ccca0fe7 1 0 14 xx 1f fffffccc 0 1 0 0 x x 0 1 x x x 0 0 x x x x x 4 1
8000016f 1 0 xx xx 02 fff00000 x x x x x x 0 1 x x x 0 0 x x x x x 4 0
2f3e8967 1 0 1d xx 12 000002f3 0 1 0 0 x x 0 1 x x x 0 0 x x x x x 4 1
27ae1c6f 1 0 xx xx 18 000e127a x x x x x x 0 1 x x x 0 0 x x x x x 4 0
c8300d67 1 0 00 xx 1a fffffc83 0 1 0 0 x x 0 1 x x x 0 0 x x x x x 4 1
4aa4c0ef 1 0 xx xx 01 0004c4aa x x x x x x 0 1 x x x 0 0 x x x x x 4 0
444f0167 1 0 1e xx 02 00000444 0 1 0 0 x x 0 1 x x x 0 0 x x x x x 4 1
80c267ef 1 0 xx xx 0f fff2600c x x x x x x 0 1 x x x 0 0 x x x x x 4 0
638b02e7 1 0 16 xx 05 00000638 0 1 0 0 x x 0 1 x x x 0 0 x x x x x 4 1
c214e8ef 1 0 xx xx 11 fff4ec20 x x x x x x 0 1 x x x 0 0 x x x x x 4 0
5c5e0867 1 0 1c xx 10 000005c5 0 1 0 0 x x 0 1 x x x 0 0 x x x x x 4 1
8000096f 1 0 xx xx 12 fff00000 x x x x x x 0 1 x x x 0 0 x x x x x 4 0
f7d90767 1 0 12 xx 0e ffffff7d 0 1 0 0 x x 0 1 x x x 0 0 x x x x x 4 1
0ec922ef 1 0 xx xx 05 000920ec x x x x x x 0 1 x x x 0 0 x x x x x 4 0
000001e7 1 0 00 xx 03 00000000 0 1 0 0 x x 0 1 x x x 0 0 x x x x x 4 1
fba1afef 1 0 xx xx 1f fff1a7ba x x x x x x 0 1 x x x 0 0 x x x x x 4 0
5fc68f67 1 0 0d xx 1e 000005fc 0 1 0 0 x x 0 1 x x x 0 0 x x x x x 4 1
55c27e6f 1 0 xx xx 1c 0002755c x x x x x x 0 1 x x x 0 0 x x x x x 4 0
32eb8ae7 1 0 17 xx 15 0000032e 0 1 0 0 x x 0 1 x x x 0 0 x x x x x 4 1
90d821ef 1 0 xx xx 03 fff8290c x x x x x x 0 1 x x x 0 0 x x x x x 4 0
59800a67 1 0 00 xx 14 00000598 0 1 0 0 x x 0 1 x x x 0 0 x x x x x 4 1
ded370ef 1 0 xx xx 01 fff37dec x x x x x x 0 1 x x x 0 0 x x x x x 4 0
a90006e7 1 0 00 xx 0d fffffa90 0 1 0 0 x x 0 1 x x x 0 0 x x x x x 4 1
9ff072ef 1 0 xx xx 05 fff079fe x x x x x x 0 1 x x x 0 0 x x x x x 4 0
abfa00e7 1 0 14 xx 01 fffffabf 0 1 0 0 x x 0 1 x x x 0 0 x x x x x 4 1
79d1b2ef 1 0 xx xx 05 0001bf9c x x x x x x 0 1 x x x 0 0 x x x x x 4 0
a12f8767 1 0 1f xx 0e fffffa12 0 1 0 0 x x 0 1 x x x 0 0 x x x x x 4 1
6bd508ef 1 0 xx xx 11 00050ebc x x x x x x 0 1 x x x 0 0 x x x x x 4 0
e0f509e7 1 0 0a xx 13 fffffe0f 0 1 0 0 x x 0 1 x x x 0 0 x x x x x 4 1
a530906f 1 0 xx xx 00 fff09a52 x x x x x x 0 1 x x x 0 0 x x x x x 4 0
f4f80f67 1 0 10 xx 1e ffffff4f 0 1 0 0 x x 0 1 x x x 0 0 x x x x x 4 1
fffffaef 1 0 xx xx 15 fffffffe x x x x x x 0 1 x x x 0 0 x x x x x 4 0
9c1904e7 1 0 12 xx 09 fffff9c1 0 1 0 0 x x 0 1 x x x 0 0 x x x x x 4 1
1686f76f 1 0 xx xx 0e 0006f168 x x x x x x 0 1 x x x 0 0 x x x x x 4 0
eb0a8867 1 0 15 xx 10 fffffeb0 0 1 0 0 x x 0 1 x x x 0 0 x x x x x 4 1
d615776f 1 0 xx xx 0e fff57d60 x x x x x x 0 1 x x x 0 0 x x x x x 4 0
bcd60fe7 1 0 0c xx 1f fffffbcd 0 1 0 0 x x 0 1 x x x 0 0 x x x x x 4 1
3e6ea36f 1 0 xx xx 06 000ea3e6 x x x x x x 0 1 x x x 0 0 x x x x x 4 0
ffe00d67 1 0 00 xx 1a fffffffe 0 1 0 0 x x 0 1 x x x 0 0 x x x x x 4 1
0020006f 1 0 xx xx 00 00000002 x x x x x x 0 1 x x x 0 0 x x x x x 4 0
0a580de7 1 0 10 xx 1b 000000a5 0 1 0 0 x x 0 1 x x x 0 0 x x x x x 4 1
137559ef 1 0 xx xx 13 00055936 x x x x x x 0 1 x x x 0 0 x x x x x 4 0
336008e7 1 0 00 xx 11 00000336 0 1 0 0 x x 0 1 x x x 0 0 x x x x x 4 1
e700c3ef 1 0 xx xx 07 fff0c670 x x x x x x 0 1 x x x 0 0 x x x x x 4 0
a81d0667 1 0 1a xx 0c fffffa81 0 1 0 0 x x 0 1 x x x 0 0 x x x x x 4 1
392eb16f 1 0 xx xx 02 000eb392 x x x x x x 0 1 x x x 0 0 x x x x x 4 0
b1e48be7 1 0 09 xx 17 fffffb1e 0 1 0 0 x x 0 1 x x x 0 0 x x x x x 4 1
5cf3f3ef 1 0 xx xx 07 0003fdce x x x x x x 0 1 x x x 0 0 x x x x x 4 0
a7ef8367 1 0 1f xx 06 fffffa7e 0 1 0 0 x x 0 1 x x x 0 0 x x x x x 4 1
f04f6bef 1 0 xx xx 17 ffff6704 x x x x x x 0 1 x x x 0 0 x x x x x 4 0
55518a67 1 0 03 xx 14 00000555 0 1 0 0 x x 0 1 x x x 0 0 x x x x x 4 1
e619206f 1 0 xx xx 00 fff92e60 x x x x x x 0 1 x x x 0 0 x x x x x 4 0
00018067 1 0 03 xx 00 00000000 0 1 0 0 x x 0 1 x x x 0 0 x x x x x 4 1
0000036f 1 0 xx xx 06 00000000 x x x x x x 0 1 x x x 0 0 x x x x x 4 0
17f884e7 1 0 11 xx 09 0000017f 0 1 0 0 x x 0 1 x x x 0 0 x x x x x 4 1
088ec16f 1 0 xx xx 02 000ec088 x x x x x x 0 1 x x x 0 0 x x x x x 4 0
55500d67 1 0 00 xx 1a 00000555 0 1 0 0 x x 0 1 x x x 0 0 x x x x x 4 1
0000026f 1 0 xx xx 04 00000000 x x x x x x 0 1 x x x 0 0 x x x x x 4 0
e9f78a67 1 0 0f xx 14 fffffe9f 0 1 0 0 x x 0 1 x x x 0 0 x x x x x 4 1
9b9a85ef 1 0 xx xx 0b fffa89b8 x x x x x x 0 1 x x x 0 0 x x x x x 4 0
854105e7 1 0 02 xx 0b fffff854 0 1 0 0 x x 0 1 x x x 0 0 x x x x x 4 1
c464a46f 1 0 xx xx 08 fff4a446 x x x x x x 0 1 x x x 0 0 x x x x x 4 0
7ff08567 1 0 01 xx 0a 000007ff 0 1 0 0 x x 0 1 x x x 0 0 x x x x x 4 1
8000076f 1 0 xx xx 0e fff00000 x x x x x x 0 1 x x x 0 0 x x x x x 4 0
7ffc8467 1 0 19 xx 08 000007ff 0 1 0 0 x x 0 1 x x x 0 0 x x x x x 4 1
1bde4fef 1 0 xx xx 1f 000e49bc x x x x x x 0 1 x x x 0 0 x x x x x 4 0
80048b67 1 0 09 xx 16 fffff800 0 1 0 0 x x 0 1 x x x 0 0 x x x x x 4 1
abb9496f 1 0 xx xx 12 fff94aba x x x x x x 0 1 x x x 0 0 x x x x x 4 0
88670c67 1 0 0e xx 18 fffff886 0 1 0 0 x x 0 1 x x x 0 0 x x x x x 4 1
c8a5bf6f 1 0 xx xx 1e fff5b48a x x x x x x 0 1 x x x 0 0 x x x x x 4 0
1f3987e7 1 0 13 xx 0f 000001f3 0 1 0 0 x x 0 1 x x x 0 0 x x x x x 4 1
00000e6f 1 0 xx xx 1c 00000000 x x x x x x 0 1 x x x 0 0 x x x x x 4 0
9f100fe7 1 0 00 xx 1f fffff9f1 0 1 0 0 x x 0 1 x x x 0 0 x x x x x 4 1
cb8b5aef 1 0 xx xx 15 fffb54b8 x x x x x x 0 1 x x x 0 0 x x x x x 4 0
b4828d67 1 0 05 xx 1a fffffb48 0 1 0 0 x x 0 1 x x x 0 0 x x x x x 4 1
9b00da6f 1 0 xx xx 14 fff0d1b0 x x x x x x 0 1 x x x 0 0 x x x x x 4 0
aee28b67 1 0 05 xx 16 fffffaee 0 1 0 0 x x 0 1 x x x 0 0 x x x x x 4 1
282af2ef 1 0 xx xx 05 000af282 x x x x x x 0 1 x x x 0 0 x x x x x 4 0
00188567 1 0 11 xx 0a 00000001 0 1 0 0 x x 0 1 x x x 0 0 x x x x x 4 1
8000006f 1 0 xx xx 00 fff00000 x x x x x x 0 1 x x x 0 0 x x x x x 4 0
57f78f67 1 0 0f xx 1e 0000057f 0 1 0 0 x x 0 1 x x x 0 0 x x x x x 4 1
d51d66ef 1 0 xx xx 0d fffd6d50 x x x x x x 0 1 x x x 0 0 x x x x x 4 0
b7f70167 1 0 0e xx 02 fffffb7f 0 1 0 0 x x 0 1 x x x 0 0 x x x x x 4 1
60eca06f 1 0 xx xx 00 000ca60e x x x x x x 0 1 x x x 0 0 x x x x x 4 0
4ca58ce7 1 0 0b xx 19 000004ca 0 1 0 0 x x 0 1 x x x 0 0 x x x x x 4 1
00000fef 1 0 xx xx 1f 00000000 x x x x x x 0 1 x x x 0 0 x x x x x 4 0
580281e7 1 0 05 xx 03 00000580 0 1 0 0 x x 0 1 x x x 0 0 x x x x x 4 1
fffff46f 1 0 xx xx 08 fffffffe x x x x x x 0 1 x x x 0 0 x x x x x 4 0
aaa907e7 1 0 12 xx 0f fffffaaa 0 1 0 0 x x 0 1 x x x 0 0 x x x x x 4 1
fdf86fef 1 0 xx xx 1f fff86fde x x x x x x 0 1 x x x 0 0 x x x x x 4 0
46000de7 1 0 00 xx 1b 00000460 0 1 0 0 x x 0 1 x x x 0 0 x x x x x 4 1
80000c6f 1 0 xx xx 18 fff00000 x x x x x x 0 1 x x x 0 0 x x x x x 4 0
9d900067 1 0 00 xx 00 fffff9d9 0 1 0 0 x x 0 1 x x x 0 0 x x x x x 4 1
7ffffd6f 1 0 xx xx 1a 000ffffe x x x x x x 0 1 x x x 0 0 x x x x x 4 0
38588fe7 1 0 11 xx 1f 00000385 0 1 0 0 x x 0 1 x x x 0 0 x x x x x 4 1
002004ef 1 0 xx xx 09 00000002 x x x x x x 0 1 x x x 0 0 x x x x x 4 0
7ff28267 1 0 05 xx 04 000007ff 0 1 0 0 x x 0 1 x x x 0 0 x x x x x 4 1
618f88ef 1 0 xx xx 11 000f8618 x x x x x x 0 1 x x x 0 0 x x x x x 4 0
6cde8f67 1 0 1d xx 1e 000006cd 0 1 0 0 x x 0 1 x x x 0 0 x x x x x 4 1
8000006f 1 0 xx xx 00 fff00000 x x x x x x 0 1 x x x 0 0 x x x x x 4 0
fffc8a67 1 0 19 xx 14 ffffffff 0 1 0 0 x x 0 1 x x x 0 0 x x x x x 4 1
00200fef 1 0 xx xx 1f 00000002 x x x x x x 0 1 x x x 0 0 x x x x x 4 0
1a1c8067 1 0 19 xx 00 000001a1 0 1 0 0 x x 0 1 x x x 0 0 x x x x x 4 1
6205f86f 1 0 xx xx 10 0005f620 x x x x x x 0 1 x x x 0 0 x x x x x 4 0
000800e7 1 0 10 xx 01 00000000 0 1 0 0 x x 0 1 x x x 0 0 x x x x x 4 1
0020066f 1 0 xx xx 0c 00000002 x x x x x x 0 1 x x x 0 0 x x x x x 4 0
3a9108e7 1 0 02 xx 11 000003a9 0 1 0 0 x x 0 1 x x x 0 0 x x x x x 4 1
fffff06f 1 0 xx xx 00 fffffffe x x x x x x 0 1 x x x 0 0 x x x x x 4 0
63d28be7 1 0 05 xx 17 0000063d 0 1 0 0 x x 0 1 x x x 0 0 x x x x x 4 1
0abcf06f 1 0 xx xx 00 000cf8aa x x x x x x 0 1 x x x 0 0 x x x x x 4 0
5ed008e7 1 0 00 xx 11 000005ed 0 1 0 0 x x 0 1 x x x 0 0 x x x x x 4 1
484cd06f 1 0 xx xx 00 000cd484 x x x x x x 0 1 x x x 0 0 x x x x x 4 0
fdaf8f67 1 0 1f xx 1e ffffffda 0 1 0 0 x x 0 1 x x x 0 0 x x x x x 4 1
0020006f 1 0 xx xx 00 00000002 x x x x x x 0 1 x x x 0 0 x x x x x 4 0
617f80e7 1 0 1f xx 01 00000617 0 1 0 0 x x 0 1 x x x 0 0 x x x x x 4 1
20b0f56f 1 0 xx xx 0a 0000fa0a x x x x x x 0 1 x x x 0 0 x x x x x 4 0
db878967 1 0 0f xx 12 fffffdb8 0 1 0 0 x x 0 1 x x x 0 0 x x x x x 4 1
b5c2a86f 1 0 xx xx 10 fff2a35c x x x x x x 0 1 x x x 0 0 x x x x x 4 0
61f200e7 1 0 04 xx 01 0000061f 0 1 0 0 x x 0 1 x x x 0 0 x x x x x 4 1
d8c9556f 1 0 xx xx 0a fff9558c x x x x x x 0 1 x x x 0 0 x x x x x 4 0
eb6f81e7 1 0 1f xx 03 fffffeb6 0 1 0 0 x x 0 1 x x x 0 0 x x x x x 4 1
00000fef 1 0 xx xx 1f 00000000 x x x x x x 0 1 x x x 0 0 x x x x x 4 0
2cc18ee7 1 0 03 xx 1d 000002cc 0 1 0 0 x x 0 1 x x x 0 0 x x x x x 4 1
64408f6f 1 0 xx xx 1e 00008644 x x x x x x 0 1 x x x 0 0 x x x x x 4 0
4d7e80e7 1 0 1d xx 01 000004d7 0 1 0 0 x x 0 1 x x x 0 0 x x x x x 4 1
80000fef 1 0 xx xx 1f fff00000 x x x x x x 0 1 x x x 0 0 x x x x x 4 0
2c130b67 1 0 06 xx 16 000002c1 0 1 0 0 x x 0 1 x x x 0 0 x x x x x 4 1
c0a073ef 1 0 xx xx 07 fff0740a x x x x x x 0 1 x x x 0 0 x x x x x 4 0
000588e7 1 0 0b xx 11 00000000 0 1 0 0 x x 0 1 x x x 0 0 x x x x x 4 1
8df8916f 1 0 xx xx 02 fff898de x x x x x x 0 1 x x x 0 0 x x x x x 4 0
c8110067 1 0 02 xx 00 fffffc81 0 1 0 0 x x 0 1 x x x 0 0 x x x x x 4 1
fffff3ef 1 0 xx xx 07 fffffffe x x x x x x 0 1 x x x 0 0 x x x x x 4 0
5c4f8ae7 1 0 1f xx 15 000005c4 0 1 0 0 x x 0 1 x x x 0 0 x x x x x 4 1
0020036f 1 0 xx xx 06 00000002 x x x x x x 0 1 x x x 0 0 x x x x x 4 0
03b503e7 1 0 0a xx 07 0000003b 0 1 0 0 x x 0 1 x x x 0 0 x x x x x 4 1
62e2166f 1 0 xx xx 0c 0002162e x x x x x x 0 1 x x x 0 0 x x x x x 4 0
4fc48c67 1 0 09 xx 18 000004fc 0 1 0 0 x x 0 1 x x x 0 0 x x x x x 4 1
8043316f 1 0 xx xx 02 fff33004 x x x x x x 0 1 x x x 0 0 x x x x x 4 0
f3ca8fe7 1 0 15 xx 1f ffffff3c 0 1 0 0 x x 0 1 x x x 0 0 x x x x x 4 1
5ae3e7ef 1 0 xx xx 0f 0003e5ae x x x x x x 0 1 x x x 0 0 x x x x x 4 0
74d907e7 1 0 12 xx 0f 0000074d 0 1 0 0 x x 0 1 x x x 0 0 x x x x x 4 1
91aa98ef 1 0 xx xx 11 fffa911a x x x x x x 0 1 x x x 0 0 x x x x x 4 0
22ac8ee7 1 0 19 xx 1d 0000022a 0 1 0 0 x x 0 1 x x x 0 0 x x x x x 4 1
b09fd7ef 1 0 xx xx 0f ffffdb08 x x x x x x 0 1 x x x 0 0 x x x x x 4 0
db2088e7 1 0 01 xx 11 fffffdb2 0 1 0 0 x x 0 1 x x x 0 0 x x x x x 4 1
944c206f 1 0 xx xx 00 fffc2144 x x x x x x 0 1 x x x 0 0 x x x x x 4 0
fff00fe7 1 0 00 xx 1f ffffffff 0 1 0 0 x x 0 1 x x x 0 0 x x x x x 4 1
0000076f 1 0 xx xx 0e 00000000 x x x x x x 0 1 x x x 0 0 x x x x x 4 0
6c0888e7 1 0 11 xx 11 000006c0 0 1 0 0 x x 0 1 x x x 0 0 x x x x x 4 1
7c5b36ef 1 0 xx xx 0d 000b3fc4 x x x x x x 0 1 x x x 0 0 x x x x x 4 0
ffee8067 1 0 1d xx 00 fffffffe 0 1 0 0 x x 0 1 x x x 0 0 x x x x x 4 1
3e6003ef 1 0 xx xx 07 000003e6 x x x x x x 0 1 x x x 0 0 x x x x x 4 0
6d440c67 1 0 08 xx 18 000006d4 0 1 0 0 x x 0 1 x x x 0 0 x x x x x 4 1
00000a6f 1 0 xx xx 14 00000000 x x x x x x 0 1 x x x 0 0 x x x x x 4 0
217f8067 1 0 1f xx 00 00000217 0 1 0 0 x x 0 1 x x x 0 0 x x x x x 4 1
3ab78d6f 1 0 xx xx 1a 00078baa x x x x x x 0 1 x x x 0 0 x x x x x 4 0
c47e0867 1 0 1c xx 10 fffffc47 0 1 0 0 x x 0 1 x x x 0 0 x x x x x 4 1
64b8daef 1 0 xx xx 15 0008de4a x x x x x x 0 1 x x x 0 0 x x x x x 4 0
e25b0067 1 0 16 xx 00 fffffe25 0 1 0 0 x x 0 1 x x x 0 0 x x x x x 4 1
c32c406f 1 0 xx xx 00 fffc4432 x x x x x x 0 1 x x x 0 0 x x x x x 4 0
78000ee7 1 0 00 xx 1d 00000780 0 1 0 0 x x 0 1 x x x 0 0 x x x x x 4 1
00200d6f 1 0 xx xx 1a 00000002 x x x x x x 0 1 x x x 0 0 x x x x x 4 0
555800e7 1 0 10 xx 01 00000555 0 1 0 0 x x 0 1 x x x 0 0 x x x x x 4 1
d5eaa9ef 1 0 xx xx 13 fffaa55e x x x x x x 0 1 x x x 0 0 x x x x x 4 0
7ff00267 1 0 00 xx 04 000007ff 0 1 0 0 x x 0 1 x x x 0 0 x x x x x 4 1
8c7910ef 1 0 xx xx 01 fff918c6 x x x x x x 0 1 x x x 0 0 x x x x x 4 0
93bf8867 1 0 1f xx 10 fffff93b 0 1 0 0 x x 0 1 x x x 0 0 x x x x x 4 1
fd6d9a6f 1 0 xx xx 14 fffd97d6 x x x x x x 0 1 x x x 0 0 x x x x x 4 0
555a0f67 1 0 14 xx 1e 00000555 0 1 0 0 x x 0 1 x x x 0 0 x x x x x 4 1
f62229ef 1 0 xx xx 13 fff22762 x x x x x x 0 1 x x x 0 0 x x x x x 4 0
3ff10067 1 0 02 xx 00 000003ff 0 1 0 0 x x 0 1 x x x 0 0 x x x x x 4 1
49a06cef 1 0 xx xx 19 0000649a x x x x x x 0 1 x x x 0 0 x x x x x 4 0
46b10ee7 1 0 02 xx 1d 0000046b 0 1 0 0 x x 0 1 x x x 0 0 x x x x x 4 1
939e52ef 1 0 xx xx 05 fffe5938 x x x x x x 0 1 x x x 0 0 x x x x x 4 0
82430b67 1 0 06 xx 16 fffff824 0 1 0 0 x x 0 1 x x x 0 0 x x x x x 4 1
33d43fef 1 0 xx xx 1f 00043b3c x x x x x x 0 1 x x x 0 0 x x x x x 4 0
9b5c0f67 1 0 18 xx 1e fffff9b5 0 1 0 0 x x 0 1 x x x 0 0 x x x x x 4 1
00000e6f 1 0 xx xx 1c 00000000 x x x x x x 0 1 x x x 0 0 x x x x x 4 0
001b84e7 1 0 17 xx 09 00000001 0 1 0 0 x x 0 1 x x x 0 0 x x x x x 4 1
0000006f 1 0 xx xx 00 00000000 x x x x x x 0 1 x x x 0 0 x x x x x 4 0
ffe00d67 1 0 00 xx 1a fffffffe 0 1 0 0 x x 0 1 x x x 0 0 x x x x x 4 1
fffff0ef 1 0 xx xx 01 fffffffe x x x x x x 0 1 x x x 0 0 x x x x x 4 0
6c910867 1 0 02 xx 10 000006c9 0 1 0 0 x x 0 1 x x x 0 0 x x x x x 4 1
6ce68fef 1 0 xx xx 1f 000686ce x x x x x x 0 1 x x x 0 0 x x x x x 4 0
aab98d67 1 0 13 xx 1a fffffaab 0 1 0 0 x x 0 1 x x x 0 0 x x x x x 4 1
800007ef 1 0 xx xx 0f fff00000 x x x x x x 0 1 x x x 0 0 x x x x x 4 0
a4b78167 1 0 0f xx 02 fffffa4b 0 1 0 0 x x 0 1 x x x 0 0 x x x x x 4 1
05d4556f 1 0 xx xx 0a 0004585c x x x x x x 0 1 x x x 0 0 x x x x x 4 0
f1ad0367 1 0 1a xx 06 ffffff1a 0 1 0 0 x x 0 1 x x x 0 0 x x x x x 4 1
812c02ef 1 0 xx xx 05 fffc0012 x x x x x x 0 1 x x x 0 0 x x x x x 4 0
82f004e7 1 0 00 xx 09 fffff82f 0 1 0 0 x x 0 1 x x x 0 0 x x x x x 4 1
de33d66f 1 0 xx xx 0c fff3dde2 x x x x x x 0 1 x x x 0 0 x x x x x 4 0
80050367 1 0 0a xx 06 fffff800 0 1 0 0 x x 0 1 x x x 0 0 x x x x x 4 1
46096bef 1 0 xx xx 17 00096460 x x x x x x 0 1 x x x 0 0 x x x x x 4 0
cf008067 1 0 01 xx 00 fffffcf0 0 1 0 0 x x 0 1 x x x 0 0 x x x x x 4 1
002005ef 1 0 xx xx 0b 00000002 x x x x x x 0 1 x x x 0 0 x x x x x 4 0
71700867 1 0 00 xx 10 00000717 0 1 0 0 x x 0 1 x x x 0 0 x x x x x 4 1
71935f6f 1 0 xx xx 1e 00035f18 x x x x x x 0 1 x x x 0 0 x x x x x 4 0
00178467 1 0 0f xx 08 00000001 0 1 0 0 x x 0 1 x x x 0 0 x x x x x 4 1
c102e2ef 1 0 xx xx 05 fff2e410 x x x x x x 0 1 x x x 0 0 x x x x x 4 0
001e0f67 1 0 1c xx 1e 00000001 0 1 0 0 x x 0 1 x x x 0 0 x x x x x 4 1
8a696d6f 1 0 xx xx 1a fff960a6 x x x x x x 0 1 x x x 0 0 x x x x x 4 0
56c88067 1 0 11 xx 00 0000056c 0 1 0 0 x x 0 1 x x x 0 0 x x x x x 4 1
ac268f6f 1 0 xx xx 1e fff682c2 x x x x x x 0 1 x x x 0 0 x x x x x 4 0
941d02e7 1 0 1a xx 05 fffff941 0 1 0 0 x x 0 1 x x x 0 0 x x x x x 4 1
7d9d3f6f 1 0 xx xx 1e 000d3fd8 x x x x x x 0 1 x x x 0 0 x x x x x 4 0
aaa00ee7 1 0 00 xx 1d fffffaaa 0 1 0 0 x x 0 1 x x x 0 0 x x x x x 4 1
c07fe5ef 1 0 xx xx 0b ffffec06 x x x x x x 0 1 x x x 0 0 x x x x x 4 0
53fd0b67 1 0 1a xx 16 0000053f 0 1 0 0 x x 0 1 x x x 0 0 x x x x x 4 1
8b26106f 1 0 xx xx 00 fff610b2 x x x x x x 0 1 x x x 0 0 x x x x x 4 0
11160ae7 1 0 0c xx 15 00000111 0 1 0 0 x x 0 1 x x x 0 0 x x x x x 4 1
002003ef 1 0 xx xx 07 00000002 x x x x x x 0 1 x x x 0 0 x x x x x 4 0
2cf78867 1 0 0f xx 10 000002cf 0 1 0 0 x x 0 1 x x x 0 0 x x x x x 4 1
7ffff1ef 1 0 xx xx 03 000ffffe x x x x x x 0 1 x x x 0 0 x x x x x 4 0
800e8fe7 1 0 1d xx 1f fffff800 0 1 0 0 x x 0 1 x x x 0 0 x x x x x 4 1
7797006f 1 0 xx xx 00 00070f78 x x x x x x 0 1 x x x 0 0 x x x x x 4 0
743e8c67 1 0 1d xx 18 00000743 0 1 0 0 x x 0 1 x x x 0 0 x x x x x 4 1
eb3c2bef 1 0 xx xx 17 fffc2eb2 x x x x x x 0 1 x x x 0 0 x x x x x 4 0
555e8fe7 1 0 1d xx 1f 00000555 0 1 0 0 x x 0 1 x x x 0 0 x x x x x 4 1
8d97deef 1 0 xx xx 1d fff7d8d8 x x x x x x 0 1 x x x 0 0 x x x x x 4 0
391f85e7 1 0 1f xx 0b 00000391 0 1 0 0 x x 0 1 x x x 0 0 x x x x x 4 1
7fffffef 1 0 xx xx 1f 000ffffe x x x x x x 0 1 x x x 0 0 x x x x x 4 0
9f3186e7 1 0 03 xx 0d fffff9f3 0 1 0 0 x x 0 1 x x x 0 0 x x x x x 4 1
a25f14ef 1 0 xx xx 09 ffff1a24 x x x x x x 0 1 x x x 0 0 x x x x x 4 0
2bb783e7 1 0 0f xx 07 000002bb 0 1 0 0 x x 0 1 x x x 0 0 x x x x x 4 1
fffff36f 1 0 xx xx 06 fffffffe x x x x x x 0 1 x x x 0 0 x x x x x 4 0
800b81e7 1 0 17 xx 03 fffff800 0 1 0 0 x x 0 1 x x x 0 0 x x x x x 4 1
c0aa796f 1 0 xx xx 12 fffa740a x x x x x x 0 1 x x x 0 0 x x x x x 4 0
000a89e7 1 0 15 xx 13 00000000 0 1 0 0 x x 0 1 x x x 0 0 x x x x x 4 1
c2966aef 1 0 xx xx 15 fff66c28 x x x x x x 0 1 x x x 0 0 x x x x x 4 0
1abe8867 1 0 1d xx 10 000001ab 0 1 0 0 x x 0 1 x x x 0 0 x x x x x 4 1
539fbfef 1 0 xx xx 1f 000fbd38 x x x x x x 0 1 x x x 0 0 x x x x x 4 0
7ba183e7 1 0 03 xx 07 000007ba 0 1 0 0 x x 0 1 x x x 0 0 x x x x x 4 1
972cc1ef 1 0 xx xx 03 fffcc172 x x x x x x 0 1 x x x 0 0 x x x x x 4 0
5ef607e7 1 0 0c xx 0f 000005ef 0 1 0 0 x x 0 1 x x x 0 0 x x x x x 4 1
0465606f 1 0 xx xx 00 00056046 x x x x x x 0 1 x x x 0 0 x x x x x 4 0
e7558b67 1 0 0b xx 16 fffffe75 0 1 0 0 x x 0 1 x x x 0 0 x x x x x 4 1
a1eb8bef 1 0 xx xx 17 fffb821e x x x x x x 0 1 x x x 0 0 x x x x x 4 0
18ca8b67 1 0 15 xx 16 0000018c 0 1 0 0 x x 0 1 x x x 0 0 x x x x x 4 1
70996fef 1 0 xx xx 1f 00096f08 x x x x x x 0 1 x x x 0 0 x x x x x 4 0
0c828f67 1 0 05 xx 1e 000000c8 0 1 0 0 x x 0 1 x x x 0 0 x x x x x 4 1
1494c56f 1 0 xx xx 0a 0004c948 x x x x x x 0 1 x x x 0 0 x x x x x 4 0
09c00767 1 0 00 xx 0e 0000009c 0 1 0 0 x x 0 1 x x x 0 0 x x x x x 4 1
cfb6006f 1 0 xx xx 00 fff60cfa x x x x x x 0 1 x x x 0 0 x x x x x 4 0
8d800967 1 0 00 xx 12 fffff8d8 0 1 0 0 x x 0 1 x x x 0 0 x x x x x 4 1
d222326f 1 0 xx xx 04 fff23522 x x x x x x 0 1 x x x 0 0 x x x x x 4 0
63608367 1 0 01 xx 06 00000636 0 1 0 0 x x 0 1 x x x 0 0 x x x x x 4 1
6fe996ef 1 0 xx xx 0d 000996fe x x x x x x 0 1 x x x 0 0 x x x x x 4 0
eccf0667 1 0 1e xx 0c fffffecc 0 1 0 0 x x 0 1 x x x 0 0 x x x x x 4 1
6cc1ccef 1 0 xx xx 19 0001c6cc x x x x x x 0 1 x x x 0 0 x x x x x 4 0
68800a67 1 0 00 xx 14 00000688 0 1 0 0 x x 0 1 x x x 0 0 x x x x x 4 1
fffff1ef 1 0 xx xx 03 fffffffe x x x x x x 0 1 x x x 0 0 x x x x x 4 0
e97e86e7 1 0 1d xx 0d fffffe97 0 1 0 0 x x 0 1 x x x 0 0 x x x x x 4 1
ec14476f 1 0 xx xx 0e fff44ec0 x x x x x x 0 1 x x x 0 0 x x x x x 4 0
7ccb85e7 1 0 17 xx 0b 000007cc 0 1 0 0 x x 0 1 x x x 0 0 x x x x x 4 1
7ffffb6f 1 0 xx xx 16 000ffffe x x x x x x 0 1 x x x 0 0 x x x x x 4 0
b7c00967 1 0 00 xx 12 fffffb7c 0 1 0 0 x x 0 1 x x x 0 0 x x x x x 4 1
0020096f 1 0 xx xx 12 00000002 x x x x x x 0 1 x x x 0 0 x x x x x 4 0
b01005e7 1 0 00 xx 0b fffffb01 0 1 0 0 x x 0 1 x x x 0 0 x x x x x 4 1
41cfd56f 1 0 xx xx 0a 000fd41c x x x x x x 0 1 x x x 0 0 x x x x x 4 0
31150de7 1 0 0a xx 1b 00000311 0 1 0 0 x x 0 1 x x x 0 0 x x x x x 4 1
978f5fef 1 0 xx xx 1f ffff5178 x x x x x x 0 1 x x x 0 0 x x x x x 4 0
bcaf8067 1 0 1f xx 00 fffffbca 0 1 0 0 x x 0 1 x x x 0 0 x x x x x 4 1
9937e2ef 1 0 xx xx 05 fff7e992 x x x x x x 0 1 x x x 0 0 x x x x x 4 0
848f8f67 1 0 1f xx 1e fffff848 0 1 0 0 x x 0 1 x x x 0 0 x x x x x 4 1
12259eef 1 0 xx xx 1d 00059122 x x x x x x 0 1 x x x 0 0 x x x x x 4 0
800f8867 1 0 1f xx 10 fffff800 0 1 0 0 x x 0 1 x x x 0 0 x x x x x 4 1
fffff06f 1 0 xx xx 00 fffffffe x x x x x x 0 1 x x x 0 0 x x x x x 4 0
1b5e81e7 1 0 1d xx 03 000001b5 0 1 0 0 x x 0 1 x x x 0 0 x x x x x 4 1
fffffd6f 1 0 xx xx 1a fffffffe x x x x x x 0 1 x x x 0 0 x x x x x 4 0
2c718867 1 0 03 xx 10 000002c7 0 1 0 0 x x 0 1 x x x 0 0 x x x x x 4 1
80000fef 1 0 xx xx 1f fff00000 x x x x x x 0 1 x x x 0 0 x x x x x 4 0
354588e7 1 0 0b xx 11 00000354 0 1 0 0 x x 0 1 x x x 0 0 x x x x x 4 1
800000ef 1 0 xx xx 01 fff00000 x x x x x x 0 1 x x x 0 0 x x x x x 4 0
c9930167 1 0 06 xx 02 fffffc99 0 1 0 0 x x 0 1 x x x 0 0 x x x x x 4 1
78e7f06f 1 0 xx xx 00 0007f78e x x x x x x 0 1 x x x 0 0 x x x x x 4 0
7d598d67 1 0 13 xx 1a 000007d5 0 1 0 0 x x 0 1 x x x 0 0 x x x x x 4 1
d0627c6f 1 0 xx xx 18 fff27506 x x x x x x 0 1 x x x 0 0 x x x x x 4 0
2d768167 1 0 0d xx 02 000002d7 0 1 0 0 x x 0 1 x x x 0 0 x x x x x 4 1
c7e713ef 1 0 xx xx 07 fff7147e x x x x x x 0 1 x x x 0 0 x x x x x 4 0
001f8067 1 0 1f xx 00 00000001 0 1 0 0 x x 0 1 x x x 0 0 x x x x x 4 1
24e4126f 1 0 xx xx 04 0004124e x x x x x x 0 1 x x x 0 0 x x x x x 4 0
001e8267 1 0 1d xx 04 00000001 0 1 0 0 x x 0 1 x x x 0 0 x x x x x 4 1
515e66ef 1 0 xx xx 0d 000e6d14 x x x x x x 0 1 x x x 0 0 x x x x x 4 0
7ff28be7 1 0 05 xx 17 000007ff 0 1 0 0 x x 0 1 x x x 0 0 x x x x x 4 1
24a072ef 1 0 xx xx 05 0000724a x x x x x x 0 1 x x x 0 0 x x x x x 4 0
408a8567 1 0 15 xx 0a 00000408 0 1 0 0 x x 0 1 x x x 0 0 x x x x x 4 1
8ce891ef 1 0 xx xx 03 fff890ce x x x x x x 0 1 x x x 0 0 x x x x x 4 0
d68806e7 1 0 10 xx 0d fffffd68 0 1 0 0 x x 0 1 x x x 0 0 x x x x x 4 1
7ffffe6f 1 0 xx xx 1c 000ffffe x x x x x x 0 1 x x x 0 0 x x x x x 4 0
fff70067 1 0 0e xx 00 ffffffff 0 1 0 0 x x 0 1 x x x 0 0 x x x x x 4 1
fffffbef 1 0 xx xx 17 fffffffe x x x x x x 0 1 x x x 0 0 x x x x x 4 0
36f28ee7 1 0 05 xx 1d 0000036f 0 1 0 0 x x 0 1 x x x 0 0 x x x x x 4 1
159f566f 1 0 xx xx 0c 000f5958 x x x x x x 0 1 x x x 0 0 x x x x x 4 0
a2df8fe7 1 0 1f xx 1f fffffa2d 0 1 0 0 x x 0 1 x x x 0 0 x x x x x 4 1
eb4a8def 1 0 xx xx 1b fffa86b4 x x x x x x 0 1 x x x 0 0 x x x x x 4 0
800005e7 1 0 00 xx 0b fffff800 0 1 0 0 x x 0 1 x x x 0 0 x x x x x 4 1
b8b0af6f 1 0 xx xx 1e fff0ab8a x x x x x x 0 1 x x x 0 0 x x x x x 4 0
ad7e81e7 1 0 1d xx 03 fffffad7 0 1 0 0 x x 0 1 x x x 0 0 x x x x x 4 1
2559436f 1 0 xx xx 06 00094a54 x x x x x x 0 1 x x x 0 0 x x x x x 4 0
8ed78fe7 1 0 0f xx 1f fffff8ed 0 1 0 0 x x 0 1 x x x 0 0 x x x x x 4 1
650e1aef 1 0 xx xx 15 000e1650 x x x x x x 0 1 x x x 0 0 x x x x x 4 0
15480067 1 0 10 xx 00 00000154 0 1 0 0 x x 0 1 x x x 0 0 x x x x x 4 1
7ffffa6f 1 0 xx xx 14 000ffffe x x x x x x 0 1 x x x 0 0 x x x x x 4 0
36e88067 1 0 11 xx 00 0000036e 0 1 0 0 x x 0 1 x x x 0 0 x x x x x 4 1
fffff16f 1 0 xx xx 02 fffffffe x x x x x x 0 1 x x x 0 0 x x x x x 4 0
0dca0fe7 1 0 14 xx 1f 000000dc 0 1 0 0 x x 0 1 x x x 0 0 x x x x x 4 1
14d795ef 1 0 xx xx 0b 0007994c x x x x x x 0 1 x x x 0 0 x x x x x 4 0
1cba07e7 1 0 14 xx 0f 000001cb 0 1 0 0 x x 0 1 x x x 0 0 x x x x x 4 1
a7411c6f 1 0 xx xx 18 fff11274 x x x x x x 0 1 x x x 0 0 x x x x x 4 0
32ce0267 1 0 1c xx 04 0000032c 0 1 0 0 x x 0 1 x x x 0 0 x x x x x 4 1
158c09ef 1 0 xx xx 13 000c0158 x x x x x x 0 1 x x x 0 0 x x x x x 4 0
fbdb89e7 1 0 17 xx 13 ffffffbd 0 1 0 0 x x 0 1 x x x 0 0 x x x x x 4 1
800003ef 1 0 xx xx 07 fff00000 x x x x x x 0 1 x x x 0 0 x x x x x 4 0
af8f0b67 1 0 1e xx 16 fffffaf8 0 1 0 0 x x 0 1 x x x 0 0 x x x x x 4 1
3d89c26f 1 0 xx xx 04 0009c3d8 x x x x x x 0 1 x x x 0 0 x x x x x 4 0
79808867 1 0 01 xx 10 00000798 0 1 0 0 x x 0 1 x x x 0 0 x x x x x 4 1
0000006f 1 0 xx xx 00 00000000 x x x x x x 0 1 x x x 0 0 x x x x x 4 0
5f0d8ee7 1 0 1b xx 1d 000005f0 0 1 0 0 x x 0 1 x x x 0 0 x x x x x 4 1
4b309fef 1 0 xx xx 1f 00009cb2 x x x x x x 0 1 x x x 0 0 x x x x x 4 0
4cbf0067 1 0 1e xx 00 000004cb 0 1 0 0 x x 0 1 x x x 0 0 x x x x x 4 1
190da9ef 1 0 xx xx 13 000da190 x x x x x x 0 1 x x x 0 0 x x x x x 4 0
30ca08e7 1 0 14 xx 11 0000030c 0 1 0 0 x x 0 1 x x x 0 0 x x x x x 4 1
002002ef 1 0 xx xx 05 00000002 x x x x x x 0 1 x x x 0 0 x x x x x 4 0
3bbe8c67 1 0 1d xx 18 000003bb 0 1 0 0 x x 0 1 x x x 0 0 x x x x x 4 1
8786906f 1 0 xx xx 00 fff69078 x x x x x x 0 1 x x x 0 0 x x x x x 4 0
95f18ce7 1 0 03 xx 19 fffff95f 0 1 0 0 x x 0 1 x x x 0 0 x x x x x 4 1
c6864e6f 1 0 xx xx 1c fff64468 x x x x x x 0 1 x x x 0 0 x x x x x 4 0
7c9d8ae7 1 0 1b xx 15 000007c9 0 1 0 0 x x 0 1 x x x 0 0 x x x x x 4 1
72635bef 1 0 xx xx 17 00035726 x x x x x x 0 1 x x x 0 0 x x x x x 4 0
e21706e7 1 0 0e xx 0d fffffe21 0 1 0 0 x x 0 1 x x x 0 0 x x x x x 4 1
c4199fef 1 0 xx xx 1f fff99c40 x x x x x x 0 1 x x x 0 0 x x x x x 4 0
884109e7 1 0 02 xx 13 fffff884 0 1 0 0 x x 0 1 x x x 0 0 x x x x x 4 1
800009ef 1 0 xx xx 13 fff00000 x x x x x x 0 1 x x x 0 0 x x x x x 4 0
646e0ae7 1 0 1c xx 15 00000646 0 1 0 0 x x 0 1 x x x 0 0 x x x x x 4 1
81bd806f 1 0 xx xx 00 fffd881a x x x x x x 0 1 x x x 0 0 x x x x x 4 0
00068fe7 1 0 0d xx 1f 00000000 0 1 0 0 x x 0 1 x x x 0 0 x x x x x 4 1
80000aef 1 0 xx xx 15 fff00000 x x x x x x 0 1 x x x 0 0 x x x x x 4 0
679d80e7 1 0 1b xx 01 00000679 0 1 0 0 x x 0 1 x x x 0 0 x x x x x 4 1
921d196f 1 0 xx xx 12 fffd1920 x x x x x x 0 1 x x x 0 0 x x x x x 4 0
80900c67 1 0 00 xx 18 fffff809 0 1 0 0 x x 0 1 x x x 0 0 x x x x x 4 1
887c456f 1 0 xx xx 0a fffc4886 x x x x x x 0 1 x x x 0 0 x x x x x 4 0
aaaf0de7 1 0 1e xx 1b fffffaaa 0 1 0 0 x x 0 1 x x x 0 0 x x x x x 4 1
ed3f806f 1 0 xx xx 00 ffff8ed2 x x x x x x 0 1 x x x 0 0 x x x x x 4 0
ff4007e7 1 0 00 xx 0f fffffff4 0 1 0 0 x x 0 1 x x x 0 0 x x x x x 4 1
0020066f 1 0 xx xx 0c 00000002 x x x x x x 0 1 x x x 0 0 x x x x x 4 0
648583e7 1 0 0b xx 07 00000648 0 1 0 0 x x 0 1 x x x 0 0 x x x x x 4 1
748b81ef 1 0 xx xx 03 000b8748 x x x x x x 0 1 x x x 0 0 x x x x x 4 0
67e38be7 1 0 07 xx 17 0000067e 0 1 0 0 x x 0 1 x x x 0 0 x x x x x 4 1
002004ef 1 0 xx xx 09 00000002 x x x x x x 0 1 x x x 0 0 x x x x x 4 0
555982e7 1 0 13 xx 05 00000555 0 1 0 0 x x 0 1 x x x 0 0 x x x x x 4 1
7ffffaef 1 0 xx xx 15 000ffffe x x x x x x 0 1 x x x 0 0 x x x x x 4 0
5e278fe7 1 0 0f xx 1f 000005e2 0 1 0 0 x x 0 1 x x x 0 0 x x x x x 4 1
7dbef7ef 1 0 xx xx 0f 000effda x x x x x x 0 1 x x x 0 0 x x x x x 4 0
6dce0ae7 1 0 1c xx 15 000006dc 0 1 0 0 x x 0 1 x x x 0 0 x x x x x 4 1
5bcc906f 1 0 xx xx 00 000c95bc x x x x x x 0 1 x x x 0 0 x x x x x 4 0
3d150067 1 0 0a xx 00 000003d1 0 1 0 0 x x 0 1 x x x 0 0 x x x x x 4 1
546193ef 1 0 xx xx 07 00019546 x x x x x x 0 1 x x x 0 0 x x x x x 4 0
eac601e7 1 0 0c xx 03 fffffeac 0 1 0 0 x x 0 1 x x x 0 0 x x x x x 4 1
e4339c6f 1 0 xx xx 18 fff39e42 x x x x x x 0 1 x x x 0 0 x x x x x 4 0
d08f87e7 1 0 1f xx 0f fffffd08 0 1 0 0 x x 0 1 x x x 0 0 x x x x x 4 1
eb63146f 1 0 xx xx 08 fff316b6 x x x x x x 0 1 x x x 0 0 x x x x x 4 0
4a980d67 1 0 10 xx 1a 000004a9 0 1 0 0 x x 0 1 x x x 0 0 x x x x x 4 1
6a9a5fef 1 0 xx xx 1f 000a5ea8 x x x x x x 0 1 x x x 0 0 x x x x x 4 0
09a88167 1 0 11 xx 02 0000009a 0 1 0 0 x x 0 1 x x x 0 0 x x x x x 4 1
71694fef 1 0 xx xx 1f 00094716 x x x x x x 0 1 x x x 0 0 x x x x x 4 0
bde886e7 1 0 11 xx 0d fffffbde 0 1 0 0 x x 0 1 x x x 0 0 x x x x x 4 1
f479726f 1 0 xx xx 04 fff97f46 x x x x x x 0 1 x x x 0 0 x x x x x 4 0
49348ce7 1 0 09 xx 19 00000493 0 1 0 0 x x 0 1 x x x 0 0 x x x x x 4 1
059a0e6f 1 0 xx xx 1c 000a0858 x x x x x x 0 1 x x x 0 0 x x x x x 4 0
2f680967 1 0 10 xx 12 000002f6 0 1 0 0 x x 0 1 x x x 0 0 x x x x x 4 1
aed6e46f 1 0 xx xx 08 fff6eaec x x x x x x 0 1 x x x 0 0 x x x x x 4 0
a7600067 1 0 00 xx 00 fffffa76 0 1 0 0 x x 0 1 x x x 0 0 x x x x x 4 1
5b054b6f 1 0 xx xx 16 000545b0 x x x x x x 0 1 x x x 0 0 x x x x x 4 0
86d502e7 1 0 0a xx 05 fffff86d 0 1 0 0 x x 0 1 x x x 0 0 x x x x x 4 1
b7d3526f 1 0 xx xx 04 fff35b7c x x x x x x 0 1 x x x 0 0 x x x x x 4 0
800008e7 1 0 00 xx 11 fffff800 0 1 0 0 x x 0 1 x x x 0 0 x x x x x 4 1
a28d686f 1 0 xx xx 10 fffd6228 x x x x x x 0 1 x x x 0 0 x x x x x 4 0
538e8067 1 0 1d xx 00 00000538 0 1 0 0 x x 0 1 x x x 0 0 x x x x x 4 1
9375e5ef 1 0 xx xx 0b fff5e936 x x x x x x 0 1 x x x 0 0 x x x x x 4 0
5ca380e7 1 0 07 xx 01 000005ca 0 1 0 0 x x 0 1 x x x 0 0 x x x x x 4 1
143cafef 1 0 xx xx 1f 000ca942 x x x x x x 0 1 x x x 0 0 x x x x x 4 0
4cdb8a67 1 0 17 xx 14 000004cd 0 1 0 0 x x 0 1 x x x 0 0 x x x x x 4 1
00200fef 1 0 xx xx 1f 00000002 x x x x x x 0 1 x x x 0 0 x x x x x 4 0
514d0667 1 0 1a xx 0c 00000514 0 1 0 0 x x 0 1 x x x 0 0 x x x x x 4 1
000004ef 1 0 xx xx 09 00000000 x x x x x x 0 1 x x x 0 0 x x x x x 4 0
c50681e7 1 0 0d xx 03 fffffc50 0 1 0 0 x x 0 1 x x x 0 0 x x x x x 4 1
b14d046f 1 0 xx xx 08 fffd0314 x x x x x x 0 1 x x x 0 0 x x x x x 4 0
ffe00a67 1 0 00 xx 14 fffffffe 0 1 0 0 x x 0 1 x x x 0 0 x x x x x 4 1
85a6d5ef 1 0 xx xx 0b fff6d05a x x x x x x 0 1 x x x 0 0 x x x x x 4 0
19378c67 1 0 0f xx 18 00000193 0 1 0 0 x x 0 1 x x x 0 0 x x x x x 4 1
0020006f 1 0 xx xx 00 00000002 x x x x x x 0 1 x x x 0 0 x x x x x 4 0
553f8167 1 0 1f xx 02 00000553 0 1 0 0 x x 0 1 x x x 0 0 x x x x x 4 1
2ba81eef 1 0 xx xx 1d 000812ba x x x x x x 0 1 x x x 0 0 x x x x x 4 0
69ca01e7 1 0 14 xx 03 0000069c 0 1 0 0 x x 0 1 x x x 0 0 x x x x x 4 1
1625cfef 1 0 xx xx 1f 0005c162 x x x x x x 0 1 x x x 0 0 x x x x x 4 0
55500c67 1 0 00 xx 18 00000555 0 1 0 0 x x 0 1 x x x 0 0 x x x x x 4 1
166dd66f 1 0 xx xx 0c 000dd166 x x x x x x 0 1 x x x 0 0 x x x x x 4 0
158f89e7 1 0 1f xx 13 00000158 0 1 0 0 x x 0 1 x x x 0 0 x x x x x 4 1
800007ef 1 0 xx xx 0f fff00000 x x x x x x 0 1 x x x 0 0 x x x x x 4 0
fff10be7 1 0 02 xx 17 ffffffff 0 1 0 0 x x 0 1 x x x 0 0 x x x x x 4 1
4830d76f 1 0 xx xx 0e 0000dc82 x x x x x x 0 1 x x x 0 0 x x x x x 4 0
81830b67 1 0 06 xx 16 fffff818 0 1 0 0 x x 0 1 x x x 0 0 x x x x x 4 1
43a9186f 1 0 xx xx 10 0009143a x x x x x x 0 1 x x x 0 0 x x x x x 4 0
df5b8be7 1 0 17 xx 17 fffffdf5 0 1 0 0 x x 0 1 x x x 0 0 x x x x x 4 1
49342e6f 1 0 xx xx 1c 00042c92 x x x x x x 0 1 x x x 0 0 x x x x x 4 0
501f0767 1 0 1e xx 0e 00000501 0 1 0 0 x x 0 1 x x x 0 0 x x x x x 4 1
f183806f 1 0 xx xx 00 fff38718 x x x x x x 0 1 x x x 0 0 x x x x x 4 0
e2700367 1 0 00 xx 06 fffffe27 0 1 0 0 x x 0 1 x x x 0 0 x x x x x 4 1
e58a126f 1 0 xx xx 04 fffa1658 x x x x x x 0 1 x x x 0 0 x x x x x 4 0
89c18e67 1 0 03 xx 1c fffff89c 0 1 0 0 x x 0 1 x x x 0 0 x x x x x 4 1
80000bef 1 0 xx xx 17 fff00000 x x x x x x 0 1 x x x 0 0 x x x x x 4 0
a89a06e7 1 0 14 xx 0d fffffa89 0 1 0 0 x x 0 1 x x x 0 0 x x x x x 4 1
800001ef 1 0 xx xx 03 fff00000 x x x x x x 0 1 x x x 0 0 x x x x x 4 0
0f770067 1 0 0e xx 00 000000f7 0 1 0 0 x x 0 1 x x x 0 0 x x x x x 4 1
c8157c6f 1 0 xx xx 18 fff57c80 x x x x x x 0 1 x x x 0 0 x x x x x 4 0
92b707e7 1 0 0e xx 0f fffff92b 0 1 0 0 x x 0 1 x x x 0 0 x x x x x 4 1
2f38c06f 1 0 xx xx 00 0008caf2 x x x x x x 0 1 x x x 0 0 x x x x x 4 0
00000967 1 0 00 xx 12 00000000 0 1 0 0 x x 0 1 x x x 0 0 x x x x x 4 1
4ed4166f 1 0 xx xx 0c 00041cec x x x x x x 0 1 x x x 0 0 x x x x x 4 0
55598067 1 0 13 xx 00 00000555 0 1 0 0 x x 0 1 x x x 0 0 x x x x x 4 1
584835ef 1 0 xx xx 0b 00083584 x x x x x x 0 1 x x x 0 0 x x x x x 4 0
2b7002e7 1 0 00 xx 05 000002b7 0 1 0 0 x x 0 1 x x x 0 0 x x x x x 4 1
ffffffef 1 0 xx xx 1f fffffffe x x x x x x 0 1 x x x 0 0 x x x x x 4 0
7bbe88e7 1 0 1d xx 11 000007bb 0 1 0 0 x x 0 1 x x x 0 0 x x x x x 4 1
317e0fef 1 0 xx xx 1f 000e0b16 x x x x x x 0 1 x x x 0 0 x x x x x 4 0
33cd0067 1 0 1a xx 00 0000033c 0 1 0 0 x x 0 1 x x x 0 0 x x x x x 4 1
ac942c6f 1 0 xx xx 18 fff42ac8 x x x x x x 0 1 x x x 0 0 x x x x x 4 0
aaa50ae7 1 0 0a xx 15 fffffaaa 0 1 0 0 x x 0 1 x x x 0 0 x x x x x 4 1
fffff9ef 1 0 xx xx 13 fffffffe x x x x x x 0 1 x x x 0 0 x x x x x 4 0
94fd8867 1 0 1b xx 10 fffff94f 0 1 0 0 x x 0 1 x x x 0 0 x x x x x 4 1
0020046f 1 0 xx xx 08 00000002 x x x x x x 0 1 x x x 0 0 x x x x x 4 0
fd5c0fe7 1 0 18 xx 1f ffffffd5 0 1 0 0 x x 0 1 x x x 0 0 x x x x x 4 1
0872db6f 1 0 xx xx 16 0002d886 x x x x x x 0 1 x x x 0 0 x x x x x 4 0
0b990067 1 0 12 xx 00 000000b9 0 1 0 0 x x 0 1 x x x 0 0 x x x x x 4 1
00200d6f 1 0 xx xx 1a 00000002 x x x x x x 0 1 x x x 0 0 x x x x x 4 0
d2688667 1 0 11 xx 0c fffffd26 0 1 0 0 x x 0 1 x x x 0 0 x x x x x 4 1
002003ef 1 0 xx xx 07 00000002 x x x x x x 0 1 x x x 0 0 x x x x x 4 0
c69c0d67 1 0 18 xx 1a fffffc69 0 1 0 0 x x 0 1 x x x 0 0 x x x x x 4 1
5ae66fef 1 0 xx xx 1f 000665ae x x x x x x 0 1 x x x 0 0 x x x x x 4 0
95500867 1 0 00 xx 10 fffff955 0 1 0 0 x x 0 1 x x x 0 0 x x x x x 4 1
7fdf02ef 1 0 xx xx 05 000f0ffc x x x x x x 0 1 x x x 0 0 x x x x x 4 0
f9ae0d67 1 0 1c xx 1a ffffff9a 0 1 0 0 x x 0 1 x x x 0 0 x x x x x 4 1
84d9996f 1 0 xx xx 12 fff9984c x x x x x x 0 1 x x x 0 0 x x x x x 4 0
5c2a0b67 1 0 14 xx 16 000005c2 0 1 0 0 x x 0 1 x x x 0 0 x x x x x 4 1
195c5fef 1 0 xx xx 1f 000c5994 x x x x x x 0 1 x x x 0 0 x x x x x 4 0
55c58667 1 0 0b xx 0c 0000055c 0 1 0 0 x x 0 1 x x x 0 0 x x x x x 4 1
0000046f 1 0 xx xx 08 00000000 x x x x x x 0 1 x x x 0 0 x x x x x 4 0
ed7401e7 1 0 08 xx 03 fffffed7 0 1 0 0 x x 0 1 x x x 0 0 x x x x x 4 1
7fffffef 1 0 xx xx 1f 000ffffe x x x x x x 0 1 x x x 0 0 x x x x x 4 0
c99782e7 1 0 0f xx 05 fffffc99 0 1 0 0 x x 0 1 x x x 0 0 x x x x x 4 1
ace1496f 1 0 xx xx 12 fff142ce x x x x x x 0 1 x x x 0 0 x x x x x 4 0
e5568de7 1 0 0d xx 1b fffffe55 0 1 0 0 x x 0 1 x x x 0 0 x x x x x 4 1
84f2d9ef 1 0 xx xx 13 fff2d84e x x x x x x 0 1 x x x 0 0 x x x x x 4 0
db320067 1 0 04 xx 00 fffffdb3 0 1 0 0 x x 0 1 x x x 0 0 x x x x x 4 1
0000056f 1 0 xx xx 0a 00000000 x x x x x x 0 1 x x x 0 0 x x x x x 4 0
0dbb8b67 1 0 17 xx 16 000000db 0 1 0 0 x x 0 1 x x x 0 0 x x x x x 4 1
9b36706f 1 0 xx xx 00 fff679b2 x x x x x x 0 1 x x x 0 0 x x x x x 4 0
9bb38067 1 0 07 xx 00 fffff9bb 0 1 0 0 x x 0 1 x x x 0 0 x x x x x 4 1
886e24ef 1 0 xx xx 09 fffe2086 x x x x x x 0 1 x x x 0 0 x x x x x 4 0
6a3d8ee7 1 0 1b xx 1d 000006a3 0 1 0 0 x x 0 1 x x x 0 0 x x x x x 4 1
fb581f6f 1 0 xx xx 1e fff81fb4 x x x x x x 0 1 x x x 0 0 x x x x x 4 0
bddc0f67 1 0 18 xx 1e fffffbdd 0 1 0 0 x x 0 1 x x x 0 0 x x x x x 4 1
1b39446f 1 0 xx xx 08 000949b2 x x x x x x 0 1 x x x 0 0 x x x x x 4 0
35d80867 1 0 10 xx 10 0000035d 0 1 0 0 x x 0 1 x x x 0 0 x x x x x 4 1
1c6bef6f 1 0 xx xx 1e 000be1c6 x x x x x x 0 1 x x x 0 0 x x x x x 4 0
724f05e7 1 0 1e xx 0b 00000724 0 1 0 0 x x 0 1 x x x 0 0 x x x x x 4 1
addf306f 1 0 xx xx 00 ffff3adc x x x x x x 0 1 x x x 0 0 x x x x x 4 0
72498667 1 0 13 xx 0c 00000724 0 1 0 0 x x 0 1 x x x 0 0 x x x x x 4 1
b38fc46f 1 0 xx xx 08 ffffc338 x x x x x x 0 1 x x x 0 0 x x x x x 4 0
e3f48d67 1 0 09 xx 1a fffffe3f 0 1 0 0 x x 0 1 x x x 0 0 x x x x x 4 1
7ffff16f 1 0 xx xx 02 000ffffe x x x x x x 0 1 x x x 0 0 x x x x x 4 0
da4f07e7 1 0 1e xx 0f fffffda4 0 1 0 0 x x 0 1 x x x 0 0 x x x x x 4 1
2e53906f 1 0 xx xx 00 00039ae4 x x x x x x 0 1 x x x 0 0 x x x x x 4 0
7a3482e7 1 0 09 xx 05 000007a3 0 1 0 0 x x 0 1 x x x 0 0 x x x x x 4 1
f2802a6f 1 0 xx xx 14 fff02728 x x x x x x 0 1 x x x 0 0 x x x x x 4 0
ffea0767 1 0 14 xx 0e fffffffe 0 1 0 0 x x 0 1 x x x 0 0 x x x x x 4 1
5a36aeef 1 0 xx xx 1d 0006ada2 x x x x x x 0 1 x x x 0 0 x x x x x 4 0
aaa18067 1 0 03 xx 00 fffffaaa 0 1 0 0 x x 0 1 x x x 0 0 x x x x x 4 1
0020006f 1 0 xx xx 00 00000002 x x x x x x 0 1 x x x 0 0 x x x x x 4 0
d8198b67 1 0 13 xx 16 fffffd81 0 1 0 0 x x 0 1 x x x 0 0 x x x x x 4 1
002009ef 1 0 xx xx 13 00000002 x x x x x x 0 1 x x x 0 0 x x x x x 4 0
64070767 1 0 0e xx 0e 00000640 0 1 0 0 x x 0 1 x x x 0 0 x x x x x 4 1
7ffff16f 1 0 xx xx 02 000ffffe x x x x x x 0 1 x x x 0 0 x x x x x 4 0
fffa0e67 1 0 14 xx 1c ffffffff 0 1 0 0 x x 0 1 x x x 0 0 x x x x x 4 1
39ffa66f 1 0 xx xx 0c 000fab9e x x x x x x 0 1 x x x 0 0 x x x x x 4 0
dc148367 1 0 09 xx 06 fffffdc1 0 1 0 0 x x 0 1 x x x 0 0 x x x x x 4 1
000001ef 1 0 xx xx 03 00000000 x x x x x x 0 1 x x x 0 0 x x x x x 4 0
3b5608e7 1 0 0c xx 11 000003b5 0 1 0 0 x x 0 1 x x x 0 0 x x x x x 4 1
ea1601ef 1 0 xx xx 03 fff60ea0 x x x x x x 0 1 x x x 0 0 x x x x x 4 0
03900667 1 0 00 xx 0c 00000039 0 1 0 0 x x 0 1 x x x 0 0 x x x x x 4 1
327deb6f 1 0 xx xx 16 000deb26 x x x x x x 0 1 x x x 0 0 x x x x x 4 0
c6900f67 1 0 00 xx 1e fffffc69 0 1 0 0 x x 0 1 x x x 0 0 x x x x x 4 1
4ffa4b6f 1 0 xx xx 16 000a4cfe x x x x x x 0 1 x x x 0 0 x x x x x 4 0
04dc80e7 1 0 19 xx 01 0000004d 0 1 0 0 x x 0 1 x x x 0 0 x x x x x 4 1
eeb876ef 1 0 xx xx 0d fff87eea x x x x x x 0 1 x x x 0 0 x x x x x 4 0
80028ee7 1 0 05 xx 1d fffff800 0 1 0 0 x x 0 1 x x x 0 0 x x x x x 4 1
ef24abef 1 0 xx xx 17 fff4a6f2 x x x x x x 0 1 x x x 0 0 x x x x x 4 0
b83b0fe7 1 0 16 xx 1f fffffb83 0 1 0 0 x x 0 1 x x x 0 0 x x x x x 4 1
8000006f 1 0 xx xx 00 fff00000 x x x x x x 0 1 x x x 0 0 x x x x x 4 0
aaaf0de7 1 0 1e xx 1b fffffaaa 0 1 0 0 x x 0 1 x x x 0 0 x x x x x 4 1
00200b6f 1 0 xx xx 16 00000002 x x x x x x 0 1 x x x 0 0 x x x x x 4 0
42f683e7 1 0 0d xx 07 0000042f 0 1 0 0 x x 0 1 x x x 0 0 x x x x x 4 1
73610c6f 1 0 xx xx 18 00010736 x x x x x x 0 1 x x x 0 0 x x x x x 4 0
00060967 1 0 0c xx 12 00000000 0 1 0 0 x x 0 1 x x x 0 0 x x x x x 4 1
49bf336f 1 0 xx xx 06 000f3c9a x x x x x x 0 1 x x x 0 0 x x x x x 4 0
aaaa0867 1 0 14 xx 10 fffffaaa 0 1 0 0 x x 0 1 x x x 0 0 x x x x x 4 1
8accafef 1 0 xx xx 1f fffca0ac x x x x x x 0 1 x x x 0 0 x x x x x 4 0
fa7004e7 1 0 00 xx 09 ffffffa7 0 1 0 0 x x 0 1 x x x 0 0 x x x x x 4 1
00000b6f 1 0 xx xx 16 00000000 x x x x x x 0 1 x x x 0 0 x x x x x 4 0
f84b0267 1 0 16 xx 04 ffffff84 0 1 0 0 x x 0 1 x x x 0 0 x x x x x 4 1
7ffff2ef 1 0 xx xx 05 000ffffe x x x x x x 0 1 x x x 0 0 x x x x x 4 0
6b3907e7 1 0 12 xx 0f 000006b3 0 1 0 0 x x 0 1 x x x 0 0 x x x x x 4 1
086aa06f 1 0 xx xx 00 000aa086 x x x x x x 0 1 x x x 0 0 x x x x x 4 0
fe6208e7 1 0 04 xx 11 ffffffe6 0 1 0 0 x x 0 1 x x x 0 0 x x x x x 4 1
80000fef 1 0 xx xx 1f fff00000 x x x x x x 0 1 x x x 0 0 x x x x x 4 0
f86009e7 1 0 00 xx 13 ffffff86 0 1 0 0 x x 0 1 x x x 0 0 x x x x x 4 1
5311dcef 1 0 xx xx 19 0001dd30 x x x x x x 0 1 x x x 0 0 x x x x x 4 0
fff80067 1 0 10 xx 00 ffffffff 0 1 0 0 x x 0 1 x x x 0 0 x x x x x 4 1
01f6306f 1 0 xx xx 00 0006381e x x x x x x 0 1 x x x 0 0 x x x x x 4 0
b9570e67 1 0 0e xx 1c fffffb95 0 1 0 0 x x 0 1 x x x 0 0 x x x x x 4 1
500efe6f 1 0 xx xx 1c 000ef500 x x x x x x 0 1 x x x 0 0 x x x x x 4 0
ce1304e7 1 0 06 xx 09 fffffce1 0 1 0 0 x x 0 1 x x x 0 0 x x x x x 4 1
374925ef 1 0 xx xx 0b 00092374 x x x x x x 0 1 x x x 0 0 x x x x x 4 0
aaa00ee7 1 0 00 xx 1d fffffaaa 0 1 0 0 x x 0 1 x x x 0 0 x x x x x 4 1
8a559fef 1 0 xx xx 1f fff598a4 x x x x x x 0 1 x x x 0 0 x x x x x 4 0
ce6001e7 1 0 00 xx 03 fffffce6 0 1 0 0 x x 0 1 x x x 0 0 x x x x x 4 1
000006ef 1 0 xx xx 0d 00000000 x x x x x x 0 1 x x x 0 0 x x x x x 4 0
4fa08be7 1 0 01 xx 17 000004fa 0 1 0 0 x x 0 1 x x x 0 0 x x x x x 4 1
bc9ec1ef 1 0 xx xx 03 fffecbc8 x x x x x x 0 1 x x x 0 0 x x x x x 4 0
c03c84e7 1 0 19 xx 09 fffffc03 0 1 0 0 x x 0 1 x x x 0 0 x x x x x 4 1
7340eeef 1 0 xx xx 1d 0000e734 x x x x x x 0 1 x x x 0 0 x x x x x 4 0
eb7c0ae7 1 0 18 xx 15 fffffeb7 0 1 0 0 x x 0 1 x x x 0 0 x x x x x 4 1
aa4d22ef 1 0 xx xx 05 fffd22a4 x x x x x x 0 1 x x x 0 0 x x x x x 4 0
356c8267 1 0 19 xx 04 00000356 0 1 0 0 x x 0 1 x x x 0 0 x x x x x 4 1
e97ecfef 1 0 xx xx 1f fffece96 x x x x x x 0 1 x x x 0 0 x x x x x 4 0
e2888ae7 1 0 11 xx 15 fffffe28 0 1 0 0 x x 0 1 x x x 0 0 x x x x x 4 1
800007ef 1 0 xx xx 0f fff00000 x x x x x x 0 1 x x x 0 0 x x x x x 4 0
55510c67 1 0 02 xx 18 00000555 0 1 0 0 x x 0 1 x x x 0 0 x x x x x 4 1
0d31af6f 1 0 xx xx 1e 0001a8d2 x x x x x x 0 1 x x x 0 0 x x x x x 4 0
2c9301e7 1 0 06 xx 03 000002c9 0 1 0 0 x x 0 1 x x x 0 0 x x x x x 4 1
bcd0dcef 1 0 xx xx 19 fff0dbcc x x x x x x 0 1 x x x 0 0 x x x x x 4 0
a59007e7 1 0 00 xx 0f fffffa59 0 1 0 0 x x 0 1 x x x 0 0 x x x x x 4 1
cb399c6f 1 0 xx xx 18 fff99cb2 x x x x x x 0 1 x x x 0 0 x x x x x 4 0
5b5c8f67 1 0 19 xx 1e 000005b5 0 1 0 0 x x 0 1 x x x 0 0 x x x x x 4 1
bb91206f 1 0 xx xx 00 fff12bb8 x x x x x x 0 1 x x x 0 0 x x x x x 4 0
c6dc8ae7 1 0 19 xx 15 fffffc6d 0 1 0 0 x x 0 1 x x x 0 0 x x x x x 4 1
93e3686f 1 0 xx xx 10 fff3613e x x x x x x 0 1 x x x 0 0 x x x x x 4 0
e64007e7 1 0 00 xx 0f fffffe64 0 1 0 0 x x 0 1 x x x 0 0 x x x x x 4 1
7ffff4ef 1 0 xx xx 09 000ffffe x x x x x x 0 1 x x x 0 0 x x x x x 4 0
0ac98467 1 0 13 xx 08 000000ac 0 1 0 0 x x 0 1 x x x 0 0 x x x x x 4 1
1cf9fbef 1 0 xx xx 17 0009f9ce x x x x x x 0 1 x x x 0 0 x x x x x 4 0
06338867 1 0 07 xx 10 00000063 0 1 0 0 x x 0 1 x x x 0 0 x x x x x 4 1
be10adef 1 0 xx xx 1b fff0abe0 x x x x x x 0 1 x x x 0 0 x x x x x 4 0
f6a60867 1 0 0c xx 10 ffffff6a 0 1 0 0 x x 0 1 x x x 0 0 x x x x x 4 1
36a4866f 1 0 xx xx 0c 0004836a x x x x x x 0 1 x x x 0 0 x x x x x 4 0
e13f0fe7 1 0 1e xx 1f fffffe13 0 1 0 0 x x 0 1 x x x 0 0 x x x x x 4 1
26c8d46f 1 0 xx xx 08 0008d26c x x x x x x 0 1 x x x 0 0 x x x x x 4 0
e5700ae7 1 0 00 xx 15 fffffe57 0 1 0 0 x x 0 1 x x x 0 0 x x x x x 4 1
992881ef 1 0 xx xx 03 fff88192 x x x x x x 0 1 x x x 0 0 x x x x x 4 0
ac920067 1 0 04 xx 00 fffffac9 0 1 0 0 x x 0 1 x x x 0 0 x x x x x 4 1
3835116f 1 0 xx xx 02 00051b82 x x x x x x 0 1 x x x 0 0 x x x x x 4 0
27f20067 1 0 04 xx 00 0000027f 0 1 0 0 x x 0 1 x x x 0 0 x x x x x 4 1
bef0106f 1 0 xx xx 00 fff01bee x x x x x x 0 1 x x x 0 0 x x x x x 4 0
000e8367 1 0 1d xx 06 00000000 0 1 0 0 x x 0 1 x x x 0 0 x x x x x 4 1
7464896f 1 0 xx xx 12 00048746 x x x x x x 0 1 x x x 0 0 x x x x x 4 0
82b50a67 1 0 0a xx 14 fffff82b 0 1 0 0 x x 0 1 x x x 0 0 x x x x x 4 1
002006ef 1 0 xx xx 0d 00000002 x x x x x x 0 1 x x x 0 0 x x x x x 4 0
b30f8be7 1 0 1f xx 17 fffffb30 0 1 0 0 x x 0 1 x x x 0 0 x x x x x 4 1
7ffff06f 1 0 xx xx 00 000ffffe x x x x x x 0 1 x x x 0 0 x x x x x 4 0
142e8167 1 0 1d xx 02 00000142 0 1 0 0 x x 0 1 x x x 0 0 x x x x x 4 1
00000e6f 1 0 xx xx 1c 00000000 x x x x x x 0 1 x x x 0 0 x x x x x 4 0
9b5008e7 1 0 00 xx 11 fffff9b5 0 1 0 0 x x 0 1 x x x 0 0 x x x x x 4 1
fffff66f 1 0 xx xx 0c fffffffe x x x x x x 0 1 x x x 0 0 x x x x x 4 0
d3148567 1 0 09 xx 0a fffffd31 0 1 0 0 x x 0 1 x x x 0 0 x x x x x 4 1
fffff06f 1 0 xx xx 00 fffffffe x x x x x x 0 1 x x x 0 0 x x x x x 4 0
7ff286e7 1 0 05 xx 0d 000007ff 0 1 0 0 x x 0 1 x x x 0 0 x x x x x 4 1
0334126f 1 0 xx xx 04 00041832 x x x x x x 0 1 x x x 0 0 x x x x x 4 0
5d2a8167 1 0 15 xx 02 000005d2 0 1 0 0 x x 0 1 x x x 0 0 x x x x x 4 1
cc5680ef 1 0 xx xx 01 fff68cc4 x x x x x x 0 1 x x x 0 0 x x x x x 4 0
b0098067 1 0 13 xx 00 fffffb00 0 1 0 0 x x 0 1 x x x 0 0 x x x x x 4 1
c8bf516f 1 0 xx xx 02 ffff5c8a x x x x x x 0 1 x x x 0 0 x x x x x 4 0
aaa18c67 1 0 03 xx 18 fffffaaa 0 1 0 0 x x 0 1 x x x 0 0 x x x x x 4 1
dd74e06f 1 0 xx xx 00 fff4edd6 x x x x x x 0 1 x x x 0 0 x x x x x 4 0
000f8fe7 1 0 1f xx 1f 00000000 0 1 0 0 x x 0 1 x x x 0 0 x x x x x 4 1
cea0516f 1 0 xx xx 02 fff054ea x x x x x x 0 1 x x x 0 0 x x x x x 4 0
03500de7 1 0 00 xx 1b 00000035 0 1 0 0 x x 0 1 x x x 0 0 x x x x x 4 1
277e29ef 1 0 xx xx 13 000e2a76 x x x x x x 0 1 x x x 0 0 x x x x x 4 0
a73004e7 1 0 00 xx 09 fffffa73 0 1 0 0 x x 0 1 x x x 0 0 x x x x x 4 1
53b4886f 1 0 xx xx 10 00048d3a x x x x x x 0 1 x x x 0 0 x x x x x 4 0
433e8967 1 0 1d xx 12 00000433 0 1 0 0 x x 0 1 x x x 0 0 x x x x x 4 1
e5451fef 1 0 xx xx 1f fff51654 x x x x x x 0 1 x x x 0 0 x x x x x 4 0
7bbf8e67 1 0 1f xx 1c 000007bb 0 1 0 0 x x 0 1 x x x 0 0 x x x x x 4 1
4413b76f 1 0 xx xx 0e 0003bc40 x x x x x x 0 1 x x x 0 0 x x x x x 4 0
50658fe7 1 0 0b xx 1f 00000506 0 1 0 0 x x 0 1 x x x 0 0 x x x x x 4 1
d8c727ef 1 0 xx xx 0f fff7258c x x x x x x 0 1 x x x 0 0 x x x x x 4 0
558f8f67 1 0 1f xx 1e 00000558 0 1 0 0 x x 0 1 x x x 0 0 x x x x x 4 1
a4558fef 1 0 xx xx 1f fff58a44 x x x x x x 0 1 x x x 0 0 x x x x x 4 0
2cb00067 1 0 00 xx 00 000002cb 0 1 0 0 x x 0 1 x x x 0 0 x x x x x 4 1
9913faef 1 0 xx xx 15 fff3f990 x x x x x x 0 1 x x x 0 0 x x x x x 4 0
fe5902e7 1 0 12 xx 05 ffffffe5 0 1 0 0 x x 0 1 x x x 0 0 x x x x x 4 1
afd7b06f 1 0 xx xx 00 fff7bafc x x x x x x 0 1 x x x 0 0 x x x x x 4 0
a4788d67 1 0 11 xx 1a fffffa47 0 1 0 0 x x 0 1 x x x 0 0 x x x x x 4 1
8956166f 1 0 xx xx 0c fff61894 x x x x x x 0 1 x x x 0 0 x x x x x 4 0
b31d0667 1 0 1a xx 0c fffffb31 0 1 0 0 x x 0 1 x x x 0 0 x x x x x 4 1
b7077fef 1 0 xx xx 1f fff77370 x x x x x x 0 1 x x x 0 0 x x x x x 4 0
61bb0fe7 1 0 16 xx 1f 0000061b 0 1 0 0 x x 0 1 x x x 0 0 x x x x x 4 1
45a4656f 1 0 xx xx 0a 0004645a x x x x x x 0 1 x x x 0 0 x x x x x 4 0
6c5a8667 1 0 15 xx 0c 000006c5 0 1 0 0 x x 0 1 x x x 0 0 x x x x x 4 1
15906fef 1 0 xx xx 1f 00006958 x x x x x x 0 1 x x x 0 0 x x x x x 4 0
aaa40fe7 1 0 08 xx 1f fffffaaa 0 1 0 0 x x 0 1 x x x 0 0 x x x x x 4 1
d8a8b6ef 1 0 xx xx 0d fff8b58a x x x x x x 0 1 x x x 0 0 x x x x x 4 0
800b8067 1 0 17 xx 00 fffff800 0 1 0 0 x x 0 1 x x x 0 0 x x x x x 4 1
e690a56f 1 0 xx xx 0a fff0ae68 x x x x x x 0 1 x x x 0 0 x x x x x 4 0
fff302e7 1 0 06 xx 05 ffffffff 0 1 0 0 x x 0 1 x x x 0 0 x x x x x 4 1
73c44def 1 0 xx xx 1b 0004473c x x x x x x 0 1 x x x 0 0 x x x x x 4 0
f0218667 1 0 03 xx 0c ffffff02 0 1 0 0 x x 0 1 x x x 0 0 x x x x x 4 1
# --- SYSTEM ---
# i_inst | o_legal o_halt o_rs1 o_rs2 o_rd o_immediate o_op1_sel o_op2_sel
#     o_alu_opsel o_alu_sub o_alu_unsigned o_alu_arith o_branch o_jump
#     o_branch_equal o_branch_unsigned o_branch_invert o_dmem_ren o_dmem_wen
#     o_dmem_align o_dmem_memb o_dmem_memh o_dmem_memw o_dmem_memu o_rd_sel
#     o_pc_sel
00100073 1 1 xx xx 00 xxxxxxxx x x x x x x 0 0 x x x 0 0 x x x x x x x
# --- ILLEGAL ---
# i_inst | o_legal o_halt o_rs1 o_rs2 o_rd o_immediate o_op1_sel o_op2_sel
#     o_alu_opsel o_alu_sub o_alu_unsigned o_alu_arith o_branch o_jump
#     o_branch_equal o_branch_unsigned o_branch_invert o_dmem_ren o_dmem_wen
#     o_dmem_align o_dmem_memb o_dmem_memh o_dmem_memw o_dmem_memu o_rd_sel
#     o_pc_sel
28ba850b 0 0 xx xx xx xxxxxxxx x x x x x x x x x x x x x x x x x x x x
0f6b596b 0 0 xx xx xx xxxxxxxx x x x x x x x x x x x x x x x x x x x x
6cdac96b 0 0 xx xx xx xxxxxxxx x x x x x x x x x x x x x x x x x x x x
6639be03 0 0 xx xx xx xxxxxxxx x x x x x x x x x x x x x x x x x x x x
d4eab253 0 0 xx xx xx xxxxxxxx x x x x x x x x x x x x x x x x x x x x
26f6f1cb 0 0 xx xx xx xxxxxxxx x x x x x x x x x x x x x x x x x x x x
e6aef8cb 0 0 xx xx xx xxxxxxxx x x x x x x x x x x x x x x x x x x x x
0737a5b3 0 0 xx xx xx xxxxxxxx x x x x x x x x x x x x x x x x x x x x
42fa49b3 0 0 xx xx xx xxxxxxxx x x x x x x x x x x x x x x x x x x x x
b28c97bf 0 0 xx xx xx xxxxxxxx x x x x x x x x x x x x x x x x x x x x
6945d8ff 0 0 xx xx xx xxxxxxxx x x x x x x x x x x x x x x x x x x x x
709b3dbf 0 0 xx xx xx xxxxxxxx x x x x x x x x x x x x x x x x x x x x
5a21cea3 0 0 xx xx xx xxxxxxxx x x x x x x x x x x x x x x x x x x x x
61791f73 0 0 xx xx xx xxxxxxxx x x x x x x x x x x x x x x x x x x x x
87e5aa33 0 0 xx xx xx xxxxxxxx x x x x x x x x x x x x x x x x x x x x
a6445b13 0 0 xx xx xx xxxxxxxx x x x x x x x x x x x x x x x x x x x x
bd9ea45f 0 0 xx xx xx xxxxxxxx x x x x x x x x x x x x x x x x x x x x
1a98981b 0 0 xx xx xx xxxxxxxx x x x x x x x x x x x x x x x x x x x x
ed589f0b 0 0 xx xx xx xxxxxxxx x x x x x x x x x x x x x x x x x x x x
67242373 0 0 xx xx xx xxxxxxxx x x x x x x x x x x x x x x x x x x x x
bf7375fb 0 0 xx xx xx xxxxxxxx x x x x x x x x x x x x x x x x x x x x
fd27f803 0 0 xx xx xx xxxxxxxx x x x x x x x x x x x x x x x x x x x x
ab11569b 0 0 xx xx xx xxxxxxxx x x x x x x x x x x x x x x x x x x x x
9e6c43bf 0 0 xx xx xx xxxxxxxx x x x x x x x x x x x x x x x x x x x x
bdd72663 0 0 xx xx xx xxxxxxxx x x x x x x x x x x x x x x x x x x x x
77dd468b 0 0 xx xx xx xxxxxxxx x x x x x x x x x x x x x x x x x x x x
ff968233 0 0 xx xx xx xxxxxxxx x x x x x x x x x x x x x x x x x x x x
ba9e8ef3 0 0 xx xx xx xxxxxxxx x x x x x x x x x x x x x x x x x x x x
e72cff1f 0 0 xx xx xx xxxxxxxx x x x x x x x x x x x x x x x x x x x x
c170e583 0 0 xx xx xx xxxxxxxx x x x x x x x x x x x x x x x x x x x x
fdeb87a7 0 0 xx xx xx xxxxxxxx x x x x x x x x x x x x x x x x x x x x
f72cb4f3 0 0 xx xx xx xxxxxxxx x x x x x x x x x x x x x x x x x x x x
ac21fdf3 0 0 xx xx xx xxxxxxxx x x x x x x x x x x x x x x x x x x x x
b0525193 0 0 xx xx xx xxxxxxxx x x x x x x x x x x x x x x x x x x x x
6c823f9f 0 0 xx xx xx xxxxxxxx x x x x x x x x x x x x x x x x x x x x
4af049a3 0 0 xx xx xx xxxxxxxx x x x x x x x x x x x x x x x x x x x x
ec4a850b 0 0 xx xx xx xxxxxxxx x x x x x x x x x x x x x x x x x x x x
738683d3 0 0 xx xx xx xxxxxxxx x x x x x x x x x x x x x x x x x x x x
da59ce1b 0 0 xx xx xx xxxxxxxx x x x x x x x x x x x x x x x x x x x x
4408644b 0 0 xx xx xx xxxxxxxx x x x x x x x x x x x x x x x x x x x x
1fd2aed3 0 0 xx xx xx xxxxxxxx x x x x x x x x x x x x x x x x x x x x
5696ac87 0 0 xx xx xx xxxxxxxx x x x x x x x x x x x x x x x x x x x x
95c771a3 0 0 xx xx xx xxxxxxxx x x x x x x x x x x x x x x x x x x x x
8fb1d623 0 0 xx xx xx xxxxxxxx x x x x x x x x x x x x x x x x x x x x
e032155f 0 0 xx xx xx xxxxxxxx x x x x x x x x x x x x x x x x x x x x
2078db93 0 0 xx xx xx xxxxxxxx x x x x x x x x x x x x x x x x x x x x
1e86e573 0 0 xx xx xx xxxxxxxx x x x x x x x x x x x x x x x x x x x x
1ae5d933 0 0 xx xx xx xxxxxxxx x x x x x x x x x x x x x x x x x x x x
0b7535cf 0 0 xx xx xx xxxxxxxx x x x x x x x x x x x x x x x x x x x x
07ebd507 0 0 xx xx xx xxxxxxxx x x x x x x x x x x x x x x x x x x x x
20c32af3 0 0 xx xx xx xxxxxxxx x x x x x x x x x x x x x x x x x x x x
310df1b3 0 0 xx xx xx xxxxxxxx x x x x x x x x x x x x x x x x x x x x
539acef3 0 0 xx xx xx xxxxxxxx x x x x x x x x x x x x x x x x x x x x
32aee1a3 0 0 xx xx xx xxxxxxxx x x x x x x x x x x x x x x x x x x x x
6e4ea753 0 0 xx xx xx xxxxxxxx x x x x x x x x x x x x x x x x x x x x
af6d9a87 0 0 xx xx xx xxxxxxxx x x x x x x x x x x x x x x x x x x x x
e97389fb 0 0 xx xx xx xxxxxxxx x x x x x x x x x x x x x x x x x x x x
8d097b7f 0 0 xx xx xx xxxxxxxx x x x x x x x x x x x x x x x x x x x x
87d7e8f3 0 0 xx xx xx xxxxxxxx x x x x x x x x x x x x x x x x x x x x
4b3b3cf7 0 0 xx xx xx xxxxxxxx x x x x x x x x x x x x x x x x x x x x
6f6674f7 0 0 xx xx xx xxxxxxxx x x x x x x x x x x x x x x x x x x x x
4cb9912f 0 0 xx xx xx xxxxxxxx x x x x x x x x x x x x x x x x x x x x
3cf77683 0 0 xx xx xx xxxxxxxx x x x x x x x x x x x x x x x x x x x x
f6309777 0 0 xx xx xx xxxxxxxx x x x x x x x x x x x x x x x x x x x x
985131c7 0 0 xx xx xx xxxxxxxx x x x x x x x x x x x x x x x x x x x x
c3a96dab 0 0 xx xx xx xxxxxxxx x x x x x x x x x x x x x x x x x x x x
5671b2a3 0 0 xx xx xx xxxxxxxx x x x x x x x x x x x x x x x x x x x x
e3ca268b 0 0 xx xx xx xxxxxxxx x x x x x x x x x x x x x x x x x x x x
f5a9f5c7 0 0 xx xx xx xxxxxxxx x x x x x x x x x x x x x x x x x x x x
e46dccf3 0 0 xx xx xx xxxxxxxx x x x x x x x x x x x x x x x x x x x x
530fee6b 0 0 xx xx xx xxxxxxxx x x x x x x x x x x x x x x x x x x x x
328ac953 0 0 xx xx xx xxxxxxxx x x x x x x x x x x x x x x x x x x x x
ea2be4f3 0 0 xx xx xx xxxxxxxx x x x x x x x x x x x x x x x x x x x x
d534ee3f 0 0 xx xx xx xxxxxxxx x x x x x x x x x x x x x x x x x x x x
034b7933 0 0 xx xx xx xxxxxxxx x x x x x x x x x x x x x x x x x x x x
54a7c88b 0 0 xx xx xx xxxxxxxx x x x x x x x x x x x x x x x x x x x x
d32b5327 0 0 xx xx xx xxxxxxxx x x x x x x x x x x x x x x x x x x x x
99c9e2b3 0 0 xx xx xx xxxxxxxx x x x x x x x x x x x x x x x x x x x x
f2b4e033 0 0 xx xx xx xxxxxxxx x x x x x x x x x x x x x x x x x x x x
41c192f3 0 0 xx xx xx xxxxxxxx x x x x x x x x x x x x x x x x x x x x
082ad45b 0 0 xx xx xx xxxxxxxx x x x x x x x x x x x x x x x x x x x x
88d901b3 0 0 xx xx xx xxxxxxxx x x x x x x x x x x x x x x x x x x x x
b2071707 0 0 xx xx xx xxxxxxxx x x x x x x x x x x x x x x x x x x x x
a34daf27 0 0 xx xx xx xxxxxxxx x x x x x x x x x x x x x x x x x x x x
6f750c0f 0 0 xx xx xx xxxxxxxx x x x x x x x x x x x x x x x x x x x x
b2a0b90b 0 0 xx xx xx xxxxxxxx x x x x x x x x x x x x x x x x x x x x
34488deb 0 0 xx xx xx xxxxxxxx x x x x x x x x x x x x x x x x x x x x
60dbb9b3 0 0 xx xx xx xxxxxxxx x x x x x x x x x x x x x x x x x x x x
78a2224f 0 0 xx xx xx xxxxxxxx x x x x x x x x x x x x x x x x x x x x
7b0359d3 0 0 xx xx xx xxxxxxxx x x x x x x x x x x x x x x x x x x x x
27f5ccbb 0 0 xx xx xx xxxxxxxx x x x x x x x x x x x x x x x x x x x x
a53fbd9f 0 0 xx xx xx xxxxxxxx x x x x x x x x x x x x x x x x x x x x
3a88ef9b 0 0 xx xx xx xxxxxxxx x x x x x x x x x x x x x x x x x x x x
90b1eeb3 0 0 xx xx xx xxxxxxxx x x x x x x x x x x x x x x x x x x x x
131817f3 0 0 xx xx xx xxxxxxxx x x x x x x x x x x x x x x x x x x x x
9d5993bb 0 0 xx xx xx xxxxxxxx x x x x x x x x x x x x x x x x x x x x
8381b04f 0 0 xx xx xx xxxxxxxx x x x x x x x x x x x x x x x x x x x x
9370fc27 0 0 xx xx xx xxxxxxxx x x x x x x x x x x x x x x x x x x x x
6d1f98d7 0 0 xx xx xx xxxxxxxx x x x x x x x x x x x x x x x x x x x x
6cd59113 0 0 xx xx xx xxxxxxxx x x x x x x x x x x x x x x x x x x x x
f38b1877 0 0 xx xx xx xxxxxxxx x x x x x x x x x x x x x x x x x x x x
d8e09033 0 0 xx xx xx xxxxxxxx x x x x x x x x x x x x x x x x x x x x
d4213023 0 0 xx xx xx xxxxxxxx x x x x x x x x x x x x x x x x x x x x
07719bcf 0 0 xx xx xx xxxxxxxx x x x x x x x x x x x x x x x x x x x x
485d989f 0 0 xx xx xx xxxxxxxx x x x x x x x x x x x x x x x x x x x x
50b28b1b 0 0 xx xx xx xxxxxxxx x x x x x x x x x x x x x x x x x x x x
c853e2a7 0 0 xx xx xx xxxxxxxx x x x x x x x x x x x x x x x x x x x x
65b7bc03 0 0 xx xx xx xxxxxxxx x x x x x x x x x x x x x x x x x x x x
07f5f62f 0 0 xx xx xx xxxxxxxx x x x x x x x x x x x x x x x x x x x x
b07665b3 0 0 xx xx xx xxxxxxxx x x x x x x x x x x x x x x x x x x x x
eada7033 0 0 xx xx xx xxxxxxxx x x x x x x x x x x x x x x x x x x x x
0fd16faf 0 0 xx xx xx xxxxxxxx x x x x x x x x x x x x x x x x x x x x
66265a33 0 0 xx xx xx xxxxxxxx x x x x x x x x x x x x x x x x x x x x
b2a568a3 0 0 xx xx xx xxxxxxxx x x x x x x x x x x x x x x x x x x x x
0bdb51d3 0 0 xx xx xx xxxxxxxx x x x x x x x x x x x x x x x x x x x x
8efb11f3 0 0 xx xx xx xxxxxxxx x x x x x x x x x x x x x x x x x x x x
131cb6a7 0 0 xx xx xx xxxxxxxx x x x x x x x x x x x x x x x x x x x x
d34f771b 0 0 xx xx xx xxxxxxxx x x x x x x x x x x x x x x x x x x x x
bd3f7687 0 0 xx xx xx xxxxxxxx x x x x x x x x x x x x x x x x x x x x
feab66d7 0 0 xx xx xx xxxxxxxx x x x x x x x x x x x x x x x x x x x x
4105403b 0 0 xx xx xx xxxxxxxx x x x x x x x x x x x x x x x x x x x x
5edcb0b3 0 0 xx xx xx xxxxxxxx x x x x x x x x x x x x x x x x x x x x
d2a928df 0 0 xx xx xx xxxxxxxx x x x x x x x x x x x x x x x x x x x x
72d440bb 0 0 xx xx xx xxxxxxxx x x x x x x x x x x x x x x x x x x x x
0d986377 0 0 xx xx xx xxxxxxxx x x x x x x x x x x x x x x x x x x x x
73905027 0 0 xx xx xx xxxxxxxx x x x x x x x x x x x x x x x x x x x x
2492e683 0 0 xx xx xx xxxxxxxx x x x x x x x x x x x x x x x x x x x x
68c7bc0b 0 0 xx xx xx xxxxxxxx x x x x x x x x x x x x x x x x x x x x
425c81b3 0 0 xx xx xx xxxxxxxx x x x x x x x x x x x x x x x x x x x x
8e4d55d3 0 0 xx xx xx xxxxxxxx x x x x x x x x x x x x x x x x x x x x
97bcc923 0 0 xx xx xx xxxxxxxx x x x x x x x x x x x x x x x x x x x x
5f103f73 0 0 xx xx xx xxxxxxxx x x x x x x x x x x x x x x x x x x x x
7016dc57 0 0 xx xx xx xxxxxxxx x x x x x x x x x x x x x x x x x x x x
7869c5a3 0 0 xx xx xx xxxxxxxx x x x x x x x x x x x x x x x x x x x x
0a502733 0 0 xx xx xx xxxxxxxx x x x x x x x x x x x x x x x x x x x x
6caa6c0f 0 0 xx xx xx xxxxxxxx x x x x x x x x x x x x x x x x x x x x
00903023 0 0 xx xx xx xxxxxxxx x x x x x x x x x x x x x x x x x x x x
34e16887 0 0 xx xx xx xxxxxxxx x x x x x x x x x x x x x x x x x x x x
5c10e85b 0 0 xx xx xx xxxxxxxx x x x x x x x x x x x x x x x x x x x x
c527d2cb 0 0 xx xx xx xxxxxxxx x x x x x x x x x x x x x x x x x x x x
5368b3a3 0 0 xx xx xx xxxxxxxx x x x x x x x x x x x x x x x x x x x x
9e26fc6b 0 0 xx xx xx xxxxxxxx x x x x x x x x x x x x x x x x x x x x
9bce5213 0 0 xx xx xx xxxxxxxx x x x x x x x x x x x x x x x x x x x x
3d7f6373 0 0 xx xx xx xxxxxxxx x x x x x x x x x x x x x x x x x x x x
64eed7df 0 0 xx xx xx xxxxxxxx x x x x x x x x x x x x x x x x x x x x
f6e7463b 0 0 xx xx xx xxxxxxxx x x x x x x x x x x x x x x x x x x x x
d6e56233 0 0 xx xx xx xxxxxxxx x x x x x x x x x x x x x x x x x x x x
78554c8b 0 0 xx xx xx xxxxxxxx x x x x x x x x x x x x x x x x x x x x
9c5d02db 0 0 xx xx xx xxxxxxxx x x x x x x x x x x x x x x x x x x x x
434a348f 0 0 xx xx xx xxxxxxxx x x x x x x x x x x x x x x x x x x x x
7727e79f 0 0 xx xx xx xxxxxxxx x x x x x x x x x x x x x x x x x x x x
2f34227f 0 0 xx xx xx xxxxxxxx x x x x x x x x x x x x x x x x x x x x
bb236723 0 0 xx xx xx xxxxxxxx x x x x x x x x x x x x x x x x x x x x
110e5e93 0 0 xx xx xx xxxxxxxx x x x x x x x x x x x x x x x x x x x x
b3b98eb3 0 0 xx xx xx xxxxxxxx x x x x x x x x x x x x x x x x x x x x
84bd034b 0 0 xx xx xx xxxxxxxx x x x x x x x x x x x x x x x x x x x x
626e141f 0 0 xx xx xx xxxxxxxx x x x x x x x x x x x x x x x x x x x x
66d5a357 0 0 xx xx xx xxxxxxxx x x x x x x x x x x x x x x x x x x x x
ac1791ab 0 0 xx xx xx xxxxxxxx x x x x x x x x x x x x x x x x x x x x
9e95a57f 0 0 xx xx xx xxxxxxxx x x x x x x x x x x x x x x x x x x x x
1f435b13 0 0 xx xx xx xxxxxxxx x x x x x x x x x x x x x x x x x x x x
dd3a9453 0 0 xx xx xx xxxxxxxx x x x x x x x x x x x x x x x x x x x x
6bf49d0b 0 0 xx xx xx xxxxxxxx x x x x x x x x x x x x x x x x x x x x
6484a7b3 0 0 xx xx xx xxxxxxxx x x x x x x x x x x x x x x x x x x x x
fbe9260f 0 0 xx xx xx xxxxxxxx x x x x x x x x x x x x x x x x x x x x
59f0ccf3 0 0 xx xx xx xxxxxxxx x x x x x x x x x x x x x x x x x x x x
56a68a3b 0 0 xx xx xx xxxxxxxx x x x x x x x x x x x x x x x x x x x x
e2db75ab 0 0 xx xx xx xxxxxxxx x x x x x x x x x x x x x x x x x x x x
61c22d2b 0 0 xx xx xx xxxxxxxx x x x x x x x x x x x x x x x x x x x x
067ad9bf 0 0 xx xx xx xxxxxxxx x x x x x x x x x x x x x x x x x x x x
57e4b0a7 0 0 xx xx xx xxxxxxxx x x x x x x x x x x x x x x x x x x x x
5ad2083b 0 0 xx xx xx xxxxxxxx x x x x x x x x x x x x x x x x x x x x
eeae2f57 0 0 xx xx xx xxxxxxxx x x x x x x x x x x x x x x x x x x x x
3a9c001b 0 0 xx xx xx xxxxxxxx x x x x x x x x x x x x x x x x x x x x
3c1091bf 0 0 xx xx xx xxxxxxxx x x x x x x x x x x x x x x x x x x x x
8cb87a33 0 0 xx xx xx xxxxxxxx x x x x x x x x x x x x x x x x x x x x
a8e740df 0 0 xx xx xx xxxxxxxx x x x x x x x x x x x x x x x x x x x x
a19ef683 0 0 xx xx xx xxxxxxxx x x x x x x x x x x x x x x x x x x x x
30b3dfb3 0 0 xx xx xx xxxxxxxx x x x x x x x x x x x x x x x x x x x x
52a08ab3 0 0 xx xx xx xxxxxxxx x x x x x x x x x x x x x x x x x x x x
887374b3 0 0 xx xx xx xxxxxxxx x x x x x x x x x x x x x x x x x x x x
9cb391c3 0 0 xx xx xx xxxxxxxx x x x x x x x x x x x x x x x x x x x x
94047bb3 0 0 xx xx xx xxxxxxxx x x x x x x x x x x x x x x x x x x x x
b5e6edab 0 0 xx xx xx xxxxxxxx x x x x x x x x x x x x x x x x x x x x
5149d7df 0 0 xx xx xx xxxxxxxx x x x x x x x x x x x x x x x x x x x x
fdc2e623 0 0 xx xx xx xxxxxxxx x x x x x x x x x x x x x x x x x x x x
5c39f9a3 0 0 xx xx xx xxxxxxxx x x x x x x x x x x x x x x x x x x x x
0f974507 0 0 xx xx xx xxxxxxxx x x x x x x x x x x x x x x x x x x x x
2c4151f7 0 0 xx xx xx xxxxxxxx x x x x x x x x x x x x x x x x x x x x
8254653b 0 0 xx xx xx xxxxxxxx x x x x x x x x x x x x x x x x x x x x
56dcd1ff 0 0 xx xx xx xxxxxxxx x x x x x x x x x x x x x x x x x x x x
d210e7cb 0 0 xx xx xx xxxxxxxx x x x x x x x x x x x x x x x x x x x x
5089e823 0 0 xx xx xx xxxxxxxx x x x x x x x x x x x x x x x x x x x x
3aa27a2b 0 0 xx xx xx xxxxxxxx x x x x x x x x x x x x x x x x x x x x
1c3e862f 0 0 xx xx xx xxxxxxxx x x x x x x x x x x x x x x x x x x x x
d5f63d27 0 0 xx xx xx xxxxxxxx x x x x x x x x x x x x x x x x x x x x
e3a51ff3 0 0 xx xx xx xxxxxxxx x x x x x x x x x x x x x x x x x x x x
557166c3 0 0 xx xx xx xxxxxxxx x x x x x x x x x x x x x x x x x x x x
ac01e72b 0 0 xx xx xx xxxxxxxx x x x x x x x x x x x x x x x x x x x x
7d2e9613 0 0 xx xx xx xxxxxxxx x x x x x x x x x x x x x x x x x x x x
f8e9bea3 0 0 xx xx xx xxxxxxxx x x x x x x x x x x x x x x x x x x x x
ba438dcb 0 0 xx xx xx xxxxxxxx x x x x x x x x x x x x x x x x x x x x
749ea1e3 0 0 xx xx xx xxxxxxxx x x x x x x x x x x x x x x x x x x x x
09735913 0 0 xx xx xx xxxxxxxx x x x x x x x x x x x x x x x x x x x x
e2bc468f 0 0 xx xx xx xxxxxxxx x x x x x x x x x x x x x x x x x x x x
616b3103 0 0 xx xx xx xxxxxxxx x x x x x x x x x x x x x x x x x x x x
8aaa63c7 0 0 xx xx xx xxxxxxxx x x x x x x x x x x x x x x x x x x x x
d5816827 0 0 xx xx xx xxxxxxxx x x x x x x x x x x x x x x x x x x x x
e5acc67b 0 0 xx xx xx xxxxxxxx x x x x x x x x x x x x x x x x x x x x
018aeaf3 0 0 xx xx xx xxxxxxxx x x x x x x x x x x x x x x x x x x x x
1120bbeb 0 0 xx xx xx xxxxxxxx x x x x x x x x x x x x x x x x x x x x
9fb71b57 0 0 xx xx xx xxxxxxxx x x x x x x x x x x x x x x x x x x x x
b16a23cf 0 0 xx xx xx xxxxxxxx x x x x x x x x x x x x x x x x x x x x
92703343 0 0 xx xx xx xxxxxxxx x x x x x x x x x x x x x x x x x x x x
e7fc4abf 0 0 xx xx xx xxxxxxxx x x x x x x x x x x x x x x x x x x x x
33de58cf 0 0 xx xx xx xxxxxxxx x x x x x x x x x x x x x x x x x x x x
042cebaf 0 0 xx xx xx xxxxxxxx x x x x x x x x x x x x x x x x x x x x
08d73d6b 0 0 xx xx xx xxxxxxxx x x x x x x x x x x x x x x x x x x x x
11ca7a33 0 0 xx xx xx xxxxxxxx x x x x x x x x x x x x x x x x x x x x
cc2209b3 0 0 xx xx xx xxxxxxxx x x x x x x x x x x x x x x x x x x x x
7ce9c41f 0 0 xx xx xx xxxxxxxx x x x x x x x x x x x x x x x x x x x x
08952fa7 0 0 xx xx xx xxxxxxxx x x x x x x x x x x x x x x x x x x x x
cc6d90bf 0 0 xx xx xx xxxxxxxx x x x x x x x x x x x x x x x x x x x x
180d77ff 0 0 xx xx xx xxxxxxxx x x x x x x x x x x x x x x x x x x x x
70047abb 0 0 xx xx xx xxxxxxxx x x x x x x x x x x x x x x x x x x x x
dd31295b 0 0 xx xx xx xxxxxxxx x x x x x x x x x x x x x x x x x x x x
3409a8d7 0 0 xx xx xx xxxxxxxx x x x x x x x x x x x x x x x x x x x x
1a292853 0 0 xx xx xx xxxxxxxx x x x x x x x x x x x x x x x x x x x x
5ad1962b 0 0 xx xx xx xxxxxxxx x x x x x x x x x x x x x x x x x x x x
bc02773f 0 0 xx xx xx xxxxxxxx x x x x x x x x x x x x x x x x x x x x
c52ddfcf 0 0 xx xx xx xxxxxxxx x x x x x x x x x x x x x x x x x x x x
2b20ade3 0 0 xx xx xx xxxxxxxx x x x x x x x x x x x x x x x x x x x x
f9e2a5a7 0 0 xx xx xx xxxxxxxx x x x x x x x x x x x x x x x x x x x x
661f6ff3 0 0 xx xx xx xxxxxxxx x x x x x x x x x x x x x x x x x x x x
90dc0f9f 0 0 xx xx xx xxxxxxxx x x x x x x x x x x x x x x x x x x x x
f46f8047 0 0 xx xx xx xxxxxxxx x x x x x x x x x x x x x x x x x x x x
dcb1b3a3 0 0 xx xx xx xxxxxxxx x x x x x x x x x x x x x x x x x x x x
fd69f4b3 0 0 xx xx xx xxxxxxxx x x x x x x x x x x x x x x x x x x x x
ab954f23 0 0 xx xx xx xxxxxxxx x x x x x x x x x x x x x x x x x x x x
8c1d921b 0 0 xx xx xx xxxxxxxx x x x x x x x x x x x x x x x x x x x x
d5e5d25b 0 0 xx xx xx xxxxxxxx x x x x x x x x x x x x x x x x x x x x
9fd6d33f 0 0 xx xx xx xxxxxxxx x x x x x x x x x x x x x x x x x x x x
663587b3 0 0 xx xx xx xxxxxxxx x x x x x x x x x x x x x x x x x x x x
6c529e33 0 0 xx xx xx xxxxxxxx x x x x x x x x x x x x x x x x x x x x
f7d8c823 0 0 xx xx xx xxxxxxxx x x x x x x x x x x x x x x x x x x x x
f33a412b 0 0 xx xx xx xxxxxxxx x x x x x x x x x x x x x x x x x x x x
d3297dfb 0 0 xx xx xx xxxxxxxx x x x x x x x x x x x x x x x x x x x x
3311b3b3 0 0 xx xx xx xxxxxxxx x x x x x x x x x x x x x x x x x x x x
1c709953 0 0 xx xx xx xxxxxxxx x x x x x x x x x x x x x x x x x x x x
35457bf7 0 0 xx xx xx xxxxxxxx x x x x x x x x x x x x x x x x x x x x
23c35cd3 0 0 xx xx xx xxxxxxxx x x x x x x x x x x x x x x x x x x x x
c7442a4f 0 0 xx xx xx xxxxxxxx x x x x x x x x x x x x x x x x x x x x
93d2a5df 0 0 xx xx xx xxxxxxxx x x x x x x x x x x x x x x x x x x x x
b3a9d523 0 0 xx xx xx xxxxxxxx x x x x x x x x x x x x x x x x x x x x
db0ee347 0 0 xx xx xx xxxxxxxx x x x x x x x x x x x x x x x x x x x x
5b117333 0 0 xx xx xx xxxxxxxx x x x x x x x x x x x x x x x x x x x x
a5bba0db 0 0 xx xx xx xxxxxxxx x x x x x x x x x x x x x x x x x x x x
7d534ebb 0 0 xx xx xx xxxxxxxx x x x x x x x x x x x x x x x x x x x x
44ae3e07 0 0 xx xx xx xxxxxxxx x x x x x x x x x x x x x x x x x x x x
c573343f 0 0 xx xx xx xxxxxxxx x x x x x x x x x x x x x x x x x x x x
8a38cb43 0 0 xx xx xx xxxxxxxx x x x x x x x x x x x x x x x x x x x x
5d69cda3 0 0 xx xx xx xxxxxxxx x x x x x x x x x x x x x x x x x x x x
5318198f 0 0 xx xx xx xxxxxxxx x x x x x x x x x x x x x x x x x x x x
210d5f47 0 0 xx xx xx xxxxxxxx x x x x x x x x x x x x x x x x x x x x
b758d5d3 0 0 xx xx xx xxxxxxxx x x x x x x x x x x x x x x x x x x x x
eb2c2a77 0 0 xx xx xx xxxxxxxx x x x x x x x x x x x x x x x x x x x x
e18249f7 0 0 xx xx xx xxxxxxxx x x x x x x x x x x x x x x x x x x x x
1d117323 0 0 xx xx xx xxxxxxxx x x x x x x x x x x x x x x x x x x x x
ee48f69f 0 0 xx xx xx xxxxxxxx x x x x x x x x x x x x x x x x x x x x
b4fe1e4b 0 0 xx xx xx xxxxxxxx x x x x x x x x x x x x x x x x x x x x
79b2a3f3 0 0 xx xx xx xxxxxxxx x x x x x x x x x x x x x x x x x x x x
6332505f 0 0 xx xx xx xxxxxxxx x x x x x x x x x x x x x x x x x x x x
772bfcc3 0 0 xx xx xx xxxxxxxx x x x x x x x x x x x x x x x x x x x x
dcf10cd7 0 0 xx xx xx xxxxxxxx x x x x x x x x x x x x x x x x x x x x
92d1a773 0 0 xx xx xx xxxxxxxx x x x x x x x x x x x x x x x x x x x x
0895afe3 0 0 xx xx xx xxxxxxxx x x x x x x x x x x x x x x x x x x x x
b24b7cab 0 0 xx xx xx xxxxxxxx x x x x x x x x x x x x x x x x x x x x
b3d375a3 0 0 xx xx xx xxxxxxxx x x x x x x x x x x x x x x x x x x x x
90f6ebbb 0 0 xx xx xx xxxxxxxx x x x x x x x x x x x x x x x x x x x x
68a61a53 0 0 xx xx xx xxxxxxxx x x x x x x x x x x x x x x x x x x x x
5c1687b3 0 0 xx xx xx xxxxxxxx x x x x x x x x x x x x x x x x x x x x
c8df98f7 0 0 xx xx xx xxxxxxxx x x x x x x x x x x x x x x x x x x x x
3e32f073 0 0 xx xx xx xxxxxxxx x x x x x x x x x x x x x x x x x x x x
cbf1ea57 0 0 xx xx xx xxxxxxxx x x x x x x x x x x x x x x x x x x x x
85a3a8f3 0 0 xx xx xx xxxxxxxx x x x x x x x x x x x x x x x x x x x x
c639b88b 0 0 xx xx xx xxxxxxxx x x x x x x x x x x x x x x x x x x x x
857ff7b3 0 0 xx xx xx xxxxxxxx x x x x x x x x x x x x x x x x x x x x
30200073 0 0 xx xx xx xxxxxxxx x x x x x x x x x x x x x x x x x x x x
b9a8825f 0 0 xx xx xx xxxxxxxx x x x x x x x x x x x x x x x x x x x x
82045287 0 0 xx xx xx xxxxxxxx x x x x x x x x x x x x x x x x x x x x
342689cb 0 0 xx xx xx xxxxxxxx x x x x x x x x x x x x x x x x x x x x
7ddcb07b 0 0 xx xx xx xxxxxxxx x x x x x x x x x x x x x x x x x x x x
54b323ab 0 0 xx xx xx xxxxxxxx x x x x x x x x x x x x x x x x x x x x
58950273 0 0 xx xx xx xxxxxxxx x x x x x x x x x x x x x x x x x x x x
ea1dd4db 0 0 xx xx xx xxxxxxxx x x x x x x x x x x x x x x x x x x x x
6a13a8df 0 0 xx xx xx xxxxxxxx x x x x x x x x x x x x x x x x x x x x
e3035373 0 0 xx xx xx xxxxxxxx x x x x x x x x x x x x x x x x x x x x
94b133a3 0 0 xx xx xx xxxxxxxx x x x x x x x x x x x x x x x x x x x x
4f41b6c3 0 0 xx xx xx xxxxxxxx x x x x x x x x x x x x x x x x x x x x
dd4eb7f7 0 0 xx xx xx xxxxxxxx x x x x x x x x x x x x x x x x x x x x
407292fb 0 0 xx xx xx xxxxxxxx x x x x x x x x x x x x x x x x x x x x
85c200eb 0 0 xx xx xx xxxxxxxx x x x x x x x x x x x x x x x x x x x x
f68cddb3 0 0 xx xx xx xxxxxxxx x x x x x x x x x x x x x x x x x x x x
1270f523 0 0 xx xx xx xxxxxxxx x x x x x x x x x x x x x x x x x x x x
ffd35bb3 0 0 xx xx xx xxxxxxxx x x x x x x x x x x x x x x x x x x x x
cef93fcf 0 0 xx xx xx xxxxxxxx x x x x x x x x x x x x x x x x x x x x
743cdbbf 0 0 xx xx xx xxxxxxxx x x x x x x x x x x x x x x x x x x x x
a8255c13 0 0 xx xx xx xxxxxxxx x x x x x x x x x x x x x x x x x x x x
82b05e23 0 0 xx xx xx xxxxxxxx x x x x x x x x x x x x x x x x x x x x
796b6803 0 0 xx xx xx xxxxxxxx x x x x x x x x x x x x x x x x x x x x
947b69f3 0 0 xx xx xx xxxxxxxx x x x x x x x x x x x x x x x x x x x x
67763743 0 0 xx xx xx xxxxxxxx x x x x x x x x x x x x x x x x x x x x
8d59dd5b 0 0 xx xx xx xxxxxxxx x x x x x x x x x x x x x x x x x x x x
db9c85b3 0 0 xx xx xx xxxxxxxx x x x x x x x x x x x x x x x x x x x x
ec777a73 0 0 xx xx xx xxxxxxxx x x x x x x x x x x x x x x x x x x x x
438fbfb3 0 0 xx xx xx xxxxxxxx x x x x x x x x x x x x x x x x x x x x
ec49b22f 0 0 xx xx xx xxxxxxxx x x x x x x x x x x x x x x x x x x x x
8d6f056b 0 0 xx xx xx xxxxxxxx x x x x x x x x x x x x x x x x x x x x
8f1bb46b 0 0 xx xx xx xxxxxxxx x x x x x x x x x x x x x x x x x x x x
cf5275f3 0 0 xx xx xx xxxxxxxx x x x x x x x x x x x x x x x x x x x x
0db7faf3 0 0 xx xx xx xxxxxxxx x x x x x x x x x x x x x x x x x x x x
ad85265f 0 0 xx xx xx xxxxxxxx x x x x x x x x x x x x x x x x x x x x
e76f0c27 0 0 xx xx xx xxxxxxxx x x x x x x x x x x x x x x x x x x x x
ee8f08bb 0 0 xx xx xx xxxxxxxx x x x x x x x x x x x x x x x x x x x x
4d403023 0 0 xx xx xx xxxxxxxx x x x x x x x x x x x x x x x x x x x x
6452524b 0 0 xx xx xx xxxxxxxx x x x x x x x x x x x x x x x x x x x x
a813d633 0 0 xx xx xx xxxxxxxx x x x x x x x x x x x x x x x x x x x x
404d0357 0 0 xx xx xx xxxxxxxx x x x x x x x x x x x x x x x x x x x x
33b3fa6b 0 0 xx xx xx xxxxxxxx x x x x x x x x x x x x x x x x x x x x
210ae933 0 0 xx xx xx xxxxxxxx x x x x x x x x x x x x x x x x x x x x
99f590ff 0 0 xx xx xx xxxxxxxx x x x x x x x x x x x x x x x x x x x x
f16c052b 0 0 xx xx xx xxxxxxxx x x x x x x x x x x x x x x x x x x x x
fe01728f 0 0 xx xx xx xxxxxxxx x x x x x x x x x x x x x x x x x x x x
3f00b67f 0 0 xx xx xx xxxxxxxx x x x x x x x x x x x x x x x x x x x x
327e0af3 0 0 xx xx xx xxxxxxxx x x x x x x x x x x x x x x x x x x x x
49f88cc7 0 0 xx xx xx xxxxxxxx x x x x x x x x x x x x x x x x x x x x
39dc808f 0 0 xx xx xx xxxxxxxx x x x x x x x x x x x x x x x x x x x x
4d099813 0 0 xx xx xx xxxxxxxx x x x x x x x x x x x x x x x x x x x x
10836747 0 0 xx xx xx xxxxxxxx x x x x x x x x x x x x x x x x x x x x
33738e47 0 0 xx xx xx xxxxxxxx x x x x x x x x x x x x x x x x x x x x
f5557303 0 0 xx xx xx xxxxxxxx x x x x x x x x x x x x x x x x x x x x
a50b3a47 0 0 xx xx xx xxxxxxxx x x x x x x x x x x x x x x x x x x x x
119a9033 0 0 xx xx xx xxxxxxxx x x x x x x x x x x x x x x x x x x x x
a90b3283 0 0 xx xx xx xxxxxxxx x x x x x x x x x x x x x x x x x x x x
854cfca3 0 0 xx xx xx xxxxxxxx x x x x x x x x x x x x x x x x x x x x
a9ccbb73 0 0 xx xx xx xxxxxxxx x x x x x x x x x x x x x x x x x x x x
ea284d33 0 0 xx xx xx xxxxxxxx x x x x x x x x x x x x x x x x x x x x
20302933 0 0 xx xx xx xxxxxxxx x x x x x x x x x x x x x x x x x x x x
b17ab5f3 0 0 xx xx xx xxxxxxxx x x x x x x x x x x x x x x x x x x x x
32432e5f 0 0 xx xx xx xxxxxxxx x x x x x x x x x x x x x x x x x x x x
50a0d1d3 0 0 xx xx xx xxxxxxxx x x x x x x x x x x x x x x x x x x x x
f2e7f583 0 0 xx xx xx xxxxxxxx x x x x x x x x x x x x x x x x x x x x
d6f45c8f 0 0 xx xx xx xxxxxxxx x x x x x x x x x x x x x x x x x x x x
933bc543 0 0 xx xx xx xxxxxxxx x x x x x x x x x x x x x x x x x x x x
e432df0f 0 0 xx xx xx xxxxxxxx x x x x x x x x x x x x x x x x x x x x
d1d8389f 0 0 xx xx xx xxxxxxxx x x x x x x x x x x x x x x x x x x x x
a0ba5d33 0 0 xx xx xx xxxxxxxx x x x x x x x x x x x x x x x x x x x x
2fdf20a7 0 0 xx xx xx xxxxxxxx x x x x x x x x x x x x x x x x x x x x
82bc1d33 0 0 xx xx xx xxxxxxxx x x x x x x x x x x x x x x x x x x x x
f1b07323 0 0 xx xx xx xxxxxxxx x x x x x x x x x x x x x x x x x x x x
fc421e93 0 0 xx xx xx xxxxxxxx x x x x x x x x x x x x x x x x x x x x
c36d5c57 0 0 xx xx xx xxxxxxxx x x x x x x x x x x x x x x x x x x x x
6e17eedb 0 0 xx xx xx xxxxxxxx x x x x x x x x x x x x x x x x x x x x
61bdb6ff 0 0 xx xx xx xxxxxxxx x x x x x x x x x x x x x x x x x x x x
100658b3 0 0 xx xx xx xxxxxxxx x x x x x x x x x x x x x x x x x x x x
b4b5ff27 0 0 xx xx xx xxxxxxxx x x x x x x x x x x x x x x x x x x x x
0817ce8b 0 0 xx xx xx xxxxxxxx x x x x x x x x x x x x x x x x x x x x
5ed94433 0 0 xx xx xx xxxxxxxx x x x x x x x x x x x x x x x x x x x x
2058cbd7 0 0 xx xx xx xxxxxxxx x x x x x x x x x x x x x x x x x x x x
a91e86db 0 0 xx xx xx xxxxxxxx x x x x x x x x x x x x x x x x x x x x
1ebe059b 0 0 xx xx xx xxxxxxxx x x x x x x x x x x x x x x x x x x x x
cf0b3a83 0 0 xx xx xx xxxxxxxx x x x x x x x x x x x x x x x x x x x x
56abb553 0 0 xx xx xx xxxxxxxx x x x x x x x x x x x x x x x x x x x x
b16e6bb3 0 0 xx xx xx xxxxxxxx x x x x x x x x x x x x x x x x x x x x
6fdf18af 0 0 xx xx xx xxxxxxxx x x x x x x x x x x x x x x x x x x x x
c5897f73 0 0 xx xx xx xxxxxxxx x x x x x x x x x x x x x x x x x x x x
4c9262c3 0 0 xx xx xx xxxxxxxx x x x x x x x x x x x x x x x x x x x x
8ce1e587 0 0 xx xx xx xxxxxxxx x x x x x x x x x x x x x x x x x x x x
76973833 0 0 xx xx xx xxxxxxxx x x x x x x x x x x x x x x x x x x x x
c5d5b1db 0 0 xx xx xx xxxxxxxx x x x x x x x x x x x x x x x x x x x x
fca68927 0 0 xx xx xx xxxxxxxx x x x x x x x x x x x x x x x x x x x x
6fbda5f3 0 0 xx xx xx xxxxxxxx x x x x x x x x x x x x x x x x x x x x
811a55c3 0 0 xx xx xx xxxxxxxx x x x x x x x x x x x x x x x x x x x x
b263501b 0 0 xx xx xx xxxxxxxx x x x x x x x x x x x x x x x x x x x x
bf72ea9f 0 0 xx xx xx xxxxxxxx x x x x x x x x x x x x x x x x x x x x
e8c99073 0 0 xx xx xx xxxxxxxx x x x x x x x x x x x x x x x x x x x x
a9cb9407 0 0 xx xx xx xxxxxxxx x x x x x x x x x x x x x x x x x x x x
8832ba83 0 0 xx xx xx xxxxxxxx x x x x x x x x x x x x x x x x x x x x
ed83438b 0 0 xx xx xx xxxxxxxx x x x x x x x x x x x x x x x x x x x x
9336bfbb 0 0 xx xx xx xxxxxxxx x x x x x x x x x x x x x x x x x x x x
b36bb063 0 0 xx xx xx xxxxxxxx x x x x x x x x x x x x x x x x x x x x
15096f2f 0 0 xx xx xx xxxxxxxx x x x x x x x x x x x x x x x x x x x x
6e35714b 0 0 xx xx xx xxxxxxxx x x x x x x x x x x x x x x x x x x x x
642ad1ff 0 0 xx xx xx xxxxxxxx x x x x x x x x x x x x x x x x x x x x
02a54853 0 0 xx xx xx xxxxxxxx x x x x x x x x x x x x x x x x x x x x
d6fb9673 0 0 xx xx xx xxxxxxxx x x x x x x x x x x x x x x x x x x x x
d2da5423 0 0 xx xx xx xxxxxxxx x x x x x x x x x x x x x x x x x x x x
e468e77b 0 0 xx xx xx xxxxxxxx x x x x x x x x x x x x x x x x x x x x
8566f2d7 0 0 xx xx xx xxxxxxxx x x x x x x x x x x x x x x x x x x x x
bb29d2f3 0 0 xx xx xx xxxxxxxx x x x x x x x x x x x x x x x x x x x x
316d5e53 0 0 xx xx xx xxxxxxxx x x x x x x x x x x x x x x x x x x x x
ec7b43a3 0 0 xx xx xx xxxxxxxx x x x x x x x x x x x x x x x x x x x x
80094db3 0 0 xx xx xx xxxxxxxx x x x x x x x x x x x x x x x x x x x x
e8efd4cf 0 0 xx xx xx xxxxxxxx x x x x x x x x x x x x x x x x x x x x
49483053 0 0 xx xx xx xxxxxxxx x x x x x x x x x x x x x x x x x x x x
8f2df1ff 0 0 xx xx xx xxxxxxxx x x x x x x x x x x x x x x x x x x x x
368971a3 0 0 xx xx xx xxxxxxxx x x x x x x x x x x x x x x x x x x x x
49f54f33 0 0 xx xx xx xxxxxxxx x x x x x x x x x x x x x x x x x x x x
6526353b 0 0 xx xx xx xxxxxxxx x x x x x x x x x x x x x x x x x x x x
6f02585b 0 0 xx xx xx xxxxxxxx x x x x x x x x x x x x x x x x x x x x
50928233 0 0 xx xx xx xxxxxxxx x x x x x x x x x x x x x x x x x x x x
e5b4c2f3 0 0 xx xx xx xxxxxxxx x x x x x x x x x x x x x x x x x x x x
138cd0a3 0 0 xx xx xx xxxxxxxx x x x x x x x x x x x x x x x x x x x x
035f9e93 0 0 xx xx xx xxxxxxxx x x x x x x x x x x x x x x x x x x x x
d1296b33 0 0 xx xx xx xxxxxxxx x x x x x x x x x x x x x x x x x x x x
be1558b3 0 0 xx xx xx xxxxxxxx x x x x x x x x x x x x x x x x x x x x
36b0b34b 0 0 xx xx xx xxxxxxxx x x x x x x x x x x x x x x x x x x x x
bf964e4b 0 0 xx xx xx xxxxxxxx x x x x x x x x x x x x x x x x x x x x
78e26933 0 0 xx xx xx xxxxxxxx x x x x x x x x x x x x x x x x x x x x
38929cab 0 0 xx xx xx xxxxxxxx x x x x x x x x x x x x x x x x x x x x
89143ee3 0 0 xx xx xx xxxxxxxx x x x x x x x x x x x x x x x x x x x x
c475693b 0 0 xx xx xx xxxxxxxx x x x x x x x x x x x x x x x x x x x x
100b84b3 0 0 xx xx xx xxxxxxxx x x x x x x x x x x x x x x x x x x x x
033a5013 0 0 xx xx xx xxxxxxxx x x x x x x x x x x x x x x x x x x x x
62e2f9bb 0 0 xx xx xx xxxxxxxx x x x x x x x x x x x x x x x x x x x x
a1078fb3 0 0 xx xx xx xxxxxxxx x x x x x x x x x x x x x x x x x x x x
2100dc1b 0 0 xx xx xx xxxxxxxx x x x x x x x x x x x x x x x x x x x x
408ce773 0 0 xx xx xx xxxxxxxx x x x x x x x x x x x x x x x x x x x x
fd0311f7 0 0 xx xx xx xxxxxxxx x x x x x x x x x x x x x x x x x x x x
c75441c7 0 0 xx xx xx xxxxxxxx x x x x x x x x x x x x x x x x x x x x
80e30ac3 0 0 xx xx xx xxxxxxxx x x x x x x x x x x x x x x x x x x x x
6bde9df3 0 0 xx xx xx xxxxxxxx x x x x x x x x x x x x x x x x x x x x
8465d8a3 0 0 xx xx xx xxxxxxxx x x x x x x x x x x x x x x x x x x x x
c6dcec6b 0 0 xx xx xx xxxxxxxx x x x x x x x x x x x x x x x x x x x x
31c2c747 0 0 xx xx xx xxxxxxxx x x x x x x x x x x x x x x x x x x x x
0d1eecfb 0 0 xx xx xx xxxxxxxx x x x x x x x x x x x x x x x x x x x x
4da1a34b 0 0 xx xx xx xxxxxxxx x x x x x x x x x x x x x x x x x x x x
36927baf 0 0 xx xx xx xxxxxxxx x x x x x x x x x x x x x x x x x x x x
5ed33773 0 0 xx xx xx xxxxxxxx x x x x x x x x x x x x x x x x x x x x
64c5dc47 0 0 xx xx xx xxxxxxxx x x x x x x x x x x x x x x x x x x x x
4255492b 0 0 xx xx xx xxxxxxxx x x x x x x x x x x x x x x x x x x x x
800e3d03 0 0 xx xx xx xxxxxxxx x x x x x x x x x x x x x x x x x x x x
76c2e9d7 0 0 xx xx xx xxxxxxxx x x x x x x x x x x x x x x x x x x x x
81955413 0 0 xx xx xx xxxxxxxx x x x x x x x x x x x x x x x x x x x x
c6dea1f7 0 0 xx xx xx xxxxxxxx x x x x x x x x x x x x x x x x x x x x
26603b8b 0 0 xx xx xx xxxxxxxx x x x x x x x x x x x x x x x x x x x x
058c8ab3 0 0 xx xx xx xxxxxxxx x x x x x x x x x x x x x x x x x x x x
630579cb 0 0 xx xx xx xxxxxxxx x x x x x x x x x x x x x x x x x x x x
d82a3f63 0 0 xx xx xx xxxxxxxx x x x x x x x x x x x x x x x x x x x x
bb7618b3 0 0 xx xx xx xxxxxxxx x x x x x x x x x x x x x x x x x x x x
185087bf 0 0 xx xx xx xxxxxxxx x x x x x x x x x x x x x x x x x x x x
d247f0ff 0 0 xx xx xx xxxxxxxx x x x x x x x x x x x x x x x x x x x x
696d7673 0 0 xx xx xx xxxxxxxx x x x x x x x x x x x x x x x x x x x x
4c0ae2bf 0 0 xx xx xx xxxxxxxx x x x x x x x x x x x x x x x x x x x x
8236b783 0 0 xx xx xx xxxxxxxx x x x x x x x x x x x x x x x x x x x x
6ad8a40f 0 0 xx xx xx xxxxxxxx x x x x x x x x x x x x x x x x x x x x
00000073 0 0 xx xx xx xxxxxxxx x x x x x x x x x x x x x x x x x x x x
df52081f 0 0 xx xx xx xxxxxxxx x x x x x x x x x x x x x x x x x x x x
b37f56f3 0 0 xx xx xx xxxxxxxx x x x x x x x x x x x x x x x x x x x x
e0884ca3 0 0 xx xx xx xxxxxxxx x x x x x x x x x x x x x x x x x x x x
41b10707 0 0 xx xx xx xxxxxxxx x x x x x x x x x x x x x x x x x x x x
ffcd38e3 0 0 xx xx xx xxxxxxxx x x x x x x x x x x x x x x x x x x x x
3506af07 0 0 xx xx xx xxxxxxxx x x x x x x x x x x x x x x x x x x x x
e1a64c73 0 0 xx xx xx xxxxxxxx x x x x x x x x x x x x x x x x x x x x
dc064c07 0 0 xx xx xx xxxxxxxx x x x x x x x x x x x x x x x x x x x x
de8181ff 0 0 xx xx xx xxxxxxxx x x x x x x x x x x x x x x x x x x x x
fe0fe5b3 0 0 xx xx xx xxxxxxxx x x x x x x x x x x x x x x x x x x x x
e709532f 0 0 xx xx xx xxxxxxxx x x x x x x x x x x x x x x x x x x x x
f049487b 0 0 xx xx xx xxxxxxxx x x x x x x x x x x x x x x x x x x x x
35cda84b 0 0 xx xx xx xxxxxxxx x x x x x x x x x x x x x x x x x x x x
c4db68d7 0 0 xx xx xx xxxxxxxx x x x x x x x x x x x x x x x x x x x x
2042a7db 0 0 xx xx xx xxxxxxxx x x x x x x x x x x x x x x x x x x x x
437ad693 0 0 xx xx xx xxxxxxxx x x x x x x x x x x x x x x x x x x x x
214e5fb3 0 0 xx xx xx xxxxxxxx x x x x x x x x x x x x x x x x x x x x
eb434a1b 0 0 xx xx xx xxxxxxxx x x x x x x x x x x x x x x x x x x x x
badf0fcb 0 0 xx xx xx xxxxxxxx x x x x x x x x x x x x x x x x x x x x
7f1c359f 0 0 xx xx xx xxxxxxxx x x x x x x x x x x x x x x x x x x x x
53aa7af3 0 0 xx xx xx xxxxxxxx x x x x x x x x x x x x x x x x x x x x
21fa9093 0 0 xx xx xx xxxxxxxx x x x x x x x x x x x x x x x x x x x x
3dd6139b 0 0 xx xx xx xxxxxxxx x x x x x x x x x x x x x x x x x x x x
ddd779cb 0 0 xx xx xx xxxxxxxx x x x x x x x x x x x x x x x x x x x x
9a2f5633 0 0 xx xx xx xxxxxxxx x x x x x x x x x x x x x x x x x x x x
31585573 0 0 xx xx xx xxxxxxxx x x x x x x x x x x x x x x x x x x x x
0fd31f1b 0 0 xx xx xx xxxxxxxx x x x x x x x x x x x x x x x x x x x x
b819e3a3 0 0 xx xx xx xxxxxxxx x x x x x x x x x x x x x x x x x x x x
7524377b 0 0 xx xx xx xxxxxxxx x x x x x x x x x x x x x x x x x x x x
05ddafb3 0 0 xx xx xx xxxxxxxx x x x x x x x x x x x x x x x x x x x x
4722b2b3 0 0 xx xx xx xxxxxxxx x x x x x x x x x x x x x x x x x x x x
14f91433 0 0 xx xx xx xxxxxxxx x x x x x x x x x x x x x x x x x x x x
ab406147 0 0 xx xx xx xxxxxxxx x x x x x x x x x x x x x x x x x x x x
399b0653 0 0 xx xx xx xxxxxxxx x x x x x x x x x x x x x x x x x x x x
db4dcb27 0 0 xx xx xx xxxxxxxx x x x x x x x x x x x x x x x x x x x x
fa4da8e3 0 0 xx xx xx xxxxxxxx x x x x x x x x x x x x x x x x x x x x
7eee3623 0 0 xx xx xx xxxxxxxx x x x x x x x x x x x x x x x x x x x x
00146c73 0 0 xx xx xx xxxxxxxx x x x x x x x x x x x x x x x x x x x x
18e7534b 0 0 xx xx xx xxxxxxxx x x x x x x x x x x x x x x x x x x x x
67b0fb83 0 0 xx xx xx xxxxxxxx x x x x x x x x x x x x x x x x x x x x
b116a73f 0 0 xx xx xx xxxxxxxx x x x x x x x x x x x x x x x x x x x x
970f5b33 0 0 xx xx xx xxxxxxxx x x x x x x x x x x x x x x x x x x x x
4a1cf027 0 0 xx xx xx xxxxxxxx x x x x x x x x x x x x x x x x x x x x
d7a4e78b 0 0 xx xx xx xxxxxxxx x x x x x x x x x x x x x x x x x x x x
3565a473 0 0 xx xx xx xxxxxxxx x x x x x x x x x x x x x x x x x x x x
f3e8c723 0 0 xx xx xx xxxxxxxx x x x x x x x x x x x x x x x x x x x x
8022f89b 0 0 xx xx xx xxxxxxxx x x x x x x x x x x x x x x x x x x x x
794dfaa7 0 0 xx xx xx xxxxxxxx x x x x x x x x x x x x x x x x x x x x
cee56da3 0 0 xx xx xx xxxxxxxx x x x x x x x x x x x x x x x x x x x x
900e8e2f 0 0 xx xx xx xxxxxxxx x x x x x x x x x x x x x x x x x x x x
954f1cff 0 0 xx xx xx xxxxxxxx x x x x x x x x x x x x x x x x x x x x
ccda1b8b 0 0 xx xx xx xxxxxxxx x x x x x x x x x x x x x x x x x x x x
4df02ae3 0 0 xx xx xx xxxxxxxx x x x x x x x x x x x x x x x x x x x x
cc11f183 0 0 xx xx xx xxxxxxxx x x x x x x x x x x x x x x x x x x x x
140da03b 0 0 xx xx xx xxxxxxxx x x x x x x x x x x x x x x x x x x x x
a5ce527f 0 0 xx xx xx xxxxxxxx x x x x x x x x x x x x x x x x x x x x
e40b80b3 0 0 xx xx xx xxxxxxxx x x x x x x x x x x x x x x x x x x x x
80a22033 0 0 xx xx xx xxxxxxxx x x x x x x x x x x x x x x x x x x x x
f237de87 0 0 xx xx xx xxxxxxxx x x x x x x x x x x x x x x x x x x x x
66d13ff3 0 0 xx xx xx xxxxxxxx x x x x x x x x x x x x x x x x x x x x
910abcb3 0 0 xx xx xx xxxxxxxx x x x x x x x x x x x x x x x x x x x x
7100e00f 0 0 xx xx xx xxxxxxxx x x x x x x x x x x x x x x x x x x x x
3aa44c2f 0 0 xx xx xx xxxxxxxx x x x x x x x x x x x x x x x x x x x x
77cc9a8f 0 0 xx xx xx xxxxxxxx x x x x x x x x x x x x x x x x x x x x
c4cd506b 0 0 xx xx xx xxxxxxxx x x x x x x x x x x x x x x x x x x x x
ffa81e93 0 0 xx xx xx xxxxxxxx x x x x x x x x x x x x x x x x x x x x
42e72d33 0 0 xx xx xx xxxxxxxx x x x x x x x x x x x x x x x x x x x x
3e597e4f 0 0 xx xx xx xxxxxxxx x x x x x x x x x x x x x x x x x x x x
25a14e8f 0 0 xx xx xx xxxxxxxx x x x x x x x x x x x x x x x x x x x x
fb5536ab 0 0 xx xx xx xxxxxxxx x x x x x x x x x x x x x x x x x x x x
c8727b33 0 0 xx xx xx xxxxxxxx x x x x x x x x x x x x x x x x x x x x
69f12033 0 0 xx xx xx xxxxxxxx x x x x x x x x x x x x x x x x x x x x
a314a263 0 0 xx xx xx xxxxxxxx x x x x x x x x x x x x x x x x x x x x
17da27f3 0 0 xx xx xx xxxxxxxx x x x x x x x x x x x x x x x x x x x x
8f84922b 0 0 xx xx xx xxxxxxxx x x x x x x x x x x x x x x x x x x x x
fbd9cecf 0 0 xx xx xx xxxxxxxx x x x x x x x x x x x x x x x x x x x x
630af303 0 0 xx xx xx xxxxxxxx x x x x x x x x x x x x x x x x x x x x
4952ae2b 0 0 xx xx xx xxxxxxxx x x x x x x x x x x x x x x x x x x x x
c607c8cf 0 0 xx xx xx xxxxxxxx x x x x x x x x x x x x x x x x x x x x
6522ff3f 0 0 xx xx xx xxxxxxxx x x x x x x x x x x x x x x x x x x x x
e03e558f 0 0 xx xx xx xxxxxxxx x x x x x x x x x x x x x x x x x x x x
47a075a3 0 0 xx xx xx xxxxxxxx x x x x x x x x x x x x x x x x x x x x
d191ccbf 0 0 xx xx xx xxxxxxxx x x x x x x x x x x x x x x x x x x x x
9a2d618f 0 0 xx xx xx xxxxxxxx x x x x x x x x x x x x x x x x x x x x
a0d5414b 0 0 xx xx xx xxxxxxxx x x x x x x x x x x x x x x x x x x x x
27182faf 0 0 xx xx xx xxxxxxxx x x x x x x x x x x x x x x x x x x x x
c1835893 0 0 xx xx xx xxxxxxxx x x x x x x x x x x x x x x x x x x x x
21d459eb 0 0 xx xx xx xxxxxxxx x x x x x x x x x x x x x x x x x x x x
47c4fb73 0 0 xx xx xx xxxxxxxx x x x x x x x x x x x x x x x x x x x x
9046b433 0 0 xx xx xx xxxxxxxx x x x x x x x x x x x x x x x x x x x x
d7447833 0 0 xx xx xx xxxxxxxx x x x x x x x x x x x x x x x x x x x x
27dbcdd3 0 0 xx xx xx xxxxxxxx x x x x x x x x x x x x x x x x x x x x
48d8373b 0 0 xx xx xx xxxxxxxx x x x x x x x x x x x x x x x x x x x x
ac591413 0 0 xx xx xx xxxxxxxx x x x x x x x x x x x x x x x x x x x x
f94095f3 0 0 xx xx xx xxxxxxxx x x x x x x x x x x x x x x x x x x x x
e7d1fa33 0 0 xx xx xx xxxxxxxx x x x x x x x x x x x x x x x x x x x x
e8ac1857 0 0 xx xx xx xxxxxxxx x x x x x x x x x x x x x x x x x x x x
c55d6a5b 0 0 xx xx xx xxxxxxxx x x x x x x x x x x x x x x x x x x x x
34d1d8f3 0 0 xx xx xx xxxxxxxx x x x x x x x x x x x x x x x x x x x x
e335e50b 0 0 xx xx xx xxxxxxxx x x x x x x x x x x x x x x x x x x x x
f92cda07 0 0 xx xx xx xxxxxxxx x x x x x x x x x x x x x x x x x x x x
3cb4e1c7 0 0 xx xx xx xxxxxxxx x x x x x x x x x x x x x x x x x x x x
f49f9bdb 0 0 xx xx xx xxxxxxxx x x x x x x x x x x x x x x x x x x x x
df8c7933 0 0 xx xx xx xxxxxxxx x x x x x x x x x x x x x x x x x x x x
6c1d5053 0 0 xx xx xx xxxxxxxx x x x x x x x x x x x x x x x x x x x x
4689e2a3 0 0 xx xx xx xxxxxxxx x x x x x x x x x x x x x x x x x x x x
d81626ff 0 0 xx xx xx xxxxxxxx x x x x x x x x x x x x x x x x x x x x
ee3d9ef7 0 0 xx xx xx xxxxxxxx x x x x x x x x x x x x x x x x x x x x
e3234d0b 0 0 xx xx xx xxxxxxxx x x x x x x x x x x x x x x x x x x x x
b62a1f0b 0 0 xx xx xx xxxxxxxx x x x x x x x x x x x x x x x x x x x x
f48760b3 0 0 xx xx xx xxxxxxxx x x x x x x x x x x x x x x x x x x x x
c845e483 0 0 xx xx xx xxxxxxxx x x x x x x x x x x x x x x x x x x x x
129e1d57 0 0 xx xx xx xxxxxxxx x x x x x x x x x x x x x x x x x x x x
61e29147 0 0 xx xx xx xxxxxxxx x x x x x x x x x x x x x x x x x x x x
72b1b6b3 0 0 xx xx xx xxxxxxxx x x x x x x x x x x x x x x x x x x x x
b955e9a3 0 0 xx xx xx xxxxxxxx x x x x x x x x x x x x x x x x x x x x
318bb043 0 0 xx xx xx xxxxxxxx x x x x x x x x x x x x x x x x x x x x
34e078f3 0 0 xx xx xx xxxxxxxx x x x x x x x x x x x x x x x x x x x x
ecd5c12b 0 0 xx xx xx xxxxxxxx x x x x x x x x x x x x x x x x x x x x
fea1737b 0 0 xx xx xx xxxxxxxx x x x x x x x x x x x x x x x x x x x x
35c9bab3 0 0 xx xx xx xxxxxxxx x x x x x x x x x x x x x x x x x x x x
e3cd5a1b 0 0 xx xx xx xxxxxxxx x x x x x x x x x x x x x x x x x x x x
79fb2443 0 0 xx xx xx xxxxxxxx x x x x x x x x x x x x x x x x x x x x
a6302b77 0 0 xx xx xx xxxxxxxx x x x x x x x x x x x x x x x x x x x x
633abce3 0 0 xx xx xx xxxxxxxx x x x x x x x x x x x x x x x x x x x x
b769ecbb 0 0 xx xx xx xxxxxxxx x x x x x x x x x x x x x x x x x x x x
0522d8f3 0 0 xx xx xx xxxxxxxx x x x x x x x x x x x x x x x x x x x x
65d85ea3 0 0 xx xx xx xxxxxxxx x x x x x x x x x x x x x x x x x x x x
6e19940f 0 0 xx xx xx xxxxxxxx x x x x x x x x x x x x x x x x x x x x
2164e933 0 0 xx xx xx xxxxxxxx x x x x x x x x x x x x x x x x x x x x
d65b0c7f 0 0 xx xx xx xxxxxxxx x x x x x x x x x x x x x x x x x x x x
ecfeade3 0 0 xx xx xx xxxxxxxx x x x x x x x x x x x x x x x x x x x x
be9fbe4f 0 0 xx xx xx xxxxxxxx x x x x x x x x x x x x x x x x x x x x
c1ea5eaf 0 0 xx xx xx xxxxxxxx x x x x x x x x x x x x x x x x x x x x
b9c1e183 0 0 xx xx xx xxxxxxxx x x x x x x x x x x x x x x x x x x x x
aa4abc43 0 0 xx xx xx xxxxxxxx x x x x x x x x x x x x x x x x x x x x
b0cf75b3 0 0 xx xx xx xxxxxxxx x x x x x x x x x x x x x x x x x x x x
f52f0dbf 0 0 xx xx xx xxxxxxxx x x x x x x x x x x x x x x x x x x x x
2a374b23 0 0 xx xx xx xxxxxxxx x x x x x x x x x x x x x x x x x x x x
e86f5cf7 0 0 xx xx xx xxxxxxxx x x x x x x x x x x x x x x x x x x x x
8779ec33 0 0 xx xx xx xxxxxxxx x x x x x x x x x x x x x x x x x x x x
42a04733 0 0 xx xx xx xxxxxxxx x x x x x x x x x x x x x x x x x x x x
b06aa43b 0 0 xx xx xx xxxxxxxx x x x x x x x x x x x x x x x x x x x x
f1e31993 0 0 xx xx xx xxxxxxxx x x x x x x x x x x x x x x x x x x x x
74a16fd7 0 0 xx xx xx xxxxxxxx x x x x x x x x x x x x x x x x x x x x
e228e1bb 0 0 xx xx xx xxxxxxxx x x x x x x x x x x x x x x x x x x x x
27274f3f 0 0 xx xx xx xxxxxxxx x x x x x x x x x x x x x x x x x x x x
a3dee85b 0 0 xx xx xx xxxxxxxx x x x x x x x x x x x x x x x x x x x x
5ca0fa33 0 0 xx xx xx xxxxxxxx x x x x x x x x x x x x x x x x x x x x
82b51d53 0 0 xx xx xx xxxxxxxx x x x x x x x x x x x x x x x x x x x x
ff702833 0 0 xx xx xx xxxxxxxx x x x x x x x x x x x x x x x x x x x x
0be11253 0 0 xx xx xx xxxxxxxx x x x x x x x x x x x x x x x x x x x x
1e843da7 0 0 xx xx xx xxxxxxxx x x x x x x x x x x x x x x x x x x x x
8b0ecb23 0 0 xx xx xx xxxxxxxx x x x x x x x x x x x x x x x x x x x x
8d68d413 0 0 xx xx xx xxxxxxxx x x x x x x x x x x x x x x x x x x x x
499bd6a3 0 0 xx xx xx xxxxxxxx x x x x x x x x x x x x x x x x x x x x
24f4523f 0 0 xx xx xx xxxxxxxx x x x x x x x x x x x x x x x x x x x x
3692fc0f 0 0 xx xx xx xxxxxxxx x x x x x x x x x x x x x x x x x x x x
698e49af 0 0 xx xx xx xxxxxxxx x x x x x x x x x x x x x x x x x x x x
0f866573 0 0 xx xx xx xxxxxxxx x x x x x x x x x x x x x x x x x x x x
dfe0ca47 0 0 xx xx xx xxxxxxxx x x x x x x x x x x x x x x x x x x x x
003fe023 0 0 xx xx xx xxxxxxxx x x x x x x x x x x x x x x x x x x x x
2440930b 0 0 xx xx xx xxxxxxxx x x x x x x x x x x x x x x x x x x x x
10a8b833 0 0 xx xx xx xxxxxxxx x x x x x x x x x x x x x x x x x x x x
ebb43fa3 0 0 xx xx xx xxxxxxxx x x x x x x x x x x x x x x x x x x x x
327ca42f 0 0 xx xx xx xxxxxxxx x x x x x x x x x x x x x x x x x x x x
297cd173 0 0 xx xx xx xxxxxxxx x x x x x x x x x x x x x x x x x x x x
c49347cb 0 0 xx xx xx xxxxxxxx x x x x x x x x x x x x x x x x x x x x
f3dacf1b 0 0 xx xx xx xxxxxxxx x x x x x x x x x x x x x x x x x x x x
041f09f3 0 0 xx xx xx xxxxxxxx x x x x x x x x x x x x x x x x x x x x
39059733 0 0 xx xx xx xxxxxxxx x x x x x x x x x x x x x x x x x x x x
77ee452b 0 0 xx xx xx xxxxxxxx x x x x x x x x x x x x x x x x x x x x
32403ae3 0 0 xx xx xx xxxxxxxx x x x x x x x x x x x x x x x x x x x x
d22001f3 0 0 xx xx xx xxxxxxxx x x x x x x x x x x x x x x x x x x x x
f422332f 0 0 xx xx xx xxxxxxxx x x x x x x x x x x x x x x x x x x x x
01b4003b 0 0 xx xx xx xxxxxxxx x x x x x x x x x x x x x x x x x x x x
213285f3 0 0 xx xx xx xxxxxxxx x x x x x x x x x x x x x x x x x x x x
491cb873 0 0 xx xx xx xxxxxxxx x x x x x x x x x x x x x x x x x x x x
d60f9c53 0 0 xx xx xx xxxxxxxx x x x x x x x x x x x x x x x x x x x x
cc84df23 0 0 xx xx xx xxxxxxxx x x x x x x x x x x x x x x x x x x x x
dc8e76c7 0 0 xx xx xx xxxxxxxx x x x x x x x x x x x x x x x x x x x x
1854e0c3 0 0 xx xx xx xxxxxxxx x x x x x x x x x x x x x x x x x x x x
83b1f24b 0 0 xx xx xx xxxxxxxx x x x x x x x x x x x x x x x x x x x x
e4994fbf 0 0 xx xx xx xxxxxxxx x x x x x x x x x x x x x x x x x x x x
2c11c8a7 0 0 xx xx xx xxxxxxxx x x x x x x x x x x x x x x x x x x x x
2dd3b883 0 0 xx xx xx xxxxxxxx x x x x x x x x x x x x x x x x x x x x
b6d1bcdb 0 0 xx xx xx xxxxxxxx x x x x x x x x x x x x x x x x x x x x
3081d1df 0 0 xx xx xx xxxxxxxx x x x x x x x x x x x x x x x x x x x x
dd2d99b3 0 0 xx xx xx xxxxxxxx x x x x x x x x x x x x x x x x x x x x
0ec42d63 0 0 xx xx xx xxxxxxxx x x x x x x x x x x x x x x x x x x x x
88a5f273 0 0 xx xx xx xxxxxxxx x x x x x x x x x x x x x x x x x x x x
ef7584cf 0 0 xx xx xx xxxxxxxx x x x x x x x x x x x x x x x x x x x x
0e9d39af 0 0 xx xx xx xxxxxxxx x x x x x x x x x x x x x x x x x x x x
5714745b 0 0 xx xx xx xxxxxxxx x x x x x x x x x x x x x x x x x x x x
17949773 0 0 xx xx xx xxxxxxxx x x x x x x x x x x x x x x x x x x x x
a90a3d3f 0 0 xx xx xx xxxxxxxx x x x x x x x x x x x x x x x x x x x x
049f5723 0 0 xx xx xx xxxxxxxx x x x x x x x x x x x x x x x x x x x x
82900c5b 0 0 xx xx xx xxxxxxxx x x x x x x x x x x x x x x x x x x x x
39c784bb 0 0 xx xx xx xxxxxxxx x x x x x x x x x x x x x x x x x x x x
b3f0a8f3 0 0 xx xx xx xxxxxxxx x x x x x x x x x x x x x x x x x x x x
184cb043 0 0 xx xx xx xxxxxxxx x x x x x x x x x x x x x x x x x x x x
ce2645db 0 0 xx xx xx xxxxxxxx x x x x x x x x x x x x x x x x x x x x
54884357 0 0 xx xx xx xxxxxxxx x x x x x x x x x x x x x x x x x x x x
818339db 0 0 xx xx xx xxxxxxxx x x x x x x x x x x x x x x x x x x x x
e97477fb 0 0 xx xx xx xxxxxxxx x x x x x x x x x x x x x x x x x x x x
96a9e233 0 0 xx xx xx xxxxxxxx x x x x x x x x x x x x x x x x x x x x
506a410b 0 0 xx xx xx xxxxxxxx x x x x x x x x x x x x x x x x x x x x
df45e26b 0 0 xx xx xx xxxxxxxx x x x x x x x x x x x x x x x x x x x x
70fedb0f 0 0 xx xx xx xxxxxxxx x x x x x x x x x x x x x x x x x x x x
76ccb9f3 0 0 xx xx xx xxxxxxxx x x x x x x x x x x x x x x x x x x x x
a0445ebb 0 0 xx xx xx xxxxxxxx x x x x x x x x x x x x x x x x x x x x
6b8d61d3 0 0 xx xx xx xxxxxxxx x x x x x x x x x x x x x x x x x x x x
1266b9ab 0 0 xx xx xx xxxxxxxx x x x x x x x x x x x x x x x x x x x x
d2be71cb 0 0 xx xx xx xxxxxxxx x x x x x x x x x x x x x x x x x x x x
a0e68673 0 0 xx xx xx xxxxxxxx x x x x x x x x x x x x x x x x x x x x
7e989db3 0 0 xx xx xx xxxxxxxx x x x x x x x x x x x x x x x x x x x x
03f89b33 0 0 xx xx xx xxxxxxxx x x x x x x x x x x x x x x x x x x x x
4bad9273 0 0 xx xx xx xxxxxxxx x x x x x x x x x x x x x x x x x x x x
4330d6eb 0 0 xx xx xx xxxxxxxx x x x x x x x x x x x x x x x x x x x x
46920f7b 0 0 xx xx xx xxxxxxxx x x x x x x x x x x x x x x x x x x x x
7dda402b 0 0 xx xx xx xxxxxxxx x x x x x x x x x x x x x x x x x x x x
d06b8ac3 0 0 xx xx xx xxxxxxxx x x x x x x x x x x x x x x x x x x x x
8e426c03 0 0 xx xx xx xxxxxxxx x x x x x x x x x x x x x x x x x x x x
429be2c7 0 0 xx xx xx xxxxxxxx x x x x x x x x x x x x x x x x x x x x
87a76623 0 0 xx xx xx xxxxxxxx x x x x x x x x x x x x x x x x x x x x
71668047 0 0 xx xx xx xxxxxxxx x x x x x x x x x x x x x x x x x x x x
e612e627 0 0 xx xx xx xxxxxxxx x x x x x x x x x x x x x x x x x x x x
5cb31c33 0 0 xx xx xx xxxxxxxx x x x x x x x x x x x x x x x x x x x x
1739e783 0 0 xx xx xx xxxxxxxx x x x x x x x x x x x x x x x x x x x x
c7e39113 0 0 xx xx xx xxxxxxxx x x x x x x x x x x x x x x x x x x x x
7c4b7333 0 0 xx xx xx xxxxxxxx x x x x x x x x x x x x x x x x x x x x
c746670f 0 0 xx xx xx xxxxxxxx x x x x x x x x x x x x x x x x x x x x
cce9f3f3 0 0 xx xx xx xxxxxxxx x x x x x x x x x x x x x x x x x x x x
90a10edb 0 0 xx xx xx xxxxxxxx x x x x x x x x x x x x x x x x x x x x
ed0693b3 0 0 xx xx xx xxxxxxxx x x x x x x x x x x x x x x x x x x x x
06f04d8f 0 0 xx xx xx xxxxxxxx x x x x x x x x x x x x x x x x x x x x
886d6d73 0 0 xx xx xx xxxxxxxx x x x x x x x x x x x x x x x x x x x x
70a0baa3 0 0 xx xx xx xxxxxxxx x x x x x x x x x x x x x x x x x x x x
f85af903 0 0 xx xx xx xxxxxxxx x x x x x x x x x x x x x x x x x x x x
0a203883 0 0 xx xx xx xxxxxxxx x x x x x x x x x x x x x x x x x x x x
79d0a0f3 0 0 xx xx xx xxxxxxxx x x x x x x x x x x x x x x x x x x x x
698bcba3 0 0 xx xx xx xxxxxxxx x x x x x x x x x x x x x x x x x x x x
cbd16c6b 0 0 xx xx xx xxxxxxxx x x x x x x x x x x x x x x x x x x x x
20c7493b 0 0 xx xx xx xxxxxxxx x x x x x x x x x x x x x x x x x x x x
d6112d1f 0 0 xx xx xx xxxxxxxx x x x x x x x x x x x x x x x x x x x x
f7c8b77f 0 0 xx xx xx xxxxxxxx x x x x x x x x x x x x x x x x x x x x
ee1b75df 0 0 xx xx xx xxxxxxxx x x x x x x x x x x x x x x x x x x x x
771602c7 0 0 xx xx xx xxxxxxxx x x x x x x x x x x x x x x x x x x x x
dc2c89cf 0 0 xx xx xx xxxxxxxx x x x x x x x x x x x x x x x x x x x x
85641a3b 0 0 xx xx xx xxxxxxxx x x x x x x x x x x x x x x x x x x x x
43aacb77 0 0 xx xx xx xxxxxxxx x x x x x x x x x x x x x x x x x x x x
64506abb 0 0 xx xx xx xxxxxxxx x x x x x x x x x x x x x x x x x x x x
6a9c733b 0 0 xx xx xx xxxxxxxx x x x x x x x x x x x x x x x x x x x x
fd26762f 0 0 xx xx xx xxxxxxxx x x x x x x x x x x x x x x x x x x x x
00d81cf3 0 0 xx xx xx xxxxxxxx x x x x x x x x x x x x x x x x x x x x
03bfdeb3 0 0 xx xx xx xxxxxxxx x x x x x x x x x x x x x x x x x x x x
7a68b24f 0 0 xx xx xx xxxxxxxx x x x x x x x x x x x x x x x x x x x x
45f4198b 0 0 xx xx xx xxxxxxxx x x x x x x x x x x x x x x x x x x x x
18616cbb 0 0 xx xx xx xxxxxxxx x x x x x x x x x x x x x x x x x x x x
3b85802b 0 0 xx xx xx xxxxxxxx x x x x x x x x x x x x x x x x x x x x
18317fa3 0 0 xx xx xx xxxxxxxx x x x x x x x x x x x x x x x x x x x x
399ae703 0 0 xx xx xx xxxxxxxx x x x x x x x x x x x x x x x x x x x x
f97faa53 0 0 xx xx xx xxxxxxxx x x x x x x x x x x x x x x x x x x x x
4bc0daf3 0 0 xx xx xx xxxxxxxx x x x x x x x x x x x x x x x x x x x x
aa4c84eb 0 0 xx xx xx xxxxxxxx x x x x x x x x x x x x x x x x x x x x
dcecade3 0 0 xx xx xx xxxxxxxx x x x x x x x x x x x x x x x x x x x x
efc7aeb3 0 0 xx xx xx xxxxxxxx x x x x x x x x x x x x x x x x x x x x
97793603 0 0 xx xx xx xxxxxxxx x x x x x x x x x x x x x x x x x x x x
a19f0fa7 0 0 xx xx xx xxxxxxxx x x x x x x x x x x x x x x x x x x x x
9c3fee7b 0 0 xx xx xx xxxxxxxx x x x x x x x x x x x x x x x x x x x x
68a209f3 0 0 xx xx xx xxxxxxxx x x x x x x x x x x x x x x x x x x x x
f85e37bb 0 0 xx xx xx xxxxxxxx x x x x x x x x x x x x x x x x x x x x
5c39b28f 0 0 xx xx xx xxxxxxxx x x x x x x x x x x x x x x x x x x x x
a2781213 0 0 xx xx xx xxxxxxxx x x x x x x x x x x x x x x x x x x x x
3f7f7027 0 0 xx xx xx xxxxxxxx x x x x x x x x x x x x x x x x x x x x
b892178f 0 0 xx xx xx xxxxxxxx x x x x x x x x x x x x x x x x x x x x
4d25fdc3 0 0 xx xx xx xxxxxxxx x x x x x x x x x x x x x x x x x x x x
ce469c73 0 0 xx xx xx xxxxxxxx x x x x x x x x x x x x x x x x x x x x
b20915eb 0 0 xx xx xx xxxxxxxx x x x x x x x x x x x x x x x x x x x x
dc3d7d3b 0 0 xx xx xx xxxxxxxx x x x x x x x x x x x x x x x x x x x x
1ffabb83 0 0 xx xx xx xxxxxxxx x x x x x x x x x x x x x x x x x x x x
5e6e15b3 0 0 xx xx xx xxxxxxxx x x x x x x x x x x x x x x x x x x x x
25f99313 0 0 xx xx xx xxxxxxxx x x x x x x x x x x x x x x x x x x x x
ef128cc3 0 0 xx xx xx xxxxxxxx x x x x x x x x x x x x x x x x x x x x
823765b3 0 0 xx xx xx xxxxxxxx x x x x x x x x x x x x x x x x x x x x
8e1d304f 0 0 xx xx xx xxxxxxxx x x x x x x x x x x x x x x x x x x x x
454f1ff3 0 0 xx xx xx xxxxxxxx x x x x x x x x x x x x x x x x x x x x
fa0c2373 0 0 xx xx xx xxxxxxxx x x x x x x x x x x x x x x x x x x x x
a8933b83 0 0 xx xx xx xxxxxxxx x x x x x x x x x x x x x x x x x x x x
2ef228b3 0 0 xx xx xx xxxxxxxx x x x x x x x x x x x x x x x x x x x x
d0c68b5f 0 0 xx xx xx xxxxxxxx x x x x x x x x x x x x x x x x x x x x
26ceb6ab 0 0 xx xx xx xxxxxxxx x x x x x x x x x x x x x x x x x x x x
d0f6b6f3 0 0 xx xx xx xxxxxxxx x x x x x x x x x x x x x x x x x x x x
cabd7133 0 0 xx xx xx xxxxxxxx x x x x x x x x x x x x x x x x x x x x
45067da3 0 0 xx xx xx xxxxxxxx x x x x x x x x x x x x x x x x x x x x
c8ed1d47 0 0 xx xx xx xxxxxxxx x x x x x x x x x x x x x x x x x x x x
fb060bb3 0 0 xx xx xx xxxxxxxx x x x x x x x x x x x x x x x x x x x x
5bb09993 0 0 xx xx xx xxxxxxxx x x x x x x x x x x x x x x x x x x x x
760f7e87 0 0 xx xx xx xxxxxxxx x x x x x x x x x x x x x x x x x x x x
521863cb 0 0 xx xx xx xxxxxxxx x x x x x x x x x x x x x x x x x x x x
920aab07 0 0 xx xx xx xxxxxxxx x x x x x x x x x x x x x x x x x x x x
79b2372f 0 0 xx xx xx xxxxxxxx x x x x x x x x x x x x x x x x x x x x
f26e595b 0 0 xx xx xx xxxxxxxx x x x x x x x x x x x x x x x x x x x x
cedf86d7 0 0 xx xx xx xxxxxxxx x x x x x x x x x x x x x x x x x x x x
475c0d3b 0 0 xx xx xx xxxxxxxx x x x x x x x x x x x x x x x x x x x x
c0c4667f 0 0 xx xx xx xxxxxxxx x x x x x x x x x x x x x x x x x x x x
867dd48f 0 0 xx xx xx xxxxxxxx x x x x x x x x x x x x x x x x x x x x
895784b3 0 0 xx xx xx xxxxxxxx x x x x x x x x x x x x x x x x x x x x
36542ac3 0 0 xx xx xx xxxxxxxx x x x x x x x x x x x x x x x x x x x x
55966d9b 0 0 xx xx xx xxxxxxxx x x x x x x x x x x x x x x x x x x x x
1dd06c83 0 0 xx xx xx xxxxxxxx x x x x x x x x x x x x x x x x x x x x
f150893b 0 0 xx xx xx xxxxxxxx x x x x x x x x x x x x x x x x x x x x
ce186333 0 0 xx xx xx xxxxxxxx x x x x x x x x x x x x x x x x x x x x
89faace3 0 0 xx xx xx xxxxxxxx x x x x x x x x x x x x x x x x x x x x
240beabf 0 0 xx xx xx xxxxxxxx x x x x x x x x x x x x x x x x x x x x
a0e0fecf 0 0 xx xx xx xxxxxxxx x x x x x x x x x x x x x x x x x x x x
eeb90db3 0 0 xx xx xx xxxxxxxx x x x x x x x x x x x x x x x x x x x x
1e50fba3 0 0 xx xx xx xxxxxxxx x x x x x x x x x x x x x x x x x x x x
f0efe4af 0 0 xx xx xx xxxxxxxx x x x x x x x x x x x x x x x x x x x x
b677d34b 0 0 xx xx xx xxxxxxxx x x x x x x x x x x x x x x x x x x x x
332c8d73 0 0 xx xx xx xxxxxxxx x x x x x x x x x x x x x x x x x x x x
85a6a2d3 0 0 xx xx xx xxxxxxxx x x x x x x x x x x x x x x x x x x x x
e3d6082b 0 0 xx xx xx xxxxxxxx x x x x x x x x x x x x x x x x x x x x
0bbfed33 0 0 xx xx xx xxxxxxxx x x x x x x x x x x x x x x x x x x x x
1a5921db 0 0 xx xx xx xxxxxxxx x x x x x x x x x x x x x x x x x x x x
7c6c184b 0 0 xx xx xx xxxxxxxx x x x x x x x x x x x x x x x x x x x x
f1aa65b3 0 0 xx xx xx xxxxxxxx x x x x x x x x x x x x x x x x x x x x
8e52e48b 0 0 xx xx xx xxxxxxxx x x x x x x x x x x x x x x x x x x x x
fe1357bb 0 0 xx xx xx xxxxxxxx x x x x x x x x x x x x x x x x x x x x
094788f3 0 0 xx xx xx xxxxxxxx x x x x x x x x x x x x x x x x x x x x
676cf2ff 0 0 xx xx xx xxxxxxxx x x x x x x x x x x x x x x x x x x x x
b20ba1eb 0 0 xx xx xx xxxxxxxx x x x x x x x x x x x x x x x x x x x x
5fc24347 0 0 xx xx xx xxxxxxxx x x x x x x x x x x x x x x x x x x x x
d9046d4b 0 0 xx xx xx xxxxxxxx x x x x x x x x x x x x x x x x x x x x
4cf5cc4b 0 0 xx xx xx xxxxxxxx x x x x x x x x x x x x x x x x x x x x
e89b1abf 0 0 xx xx xx xxxxxxxx x x x x x x x x x x x x x x x x x x x x
d251841f 0 0 xx xx xx xxxxxxxx x x x x x x x x x x x x x x x x x x x x
476f705b 0 0 xx xx xx xxxxxxxx x x x x x x x x x x x x x x x x x x x x
de47d823 0 0 xx xx xx xxxxxxxx x x x x x x x x x x x x x x x x x x x x
4c7dc04f 0 0 xx xx xx xxxxxxxx x x x x x x x x x x x x x x x x x x x x
38449cff 0 0 xx xx xx xxxxxxxx x x x x x x x x x x x x x x x x x x x x
8514e3c3 0 0 xx xx xx xxxxxxxx x x x x x x x x x x x x x x x x x x x x
69871ff3 0 0 xx xx xx xxxxxxxx x x x x x x x x x x x x x x x x x x x x
8f3560ab 0 0 xx xx xx xxxxxxxx x x x x x x x x x x x x x x x x x x x x
2f768f7f 0 0 xx xx xx xxxxxxxx x x x x x x x x x x x x x x x x x x x x
debbeb83 0 0 xx xx xx xxxxxxxx x x x x x x x x x x x x x x x x x x x x
02f03f33 0 0 xx xx xx xxxxxxxx x x x x x x x x x x x x x x x x x x x x
242255f7 0 0 xx xx xx xxxxxxxx x x x x x x x x x x x x x x x x x x x x
816f9713 0 0 xx xx xx xxxxxxxx x x x x x x x x x x x x x x x x x x x x
e8e98ebf 0 0 xx xx xx xxxxxxxx x x x x x x x x x x x x x x x x x x x x
17f223cf 0 0 xx xx xx xxxxxxxx x x x x x x x x x x x x x x x x x x x x
3919116b 0 0 xx xx xx xxxxxxxx x x x x x x x x x x x x x x x x x x x x
a27f2dfb 0 0 xx xx xx xxxxxxxx x x x x x x x x x x x x x x x x x x x x
343e4cdf 0 0 xx xx xx xxxxxxxx x x x x x x x x x x x x x x x x x x x x
71e1e3a7 0 0 xx xx xx xxxxxxxx x x x x x x x x x x x x x x x x x x x x
d50c459b 0 0 xx xx xx xxxxxxxx x x x x x x x x x x x x x x x x x x x x
0541532f 0 0 xx xx xx xxxxxxxx x x x x x x x x x x x x x x x x x x x x
8abd3e23 0 0 xx xx xx xxxxxxxx x x x x x x x x x x x x x x x x x x x x
f915aa5b 0 0 xx xx xx xxxxxxxx x x x x x x x x x x x x x x x x x x x x
c1eae7fb 0 0 xx xx xx xxxxxxxx x x x x x x x x x x x x x x x x x x x x
5676a7e3 0 0 xx xx xx xxxxxxxx x x x x x x x x x x x x x x x x x x x x
2bafeb23 0 0 xx xx xx xxxxxxxx x x x x x x x x x x x x x x x x x x x x
53879bc3 0 0 xx xx xx xxxxxxxx x x x x x x x x x x x x x x x x x x x x
87a62b0b 0 0 xx xx xx xxxxxxxx x x x x x x x x x x x x x x x x x x x x
c18ae577 0 0 xx xx xx xxxxxxxx x x x x x x x x x x x x x x x x x x x x
a462654b 0 0 xx xx xx xxxxxxxx x x x x x x x x x x x x x x x x x x x x
3d801e53 0 0 xx xx xx xxxxxxxx x x x x x x x x x x x x x x x x x x x x
bb15bdd3 0 0 xx xx xx xxxxxxxx x x x x x x x x x x x x x x x x x x x x
a3430a4f 0 0 xx xx xx xxxxxxxx x x x x x x x x x x x x x x x x x x x x
cd74734b 0 0 xx xx xx xxxxxxxx x x x x x x x x x x x x x x x x x x x x
05d066b3 0 0 xx xx xx xxxxxxxx x x x x x x x x x x x x x x x x x x x x
e23688c7 0 0 xx xx xx xxxxxxxx x x x x x x x x x x x x x x x x x x x x
84e23403 0 0 xx xx xx xxxxxxxx x x x x x x x x x x x x x x x x x x x x
5ea192c3 0 0 xx xx xx xxxxxxxx x x x x x x x x x x x x x x x x x x x x
c70410b3 0 0 xx xx xx xxxxxxxx x x x x x x x x x x x x x x x x x x x x
f9c88f73 0 0 xx xx xx xxxxxxxx x x x x x x x x x x x x x x x x x x x x
b3f653a3 0 0 xx xx xx xxxxxxxx x x x x x x x x x x x x x x x x x x x x
c81c6d83 0 0 xx xx xx xxxxxxxx x x x x x x x x x x x x x x x x x x x x
43a43563 0 0 xx xx xx xxxxxxxx x x x x x x x x x x x x x x x x x x x x
3649377b 0 0 xx xx xx xxxxxxxx x x x x x x x x x x x x x x x x x x x x
ef514fab 0 0 xx xx xx xxxxxxxx x x x x x x x x x x x x x x x x x x x x
c87ba963 0 0 xx xx xx xxxxxxxx x x x x x x x x x x x x x x x x x x x x
9b8b43f3 0 0 xx xx xx xxxxxxxx x x x x x x x x x x x x x x x x x x x x
93cb1c13 0 0 xx xx xx xxxxxxxx x x x x x x x x x x x x x x x x x x x x
f06d5143 0 0 xx xx xx xxxxxxxx x x x x x x x x x x x x x x x x x x x x
cf26d3b3 0 0 xx xx xx xxxxxxxx x x x x x x x x x x x x x x x x x x x x
0b8dd2f3 0 0 xx xx xx xxxxxxxx x x x x x x x x x x x x x x x x x x x x
02ca1b13 0 0 xx xx xx xxxxxxxx x x x x x x x x x x x x x x x x x x x x
4f5a56d3 0 0 xx xx xx xxxxxxxx x x x x x x x x x x x x x x x x x x x x
709bdbc3 0 0 xx xx xx xxxxxxxx x x x x x x x x x x x x x x x x x x x x
5824f4b3 0 0 xx xx xx xxxxxxxx x x x x x x x x x x x x x x x x x x x x
c0411f73 0 0 xx xx xx xxxxxxxx x x x x x x x x x x x x x x x x x x x x
fef2b433 0 0 xx xx xx xxxxxxxx x x x x x x x x x x x x x x x x x x x x
9b0bff4f 0 0 xx xx xx xxxxxxxx x x x x x x x x x x x x x x x x x x x x
4c2214ff 0 0 xx xx xx xxxxxxxx x x x x x x x x x x x x x x x x x x x x
d5dffd23 0 0 xx xx xx xxxxxxxx x x x x x x x x x x x x x x x x x x x x
2c847457 0 0 xx xx xx xxxxxxxx x x x x x x x x x x x x x x x x x x x x
093e32e3 0 0 xx xx xx xxxxxxxx x x x x x x x x x x x x x x x x x x x x
d2ce61a3 0 0 xx xx xx xxxxxxxx x x x x x x x x x x x x x x x x x x x x
11711cd7 0 0 xx xx xx xxxxxxxx x x x x x x x x x x x x x x x x x x x x
92011c43 0 0 xx xx xx xxxxxxxx x x x x x x x x x x x x x x x x x x x x
c93c9aa7 0 0 xx xx xx xxxxxxxx x x x x x x x x x x x x x x x x x x x x
bac8e183 0 0 xx xx xx xxxxxxxx x x x x x x x x x x x x x x x x x x x x
b3ee9f33 0 0 xx xx xx xxxxxxxx x x x x x x x x x x x x x x x x x x x x
e45e7653 0 0 xx xx xx xxxxxxxx x x x x x x x x x x x x x x x x x x x x
a9b717b3 0 0 xx xx xx xxxxxxxx x x x x x x x x x x x x x x x x x x x x
428e9ab3 0 0 xx xx xx xxxxxxxx x x x x x x x x x x x x x x x x x x x x
cb1f7ea3 0 0 xx xx xx xxxxxxxx x x x x x x x x x x x x x x x x x x x x
99e5dd13 0 0 xx xx xx xxxxxxxx x x x x x x x x x x x x x x x x x x x x
1d92bbe3 0 0 xx xx xx xxxxxxxx x x x x x x x x x x x x x x x x x x x x
3426b073 0 0 xx xx xx xxxxxxxx x x x x x x x x x x x x x x x x x x x x
df120187 0 0 xx xx xx xxxxxxxx x x x x x x x x x x x x x x x x x x x x
3ba61abf 0 0 xx xx xx xxxxxxxx x x x x x x x x x x x x x x x x x x x x
97faed8b 0 0 xx xx xx xxxxxxxx x x x x x x x x x x x x x x x x x x x x
2fb3922f 0 0 xx xx xx xxxxxxxx x x x x x x x x x x x x x x x x x x x x
ab7f4333 0 0 xx xx xx xxxxxxxx x x x x x x x x x x x x x x x x x x x x
cfdb1a73 0 0 xx xx xx xxxxxxxx x x x x x x x x x x x x x x x x x x x x
2ffa16eb 0 0 xx xx xx xxxxxxxx x x x x x x x x x x x x x x x x x x x x
4e8eef73 0 0 xx xx xx xxxxxxxx x x x x x x x x x x x x x x x x x x x x
03d6b583 0 0 xx xx xx xxxxxxxx x x x x x x x x x x x x x x x x x x x x
7d343a63 0 0 xx xx xx xxxxxxxx x x x x x x x x x x x x x x x x x x x x
1ae83ebf 0 0 xx xx xx xxxxxxxx x x x x x x x x x x x x x x x x x x x x
595590a7 0 0 xx xx xx xxxxxxxx x x x x x x x x x x x x x x x x x x x x
c74babbf 0 0 xx xx xx xxxxxxxx x x x x x x x x x x x x x x x x x x x x
28cb2207 0 0 xx xx xx xxxxxxxx x x x x x x x x x x x x x x x x x x x x
57201a87 0 0 xx xx xx xxxxxxxx x x x x x x x x x x x x x x x x x x x x
083e8533 0 0 xx xx xx xxxxxxxx x x x x x x x x x x x x x x x x x x x x
3c24350f 0 0 xx xx xx xxxxxxxx x x x x x x x x x x x x x x x x x x x x
d26b1ea7 0 0 xx xx xx xxxxxxxx x x x x x x x x x x x x x x x x x x x x
8eae741f 0 0 xx xx xx xxxxxxxx x x x x x x x x x x x x x x x x x x x x
d2376323 0 0 xx xx xx xxxxxxxx x x x x x x x x x x x x x x x x x x x x
74094077 0 0 xx xx xx xxxxxxxx x x x x x x x x x x x x x x x x x x x x
38f493ff 0 0 xx xx xx xxxxxxxx x x x x x x x x x x x x x x x x x x x x
baed3283 0 0 xx xx xx xxxxxxxx x x x x x x x x x x x x x x x x x x x x
4920192b 0 0 xx xx xx xxxxxxxx x x x x x x x x x x x x x x x x x x x x
eeae258f 0 0 xx xx xx xxxxxxxx x x x x x x x x x x x x x x x x x x x x
83310bf7 0 0 xx xx xx xxxxxxxx x x x x x x x x x x x x x x x x x x x x
432e169f 0 0 xx xx xx xxxxxxxx x x x x x x x x x x x x x x x x x x x x
9a2e358b 0 0 xx xx xx xxxxxxxx x x x x x x x x x x x x x x x x x x x x
b6a9f87f 0 0 xx xx xx xxxxxxxx x x x x x x x x x x x x x x x x x x x x
9cbfaec3 0 0 xx xx xx xxxxxxxx x x x x x x x x x x x x x x x x x x x x
78e037f3 0 0 xx xx xx xxxxxxxx x x x x x x x x x x x x x x x x x x x x
fead705f 0 0 xx xx xx xxxxxxxx x x x x x x x x x x x x x x x x x x x x
ea679293 0 0 xx xx xx xxxxxxxx x x x x x x x x x x x x x x x x x x x x
f488cd73 0 0 xx xx xx xxxxxxxx x x x x x x x x x x x x x x x x x x x x
ca161857 0 0 xx xx xx xxxxxxxx x x x x x x x x x x x x x x x x x x x x
437ce033 0 0 xx xx xx xxxxxxxx x x x x x x x x x x x x x x x x x x x x
ffce33d7 0 0 xx xx xx xxxxxxxx x x x x x x x x x x x x x x x x x x x x
2b9490b3 0 0 xx xx xx xxxxxxxx x x x x x x x x x x x x x x x x x x x x
d46d27af 0 0 xx xx xx xxxxxxxx x x x x x x x x x x x x x x x x x x x x
3ad14b0b 0 0 xx xx xx xxxxxxxx x x x x x x x x x x x x x x x x x x x x
2c0efc73 0 0 xx xx xx xxxxxxxx x x x x x x x x x x x x x x x x x x x x
5388d71f 0 0 xx xx xx xxxxxxxx x x x x x x x x x x x x x x x x x x x x
0efbf4af 0 0 xx xx xx xxxxxxxx x x x x x x x x x x x x x x x x x x x x
43a58e9f 0 0 xx xx xx xxxxxxxx x x x x x x x x x x x x x x x x x x x x
f31c1127 0 0 xx xx xx xxxxxxxx x x x x x x x x x x x x x x x x x x x x
b583703f 0 0 xx xx xx xxxxxxxx x x x x x x x x x x x x x x x x x x x x
07d88d07 0 0 xx xx xx xxxxxxxx x x x x x x x x x x x x x x x x x x x x
c97392f3 0 0 xx xx xx xxxxxxxx x x x x x x x x x x x x x x x x x x x x
db498fff 0 0 xx xx xx xxxxxxxx x x x x x x x x x x x x x x x x x x x x
618c4033 0 0 xx xx xx xxxxxxxx x x x x x x x x x x x x x x x x x x x x
430b7033 0 0 xx xx xx xxxxxxxx x x x x x x x x x x x x x x x x x x x x
c627621f 0 0 xx xx xx xxxxxxxx x x x x x x x x x x x x x x x x x x x x
51d657bf 0 0 xx xx xx xxxxxxxx x x x x x x x x x x x x x x x x x x x x
bee41387 0 0 xx xx xx xxxxxxxx x x x x x x x x x x x x x x x x x x x x
af19a2e3 0 0 xx xx xx xxxxxxxx x x x x x x x x x x x x x x x x x x x x
37a8084b 0 0 xx xx xx xxxxxxxx x x x x x x x x x x x x x x x x x x x x
df2c3c0f 0 0 xx xx xx xxxxxxxx x x x x x x x x x x x x x x x x x x x x
87d3420f 0 0 xx xx xx xxxxxxxx x x x x x x x x x x x x x x x x x x x x
31e45f23 0 0 xx xx xx xxxxxxxx x x x x x x x x x x x x x x x x x x x x
20f23bb3 0 0 xx xx xx xxxxxxxx x x x x x x x x x x x x x x x x x x x x
48602bb3 0 0 xx xx xx xxxxxxxx x x x x x x x x x x x x x x x x x x x x
e6a33763 0 0 xx xx xx xxxxxxxx x x x x x x x x x x x x x x x x x x x x
b274f7f3 0 0 xx xx xx xxxxxxxx x x x x x x x x x x x x x x x x x x x x
4ec6840f 0 0 xx xx xx xxxxxxxx x x x x x x x x x x x x x x x x x x x x
82b3edcf 0 0 xx xx xx xxxxxxxx x x x x x x x x x x x x x x x x x x x x
deca42f7 0 0 xx xx xx xxxxxxxx x x x x x x x x x x x x x x x x x x x x
8450d3db 0 0 xx xx xx xxxxxxxx x x x x x x x x x x x x x x x x x x x x
e8b710f3 0 0 xx xx xx xxxxxxxx x x x x x x x x x x x x x x x x x x x x
72db0947 0 0 xx xx xx xxxxxxxx x x x x x x x x x x x x x x x x x x x x
b6af037f 0 0 xx xx xx xxxxxxxx x x x x x x x x x x x x x x x x x x x x
26ec7c47 0 0 xx xx xx xxxxxxxx x x x x x x x x x x x x x x x x x x x x
5f9d6323 0 0 xx xx xx xxxxxxxx x x x x x x x x x x x x x x x x x x x x
a3e79f2f 0 0 xx xx xx xxxxxxxx x x x x x x x x x x x x x x x x x x x x
893719f7 0 0 xx xx xx xxxxxxxx x x x x x x x x x x x x x x x x x x x x
c588a2f7 0 0 xx xx xx xxxxxxxx x x x x x x x x x x x x x x x x x x x x
f3e0c333 0 0 xx xx xx xxxxxxxx x x x x x x x x x x x x x x x x x x x x
46e9d7af 0 0 xx xx xx xxxxxxxx x x x x x x x x x x x x x x x x x x x x
791a6c2f 0 0 xx xx xx xxxxxxxx x x x x x x x x x x x x x x x x x x x x
a3372bbb 0 0 xx xx xx xxxxxxxx x x x x x x x x x x x x x x x x x x x x
b74af607 0 0 xx xx xx xxxxxxxx x x x x x x x x x x x x x x x x x x x x
a5baf1a3 0 0 xx xx xx xxxxxxxx x x x x x x x x x x x x x x x x x x x x
4ef2bc23 0 0 xx xx xx xxxxxxxx x x x x x x x x x x x x x x x x x x x x
772127c7 0 0 xx xx xx xxxxxxxx x x x x x x x x x x x x x x x x x x x x
e430e7bb 0 0 xx xx xx xxxxxxxx x x x x x x x x x x x x x x x x x x x x
bbeb5eeb 0 0 xx xx xx xxxxxxxx x x x x x x x x x x x x x x x x x x x x
603fc433 0 0 xx xx xx xxxxxxxx x x x x x x x x x x x x x x x x x x x x
2bbe7a03 0 0 xx xx xx xxxxxxxx x x x x x x x x x x x x x x x x x x x x
63e3e75f 0 0 xx xx xx xxxxxxxx x x x x x x x x x x x x x x x x x x x x
2e33fef3 0 0 xx xx xx xxxxxxxx x x x x x x x x x x x x x x x x x x x x
04749033 0 0 xx xx xx xxxxxxxx x x x x x x x x x x x x x x x x x x x x
f6d9fceb 0 0 xx xx xx xxxxxxxx x x x x x x x x x x x x x x x x x x x x
e8471ab3 0 0 xx xx xx xxxxxxxx x x x x x x x x x x x x x x x x x x x x
319fb2f3 0 0 xx xx xx xxxxxxxx x x x x x x x x x x x x x x x x x x x x
a80500f7 0 0 xx xx xx xxxxxxxx x x x x x x x x x x x x x x x x x x x x
56d1a63b 0 0 xx xx xx xxxxxxxx x x x x x x x x x x x x x x x x x x x x
ac61375f 0 0 xx xx xx xxxxxxxx x x x x x x x x x x x x x x x x x x x x
b3ee0c3b 0 0 xx xx xx xxxxxxxx x x x x x x x x x x x x x x x x x x x x
6344777b 0 0 xx xx xx xxxxxxxx x x x x x x x x x x x x x x x x x x x x
668a33df 0 0 xx xx xx xxxxxxxx x x x x x x x x x x x x x x x x x x x x
2988d2a3 0 0 xx xx xx xxxxxxxx x x x x x x x x x x x x x x x x x x x x
a4f3c523 0 0 xx xx xx xxxxxxxx x x x x x x x x x x x x x x x x x x x x
a9d5b7eb 0 0 xx xx xx xxxxxxxx x x x x x x x x x x x x x x x x x x x x
cca41d13 0 0 xx xx xx xxxxxxxx x x x x x x x x x x x x x x x x x x x x
26a65ecf 0 0 xx xx xx xxxxxxxx x x x x x x x x x x x x x x x x x x x x
5864b953 0 0 xx xx xx xxxxxxxx x x x x x x x x x x x x x x x x x x x x
2aa039cb 0 0 xx xx xx xxxxxxxx x x x x x x x x x x x x x x x x x x x x
cff1bfcb 0 0 xx xx xx xxxxxxxx x x x x x x x x x x x x x x x x x x x x
cb09494b 0 0 xx xx xx xxxxxxxx x x x x x x x x x x x x x x x x x x x x
4d73cff3 0 0 xx xx xx xxxxxxxx x x x x x x x x x x x x x x x x x x x x
cad17953 0 0 xx xx xx xxxxxxxx x x x x x x x x x x x x x x x x x x x x
7ff01073 0 0 xx xx xx xxxxxxxx x x x x x x x x x x x x x x x x x x x x
020d4a33 0 0 xx xx xx xxxxxxxx x x x x x x x x x x x x x x x x x x x x
470a5113 0 0 xx xx xx xxxxxxxx x x x x x x x x x x x x x x x x x x x x
7ecd410b 0 0 xx xx xx xxxxxxxx x x x x x x x x x x x x x x x x x x x x
f7e0ad43 0 0 xx xx xx xxxxxxxx x x x x x x x x x x x x x x x x x x x x
7cc69d33 0 0 xx xx xx xxxxxxxx x x x x x x x x x x x x x x x x x x x x
cec317b3 0 0 xx xx xx xxxxxxxx x x x x x x x x x x x x x x x x x x x x
2865af1f 0 0 xx xx xx xxxxxxxx x x x x x x x x x x x x x x x x x x x x
50b779af 0 0 xx xx xx xxxxxxxx x x x x x x x x x x x x x x x x x x x x
6004c823 0 0 xx xx xx xxxxxxxx x x x x x x x x x x x x x x x x x x x x
b29a4eb3 0 0 xx xx xx xxxxxxxx x x x x x x x x x x x x x x x x x x x x
42bccc53 0 0 xx xx xx xxxxxxxx x x x x x x x x x x x x x x x x x x x x
a15c0ab3 0 0 xx xx xx xxxxxxxx x x x x x x x x x x x x x x x x x x x x
c6a209f3 0 0 xx xx xx xxxxxxxx x x x x x x x x x x x x x x x x x x x x
742143f3 0 0 xx xx xx xxxxxxxx x x x x x x x x x x x x x x x x x x x x
818a1c33 0 0 xx xx xx xxxxxxxx x x x x x x x x x x x x x x x x x x x x
1351b5bf 0 0 xx xx xx xxxxxxxx x x x x x x x x x x x x x x x x x x x x
109aff33 0 0 xx xx xx xxxxxxxx x x x x x x x x x x x x x x x x x x x x
dccd70fb 0 0 xx xx xx xxxxxxxx x x x x x x x x x x x x x x x x x x x x
c36fc8cb 0 0 xx xx xx xxxxxxxx x x x x x x x x x x x x x x x x x x x x
8603cab3 0 0 xx xx xx xxxxxxxx x x x x x x x x x x x x x x x x x x x x
e2b2c88b 0 0 xx xx xx xxxxxxxx x x x x x x x x x x x x x x x x x x x x
b6850c27 0 0 xx xx xx xxxxxxxx x x x x x x x x x x x x x x x x x x x x
6b02cda3 0 0 xx xx xx xxxxxxxx x x x x x x x x x x x x x x x x x x x x
a7c9f673 0 0 xx xx xx xxxxxxxx x x x x x x x x x x x x x x x x x x x x
a24b6c5f 0 0 xx xx xx xxxxxxxx x x x x x x x x x x x x x x x x x x x x
0d8e695f 0 0 xx xx xx xxxxxxxx x x x x x x x x x x x x x x x x x x x x
9cf87edb 0 0 xx xx xx xxxxxxxx x x x x x x x x x x x x x x x x x x x x
588acdb3 0 0 xx xx xx xxxxxxxx x x x x x x x x x x x x x x x x x x x x
40a50df3 0 0 xx xx xx xxxxxxxx x x x x x x x x x x x x x x x x x x x x
ca355d57 0 0 xx xx xx xxxxxxxx x x x x x x x x x x x x x x x x x x x x
d9d3ea7b 0 0 xx xx xx xxxxxxxx x x x x x x x x x x x x x x x x x x x x
e6d66ef3 0 0 xx xx xx xxxxxxxx x x x x x x x x x x x x x x x x x x x x
1b0c0a73 0 0 xx xx xx xxxxxxxx x x x x x x x x x x x x x x x x x x x x
bb65f983 0 0 xx xx xx xxxxxxxx x x x x x x x x x x x x x x x x x x x x
e985ec7b 0 0 xx xx xx xxxxxxxx x x x x x x x x x x x x x x x x x x x x
00d63c9f 0 0 xx xx xx xxxxxxxx x x x x x x x x x x x x x x x x x x x x
041c71b3 0 0 xx xx xx xxxxxxxx x x x x x x x x x x x x x x x x x x x x
50c09bf3 0 0 xx xx xx xxxxxxxx x x x x x x x x x x x x x x x x x x x x
85f4b03b 0 0 xx xx xx xxxxxxxx x x x x x x x x x x x x x x x x x x x x
085778b3 0 0 xx xx xx xxxxxxxx x x x x x x x x x x x x x x x x x x x x
22c3d773 0 0 xx xx xx xxxxxxxx x x x x x x x x x x x x x x x x x x x x
d1f5f573 0 0 xx xx xx xxxxxxxx x x x x x x x x x x x x x x x x x x x x
0083d2bb 0 0 xx xx xx xxxxxxxx x x x x x x x x x x x x x x x x x x x x
c98b3f7b 0 0 xx xx xx xxxxxxxx x x x x x x x x x x x x x x x x x x x x
ffdf1033 0 0 xx xx xx xxxxxxxx x x x x x x x x x x x x x x x x x x x x
4aa4f777 0 0 xx xx xx xxxxxxxx x x x x x x x x x x x x x x x x x x x x
942f11fb 0 0 xx xx xx xxxxxxxx x x x x x x x x x x x x x x x x x x x x
9a9ac65b 0 0 xx xx xx xxxxxxxx x x x x x x x x x x x x x x x x x x x x
b1ba2db3 0 0 xx xx xx xxxxxxxx x x x x x x x x x x x x x x x x x x x x
820042bb 0 0 xx xx xx xxxxxxxx x x x x x x x x x x x x x x x x x x x x
b41030a3 0 0 xx xx xx xxxxxxxx x x x x x x x x x x x x x x x x x x x x
7958b4df 0 0 xx xx xx xxxxxxxx x x x x x x x x x x x x x x x x x x x x
bfbbb783 0 0 xx xx xx xxxxxxxx x x x x x x x x x x x x x x x x x x x x
ef043ff3 0 0 xx xx xx xxxxxxxx x x x x x x x x x x x x x x x x x x x x
03d18ef3 0 0 xx xx xx xxxxxxxx x x x x x x x x x x x x x x x x x x x x
b6a444a3 0 0 xx xx xx xxxxxxxx x x x x x x x x x x x x x x x x x x x x
7d1d1a77 0 0 xx xx xx xxxxxxxx x x x x x x x x x x x x x x x x x x x x
522752f3 0 0 xx xx xx xxxxxxxx x x x x x x x x x x x x x x x x x x x x
22d4894b 0 0 xx xx xx xxxxxxxx x x x x x x x x x x x x x x x x x x x x
114460b3 0 0 xx xx xx xxxxxxxx x x x x x x x x x x x x x x x x x x x x
ddd0638b 0 0 xx xx xx xxxxxxxx x x x x x x x x x x x x x x x x x x x x
127642f3 0 0 xx xx xx xxxxxxxx x x x x x x x x x x x x x x x x x x x x
12633f77 0 0 xx xx xx xxxxxxxx x x x x x x x x x x x x x x x x x x x x
a3cbe003 0 0 xx xx xx xxxxxxxx x x x x x x x x x x x x x x x x x x x x
d8b265a7 0 0 xx xx xx xxxxxxxx x x x x x x x x x x x x x x x x x x x x
f78f32f3 0 0 xx xx xx xxxxxxxx x x x x x x x x x x x x x x x x x x x x
7423e7a7 0 0 xx xx xx xxxxxxxx x x x x x x x x x x x x x x x x x x x x
d989021b 0 0 xx xx xx xxxxxxxx x x x x x x x x x x x x x x x x x x x x
bc8d55a7 0 0 xx xx xx xxxxxxxx x x x x x x x x x x x x x x x x x x x x
e907daf3 0 0 xx xx xx xxxxxxxx x x x x x x x x x x x x x x x x x x x x
d56e1a33 0 0 xx xx xx xxxxxxxx x x x x x x x x x x x x x x x x x x x x
4a028bb3 0 0 xx xx xx xxxxxxxx x x x x x x x x x x x x x x x x x x x x
a2f0a073 0 0 xx xx xx xxxxxxxx x x x x x x x x x x x x x x x x x x x x
32f811df 0 0 xx xx xx xxxxxxxx x x x x x x x x x x x x x x x x x x x x
4d783caf 0 0 xx xx xx xxxxxxxx x x x x x x x x x x x x x x x x x x x x
11535c0b 0 0 xx xx xx xxxxxxxx x x x x x x x x x x x x x x x x x x x x
11991653 0 0 xx xx xx xxxxxxxx x x x x x x x x x x x x x x x x x x x x
cfac9b33 0 0 xx xx xx xxxxxxxx x x x x x x x x x x x x x x x x x x x x
b469fb23 0 0 xx xx xx xxxxxxxx x x x x x x x x x x x x x x x x x x x x
31545a33 0 0 xx xx xx xxxxxxxx x x x x x x x x x x x x x x x x x x x x
ae7b98c7 0 0 xx xx xx xxxxxxxx x x x x x x x x x x x x x x x x x x x x
1ee6265b 0 0 xx xx xx xxxxxxxx x x x x x x x x x x x x x x x x x x x x
2a4e4edf 0 0 xx xx xx xxxxxxxx x x x x x x x x x x x x x x x x x x x x
2f59debb 0 0 xx xx xx xxxxxxxx x x x x x x x x x x x x x x x x x x x x
fc22ae33 0 0 xx xx xx xxxxxxxx x x x x x x x x x x x x x x x x x x x x
5a3c59ff 0 0 xx xx xx xxxxxxxx x x x x x x x x x x x x x x x x x x x x
44ac358f 0 0 xx xx xx xxxxxxxx x x x x x x x x x x x x x x x x x x x x
208f8e33 0 0 xx xx xx xxxxxxxx x x x x x x x x x x x x x x x x x x x x
badc449b 0 0 xx xx xx xxxxxxxx x x x x x x x x x x x x x x x x x x x x
dad4a1b3 0 0 xx xx xx xxxxxxxx x x x x x x x x x x x x x x x x x x x x
43ff2277 0 0 xx xx xx xxxxxxxx x x x x x x x x x x x x x x x x x x x x
af697da7 0 0 xx xx xx xxxxxxxx x x x x x x x x x x x x x x x x x x x x
43b3932f 0 0 xx xx xx xxxxxxxx x x x x x x x x x x x x x x x x x x x x
5522059b 0 0 xx xx xx xxxxxxxx x x x x x x x x x x x x x x x x x x x x
bea3ba8b 0 0 xx xx xx xxxxxxxx x x x x x x x x x x x x x x x x x x x x
6bf50abf 0 0 xx xx xx xxxxxxxx x x x x x x x x x x x x x x x x x x x x
d2f11187 0 0 xx xx xx xxxxxxxx x x x x x x x x x x x x x x x x x x x x
5963d6b3 0 0 xx xx xx xxxxxxxx x x x x x x x x x x x x x x x x x x x x
538cf583 0 0 xx xx xx xxxxxxxx x x x x x x x x x x x x x x x x x x x x
21ad1833 0 0 xx xx xx xxxxxxxx x x x x x x x x x x x x x x x x x x x x
1580ff87 0 0 xx xx xx xxxxxxxx x x x x x x x x x x x x x x x x x x x x
79c21d3f 0 0 xx xx xx xxxxxxxx x x x x x x x x x x x x x x x x x x x x
0358145f 0 0 xx xx xx xxxxxxxx x x x x x x x x x x x x x x x x x x x x
6b5804df 0 0 xx xx xx xxxxxxxx x x x x x x x x x x x x x x x x x x x x
658b0e33 0 0 xx xx xx xxxxxxxx x x x x x x x x x x x x x x x x x x x x
36385b23 0 0 xx xx xx xxxxxxxx x x x x x x x x x x x x x x x x x x x x
e1080fc3 0 0 xx xx xx xxxxxxxx x x x x x x x x x x x x x x x x x x x x
b31b90b3 0 0 xx xx xx xxxxxxxx x x x x x x x x x x x x x x x x x x x x
f8e604cf 0 0 xx xx xx xxxxxxxx x x x x x x x x x x x x x x x x x x x x
c0e1b7ab 0 0 xx xx xx xxxxxxxx x x x x x x x x x x x x x x x x x x x x
884bb203 0 0 xx xx xx xxxxxxxx x x x x x x x x x x x x x x x x x x x x
c151cc8f 0 0 xx xx xx xxxxxxxx x x x x x x x x x x x x x x x x x x x x
be7b55ff 0 0 xx xx xx xxxxxxxx x x x x x x x x x x x x x x x x x x x x
854a0873 0 0 xx xx xx xxxxxxxx x x x x x x x x x x x x x x x x x x x x
4e3f8fc7 0 0 xx xx xx xxxxxxxx x x x x x x x x x x x x x x x x x x x x
ed9b91af 0 0 xx xx xx xxxxxxxx x x x x x x x x x x x x x x x x x x x x
ea165473 0 0 xx xx xx xxxxxxxx x x x x x x x x x x x x x x x x x x x x
4c0831f3 0 0 xx xx xx xxxxxxxx x x x x x x x x x x x x x x x x x x x x
5a86c3c7 0 0 xx xx xx xxxxxxxx x x x x x x x x x x x x x x x x x x x x
2dd80ef3 0 0 xx xx xx xxxxxxxx x x x x x x x x x x x x x x x x x x x x
19572e7b 0 0 xx xx xx xxxxxxxx x x x x x x x x x x x x x x x x x x x x
a08f36b3 0 0 xx xx xx xxxxxxxx x x x x x x x x x x x x x x x x x x x x
4191e423 0 0 xx xx xx xxxxxxxx x x x x x x x x x x x x x x x x x x x x
eae04e33 0 0 xx xx xx xxxxxxxx x x x x x x x x x x x x x x x x x x x x
a9428bf7 0 0 xx xx xx xxxxxxxx x x x x x x x x x x x x x x x x x x x x
ac9f540f 0 0 xx xx xx xxxxxxxx x x x x x x x x x x x x x x x x x x x x
28574607 0 0 xx xx xx xxxxxxxx x x x x x x x x x x x x x x x x x x x x
a7bb31cb 0 0 xx xx xx xxxxxxxx x x x x x x x x x x x x x x x x x x x x
fba256bf 0 0 xx xx xx xxxxxxxx x x x x x x x x x x x x x x x x x x x x
803d73f7 0 0 xx xx xx xxxxxxxx x x x x x x x x x x x x x x x x x x x x
13433bc3 0 0 xx xx xx xxxxxxxx x x x x x x x x x x x x x x x x x x x x
798939ab 0 0 xx xx xx xxxxxxxx x x x x x x x x x x x x x x x x x x x x
08205793 0 0 xx xx xx xxxxxxxx x x x x x x x x x x x x x x x x x x x x
e07705f3 0 0 xx xx xx xxxxxxxx x x x x x x x x x x x x x x x x x x x x
a32a836b 0 0 xx xx xx xxxxxxxx x x x x x x x x x x x x x x x x x x x x
16af56df 0 0 xx xx xx xxxxxxxx x x x x x x x x x x x x x x x x x x x x
d54e463f 0 0 xx xx xx xxxxxxxx x x x x x x x x x x x x x x x x x x x x
25be7873 0 0 xx xx xx xxxxxxxx x x x x x x x x x x x x x x x x x x x x
01c1c3ab 0 0 xx xx xx xxxxxxxx x x x x x x x x x x x x x x x x x x x x
f6329cc3 0 0 xx xx xx xxxxxxxx x x x x x x x x x x x x x x x x x x x x
f28d2943 0 0 xx xx xx xxxxxxxx x x x x x x x x x x x x x x x x x x x x
ed5b21b3 0 0 xx xx xx xxxxxxxx x x x x x x x x x x x x x x x x x x x x
9143ca73 0 0 xx xx xx xxxxxxxx x x x x x x x x x x x x x x x x x x x x
aade6b1f 0 0 xx xx xx xxxxxxxx x x x x x x x x x x x x x x x x x x x x
d276e5cb 0 0 xx xx xx xxxxxxxx x x x x x x x x x x x x x x x x x x x x
510762a3 0 0 xx xx xx xxxxxxxx x x x x x x x x x x x x x x x x x x x x
07ca009f 0 0 xx xx xx xxxxxxxx x x x x x x x x x x x x x x x x x x x x
0830f9ab 0 0 xx xx xx xxxxxxxx x x x x x x x x x x x x x x x x x x x x
a6399eb3 0 0 xx xx xx xxxxxxxx x x x x x x x x x x x x x x x x x x x x
ec70c6ff 0 0 xx xx xx xxxxxxxx x x x x x x x x x x x x x x x x x x x x
6e55e2f3 0 0 xx xx xx xxxxxxxx x x x x x x x x x x x x x x x x x x x x
d97e628f 0 0 xx xx xx xxxxxxxx x x x x x x x x x x x x x x x x x x x x
2b7b0057 0 0 xx xx xx xxxxxxxx x x x x x x x x x x x x x x x x x x x x
895b9a27 0 0 xx xx xx xxxxxxxx x x x x x x x x x x x x x x x x x x x x
9abce21b 0 0 xx xx xx xxxxxxxx x x x x x x x x x x x x x x x x x x x x
ba248187 0 0 xx xx xx xxxxxxxx x x x x x x x x x x x x x x x x x x x x
ba8942bf 0 0 xx xx xx xxxxxxxx x x x x x x x x x x x x x x x x x x x x
d51dfa1b 0 0 xx xx xx xxxxxxxx x x x x x x x x x x x x x x x x x x x x
571a6b23 0 0 xx xx xx xxxxxxxx x x x x x x x x x x x x x x x x x x x x
e07c7e83 0 0 xx xx xx xxxxxxxx x x x x x x x x x x x x x x x x x x x x
f670a8f3 0 0 xx xx xx xxxxxxxx x x x x x x x x x x x x x x x x x x x x
ea28c0f7 0 0 xx xx xx xxxxxxxx x x x x x x x x x x x x x x x x x x x x
72def007 0 0 xx xx xx xxxxxxxx x x x x x x x x x x x x x x x x x x x x
96a1073f 0 0 xx xx xx xxxxxxxx x x x x x x x x x x x x x x x x x x x x
2601f71b 0 0 xx xx xx xxxxxxxx x x x x x x x x x x x x x x x x x x x x
57161247 0 0 xx xx xx xxxxxxxx x x x x x x x x x x x x x x x x x x x x
2604d933 0 0 xx xx xx xxxxxxxx x x x x x x x x x x x x x x x x x x x x
69d76883 0 0 xx xx xx xxxxxxxx x x x x x x x x x x x x x x x x x x x x
6e60c23b 0 0 xx xx xx xxxxxxxx x x x x x x x x x x x x x x x x x x x x
86498f2f 0 0 xx xx xx xxxxxxxx x x x x x x x x x x x x x x x x x x x x
04393d2f 0 0 xx xx xx xxxxxxxx x x x x x x x x x x x x x x x x x x x x
c24a36db 0 0 xx xx xx xxxxxxxx x x x x x x x x x x x x x x x x x x x x
0dfb6fa3 0 0 xx xx xx xxxxxxxx x x x x x x x x x x x x x x x x x x x x
9b1b2aaf 0 0 xx xx xx xxxxxxxx x x x x x x x x x x x x x x x x x x x x
27996883 0 0 xx xx xx xxxxxxxx x x x x x x x x x x x x x x x x x x x x
4ca98ea7 0 0 xx xx xx xxxxxxxx x x x x x x x x x x x x x x x x x x x x
ffef7083 0 0 xx xx xx xxxxxxxx x x x x x x x x x x x x x x x x x x x x
0ba236df 0 0 xx xx xx xxxxxxxx x x x x x x x x x x x x x x x x x x x x
b3bcfadb 0 0 xx xx xx xxxxxxxx x x x x x x x x x x x x x x x x x x x x
05314253 0 0 xx xx xx xxxxxxxx x x x x x x x x x x x x x x x x x x x x
045062bf 0 0 xx xx xx xxxxxxxx x x x x x x x x x x x x x x x x x x x x
c8c609c3 0 0 xx xx xx xxxxxxxx x x x x x x x x x x x x x x x x x x x x
10a4afb3 0 0 xx xx xx xxxxxxxx x x x x x x x x x x x x x x x x x x x x
ebd18cbf 0 0 xx xx xx xxxxxxxx x x x x x x x x x x x x x x x x x x x x
24fc53a3 0 0 xx xx xx xxxxxxxx x x x x x x x x x x x x x x x x x x x x
205978ab 0 0 xx xx xx xxxxxxxx x x x x x x x x x x x x x x x x x x x x
62143b9b 0 0 xx xx xx xxxxxxxx x x x x x x x x x x x x x x x x x x x x
36d82a73 0 0 xx xx xx xxxxxxxx x x x x x x x x x x x x x x x x x x x x
105fca33 0 0 xx xx xx xxxxxxxx x x x x x x x x x x x x x x x x x x x x
cbca55d7 0 0 xx xx xx xxxxxxxx x x x x x x x x x x x x x x x x x x x x
cb41d53b 0 0 xx xx xx xxxxxxxx x x x x x x x x x x x x x x x x x x x x
f3ef6253 0 0 xx xx xx xxxxxxxx x x x x x x x x x x x x x x x x x x x x
0971570b 0 0 xx xx xx xxxxxxxx x x x x x x x x x x x x x x x x x x x x
11f79a43 0 0 xx xx xx xxxxxxxx x x x x x x x x x x x x x x x x x x x x
a859e7f7 0 0 xx xx xx xxxxxxxx x x x x x x x x x x x x x x x x x x x x
ea5807f3 0 0 xx xx xx xxxxxxxx x x x x x x x x x x x x x x x x x x x x
8a6f3dd3 0 0 xx xx xx xxxxxxxx x x x x x x x x x x x x x x x x x x x x
003d4027 0 0 xx xx xx xxxxxxxx x x x x x x x x x x x x x x x x x x x x
ed853f73 0 0 xx xx xx xxxxxxxx x x x x x x x x x x x x x x x x x x x x
448f45b3 0 0 xx xx xx xxxxxxxx x x x x x x x x x x x x x x x x x x x x
7763b2c3 0 0 xx xx xx xxxxxxxx x x x x x x x x x x x x x x x x x x x x
a05c1e33 0 0 xx xx xx xxxxxxxx x x x x x x x x x x x x x x x x x x x x
540914bb 0 0 xx xx xx xxxxxxxx x x x x x x x x x x x x x x x x x x x x
f92f16bf 0 0 xx xx xx xxxxxxxx x x x x x x x x x x x x x x x x x x x x
65c77ea7 0 0 xx xx xx xxxxxxxx x x x x x x x x x x x x x x x x x x x x
f33da94f 0 0 xx xx xx xxxxxxxx x x x x x x x x x x x x x x x x x x x x
e3254c1b 0 0 xx xx xx xxxxxxxx x x x x x x x x x x x x x x x x x x x x
94996527 0 0 xx xx xx xxxxxxxx x x x x x x x x x x x x x x x x x x x x
94d8c66b 0 0 xx xx xx xxxxxxxx x x x x x x x x x x x x x x x x x x x x
a024eadb 0 0 xx xx xx xxxxxxxx x x x x x x x x x x x x x x x x x x x x
b4b591f3 0 0 xx xx xx xxxxxxxx x x x x x x x x x x x x x x x x x x x x
b39920c7 0 0 xx xx xx xxxxxxxx x x x x x x x x x x x x x x x x x x x x
bcf22ff3 0 0 xx xx xx xxxxxxxx x x x x x x x x x x x x x x x x x x x x
0cf2b7b3 0 0 xx xx xx xxxxxxxx x x x x x x x x x x x x x x x x x x x x
02044bf3 0 0 xx xx xx xxxxxxxx x x x x x x x x x x x x x x x x x x x x
9dc76b9b 0 0 xx xx xx xxxxxxxx x x x x x x x x x x x x x x x x x x x x
c0a6176b 0 0 xx xx xx xxxxxxxx x x x x x x x x x x x x x x x x x x x x
f491f483 0 0 xx xx xx xxxxxxxx x x x x x x x x x x x x x x x x x x x x
99bcf6bf 0 0 xx xx xx xxxxxxxx x x x x x x x x x x x x x x x x x x x x
ecf34643 0 0 xx xx xx xxxxxxxx x x x x x x x x x x x x x x x x x x x x
60b5833f 0 0 xx xx xx xxxxxxxx x x x x x x x x x x x x x x x x x x x x
26e6448f 0 0 xx xx xx xxxxxxxx x x x x x x x x x x x x x x x x x x x x
dfa15d2b 0 0 xx xx xx xxxxxxxx x x x x x x x x x x x x x x x x x x x x
484e485f 0 0 xx xx xx xxxxxxxx x x x x x x x x x x x x x x x x x x x x
89f2fe8b 0 0 xx xx xx xxxxxxxx x x x x x x x x x x x x x x x x x x x x
874a9b93 0 0 xx xx xx xxxxxxxx x x x x x x x x x x x x x x x x x x x x
89a1e0f3 0 0 xx xx xx xxxxxxxx x x x x x x x x x x x x x x x x x x x x
379e6847 0 0 xx xx xx xxxxxxxx x x x x x x x x x x x x x x x x x x x x
c4ce6473 0 0 xx xx xx xxxxxxxx x x x x x x x x x x x x x x x x x x x x
863af2c3 0 0 xx xx xx xxxxxxxx x x x x x x x x x x x x x x x x x x x x
8da97ebf 0 0 xx xx xx xxxxxxxx x x x x x x x x x x x x x x x x x x x x
8f93d477 0 0 xx xx xx xxxxxxxx x x x x x x x x x x x x x x x x x x x x
84115933 0 0 xx xx xx xxxxxxxx x x x x x x x x x x x x x x x x x x x x
3b394fff 0 0 xx xx xx xxxxxxxx x x x x x x x x x x x x x x x x x x x x
3b8c6b23 0 0 xx xx xx xxxxxxxx x x x x x x x x x x x x x x x x x x x x
02d97033 0 0 xx xx xx xxxxxxxx x x x x x x x x x x x x x x x x x x x x
d2a21a53 0 0 xx xx xx xxxxxxxx x x x x x x x x x x x x x x x x x x x x
8c53b987 0 0 xx xx xx xxxxxxxx x x x x x x x x x x x x x x x x x x x x
e8a1de23 0 0 xx xx xx xxxxxxxx x x x x x x x x x x x x x x x x x x x x
ec90ba83 0 0 xx xx xx xxxxxxxx x x x x x x x x x x x x x x x x x x x x
f49e326b 0 0 xx xx xx xxxxxxxx x x x x x x x x x x x x x x x x x x x x
9fcee8bb 0 0 xx xx xx xxxxxxxx x x x x x x x x x x x x x x x x x x x x
8ecda61f 0 0 xx xx xx xxxxxxxx x x x x x x x x x x x x x x x x x x x x
947a7833 0 0 xx xx xx xxxxxxxx x x x x x x x x x x x x x x x x x x x x
7eaf6c33 0 0 xx xx xx xxxxxxxx x x x x x x x x x x x x x x x x x x x x
6a68e54f 0 0 xx xx xx xxxxxxxx x x x x x x x x x x x x x x x x x x x x
c1fc991f 0 0 xx xx xx xxxxxxxx x x x x x x x x x x x x x x x x x x x x
053df1b3 0 0 xx xx xx xxxxxxxx x x x x x x x x x x x x x x x x x x x x
3b5c0043 0 0 xx xx xx xxxxxxxx x x x x x x x x x x x x x x x x x x x x
6e729773 0 0 xx xx xx xxxxxxxx x x x x x x x x x x x x x x x x x x x x
4f521fdb 0 0 xx xx xx xxxxxxxx x x x x x x x x x x x x x x x x x x x x
b0816adf 0 0 xx xx xx xxxxxxxx x x x x x x x x x x x x x x x x x x x x
75f47bf3 0 0 xx xx xx xxxxxxxx x x x x x x x x x x x x x x x x x x x x
ba194f1f 0 0 xx xx xx xxxxxxxx x x x x x x x x x x x x x x x x x x x x
de9977bf 0 0 xx xx xx xxxxxxxx x x x x x x x x x x x x x x x x x x x x
bf1ee323 0 0 xx xx xx xxxxxxxx x x x x x x x x x x x x x x x x x x x x
755fd377 0 0 xx xx xx xxxxxxxx x x x x x x x x x x x x x x x x x x x x
ab2c88a7 0 0 xx xx xx xxxxxxxx x x x x x x x x x x x x x x x x x x x x
feb62b33 0 0 xx xx xx xxxxxxxx x x x x x x x x x x x x x x x x x x x x
f8b73ecf 0 0 xx xx xx xxxxxxxx x x x x x x x x x x x x x x x x x x x x
02076443 0 0 xx xx xx xxxxxxxx x x x x x x x x x x x x x x x x x x x x
dacaacb3 0 0 xx xx xx xxxxxxxx x x x x x x x x x x x x x x x x x x x x
c0ecb347 0 0 xx xx xx xxxxxxxx x x x x x x x x x x x x x x x x x x x x
15d7812f 0 0 xx xx xx xxxxxxxx x x x x x x x x x x x x x x x x x x x x
8ea07b83 0 0 xx xx xx xxxxxxxx x x x x x x x x x x x x x x x x x x x x
f6dedbf3 0 0 xx xx xx xxxxxxxx x x x x x x x x x x x x x x x x x x x x
645d2057 0 0 xx xx xx xxxxxxxx x x x x x x x x x x x x x x x x x x x x
8a10f423 0 0 xx xx xx xxxxxxxx x x x x x x x x x x x x x x x x x x x x
a88c8373 0 0 xx xx xx xxxxxxxx x x x x x x x x x x x x x x x x x x x x
528b8a0b 0 0 xx xx xx xxxxxxxx x x x x x x x x x x x x x x x x x x x x
b71fde77 0 0 xx xx xx xxxxxxxx x x x x x x x x x x x x x x x x x x x x
4e840ef3 0 0 xx xx xx xxxxxxxx x x x x x x x x x x x x x x x x x x x x
820cbb2b 0 0 xx xx xx xxxxxxxx x x x x x x x x x x x x x x x x x x x x
14ce4edb 0 0 xx xx xx xxxxxxxx x x x x x x x x x x x x x x x x x x x x
cec3afd7 0 0 xx xx xx xxxxxxxx x x x x x x x x x x x x x x x x x x x x
35f66873 0 0 xx xx xx xxxxxxxx x x x x x x x x x x x x x x x x x x x x
3444b123 0 0 xx xx xx xxxxxxxx x x x x x x x x x x x x x x x x x x x x
5ad43f07 0 0 xx xx xx xxxxxxxx x x x x x x x x x x x x x x x x x x x x
61a21d8f 0 0 xx xx xx xxxxxxxx x x x x x x x x x x x x x x x x x x x x
7b4614f3 0 0 xx xx xx xxxxxxxx x x x x x x x x x x x x x x x x x x x x
30d6eda3 0 0 xx xx xx xxxxxxxx x x x x x x x x x x x x x x x x x x x x
cff1acf7 0 0 xx xx xx xxxxxxxx x x x x x x x x x x x x x x x x x x x x
6769c61b 0 0 xx xx xx xxxxxxxx x x x x x x x x x x x x x x x x x x x x
bb014933 0 0 xx xx xx xxxxxxxx x x x x x x x x x x x x x x x x x x x x
9246ffab 0 0 xx xx xx xxxxxxxx x x x x x x x x x x x x x x x x x x x x
a1fea4a7 0 0 xx xx xx xxxxxxxx x x x x x x x x x x x x x x x x x x x x
15ff50a3 0 0 xx xx xx xxxxxxxx x x x x x x x x x x x x x x x x x x x x
13965373 0 0 xx xx xx xxxxxxxx x x x x x x x x x x x x x x x x x x x x
fa15d213 0 0 xx xx xx xxxxxxxx x x x x x x x x x x x x x x x x x x x x
de2a0daf 0 0 xx xx xx xxxxxxxx x x x x x x x x x x x x x x x x x x x x
50875593 0 0 xx xx xx xxxxxxxx x x x x x x x x x x x x x x x x x x x x
fccc95d7 0 0 xx xx xx xxxxxxxx x x x x x x x x x x x x x x x x x x x x
115420b3 0 0 xx xx xx xxxxxxxx x x x x x x x x x x x x x x x x x x x x
803ff933 0 0 xx xx xx xxxxxxxx x x x x x x x x x x x x x x x x x x x x
3b279873 0 0 xx xx xx xxxxxxxx x x x x x x x x x x x x x x x x x x x x
61dd8fdf 0 0 xx xx xx xxxxxxxx x x x x x x x x x x x x x x x x x x x x
d6ff5773 0 0 xx xx xx xxxxxxxx x x x x x x x x x x x x x x x x x x x x
68865273 0 0 xx xx xx xxxxxxxx x x x x x x x x x x x x x x x x x x x x
10500073 0 0 xx xx xx xxxxxxxx x x x x x x x x x x x x x x x x x x x x
8a718827 0 0 xx xx xx xxxxxxxx x x x x x x x x x x x x x x x x x x x x
7ec4b1bb 0 0 xx xx xx xxxxxxxx x x x x x x x x x x x x x x x x x x x x
ecfdb0fb 0 0 xx xx xx xxxxxxxx x x x x x x x x x x x x x x x x x x x x
81f90fb3 0 0 xx xx xx xxxxxxxx x x x x x x x x x x x x x x x x x x x x
565e75f3 0 0 xx xx xx xxxxxxxx x x x x x x x x x x x x x x x x x x x x
8685a8f3 0 0 xx xx xx xxxxxxxx x x x x x x x x x x x x x x x x x x x x
6cf2999b 0 0 xx xx xx xxxxxxxx x x x x x x x x x x x x x x x x x x x x
3a98de73 0 0 xx xx xx xxxxxxxx x x x x x x x x x x x x x x x x x x x x
d9dbba8f 0 0 xx xx xx xxxxxxxx x x x x x x x x x x x x x x x x x x x x
810a9093 0 0 xx xx xx xxxxxxxx x x x x x x x x x x x x x x x x x x x x
2937c7bb 0 0 xx xx xx xxxxxxxx x x x x x x x x x x x x x x x x x x x x
24c9b2ab 0 0 xx xx xx xxxxxxxx x x x x x x x x x x x x x x x x x x x x
226423f3 0 0 xx xx xx xxxxxxxx x x x x x x x x x x x x x x x x x x x x
e7ef0373 0 0 xx xx xx xxxxxxxx x x x x x x x x x x x x x x x x x x x x
c85a7787 0 0 xx xx xx xxxxxxxx x x x x x x x x x x x x x x x x x x x x
02407033 0 0 xx xx xx xxxxxxxx x x x x x x x x x x x x x x x x x x x x
1a054353 0 0 xx xx xx xxxxxxxx x x x x x x x x x x x x x x x x x x x x
d986b163 0 0 xx xx xx xxxxxxxx x x x x x x x x x x x x x x x x x x x x
1b6823cf 0 0 xx xx xx xxxxxxxx x x x x x x x x x x x x x x x x x x x x
38a17603 0 0 xx xx xx xxxxxxxx x x x x x x x x x x x x x x x x x x x x
4ce2dfd3 0 0 xx xx xx xxxxxxxx x x x x x x x x x x x x x x x x x x x x
4f5f1d73 0 0 xx xx xx xxxxxxxx x x x x x x x x x x x x x x x x x x x x
440c65ff 0 0 xx xx xx xxxxxxxx x x x x x x x x x x x x x x x x x x x x
a0fd6b87 0 0 xx xx xx xxxxxxxx x x x x x x x x x x x x x x x x x x x x
24e0ce73 0 0 xx xx xx xxxxxxxx x x x x x x x x x x x x x x x x x x x x
06ad4733 0 0 xx xx xx xxxxxxxx x x x x x x x x x x x x x x x x x x x x
0a53745f 0 0 xx xx xx xxxxxxxx x x x x x x x x x x x x x x x x x x x x
134bf0c3 0 0 xx xx xx xxxxxxxx x x x x x x x x x x x x x x x x x x x x
2853ba43 0 0 xx xx xx xxxxxxxx x x x x x x x x x x x x x x x x x x x x
fb88ab4b 0 0 xx xx xx xxxxxxxx x x x x x x x x x x x x x x x x x x x x
ceb73473 0 0 xx xx xx xxxxxxxx x x x x x x x x x x x x x x x x x x x x
cbaedf43 0 0 xx xx xx xxxxxxxx x x x x x x x x x x x x x x x x x x x x
64cc1a33 0 0 xx xx xx xxxxxxxx x x x x x x x x x x x x x x x x x x x x
abb07523 0 0 xx xx xx xxxxxxxx x x x x x x x x x x x x x x x x x x x x
0ae28687 0 0 xx xx xx xxxxxxxx x x x x x x x x x x x x x x x x x x x x
9679cba3 0 0 xx xx xx xxxxxxxx x x x x x x x x x x x x x x x x x x x x
bee25d73 0 0 xx xx xx xxxxxxxx x x x x x x x x x x x x x x x x x x x x
07ba72c7 0 0 xx xx xx xxxxxxxx x x x x x x x x x x x x x x x x x x x x
3c8092f3 0 0 xx xx xx xxxxxxxx x x x x x x x x x x x x x x x x x x x x
0ff30fcf 0 0 xx xx xx xxxxxxxx x x x x x x x x x x x x x x x x x x x x
169f9bb3 0 0 xx xx xx xxxxxxxx x x x x x x x x x x x x x x x x x x x x
da0ee98b 0 0 xx xx xx xxxxxxxx x x x x x x x x x x x x x x x x x x x x
0413a557 0 0 xx xx xx xxxxxxxx x x x x x x x x x x x x x x x x x x x x
856011d7 0 0 xx xx xx xxxxxxxx x x x x x x x x x x x x x x x x x x x x
292338cb 0 0 xx xx xx xxxxxxxx x x x x x x x x x x x x x x x x x x x x
2effb087 0 0 xx xx xx xxxxxxxx x x x x x x x x x x x x x x x x x x x x
08872bd3 0 0 xx xx xx xxxxxxxx x x x x x x x x x x x x x x x x x x x x
03974473 0 0 xx xx xx xxxxxxxx x x x x x x x x x x x x x x x x x x x x
f2359487 0 0 xx xx xx xxxxxxxx x x x x x x x x x x x x x x x x x x x x
40306d57 0 0 xx xx xx xxxxxxxx x x x x x x x x x x x x x x x x x x x x
93c48a5f 0 0 xx xx xx xxxxxxxx x x x x x x x x x x x x x x x x x x x x
9675cd8f 0 0 xx xx xx xxxxxxxx x x x x x x x x x x x x x x x x x x x x
b8bca187 0 0 xx xx xx xxxxxxxx x x x x x x x x x x x x x x x x x x x x
f3ba2c4f 0 0 xx xx xx xxxxxxxx x x x x x x x x x x x x x x x x x x x x
048ae89b 0 0 xx xx xx xxxxxxxx x x x x x x x x x x x x x x x x x x x x
a43e3bf3 0 0 xx xx xx xxxxxxxx x x x x x x x x x x x x x x x x x x x x
a8b486cf 0 0 xx xx xx xxxxxxxx x x x x x x x x x x x x x x x x x x x x
8ca16303 0 0 xx xx xx xxxxxxxx x x x x x x x x x x x x x x x x x x x x
f302a6f3 0 0 xx xx xx xxxxxxxx x x x x x x x x x x x x x x x x x x x x
b2c8731b 0 0 xx xx xx xxxxxxxx x x x x x x x x x x x x x x x x x x x x
a0020e33 0 0 xx xx xx xxxxxxxx x x x x x x x x x x x x x x x x x x x x
2d507723 0 0 xx xx xx xxxxxxxx x x x x x x x x x x x x x x x x x x x x
a35f0873 0 0 xx xx xx xxxxxxxx x x x x x x x x x x x x x x x x x x x x
04a6262b 0 0 xx xx xx xxxxxxxx x x x x x x x x x x x x x x x x x x x x
184e28e3 0 0 xx xx xx xxxxxxxx x x x x x x x x x x x x x x x x x x x x
a522d19b 0 0 xx xx xx xxxxxxxx x x x x x x x x x x x x x x x x x x x x
2ad571eb 0 0 xx xx xx xxxxxxxx x x x x x x x x x x x x x x x x x x x x
0434b833 0 0 xx xx xx xxxxxxxx x x x x x x x x x x x x x x x x x x x x
6641c1db 0 0 xx xx xx xxxxxxxx x x x x x x x x x x x x x x x x x x x x
7f97bf33 0 0 xx xx xx xxxxxxxx x x x x x x x x x x x x x x x x x x x x
07e1688b 0 0 xx xx xx xxxxxxxx x x x x x x x x x x x x x x x x x x x x
ab76aa07 0 0 xx xx xx xxxxxxxx x x x x x x x x x x x x x x x x x x x x
8dbd628b 0 0 xx xx xx xxxxxxxx x x x x x x x x x x x x x x x x x x x x
e86c9b43 0 0 xx xx xx xxxxxxxx x x x x x x x x x x x x x x x x x x x x
f476d213 0 0 xx xx xx xxxxxxxx x x x x x x x x x x x x x x x x x x x x
aba86bb3 0 0 xx xx xx xxxxxxxx x x x x x x x x x x x x x x x x x x x x
865cef5f 0 0 xx xx xx xxxxxxxx x x x x x x x x x x x x x x x x x x x x
8579c18b 0 0 xx xx xx xxxxxxxx x x x x x x x x x x x x x x x x x x x x
b13c03f7 0 0 xx xx xx xxxxxxxx x x x x x x x x x x x x x x x x x x x x
ab79cd7b 0 0 xx xx xx xxxxxxxx x x x x x x x x x x x x x x x x x x x x
e69cc54b 0 0 xx xx xx xxxxxxxx x x x x x x x x x x x x x x x x x x x x
c36b2363 0 0 xx xx xx xxxxxxxx x x x x x x x x x x x x x x x x x x x x
8e554633 0 0 xx xx xx xxxxxxxx x x x x x x x x x x x x x x x x x x x x
62cdcd0f 0 0 xx xx xx xxxxxxxx x x x x x x x x x x x x x x x x x x x x
552450df 0 0 xx xx xx xxxxxxxx x x x x x x x x x x x x x x x x x x x x
2248e683 0 0 xx xx xx xxxxxxxx x x x x x x x x x x x x x x x x x x x x
bf7637f3 0 0 xx xx xx xxxxxxxx x x x x x x x x x x x x x x x x x x x x
a48a6533 0 0 xx xx xx xxxxxxxx x x x x x x x x x x x x x x x x x x x x
ad023de3 0 0 xx xx xx xxxxxxxx x x x x x x x x x x x x x x x x x x x x
66b36ff3 0 0 xx xx xx xxxxxxxx x x x x x x x x x x x x x x x x x x x x
4cdf5e23 0 0 xx xx xx xxxxxxxx x x x x x x x x x x x x x x x x x x x x
59ced993 0 0 xx xx xx xxxxxxxx x x x x x x x x x x x x x x x x x x x x
253c200f 0 0 xx xx xx xxxxxxxx x x x x x x x x x x x x x x x x x x x x
221125c7 0 0 xx xx xx xxxxxxxx x x x x x x x x x x x x x x x x x x x x
00f2a373 0 0 xx xx xx xxxxxxxx x x x x x x x x x x x x x x x x x x x x
fe2f198f 0 0 xx xx xx xxxxxxxx x x x x x x x x x x x x x x x x x x x x
80af1593 0 0 xx xx xx xxxxxxxx x x x x x x x x x x x x x x x x x x x x
73adfeab 0 0 xx xx xx xxxxxxxx x x x x x x x x x x x x x x x x x x x x
46d57d1b 0 0 xx xx xx xxxxxxxx x x x x x x x x x x x x x x x x x x x x
ec3a4447 0 0 xx xx xx xxxxxxxx x x x x x x x x x x x x x x x x x x x x
81c93033 0 0 xx xx xx xxxxxxxx x x x x x x x x x x x x x x x x x x x x
3cc11313 0 0 xx xx xx xxxxxxxx x x x x x x x x x x x x x x x x x x x x
6881503b 0 0 xx xx xx xxxxxxxx x x x x x x x x x x x x x x x x x x x x
88742cdb 0 0 xx xx xx xxxxxxxx x x x x x x x x x x x x x x x x x x x x
37ff57b3 0 0 xx xx xx xxxxxxxx x x x x x x x x x x x x x x x x x x x x
89cfa3f3 0 0 xx xx xx xxxxxxxx x x x x x x x x x x x x x x x x x x x x
bde183f3 0 0 xx xx xx xxxxxxxx x x x x x x x x x x x x x x x x x x x x
57ab7c23 0 0 xx xx xx xxxxxxxx x x x x x x x x x x x x x x x x x x x x
d2269efb 0 0 xx xx xx xxxxxxxx x x x x x x x x x x x x x x x x x x x x
20c31b93 0 0 xx xx xx xxxxxxxx x x x x x x x x x x x x x x x x x x x x
62764fa3 0 0 xx xx xx xxxxxxxx x x x x x x x x x x x x x x x x x x x x
020027b3 0 0 xx xx xx xxxxxxxx x x x x x x x x x x x x x x x x x x x x
39b3d5f3 0 0 xx xx xx xxxxxxxx x x x x x x x x x x x x x x x x x x x x
50f6ba5b 0 0 xx xx xx xxxxxxxx x x x x x x x x x x x x x x x x x x x x
f96d6e03 0 0 xx xx xx xxxxxxxx x x x x x x x x x x x x x x x x x x x x
27688853 0 0 xx xx xx xxxxxxxx x x x x x x x x x x x x x x x x x x x x
ac464173 0 0 xx xx xx xxxxxxxx x x x x x x x x x x x x x x x x x x x x
cb6f013b 0 0 xx xx xx xxxxxxxx x x x x x x x x x x x x x x x x x x x x
b8169893 0 0 xx xx xx xxxxxxxx x x x x x x x x x x x x x x x x x x x x
1ece7923 0 0 xx xx xx xxxxxxxx x x x x x x x x x x x x x x x x x x x x
c7b99343 0 0 xx xx xx xxxxxxxx x x x x x x x x x x x x x x x x x x x x
81ca4bb3 0 0 xx xx xx xxxxxxxx x x x x x x x x x x x x x x x x x x x x
e462cb73 0 0 xx xx xx xxxxxxxx x x x x x x x x x x x x x x x x x x x x
622d3a8f 0 0 xx xx xx xxxxxxxx x x x x x x x x x x x x x x x x x x x x
a6459efb 0 0 xx xx xx xxxxxxxx x x x x x x x x x x x x x x x x x x x x
408cb3bb 0 0 xx xx xx xxxxxxxx x x x x x x x x x x x x x x x x x x x x
5609431b 0 0 xx xx xx xxxxxxxx x x x x x x x x x x x x x x x x x x x x
9de11e7f 0 0 xx xx xx xxxxxxxx x x x x x x x x x x x x x x x x x x x x
205e76b3 0 0 xx xx xx xxxxxxxx x x x x x x x x x x x x x x x x x x x x
0a504b73 0 0 xx xx xx xxxxxxxx x x x x x x x x x x x x x x x x x x x x
ac46ff0f 0 0 xx xx xx xxxxxxxx x x x x x x x x x x x x x x x x x x x x
5fa32547 0 0 xx xx xx xxxxxxxx x x x x x x x x x x x x x x x x x x x x
0be7c287 0 0 xx xx xx xxxxxxxx x x x x x x x x x x x x x x x x x x x x
da589673 0 0 xx xx xx xxxxxxxx x x x x x x x x x x x x x x x x x x x x
80bae803 0 0 xx xx xx xxxxxxxx x x x x x x x x x x x x x x x x x x x x
967ccff3 0 0 xx xx xx xxxxxxxx x x x x x x x x x x x x x x x x x x x x
c1da2cfb 0 0 xx xx xx xxxxxxxx x x x x x x x x x x x x x x x x x x x x
f5c838f3 0 0 xx xx xx xxxxxxxx x x x x x x x x x x x x x x x x x x x x
9de759c7 0 0 xx xx xx xxxxxxxx x x x x x x x x x x x x x x x x x x x x
885b544b 0 0 xx xx xx xxxxxxxx x x x x x x x x x x x x x x x x x x x x
ba807353 0 0 xx xx xx xxxxxxxx x x x x x x x x x x x x x x x x x x x x
4ecaeed7 0 0 xx xx xx xxxxxxxx x x x x x x x x x x x x x x x x x x x x
8d232733 0 0 xx xx xx xxxxxxxx x x x x x x x x x x x x x x x x x x x x
0bb5de13 0 0 xx xx xx xxxxxxxx x x x x x x x x x x x x x x x x x x x x
237cdc4f 0 0 xx xx xx xxxxxxxx x x x x x x x x x x x x x x x x x x x x
737d855b 0 0 xx xx xx xxxxxxxx x x x x x x x x x x x x x x x x x x x x
78f4ef6b 0 0 xx xx xx xxxxxxxx x x x x x x x x x x x x x x x x x x x x
f467026b 0 0 xx xx xx xxxxxxxx x x x x x x x x x x x x x x x x x x x x
b035c0c3 0 0 xx xx xx xxxxxxxx x x x x x x x x x x x x x x x x x x x x
22138273 0 0 xx xx xx xxxxxxxx x x x x x x x x x x x x x x x x x x x x
140022b3 0 0 xx xx xx xxxxxxxx x x x x x x x x x x x x x x x x x x x x
174400f3 0 0 xx xx xx xxxxxxxx x x x x x x x x x x x x x x x x x x x x
200b4133 0 0 xx xx xx xxxxxxxx x x x x x x x x x x x x x x x x x x x x
2f502a3b 0 0 xx xx xx xxxxxxxx x x x x x x x x x x x x x x x x x x x x
3a2e6123 0 0 xx xx xx xxxxxxxx x x x x x x x x x x x x x x x x x x x x
1be76a27 0 0 xx xx xx xxxxxxxx x x x x x x x x x x x x x x x x x x x x
e714a66b 0 0 xx xx xx xxxxxxxx x x x x x x x x x x x x x x x x x x x x
8b9d579b 0 0 xx xx xx xxxxxxxx x x x x x x x x x x x x x x x x x x x x
bc98cf23 0 0 xx xx xx xxxxxxxx x x x x x x x x x x x x x x x x x x x x
8180d427 0 0 xx xx xx xxxxxxxx x x x x x x x x x x x x x x x x x x x x
1afda18f 0 0 xx xx xx xxxxxxxx x x x x x x x x x x x x x x x x x x x x
55ea0bc7 0 0 xx xx xx xxxxxxxx x x x x x x x x x x x x x x x x x x x x
7d0dc173 0 0 xx xx xx xxxxxxxx x x x x x x x x x x x x x x x x x x x x
79bdc9a3 0 0 xx xx xx xxxxxxxx x x x x x x x x x x x x x x x x x x x x
780b919b 0 0 xx xx xx xxxxxxxx x x x x x x x x x x x x x x x x x x x x
2b5879a3 0 0 xx xx xx xxxxxxxx x x x x x x x x x x x x x x x x x x x x
bcee51fb 0 0 xx xx xx xxxxxxxx x x x x x x x x x x x x x x x x x x x x
3c0da733 0 0 xx xx xx xxxxxxxx x x x x x x x x x x x x x x x x x x x x
5096275b 0 0 xx xx xx xxxxxxxx x x x x x x x x x x x x x x x x x x x x
29dbc0b3 0 0 xx xx xx xxxxxxxx x x x x x x x x x x x x x x x x x x x x
bba3560b 0 0 xx xx xx xxxxxxxx x x x x x x x x x x x x x x x x x x x x
d591c023 0 0 xx xx xx xxxxxxxx x x x x x x x x x x x x x x x x x x x x
f2670933 0 0 xx xx xx xxxxxxxx x x x x x x x x x x x x x x x x x x x x
e44970a7 0 0 xx xx xx xxxxxxxx x x x x x x x x x x x x x x x x x x x x
d68ee2bf 0 0 xx xx xx xxxxxxxx x x x x x x x x x x x x x x x x x x x x
30da677f 0 0 xx xx xx xxxxxxxx x x x x x x x x x x x x x x x x x x x x
e071bf0b 0 0 xx xx xx xxxxxxxx x x x x x x x x x x x x x x x x x x x x
5b3edd5f 0 0 xx xx xx xxxxxxxx x x x x x x x x x x x x x x x x x x x x
321dfa0b 0 0 xx xx xx xxxxxxxx x x x x x x x x x x x x x x x x x x x x
ef4cf623 0 0 xx xx xx xxxxxxxx x x x x x x x x x x x x x x x x x x x x
176e591f 0 0 xx xx xx xxxxxxxx x x x x x x x x x x x x x x x x x x x x
2257559b 0 0 xx xx xx xxxxxxxx x x x x x x x x x x x x x x x x x x x x
67b4839b 0 0 xx xx xx xxxxxxxx x x x x x x x x x x x x x x x x x x x x
2e93914f 0 0 xx xx xx xxxxxxxx x x x x x x x x x x x x x x x x x x x x
132d47b3 0 0 xx xx xx xxxxxxxx x x x x x x x x x x x x x x x x x x x x
341bad5b 0 0 xx xx xx xxxxxxxx x x x x x x x x x x x x x x x x x x x x
0f61b13b 0 0 xx xx xx xxxxxxxx x x x x x x x x x x x x x x x x x x x x
ef3a8d73 0 0 xx xx xx xxxxxxxx x x x x x x x x x x x x x x x x x x x x
fa1c9177 0 0 xx xx xx xxxxxxxx x x x x x x x x x x x x x x x x x x x x
4da0bbc3 0 0 xx xx xx xxxxxxxx x x x x x x x x x x x x x x x x x x x x
9bfa008f 0 0 xx xx xx xxxxxxxx x x x x x x x x x x x x x x x x x x x x
4dc7dda7 0 0 xx xx xx xxxxxxxx x x x x x x x x x x x x x x x x x x x x
3dadb673 0 0 xx xx xx xxxxxxxx x x x x x x x x x x x x x x x x x x x x
714be17f 0 0 xx xx xx xxxxxxxx x x x x x x x x x x x x x x x x x x x x
5b31dc6b 0 0 xx xx xx xxxxxxxx x x x x x x x x x x x x x x x x x x x x
450357ab 0 0 xx xx xx xxxxxxxx x x x x x x x x x x x x x x x x x x x x
b98ca873 0 0 xx xx xx xxxxxxxx x x x x x x x x x x x x x x x x x x x x
0a5dfef3 0 0 xx xx xx xxxxxxxx x x x x x x x x x x x x x x x x x x x x
29f857b3 0 0 xx xx xx xxxxxxxx x x x x x x x x x x x x x x x x x x x x
8045664f 0 0 xx xx xx xxxxxxxx x x x x x x x x x x x x x x x x x x x x
1d35dddb 0 0 xx xx xx xxxxxxxx x x x x x x x x x x x x x x x x x x x x
68f6cf0b 0 0 xx xx xx xxxxxxxx x x x x x x x x x x x x x x x x x x x x
caa30387 0 0 xx xx xx xxxxxxxx x x x x x x x x x x x x x x x x x x x x
1b7556cf 0 0 xx xx xx xxxxxxxx x x x x x x x x x x x x x x x x x x x x
2e60801b 0 0 xx xx xx xxxxxxxx x x x x x x x x x x x x x x x x x x x x
f95d231b 0 0 xx xx xx xxxxxxxx x x x x x x x x x x x x x x x x x x x x
2a4e7f83 0 0 xx xx xx xxxxxxxx x x x x x x x x x x x x x x x x x x x x
763c14d7 0 0 xx xx xx xxxxxxxx x x x x x x x x x x x x x x x x x x x x
11b1fab3 0 0 xx xx xx xxxxxxxx x x x x x x x x x x x x x x x x x x x x
87c7e033 0 0 xx xx xx xxxxxxxx x x x x x x x x x x x x x x x x x x x x
0a0bdb23 0 0 xx xx xx xxxxxxxx x x x x x x x x x x x x x x x x x x x x
cb44b803 0 0 xx xx xx xxxxxxxx x x x x x x x x x x x x x x x x x x x x
446e448f 0 0 xx xx xx xxxxxxxx x x x x x x x x x x x x x x x x x x x x
6f8aef3b 0 0 xx xx xx xxxxxxxx x x x x x x x x x x x x x x x x x x x x
d756a13f 0 0 xx xx xx xxxxxxxx x x x x x x x x x x x x x x x x x x x x
5df0b663 0 0 xx xx xx xxxxxxxx x x x x x x x x x x x x x x x x x x x x
27e7ccf3 0 0 xx xx xx xxxxxxxx x x x x x x x x x x x x x x x x x x x x
6d8d1e13 0 0 xx xx xx xxxxxxxx x x x x x x x x x x x x x x x x x x x x
b053d1f3 0 0 xx xx xx xxxxxxxx x x x x x x x x x x x x x x x x x x x x
a63e27f3 0 0 xx xx xx xxxxxxxx x x x x x x x x x x x x x x x x x x x x
b426fbb3 0 0 xx xx xx xxxxxxxx x x x x x x x x x x x x x x x x x x x x
66d2811f 0 0 xx xx xx xxxxxxxx x x x x x x x x x x x x x x x x x x x x
b0b11073 0 0 xx xx xx xxxxxxxx x x x x x x x x x x x x x x x x x x x x
332cd5df 0 0 xx xx xx xxxxxxxx x x x x x x x x x x x x x x x x x x x x
4f5ce747 0 0 xx xx xx xxxxxxxx x x x x x x x x x x x x x x x x x x x x
4f665073 0 0 xx xx xx xxxxxxxx x x x x x x x x x x x x x x x x x x x x
9609daf3 0 0 xx xx xx xxxxxxxx x x x x x x x x x x x x x x x x x x x x
08ba960f 0 0 xx xx xx xxxxxxxx x x x x x x x x x x x x x x x x x x x x
66e2fe33 0 0 xx xx xx xxxxxxxx x x x x x x x x x x x x x x x x x x x x
42fa5ff3 0 0 xx xx xx xxxxxxxx x x x x x x x x x x x x x x x x x x x x
41c41543 0 0 xx xx xx xxxxxxxx x x x x x x x x x x x x x x x x x x x x
3b26016b 0 0 xx xx xx xxxxxxxx x x x x x x x x x x x x x x x x x x x x
c3ebe20f 0 0 xx xx xx xxxxxxxx x x x x x x x x x x x x x x x x x x x x
816ed9b3 0 0 xx xx xx xxxxxxxx x x x x x x x x x x x x x x x x x x x x
436d0273 0 0 xx xx xx xxxxxxxx x x x x x x x x x x x x x x x x x x x x
40be97d3 0 0 xx xx xx xxxxxxxx x x x x x x x x x x x x x x x x x x x x
cb854db3 0 0 xx xx xx xxxxxxxx x x x x x x x x x x x x x x x x x x x x
88aad723 0 0 xx xx xx xxxxxxxx x x x x x x x x x x x x x x x x x x x x
02b38933 0 0 xx xx xx xxxxxxxx x x x x x x x x x x x x x x x x x x x x
1ba2c77b 0 0 xx xx xx xxxxxxxx x x x x x x x x x x x x x x x x x x x x
8bea59bb 0 0 xx xx xx xxxxxxxx x x x x x x x x x x x x x x x x x x x x
6ceff75b 0 0 xx xx xx xxxxxxxx x x x x x x x x x x x x x x x x x x x x
6da23d77 0 0 xx xx xx xxxxxxxx x x x x x x x x x x x x x x x x x x x x
2435c043 0 0 xx xx xx xxxxxxxx x x x x x x x x x x x x x x x x x x x x
811d6833 0 0 xx xx xx xxxxxxxx x x x x x x x x x x x x x x x x x x x x
1cf80157 0 0 xx xx xx xxxxxxxx x x x x x x x x x x x x x x x x x x x x
d046fbbb 0 0 xx xx xx xxxxxxxx x x x x x x x x x x x x x x x x x x x x
a5979db3 0 0 xx xx xx xxxxxxxx x x x x x x x x x x x x x x x x x x x x
28a239f7 0 0 xx xx xx xxxxxxxx x x x x x x x x x x x x x x x x x x x x
8bf5447b 0 0 xx xx xx xxxxxxxx x x x x x x x x x x x x x x x x x x x x
2c11a50b 0 0 xx xx xx xxxxxxxx x x x x x x x x x x x x x x x x x x x x
48055b7f 0 0 xx xx xx xxxxxxxx x x x x x x x x x x x x x x x x x x x x
32cc2833 0 0 xx xx xx xxxxxxxx x x x x x x x x x x x x x x x x x x x x
e51ba72f 0 0 xx xx xx xxxxxxxx x x x x x x x x x x x x x x x x x x x x
526bfca3 0 0 xx xx xx xxxxxxxx x x x x x x x x x x x x x x x x x x x x
16c0d4a3 0 0 xx xx xx xxxxxxxx x x x x x x x x x x x x x x x x x x x x
cfdeec4f 0 0 xx xx xx xxxxxxxx x x x x x x x x x x x x x x x x x x x x
6ff6f9db 0 0 xx xx xx xxxxxxxx x x x x x x x x x x x x x x x x x x x x
da2337e3 0 0 xx xx xx xxxxxxxx x x x x x x x x x x x x x x x x x x x x
838e58c7 0 0 xx xx xx xxxxxxxx x x x x x x x x x x x x x x x x x x x x
d7c0c8a3 0 0 xx xx xx xxxxxxxx x x x x x x x x x x x x x x x x x x x x
03de1607 0 0 xx xx xx xxxxxxxx x x x x x x x x x x x x x x x x x x x x
83a36123 0 0 xx xx xx xxxxxxxx x x x x x x x x x x x x x x x x x x x x
a2e36187 0 0 xx xx xx xxxxxxxx x x x x x x x x x x x x x x x x x x x x
8300d59b 0 0 xx xx xx xxxxxxxx x x x x x x x x x x x x x x x x x x x x
c94a9dbf 0 0 xx xx xx xxxxxxxx x x x x x x x x x x x x x x x x x x x x
3f14a8db 0 0 xx xx xx xxxxxxxx x x x x x x x x x x x x x x x x x x x x
779e153b 0 0 xx xx xx xxxxxxxx x x x x x x x x x x x x x x x x x x x x
cc76fca3 0 0 xx xx xx xxxxxxxx x x x x x x x x x x x x x x x x x x x x
04aa4dc3 0 0 xx xx xx xxxxxxxx x x x x x x x x x x x x x x x x x x x x
422453b3 0 0 xx xx xx xxxxxxxx x x x x x x x x x x x x x x x x x x x x
44f09757 0 0 xx xx xx xxxxxxxx x x x x x x x x x x x x x x x x x x x x
7b0e8673 0 0 xx xx xx xxxxxxxx x x x x x x x x x x x x x x x x x x x x
1c0a081b 0 0 xx xx xx xxxxxxxx x x x x x x x x x x x x x x x x x x x x
074b09ab 0 0 xx xx xx xxxxxxxx x x x x x x x x x x x x x x x x x x x x
b52aff23 0 0 xx xx xx xxxxxxxx x x x x x x x x x x x x x x x x x x x x
1d8c2943 0 0 xx xx xx xxxxxxxx x x x x x x x x x x x x x x x x x x x x
21599793 0 0 xx xx xx xxxxxxxx x x x x x x x x x x x x x x x x x x x x
038281b3 0 0 xx xx xx xxxxxxxx x x x x x x x x x x x x x x x x x x x x
5a8867c7 0 0 xx xx xx xxxxxxxx x x x x x x x x x x x x x x x x x x x x
5cc958eb 0 0 xx xx xx xxxxxxxx x x x x x x x x x x x x x x x x x x x x
795264fb 0 0 xx xx xx xxxxxxxx x x x x x x x x x x x x x x x x x x x x
7508634b 0 0 xx xx xx xxxxxxxx x x x x x x x x x x x x x x x x x x x x
cc07e207 0 0 xx xx xx xxxxxxxx x x x x x x x x x x x x x x x x x x x x
879edb1b 0 0 xx xx xx xxxxxxxx x x x x x x x x x x x x x x x x x x x x
403c72f3 0 0 xx xx xx xxxxxxxx x x x x x x x x x x x x x x x x x x x x
02cfbfb3 0 0 xx xx xx xxxxxxxx x x x x x x x x x x x x x x x x x x x x
8f2f0947 0 0 xx xx xx xxxxxxxx x x x x x x x x x x x x x x x x x x x x
36873e33 0 0 xx xx xx xxxxxxxx x x x x x x x x x x x x x x x x x x x x
579bd373 0 0 xx xx xx xxxxxxxx x x x x x x x x x x x x x x x x x x x x
e642e283 0 0 xx xx xx xxxxxxxx x x x x x x x x x x x x x x x x x x x x
57d0b41b 0 0 xx xx xx xxxxxxxx x x x x x x x x x x x x x x x x x x x x
7ee5d073 0 0 xx xx xx xxxxxxxx x x x x x x x x x x x x x x x x x x x x
ad00d7d3 0 0 xx xx xx xxxxxxxx x x x x x x x x x x x x x x x x x x x x
d1d115f7 0 0 xx xx xx xxxxxxxx x x x x x x x x x x x x x x x x x x x x
2fe30bdb 0 0 xx xx xx xxxxxxxx x x x x x x x x x x x x x x x x x x x x
818fc4eb 0 0 xx xx xx xxxxxxxx x x x x x x x x x x x x x x x x x x x x
e9c1b223 0 0 xx xx xx xxxxxxxx x x x x x x x x x x x x x x x x x x x x
cf3d924b 0 0 xx xx xx xxxxxxxx x x x x x x x x x x x x x x x x x x x x
317ef13b 0 0 xx xx xx xxxxxxxx x x x x x x x x x x x x x x x x x x x x
80e57973 0 0 xx xx xx xxxxxxxx x x x x x x x x x x x x x x x x x x x x
0228e983 0 0 xx xx xx xxxxxxxx x x x x x x x x x x x x x x x x x x x x
66aa9b2f 0 0 xx xx xx xxxxxxxx x x x x x x x x x x x x x x x x x x x x
c09b272f 0 0 xx xx xx xxxxxxxx x x x x x x x x x x x x x x x x x x x x
6ef1d6a3 0 0 xx xx xx xxxxxxxx x x x x x x x x x x x x x x x x x x x x
031b030f 0 0 xx xx xx xxxxxxxx x x x x x x x x x x x x x x x x x x x x
32e35c2f 0 0 xx xx xx xxxxxxxx x x x x x x x x x x x x x x x x x x x x
046ddcb3 0 0 xx xx xx xxxxxxxx x x x x x x x x x x x x x x x x x x x x
8e268e5b 0 0 xx xx xx xxxxxxxx x x x x x x x x x x x x x x x x x x x x
35a2845f 0 0 xx xx xx xxxxxxxx x x x x x x x x x x x x x x x x x x x x
539d6383 0 0 xx xx xx xxxxxxxx x x x x x x x x x x x x x x x x x x x x
0be0052b 0 0 xx xx xx xxxxxxxx x x x x x x x x x x x x x x x x x x x x
7fcb03c7 0 0 xx xx xx xxxxxxxx x x x x x x x x x x x x x x x x x x x x
11c88bab 0 0 xx xx xx xxxxxxxx x x x x x x x x x x x x x x x x x x x x
d1217ebb 0 0 xx xx xx xxxxxxxx x x x x x x x x x x x x x x x x x x x x
66763e57 0 0 xx xx xx xxxxxxxx x x x x x x x x x x x x x x x x x x x x
3d0349b3 0 0 xx xx xx xxxxxxxx x x x x x x x x x x x x x x x x x x x x
6386d693 0 0 xx xx xx xxxxxxxx x x x x x x x x x x x x x x x x x x x x
53cd332b 0 0 xx xx xx xxxxxxxx x x x x x x x x x x x x x x x x x x x x
e90fa7cf 0 0 xx xx xx xxxxxxxx x x x x x x x x x x x x x x x x x x x x
8d974e23 0 0 xx xx xx xxxxxxxx x x x x x x x x x x x x x x x x x x x x
9bb1bee3 0 0 xx xx xx xxxxxxxx x x x x x x x x x x x x x x x x x x x x
bd33ffeb 0 0 xx xx xx xxxxxxxx x x x x x x x x x x x x x x x x x x x x
d2651657 0 0 xx xx xx xxxxxxxx x x x x x x x x x x x x x x x x x x x x
24503703 0 0 xx xx xx xxxxxxxx x x x x x x x x x x x x x x x x x x x x
25d56d57 0 0 xx xx xx xxxxxxxx x x x x x x x x x x x x x x x x x x x x
64baeedf 0 0 xx xx xx xxxxxxxx x x x x x x x x x x x x x x x x x x x x
ae570dbb 0 0 xx xx xx xxxxxxxx x x x x x x x x x x x x x x x x x x x x
a5dec29f 0 0 xx xx xx xxxxxxxx x x x x x x x x x x x x x x x x x x x x
0ce0cab3 0 0 xx xx xx xxxxxxxx x x x x x x x x x x x x x x x x x x x x
b63a9107 0 0 xx xx xx xxxxxxxx x x x x x x x x x x x x x x x x x x x x
040ecc33 0 0 xx xx xx xxxxxxxx x x x x x x x x x x x x x x x x x x x x
c3b8025f 0 0 xx xx xx xxxxxxxx x x x x x x x x x x x x x x x x x x x x
3ad962b3 0 0 xx xx xx xxxxxxxx x x x x x x x x x x x x x x x x x x x x
dd059c13 0 0 xx xx xx xxxxxxxx x x x x x x x x x x x x x x x x x x x x
ad887177 0 0 xx xx xx xxxxxxxx x x x x x x x x x x x x x x x x x x x x
beccb2fb 0 0 xx xx xx xxxxxxxx x x x x x x x x x x x x x x x x x x x x
5b5f03f7 0 0 xx xx xx xxxxxxxx x x x x x x x x x x x x x x x x x x x x
5eedcf77 0 0 xx xx xx xxxxxxxx x x x x x x x x x x x x x x x x x x x x
40aac133 0 0 xx xx xx xxxxxxxx x x x x x x x x x x x x x x x x x x x x
7ab2f203 0 0 xx xx xx xxxxxxxx x x x x x x x x x x x x x x x x x x x x
41899b13 0 0 xx xx xx xxxxxxxx x x x x x x x x x x x x x x x x x x x x
e4acd457 0 0 xx xx xx xxxxxxxx x x x x x x x x x x x x x x x x x x x x
76523fb3 0 0 xx xx xx xxxxxxxx x x x x x x x x x x x x x x x x x x x x
8e6c7edf 0 0 xx xx xx xxxxxxxx x x x x x x x x x x x x x x x x x x x x
2550c833 0 0 xx xx xx xxxxxxxx x x x x x x x x x x x x x x x x x x x x
a4433507 0 0 xx xx xx xxxxxxxx x x x x x x x x x x x x x x x x x x x x
2ed228c3 0 0 xx xx xx xxxxxxxx x x x x x x x x x x x x x x x x x x x x
452a3e23 0 0 xx xx xx xxxxxxxx x x x x x x x x x x x x x x x x x x x x
134d2b57 0 0 xx xx xx xxxxxxxx x x x x x x x x x x x x x x x x x x x x
3b2b3827 0 0 xx xx xx xxxxxxxx x x x x x x x x x x x x x x x x x x x x
0e2f54b3 0 0 xx xx xx xxxxxxxx x x x x x x x x x x x x x x x x x x x x
c9c8b033 0 0 xx xx xx xxxxxxxx x x x x x x x x x x x x x x x x x x x x
d2e93977 0 0 xx xx xx xxxxxxxx x x x x x x x x x x x x x x x x x x x x
f081db87 0 0 xx xx xx xxxxxxxx x x x x x x x x x x x x x x x x x x x x
d29118ab 0 0 xx xx xx xxxxxxxx x x x x x x x x x x x x x x x x x x x x
f9256683 0 0 xx xx xx xxxxxxxx x x x x x x x x x x x x x x x x x x x x
e1b783db 0 0 xx xx xx xxxxxxxx x x x x x x x x x x x x x x x x x x x x
3838bdf3 0 0 xx xx xx xxxxxxxx x x x x x x x x x x x x x x x x x x x x
1a19f10b 0 0 xx xx xx xxxxxxxx x x x x x x x x x x x x x x x x x x x x
1aeb7ef3 0 0 xx xx xx xxxxxxxx x x x x x x x x x x x x x x x x x x x x
b32f364f 0 0 xx xx xx xxxxxxxx x x x x x x x x x x x x x x x x x x x x
183a112b 0 0 xx xx xx xxxxxxxx x x x x x x x x x x x x x x x x x x x x
22a8e52f 0 0 xx xx xx xxxxxxxx x x x x x x x x x x x x x x x x x x x x
d42b63ff 0 0 xx xx xx xxxxxxxx x x x x x x x x x x x x x x x x x x x x
7b0d7bc7 0 0 xx xx xx xxxxxxxx x x x x x x x x x x x x x x x x x x x x
b0e27343 0 0 xx xx xx xxxxxxxx x x x x x x x x x x x x x x x x x x x x
376392f3 0 0 xx xx xx xxxxxxxx x x x x x x x x x x x x x x x x x x x x
c08be6bf 0 0 xx xx xx xxxxxxxx x x x x x x x x x x x x x x x x x x x x
2e960827 0 0 xx xx xx xxxxxxxx x x x x x x x x x x x x x x x x x x x x
501db08b 0 0 xx xx xx xxxxxxxx x x x x x x x x x x x x x x x x x x x x
36d8963b 0 0 xx xx xx xxxxxxxx x x x x x x x x x x x x x x x x x x x x
ecceb677 0 0 xx xx xx xxxxxxxx x x x x x x x x x x x x x x x x x x x x
d6f70b2b 0 0 xx xx xx xxxxxxxx x x x x x x x x x x x x x x x x x x x x
ad24a9db 0 0 xx xx xx xxxxxxxx x x x x x x x x x x x x x x x x x x x x
e8d501b3 0 0 xx xx xx xxxxxxxx x x x x x x x x x x x x x x x x x x x x
f1e70b33 0 0 xx xx xx xxxxxxxx x x x x x x x x x x x x x x x x x x x x
0d941f43 0 0 xx xx xx xxxxxxxx x x x x x x x x x x x x x x x x x x x x
94c061ff 0 0 xx xx xx xxxxxxxx x x x x x x x x x x x x x x x x x x x x
f5968e7b 0 0 xx xx xx xxxxxxxx x x x x x x x x x x x x x x x x x x x x
8272b963 0 0 xx xx xx xxxxxxxx x x x x x x x x x x x x x x x x x x x x
73c8f8af 0 0 xx xx xx xxxxxxxx x x x x x x x x x x x x x x x x x x x x
672a2273 0 0 xx xx xx xxxxxxxx x x x x x x x x x x x x x x x x x x x x
4355dd73 0 0 xx xx xx xxxxxxxx x x x x x x x x x x x x x x x x x x x x
e3c64743 0 0 xx xx xx xxxxxxxx x x x x x x x x x x x x x x x x x x x x
86499df3 0 0 xx xx xx xxxxxxxx x x x x x x x x x x x x x x x x x x x x
ee2a084f 0 0 xx xx xx xxxxxxxx x x x x x x x x x x x x x x x x x x x x
3ae5b373 0 0 xx xx xx xxxxxxxx x x x x x x x x x x x x x x x x x x x x
7d7f1d33 0 0 xx xx xx xxxxxxxx x x x x x x x x x x x x x x x x x x x x
00c78dff 0 0 xx xx xx xxxxxxxx x x x x x x x x x x x x x x x x x x x x
c309154f 0 0 xx xx xx xxxxxxxx x x x x x x x x x x x x x x x x x x x x
1a0442c3 0 0 xx xx xx xxxxxxxx x x x x x x x x x x x x x x x x x x x x
00759e7f 0 0 xx xx xx xxxxxxxx x x x x x x x x x x x x x x x x x x x x
08c57a73 0 0 xx xx xx xxxxxxxx x x x x x x x x x x x x x x x x x x x x
d032963b 0 0 xx xx xx xxxxxxxx x x x x x x x x x x x x x x x x x x x x
05a4bdab 0 0 xx xx xx xxxxxxxx x x x x x x x x x x x x x x x x x x x x
0d881bc7 0 0 xx xx xx xxxxxxxx x x x x x x x x x x x x x x x x x x x x
62c10f0f 0 0 xx xx xx xxxxxxxx x x x x x x x x x x x x x x x x x x x x
9705253b 0 0 xx xx xx xxxxxxxx x x x x x x x x x x x x x x x x x x x x
09acacff 0 0 xx xx xx xxxxxxxx x x x x x x x x x x x x x x x x x x x x
4ff16073 0 0 xx xx xx xxxxxxxx x x x x x x x x x x x x x x x x x x x x
eb4fd773 0 0 xx xx xx xxxxxxxx x x x x x x x x x x x x x x x x x x x x
430f8ef3 0 0 xx xx xx xxxxxxxx x x x x x x x x x x x x x x x x x x x x
cb399a8b 0 0 xx xx xx xxxxxxxx x x x x x x x x x x x x x x x x x x x x
cb6fe383 0 0 xx xx xx xxxxxxxx x x x x x x x x x x x x x x x x x x x x
fc52d377 0 0 xx xx xx xxxxxxxx x x x x x x x x x x x x x x x x x x x x
ac749e33 0 0 xx xx xx xxxxxxxx x x x x x x x x x x x x x x x x x x x x
8b21e423 0 0 xx xx xx xxxxxxxx x x x x x x x x x x x x x x x x x x x x
42e51693 0 0 xx xx xx xxxxxxxx x x x x x x x x x x x x x x x x x x x x
08b398f7 0 0 xx xx xx xxxxxxxx x x x x x x x x x x x x x x x x x x x x
442f8d47 0 0 xx xx xx xxxxxxxx x x x x x x x x x x x x x x x x x x x x
67bf234f 0 0 xx xx xx xxxxxxxx x x x x x x x x x x x x x x x x x x x x
b763b0b3 0 0 xx xx xx xxxxxxxx x x x x x x x x x x x x x x x x x x x x
ef2d79cf 0 0 xx xx xx xxxxxxxx x x x x x x x x x x x x x x x x x x x x
0f39b923 0 0 xx xx xx xxxxxxxx x x x x x x x x x x x x x x x x x x x x
cd49939b 0 0 xx xx xx xxxxxxxx x x x x x x x x x x x x x x x x x x x x
e1783507 0 0 xx xx xx xxxxxxxx x x x x x x x x x x x x x x x x x x x x
2c23f6df 0 0 xx xx xx xxxxxxxx x x x x x x x x x x x x x x x x x x x x
12d9cb33 0 0 xx xx xx xxxxxxxx x x x x x x x x x x x x x x x x x x x x
bdcff277 0 0 xx xx xx xxxxxxxx x x x x x x x x x x x x x x x x x x x x
1b9a9a9f 0 0 xx xx xx xxxxxxxx x x x x x x x x x x x x x x x x x x x x
6ebfc8f3 0 0 xx xx xx xxxxxxxx x x x x x x x x x x x x x x x x x x x x
ce611f53 0 0 xx xx xx xxxxxxxx x x x x x x x x x x x x x x x x x x x x
aac6b09f 0 0 xx xx xx xxxxxxxx x x x x x x x x x x x x x x x x x x x x
5d0b1407 0 0 xx xx xx xxxxxxxx x x x x x x x x x x x x x x x x x x x x
5ebab34f 0 0 xx xx xx xxxxxxxx x x x x x x x x x x x x x x x x x x x x
b1e95e43 0 0 xx xx xx xxxxxxxx x x x x x x x x x x x x x x x x x x x x
a39d0cf7 0 0 xx xx xx xxxxxxxx x x x x x x x x x x x x x x x x x x x x
177aaa7f 0 0 xx xx xx xxxxxxxx x x x x x x x x x x x x x x x x x x x x
aa154527 0 0 xx xx xx xxxxxxxx x x x x x x x x x x x x x x x x x x x x
ffe05013 0 0 xx xx xx xxxxxxxx x x x x x x x x x x x x x x x x x x x x
bd3da2bf 0 0 xx xx xx xxxxxxxx x x x x x x x x x x x x x x x x x x x x
4c8a72a3 0 0 xx xx xx xxxxxxxx x x x x x x x x x x x x x x x x x x x x
7b30619b 0 0 xx xx xx xxxxxxxx x x x x x x x x x x x x x x x x x x x x
eba08ebb 0 0 xx xx xx xxxxxxxx x x x x x x x x x x x x x x x x x x x x
54355123 0 0 xx xx xx xxxxxxxx x x x x x x x x x x x x x x x x x x x x
d30455ab 0 0 xx xx xx xxxxxxxx x x x x x x x x x x x x x x x x x x x x
4806cf33 0 0 xx xx xx xxxxxxxx x x x x x x x x x x x x x x x x x x x x
25b7fb23 0 0 xx xx xx xxxxxxxx x x x x x x x x x x x x x x x x x x x x
227c062f 0 0 xx xx xx xxxxxxxx x x x x x x x x x x x x x x x x x x x x
a98bfe33 0 0 xx xx xx xxxxxxxx x x x x x x x x x x x x x x x x x x x x
ea5a0b27 0 0 xx xx xx xxxxxxxx x x x x x x x x x x x x x x x x x x x x
fe0d7cb3 0 0 xx xx xx xxxxxxxx x x x x x x x x x x x x x x x x x x x x
053dd35b 0 0 xx xx xx xxxxxxxx x x x x x x x x x x x x x x x x x x x x
b5c43b1b 0 0 xx xx xx xxxxxxxx x x x x x x x x x x x x x x x x x x x x
cdc26f6b 0 0 xx xx xx xxxxxxxx x x x x x x x x x x x x x x x x x x x x
3794cb23 0 0 xx xx xx xxxxxxxx x x x x x x x x x x x x x x x x x x x x
f18a87a7 0 0 xx xx xx xxxxxxxx x x x x x x x x x x x x x x x x x x x x
7be5f7b3 0 0 xx xx xx xxxxxxxx x x x x x x x x x x x x x x x x x x x x
6e561ac7 0 0 xx xx xx xxxxxxxx x x x x x x x x x x x x x x x x x x x x
a8587c5b 0 0 xx xx xx xxxxxxxx x x x x x x x x x x x x x x x x x x x x
9847ffcf 0 0 xx xx xx xxxxxxxx x x x x x x x x x x x x x x x x x x x x
dd993303 0 0 xx xx xx xxxxxxxx x x x x x x x x x x x x x x x x x x x x
b5263cd3 0 0 xx xx xx xxxxxxxx x x x x x x x x x x x x x x x x x x x x
dddb40a3 0 0 xx xx xx xxxxxxxx x x x x x x x x x x x x x x x x x x x x
ada97a77 0 0 xx xx xx xxxxxxxx x x x x x x x x x x x x x x x x x x x x
079a3a73 0 0 xx xx xx xxxxxxxx x x x x x x x x x x x x x x x x x x x x
50cdf543 0 0 xx xx xx xxxxxxxx x x x x x x x x x x x x x x x x x x x x
a8f3b953 0 0 xx xx xx xxxxxxxx x x x x x x x x x x x x x x x x x x x x
6e25eab3 0 0 xx xx xx xxxxxxxx x x x x x x x x x x x x x x x x x x x x
39d18df3 0 0 xx xx xx xxxxxxxx x x x x x x x x x x x x x x x x x x x x
f2c82563 0 0 xx xx xx xxxxxxxx x x x x x x x x x x x x x x x x x x x x
fc7d2c73 0 0 xx xx xx xxxxxxxx x x x x x x x x x x x x x x x x x x x x
68365f33 0 0 xx xx xx xxxxxxxx x x x x x x x x x x x x x x x x x x x x
56c6f8a3 0 0 xx xx xx xxxxxxxx x x x x x x x x x x x x x x x x x x x x
bae818db 0 0 xx xx xx xxxxxxxx x x x x x x x x x x x x x x x x x x x x
dffad687 0 0 xx xx xx xxxxxxxx x x x x x x x x x x x x x x x x x x x x
815224f3 0 0 xx xx xx xxxxxxxx x x x x x x x x x x x x x x x x x x x x
5ca87fb3 0 0 xx xx xx xxxxxxxx x x x x x x x x x x x x x x x x x x x x
78649d47 0 0 xx xx xx xxxxxxxx x x x x x x x x x x x x x x x x x x x x
527693b3 0 0 xx xx xx xxxxxxxx x x x x x x x x x x x x x x x x x x x x
d3d4ed23 0 0 xx xx xx xxxxxxxx x x x x x x x x x x x x x x x x x x x x
16ff0fdb 0 0 xx xx xx xxxxxxxx x x x x x x x x x x x x x x x x x x x x
d17cf153 0 0 xx xx xx xxxxxxxx x x x x x x x x x x x x x x x x x x x x
58a5b83f 0 0 xx xx xx xxxxxxxx x x x x x x x x x x x x x x x x x x x x
f59c904b 0 0 xx xx xx xxxxxxxx x x x x x x x x x x x x x x x x x x x x
ce533383 0 0 xx xx xx xxxxxxxx x x x x x x x x x x x x x x x x x x x x
f52f7523 0 0 xx xx xx xxxxxxxx x x x x x x x x x x x x x x x x x x x x
1a3e39d7 0 0 xx xx xx xxxxxxxx x x x x x x x x x x x x x x x x x x x x
400fec53 0 0 xx xx xx xxxxxxxx x x x x x x x x x x x x x x x x x x x x
fbb4bc03 0 0 xx xx xx xxxxxxxx x x x x x x x x x x x x x x x x x x x x
36e973c3 0 0 xx xx xx xxxxxxxx x x x x x x x x x x x x x x x x x x x x
693ae1f7 0 0 xx xx xx xxxxxxxx x x x x x x x x x x x x x x x x x x x x
fc5cdcd3 0 0 xx xx xx xxxxxxxx x x x x x x x x x x x x x x x x x x x x
60f445f3 0 0 xx xx xx xxxxxxxx x x x x x x x x x x x x x x x x x x x x
b2f081b3 0 0 xx xx xx xxxxxxxx x x x x x x x x x x x x x x x x x x x x
80c8d5f3 0 0 xx xx xx xxxxxxxx x x x x x x x x x x x x x x x x x x x x
f3cca277 0 0 xx xx xx xxxxxxxx x x x x x x x x x x x x x x x x x x x x
4f276cc3 0 0 xx xx xx xxxxxxxx x x x x x x x x x x x x x x x x x x x x
dfcf560f 0 0 xx xx xx xxxxxxxx x x x x x x x x x x x x x x x x x x x x
4e2aee9f 0 0 xx xx xx xxxxxxxx x x x x x x x x x x x x x x x x x x x x
ff104ab3 0 0 xx xx xx xxxxxxxx x x x x x x x x x x x x x x x x x x x x
6db76edb 0 0 xx xx xx xxxxxxxx x x x x x x x x x x x x x x x x x x x x
b92ade0f 0 0 xx xx xx xxxxxxxx x x x x x x x x x x x x x x x x x x x x
7f3d7ea3 0 0 xx xx xx xxxxxxxx x x x x x x x x x x x x x x x x x x x x
ebeb369b 0 0 xx xx xx xxxxxxxx x x x x x x x x x x x x x x x x x x x x
78efc523 0 0 xx xx xx xxxxxxxx x x x x x x x x x x x x x x x x x x x x
975d38bf 0 0 xx xx xx xxxxxxxx x x x x x x x x x x x x x x x x x x x x
d60bddf3 0 0 xx xx xx xxxxxxxx x x x x x x x x x x x x x x x x x x x x
6df3ba63 0 0 xx xx xx xxxxxxxx x x x x x x x x x x x x x x x x x x x x
7accbfdb 0 0 xx xx xx xxxxxxxx x x x x x x x x x x x x x x x x x x x x
3e4d36c7 0 0 xx xx xx xxxxxxxx x x x x x x x x x x x x x x x x x x x x
e4fac3a3 0 0 xx xx xx xxxxxxxx x x x x x x x x x x x x x x x x x x x x
ce7f30af 0 0 xx xx xx xxxxxxxx x x x x x x x x x x x x x x x x x x x x
9ee0795b 0 0 xx xx xx xxxxxxxx x x x x x x x x x x x x x x x x x x x x
ec26faaf 0 0 xx xx xx xxxxxxxx x x x x x x x x x x x x x x x x x x x x
93ec928f 0 0 xx xx xx xxxxxxxx x x x x x x x x x x x x x x x x x x x x
c6416b8b 0 0 xx xx xx xxxxxxxx x x x x x x x x x x x x x x x x x x x x
537e47c7 0 0 xx xx xx xxxxxxxx x x x x x x x x x x x x x x x x x x x x
7686f39b 0 0 xx xx xx xxxxxxxx x x x x x x x x x x x x x x x x x x x x
6fc2f23f 0 0 xx xx xx xxxxxxxx x x x x x x x x x x x x x x x x x x x x
32bb6c33 0 0 xx xx xx xxxxxxxx x x x x x x x x x x x x x x x x x x x x
3ba53483 0 0 xx xx xx xxxxxxxx x x x x x x x x x x x x x x x x x x x x
e19e1af3 0 0 xx xx xx xxxxxxxx x x x x x x x x x x x x x x x x x x x x
3b402c33 0 0 xx xx xx xxxxxxxx x x x x x x x x x x x x x x x x x x x x
ba3d99bf 0 0 xx xx xx xxxxxxxx x x x x x x x x x x x x x x x x x x x x
0285f4f3 0 0 xx xx xx xxxxxxxx x x x x x x x x x x x x x x x x x x x x
e48b602b 0 0 xx xx xx xxxxxxxx x x x x x x x x x x x x x x x x x x x x
5030e107 0 0 xx xx xx xxxxxxxx x x x x x x x x x x x x x x x x x x x x
1e5a3503 0 0 xx xx xx xxxxxxxx x x x x x x x x x x x x x x x x x x x x
7c23c78b 0 0 xx xx xx xxxxxxxx x x x x x x x x x x x x x x x x x x x x
3c82c6d7 0 0 xx xx xx xxxxxxxx x x x x x x x x x x x x x x x x x x x x
4f32faa3 0 0 xx xx xx xxxxxxxx x x x x x x x x x x x x x x x x x x x x
4047441b 0 0 xx xx xx xxxxxxxx x x x x x x x x x x x x x x x x x x x x
a3141553 0 0 xx xx xx xxxxxxxx x x x x x x x x x x x x x x x x x x x x
48350bb3 0 0 xx xx xx xxxxxxxx x x x x x x x x x x x x x x x x x x x x
44e93707 0 0 xx xx xx xxxxxxxx x x x x x x x x x x x x x x x x x x x x
5bb17c03 0 0 xx xx xx xxxxxxxx x x x x x x x x x x x x x x x x x x x x
d54ece77 0 0 xx xx xx xxxxxxxx x x x x x x x x x x x x x x x x x x x x
c3a1eb23 0 0 xx xx xx xxxxxxxx x x x x x x x x x x x x x x x x x x x x
eb539973 0 0 xx xx xx xxxxxxxx x x x x x x x x x x x x x x x x x x x x
8ea059a3 0 0 xx xx xx xxxxxxxx x x x x x x x x x x x x x x x x x x x x
b9e66a7b 0 0 xx xx xx xxxxxxxx x x x x x x x x x x x x x x x x x x x x
a0b5923b 0 0 xx xx xx xxxxxxxx x x x x x x x x x x x x x x x x x x x x
03fae433 0 0 xx xx xx xxxxxxxx x x x x x x x x x x x x x x x x x x x x
9d4bf51f 0 0 xx xx xx xxxxxxxx x x x x x x x x x x x x x x x x x x x x
23d80da7 0 0 xx xx xx xxxxxxxx x x x x x x x x x x x x x x x x x x x x
9f6fd227 0 0 xx xx xx xxxxxxxx x x x x x x x x x x x x x x x x x x x x
f558d7d3 0 0 xx xx xx xxxxxxxx x x x x x x x x x x x x x x x x x x x x
ccfb355f 0 0 xx xx xx xxxxxxxx x x x x x x x x x x x x x x x x x x x x
54d0ee57 0 0 xx xx xx xxxxxxxx x x x x x x x x x x x x x x x x x x x x
e9a15593 0 0 xx xx xx xxxxxxxx x x x x x x x x x x x x x x x x x x x x
4f05780f 0 0 xx xx xx xxxxxxxx x x x x x x x x x x x x x x x x x x x x
bdb0ef5f 0 0 xx xx xx xxxxxxxx x x x x x x x x x x x x x x x x x x x x
4af16307 0 0 xx xx xx xxxxxxxx x x x x x x x x x x x x x x x x x x x x
76cff25f 0 0 xx xx xx xxxxxxxx x x x x x x x x x x x x x x x x x x x x
2bfcb183 0 0 xx xx xx xxxxxxxx x x x x x x x x x x x x x x x x x x x x
5241c47f 0 0 xx xx xx xxxxxxxx x x x x x x x x x x x x x x x x x x x x
8338247b 0 0 xx xx xx xxxxxxxx x x x x x x x x x x x x x x x x x x x x
6e97b523 0 0 xx xx xx xxxxxxxx x x x x x x x x x x x x x x x x x x x x
d91ede53 0 0 xx xx xx xxxxxxxx x x x x x x x x x x x x x x x x x x x x
81c44173 0 0 xx xx xx xxxxxxxx x x x x x x x x x x x x x x x x x x x x
d8043f2f 0 0 xx xx xx xxxxxxxx x x x x x x x x x x x x x x x x x x x x
f29975b3 0 0 xx xx xx xxxxxxxx x x x x x x x x x x x x x x x x x x x x
28108057 0 0 xx xx xx xxxxxxxx x x x x x x x x x x x x x x x x x x x x
c785f327 0 0 xx xx xx xxxxxxxx x x x x x x x x x x x x x x x x x x x x
ecd29993 0 0 xx xx xx xxxxxxxx x x x x x x x x x x x x x x x x x x x x
134f3673 0 0 xx xx xx xxxxxxxx x x x x x x x x x x x x x x x x x x x x
2064f10b 0 0 xx xx xx xxxxxxxx x x x x x x x x x x x x x x x x x x x x
07df00cb 0 0 xx xx xx xxxxxxxx x x x x x x x x x x x x x x x x x x x x
b2679c33 0 0 xx xx xx xxxxxxxx x x x x x x x x x x x x x x x x x x x x
b30b3ff3 0 0 xx xx xx xxxxxxxx x x x x x x x x x x x x x x x x x x x x
ff6a3b1b 0 0 xx xx xx xxxxxxxx x x x x x x x x x x x x x x x x x x x x
7fbe2c77 0 0 xx xx xx xxxxxxxx x x x x x x x x x x x x x x x x x x x x
38ea33db 0 0 xx xx xx xxxxxxxx x x x x x x x x x x x x x x x x x x x x
facc64cb 0 0 xx xx xx xxxxxxxx x x x x x x x x x x x x x x x x x x x x
90ff6743 0 0 xx xx xx xxxxxxxx x x x x x x x x x x x x x x x x x x x x
ac6abd33 0 0 xx xx xx xxxxxxxx x x x x x x x x x x x x x x x x x x x x
1aa6cbb3 0 0 xx xx xx xxxxxxxx x x x x x x x x x x x x x x x x x x x x
8fa27c83 0 0 xx xx xx xxxxxxxx x x x x x x x x x x x x x x x x x x x x
6baf772f 0 0 xx xx xx xxxxxxxx x x x x x x x x x x x x x x x x x x x x
a6383b5b 0 0 xx xx xx xxxxxxxx x x x x x x x x x x x x x x x x x x x x
2a9b39a3 0 0 xx xx xx xxxxxxxx x x x x x x x x x x x x x x x x x x x x
f34ed223 0 0 xx xx xx xxxxxxxx x x x x x x x x x x x x x x x x x x x x
7d2c3903 0 0 xx xx xx xxxxxxxx x x x x x x x x x x x x x x x x x x x x
0724ebcb 0 0 xx xx xx xxxxxxxx x x x x x x x x x x x x x x x x x x x x
f81c8c87 0 0 xx xx xx xxxxxxxx x x x x x x x x x x x x x x x x x x x x
bff72477 0 0 xx xx xx xxxxxxxx x x x x x x x x x x x x x x x x x x x x
39e4c8ff 0 0 xx xx xx xxxxxxxx x x x x x x x x x x x x x x x x x x x x
053dc91b 0 0 xx xx xx xxxxxxxx x x x x x x x x x x x x x x x x x x x x
47d79eeb 0 0 xx xx xx xxxxxxxx x x x x x x x x x x x x x x x x x x x x
6b8b56b3 0 0 xx xx xx xxxxxxxx x x x x x x x x x x x x x x x x x x x x
21c776b3 0 0 xx xx xx xxxxxxxx x x x x x x x x x x x x x x x x x x x x
f02ae4a3 0 0 xx xx xx xxxxxxxx x x x x x x x x x x x x x x x x x x x x
433cdbf3 0 0 xx xx xx xxxxxxxx x x x x x x x x x x x x x x x x x x x x
a0aced9f 0 0 xx xx xx xxxxxxxx x x x x x x x x x x x x x x x x x x x x
6eae42b3 0 0 xx xx xx xxxxxxxx x x x x x x x x x x x x x x x x x x x x
c7e51e87 0 0 xx xx xx xxxxxxxx x x x x x x x x x x x x x x x x x x x x
6c08735f 0 0 xx xx xx xxxxxxxx x x x x x x x x x x x x x x x x x x x x
db2b93b3 0 0 xx xx xx xxxxxxxx x x x x x x x x x x x x x x x x x x x x
7a37014b 0 0 xx xx xx xxxxxxxx x x x x x x x x x x x x x x x x x x x x
9db3bd4f 0 0 xx xx xx xxxxxxxx x x x x x x x x x x x x x x x x x x x x
51c5abe3 0 0 xx xx xx xxxxxxxx x x x x x x x x x x x x x x x x x x x x
9df82ff3 0 0 xx xx xx xxxxxxxx x x x x x x x x x x x x x x x x x x x x
fdb6461f 0 0 xx xx xx xxxxxxxx x x x x x x x x x x x x x x x x x x x x
a6e8acff 0 0 xx xx xx xxxxxxxx x x x x x x x x x x x x x x x x x x x x
c16f24e3 0 0 xx xx xx xxxxxxxx x x x x x x x x x x x x x x x x x x x x
61063f9f 0 0 xx xx xx xxxxxxxx x x x x x x x x x x x x x x x x x x x x
609a9f13 0 0 xx xx xx xxxxxxxx x x x x x x x x x x x x x x x x x x x x
431399c3 0 0 xx xx xx xxxxxxxx x x x x x x x x x x x x x x x x x x x x
954d08b3 0 0 xx xx xx xxxxxxxx x x x x x x x x x x x x x x x x x x x x
768a87c7 0 0 xx xx xx xxxxxxxx x x x x x x x x x x x x x x x x x x x x
60649553 0 0 xx xx xx xxxxxxxx x x x x x x x x x x x x x x x x x x x x
218678a3 0 0 xx xx xx xxxxxxxx x x x x x x x x x x x x x x x x x x x x
6fe8e9a7 0 0 xx xx xx xxxxxxxx x x x x x x x x x x x x x x x x x x x x
65236c73 0 0 xx xx xx xxxxxxxx x x x x x x x x x x x x x x x x x x x x
96784553 0 0 xx xx xx xxxxxxxx x x x x x x x x x x x x x x x x x x x x
0e3cd793 0 0 xx xx xx xxxxxxxx x x x x x x x x x x x x x x x x x x x x
9831ba87 0 0 xx xx xx xxxxxxxx x x x x x x x x x x x x x x x x x x x x
3feadfa7 0 0 xx xx xx xxxxxxxx x x x x x x x x x x x x x x x x x x x x
c611eedb 0 0 xx xx xx xxxxxxxx x x x x x x x x x x x x x x x x x x x x
1c98f177 0 0 xx xx xx xxxxxxxx x x x x x x x x x x x x x x x x x x x x
9896673f 0 0 xx xx xx xxxxxxxx x x x x x x x x x x x x x x x x x x x x
a2c938d3 0 0 xx xx xx xxxxxxxx x x x x x x x x x x x x x x x x x x x x
b7284f47 0 0 xx xx xx xxxxxxxx x x x x x x x x x x x x x x x x x x x x
a8bb1acf 0 0 xx xx xx xxxxxxxx x x x x x x x x x x x x x x x x x x x x
c545d733 0 0 xx xx xx xxxxxxxx x x x x x x x x x x x x x x x x x x x x
6d8baf47 0 0 xx xx xx xxxxxxxx x x x x x x x x x x x x x x x x x x x x
ac150177 0 0 xx xx xx xxxxxxxx x x x x x x x x x x x x x x x x x x x x
c17cc6cf 0 0 xx xx xx xxxxxxxx x x x x x x x x x x x x x x x x x x x x
50d67d0f 0 0 xx xx xx xxxxxxxx x x x x x x x x x x x x x x x x x x x x
