# columns, left to right:
#
#   drive these into the design:
#    1  i_inst         [31:0]
#    2  i_format       [5:0]
#
#   compare these against the design's outputs:
#    3  o_immediate    [31:0]

# --- I-type ---
# i_inst i_format | o_immediate
68fccf13 02 0000068f
f005d7e7 02 ffffff00
9555f86c 02 fffff955
c3a5351c 02 fffffc3a
cbfca683 02 fffffcbf
92106867 02 fffff921
57c2ace7 02 0000057c
5b10a62c 02 000005b1
bfe4c493 02 fffffbfe
33aafb8a 02 0000033a
a52f78b0 02 fffffa52
a917b003 02 fffffa91
40575a28 02 00000405
b03404c8 02 fffffb03
07a68867 02 0000007a
cc71e6b8 02 fffffcc7
ddd7c393 02 fffffddd
2df4e81f 02 000002df
59c61467 02 0000059c
3c74c467 02 000003c7
01b90f03 02 0000001b
72d84fe0 02 0000072d
22029f13 02 00000220
db96859d 02 fffffdb9
4f300b67 02 000004f3
5ca73067 02 000005ca
28a6c493 02 0000028a
6065da03 02 00000606
e836d513 02 fffffe83
6466a593 02 00000646
7b28d167 02 000007b2
4cb6a993 02 000004cb
a1781803 02 fffffa17
5a0f87e7 02 000005a0
9ba00067 02 fffff9ba
8c8af2e8 02 fffff8c8
1cc3fe67 02 000001cc
f1a9ac1a 02 ffffff1a
a3822c60 02 fffffa38
e8e6fb83 02 fffffe8e
1a2e5883 02 000001a2
98ecad13 02 fffff98e
83bf2a3d 02 fffff83b
5064c7e7 02 00000506
6493d995 02 00000649
faee6ff9 02 ffffffae
7dbb1093 02 000007db
4f089e8b 02 000004f0
5ba5abef 02 000005ba
05d3ea67 02 0000005d
e75d4216 02 fffffe75
df03b0bc 02 fffffdf0
6ba8cf83 02 000006ba
b77463d4 02 fffffb77
6d2229b7 02 000006d2
00402e13 02 00000004
f3aacb93 02 ffffff3a
56157c83 02 00000561
9aa5999f 02 fffff9aa
237e3413 02 00000237
ea80ebcc 02 fffffea8
2b18ef70 02 000002b1
18e68513 02 0000018e
0a2d0504 02 000000a2
7eea1e03 02 000007ee
11309e93 02 00000113
68127019 02 00000681
5260d1e7 02 00000526
25cb0678 02 0000025c
11f2b613 02 0000011f
e6b70b52 02 fffffe6b
596d92e7 02 00000596
ed6c1c40 02 fffffed6
dc8713e3 02 fffffdc8
ca84f183 02 fffffca8
24b77ea5 02 0000024b
56d59952 02 0000056d
f934a9b9 02 ffffff93
c75aa513 02 fffffc75
18a83f67 02 0000018a
74002067 02 00000740
241ffc65 02 00000241
df1b8a03 02 fffffdf1
d1e587e7 02 fffffd1e
73841be7 02 00000738
52588f7e 02 00000525
711cb6c0 02 00000711
8272a74f 02 fffff827
5cb7d66d 02 000005cb
61772193 02 00000617
97dc65d8 02 fffff97d
3f53e820 02 000003f5
53a5e6e7 02 0000053a
90fb4983 02 fffff90f
4c55f888 02 000004c5
1f54a0fc 02 000001f5
3f1fd967 02 000003f1
7bbafb7f 02 000007bb
6ad73293 02 000006ad
89e17303 02 fffff89e
0603bef8 02 00000060
d1c7726e 02 fffffd1c
6380f5c9 02 00000638
33870bd2 02 00000338
f73efce7 02 ffffff73
163c4a83 02 00000163
e7440267 02 fffffe74
210e3c97 02 00000210
b11b7313 02 fffffb11
0c851a3c 02 000000c8
a8e9c3a2 02 fffffa8e
234a9288 02 00000234
09f7cd13 02 0000009f
cb0ec722 02 fffffcb0
f9b7f703 02 ffffff9b
aa8748a3 02 fffffaa8
74505e93 02 00000745
ccc8ab4f 02 fffffccc
7299adb6 02 00000729
c9ff6893 02 fffffc9f
c60e92f8 02 fffffc60
d3143722 02 fffffd31
ab157713 02 fffffab1
e3f2fe1c 02 fffffe3f
83813893 02 fffff838
f45c61e7 02 ffffff45
2e04c613 02 000002e0
44ac5e74 02 0000044a
b5eb4fbf 02 fffffb5e
296f3483 02 00000296
ea687593 02 fffffea6
e2062213 02 fffffe20
d724c267 02 fffffd72
9e1d4da7 02 fffff9e1
f4664613 02 ffffff46
4031cb03 02 00000403
973f2eb8 02 fffff973
96acb4cf 02 fffff96a
9b6f3a93 02 fffff9b6
b040fb03 02 fffffb04
78aba593 02 0000078a
ed687ce7 02 fffffed6
98875f93 02 fffff988
c752c3e7 02 fffffc75
0b299993 02 000000b2
7b496717 02 000007b4
1e9ac4bd 02 000001e9
520085ee 02 00000520
219b7cd1 02 00000219
aea219d6 02 fffffaea
5583a683 02 00000558
1d292b03 02 000001d2
4024da83 02 00000402
c53fe5e0 02 fffffc53
0a234fb8 02 000000a2
e7c7ed71 02 fffffe7c
78dee803 02 0000078d
033301ae 02 00000033
faa2c103 02 ffffffaa
b23670f9 02 fffffb23
0d496a3a 02 000000d4
307d2513 02 00000307
0bbdf344 02 000000bb
588a5151 02 00000588
e7f7d624 02 fffffe7f
26934725 02 00000269
e59c9fb2 02 fffffe59
2a492203 02 000002a4
10ca4167 02 0000010c
52559367 02 00000525
a204b7e7 02 fffffa20
144780e7 02 00000144
29d260b0 02 0000029d
159232e8 02 00000159
2cc2502f 02 000002cc
8fc20b13 02 fffff8fc
963bc342 02 fffff963
b64aff67 02 fffffb64
9f3046a0 02 fffff9f3
445959ca 02 00000445
8e73c111 02 fffff8e7
8d97542e 02 fffff8d9
00d8eee7 02 0000000d
000ff013 02 00000000
1d1c7cb9 02 000001d1
7eb3dbe7 02 000007eb
70936fe7 02 00000709
c301ab83 02 fffffc30
a16a906f 02 fffffa16
fef77f03 02 ffffffef
422937b8 02 00000422
3f909603 02 000003f9
c1d3ed03 02 fffffc1d
ad26fe64 02 fffffad2
db3ad467 02 fffffdb3
72fde2fa 02 0000072f
d211fa82 02 fffffd21
cc6bfcf1 02 fffffcc6
9305c174 02 fffff930
99cfa603 02 fffff99c
a9a67ec6 02 fffffa9a
8d7a9167 02 fffff8d7
85bb37ff 02 fffff85b
6f46c95f 02 000006f4
7702b3ad 02 00000770
acdf51ed 02 fffffacd
24b710c8 02 0000024b
c3fdcd3f 02 fffffc3f
7fffff83 02 000007ff
268d1d03 02 00000268
62658872 02 00000626
d09b9b93 02 fffffd09
dedcbf66 02 fffffded
19c49383 02 0000019c
5ed29a83 02 000005ed
94379cb8 02 fffff943
fe74a212 02 ffffffe7
65c22b63 02 0000065c
d40b537d 02 fffffd40
a4853a8f 02 fffffa48
9eeb8683 02 fffff9ee
39d0ed67 02 0000039d
65832c73 02 00000658
068098d1 02 00000068
bafcad26 02 fffffbaf
2507dde7 02 00000250
91878f93 02 fffff918
a45da9e9 02 fffffa45
5689fe03 02 00000568
091aa593 02 00000091
29270037 02 00000292
f2cbfe16 02 ffffff2c
320bae83 02 00000320
b5c21133 02 fffffb5c
43315d03 02 00000433
ea3009d9 02 fffffea3
582433ed 02 00000582
0e1f76e7 02 000000e1
17436934 02 00000174
202c8be7 02 00000202
7005e1a7 02 00000700
1978be03 02 00000197
fbd70283 02 ffffffbd
b771d7f4 02 fffffb77
71227003 02 00000712
2756912a 02 00000275
735a2783 02 00000735
7ea41913 02 000007ea
09c6aa76 02 0000009c
f4139d83 02 ffffff41
bf20c783 02 fffffbf2
75598148 02 00000755
92dd8003 02 fffff92d
dd48ad51 02 fffffdd4
b43607f7 02 fffffb43
4996987a 02 00000499
e145cc89 02 fffffe14
ca875ee7 02 fffffca8
440efc9f 02 00000440
f919c567 02 ffffff91
0bc25367 02 000000bc
dfa043c5 02 fffffdfa
23114b03 02 00000231
6940f80d 02 00000694
78776267 02 00000787
8fd39816 02 fffff8fd
e1c67d21 02 fffffe1c
67da0b67 02 0000067d
20639213 02 00000206
354c2613 02 00000354
7fffff93 02 000007ff
307eb383 02 00000307
27a2d683 02 0000027a
80000000 02 fffff800
715107e7 02 00000715
02332996 02 00000023
edcf9ecc 02 fffffedc
053cb803 02 00000053
848ad9e7 02 fffff848
aca40002 02 fffffaca
18c141f5 02 0000018c
b1325c67 02 fffffb13
0c17769a 02 000000c1
e98f47d5 02 fffffe98
776d0254 02 00000776
b42e55e7 02 fffffb42
88aea4a9 02 fffff88a
afc28545 02 fffffafc
269373e7 02 00000269
e833c469 02 fffffe83
71e14803 02 0000071e
eb882a13 02 fffffeb8
55555513 02 00000555
f8886353 02 ffffff88
3a4bcc2c 02 000003a4
448b3193 02 00000448
1aa46458 02 000001aa
c72977ff 02 fffffc72
c7ef6793 02 fffffc7e
23306d7d 02 00000233
bc9e7693 02 fffffbc9
55e76783 02 0000055e
f3cb7470 02 ffffff3c
1beee019 02 000001be
d97c707a 02 fffffd97
c2db1813 02 fffffc2d
18d69103 02 0000018d
7c542b1f 02 000007c5
80000000 02 fffff800
05d2cb96 02 0000005d
08b573c1 02 0000008b
4da8ee1b 02 000004da
e11649e7 02 fffffe11
cf4a7c46 02 fffffcf4
f05a3170 02 ffffff05
aaaaaa83 02 fffffaaa
7fffffff 02 000007ff
a73255a1 02 fffffa73
625c6ce7 02 00000625
e93be220 02 fffffe93
063c5593 02 00000063
5bcbadc6 02 000005bc
abf5ca30 02 fffffabf
59b34d59 02 0000059b
c574e003 02 fffffc57
fbe77a67 02 ffffffbe
69bdfa67 02 0000069b
fb564783 02 ffffffb5
600b7142 02 00000600
0ef53ad0 02 000000ef
b1fc56e7 02 fffffb1f
ddc5a242 02 fffffddc
1cfb1893 02 000001cf
4333db03 02 00000433
2d0af693 02 000002d0
36ba3103 02 0000036b
90738783 02 fffff907
6d3f2ce2 02 000006d3
82907fd5 02 fffff829
56714013 02 00000567
65a0c183 02 0000065a
5755986b 02 00000575
6a761803 02 000006a7
03844b13 02 00000038
713772e7 02 00000713
efec13d2 02 fffffefe
9a2a7413 02 fffff9a2
b5d76b28 02 fffffb5d
6fd5d413 02 000006fd
80254403 02 fffff802
09471ae7 02 00000094
000ff000 02 00000000
c75ebc1a 02 fffffc75
1c60fe93 02 000001c6
7776d767 02 00000777
b1414c6a 02 fffffb14
63d05692 02 0000063d
acd22293 02 fffffacd
3fdfa4e7 02 000003fd
bad4d5e7 02 fffffbad
306fd567 02 00000306
164a12ef 02 00000164
4b0ce003 02 000004b0
58cf6383 02 0000058c
4a9f8513 02 000004a9
4de9bbde 02 000004de
053440fc 02 00000053
4890efee 02 00000489
8439dc36 02 fffff843
5ba919e6 02 000005ba
282faa83 02 00000282
80000000 02 fffff800
b8cadce5 02 fffffb8c
6349aeed 02 00000634
51965014 02 00000519
50003793 02 00000500
fff00fe7 02 ffffffff
113f65e3 02 00000113
a0c386e7 02 fffffa0c
eb1d4e2d 02 fffffeb1
000ff000 02 00000000
cc4a4d77 02 fffffcc4
0ca65067 02 000000ca
cfbc54f0 02 fffffcfb
619e1703 02 00000619
aa081863 02 fffffaa0
07706bcd 02 00000077
86465b2c 02 fffff864
7fffffff 02 000007ff
1dce2c83 02 000001dc
d0177501 02 fffffd01
e48c6a83 02 fffffe48
40dcf293 02 0000040d
b4608671 02 fffffb46
a991afd8 02 fffffa99
8926bc67 02 fffff892
0f5f6c74 02 000000f5
6a1eb513 02 000006a1
31483f83 02 00000314
a32ca603 02 fffffa32
987d7d67 02 fffff987
48b58b03 02 0000048b
c5b63b04 02 fffffc5b
515dcbaa 02 00000515
ed1e6e03 02 fffffed1
95d479d3 02 fffff95d
321a7893 02 00000321
67814a23 02 00000678
a1ae75c3 02 fffffa1a
8e9edc88 02 fffff8e9
4bdd529a 02 000004bd
be254767 02 fffffbe2
8d20521e 02 fffff8d2
5989ab62 02 00000598
492cd067 02 00000492
d2e926a9 02 fffffd2e
f1188393 02 ffffff11
6f05b56b 02 000006f0
d5f83279 02 fffffd5f
fcd3af92 02 ffffffcd
30a19967 02 0000030a
aa6915e7 02 fffffaa6
65558213 02 00000655
bff2f870 02 fffffbff
449928e4 02 00000449
4617df67 02 00000461
be7d38e9 02 fffffbe7
a964861d 02 fffffa96
acea091f 02 ffffface
aaaaaa93 02 fffffaaa
c535e093 02 fffffc53
ebfc5a13 02 fffffebf
76c14f60 02 0000076c
c812cae7 02 fffffc81
7a281a10 02 000007a2
c9d0bce7 02 fffffc9d
96309f6c 02 fffff963
c6a57183 02 fffffc6a
243bfa72 02 00000243
9a116b51 02 fffff9a1
00000000 02 00000000
27b7b593 02 0000027b
96e715dc 02 fffff96e
55845c68 02 00000558
69f65c56 02 0000069f
a5a73a67 02 fffffa5a
61fa9d67 02 0000061f
783303a6 02 00000783
73e2e203 02 0000073e
68492752 02 00000684
aad5cbf0 02 fffffaad
52dbd093 02 0000052d
a2890967 02 fffffa28
9a6c58c6 02 fffff9a6
6c757113 02 000006c7
a59de667 02 fffffa59
be540ad2 02 fffffbe5
dcf89513 02 fffffdcf
5d66c65a 02 000005d6
da5cb267 02 fffffda5
0e5f38a6 02 000000e5
dd9b51a6 02 fffffdd9
6f09cd03 02 000006f0
9dc10228 02 fffff9dc
a40d4383 02 fffffa40
362a0863 02 00000362
03326167 02 00000033
469d1c75 02 00000469
c74912d5 02 fffffc74
b5720a95 02 fffffb57
6de2bb09 02 000006de
2b473713 02 000002b4
94eaa874 02 fffff94e
05849878 02 00000058
ed1c1583 02 fffffed1
623d7411 02 00000623
62678d83 02 00000626
c96d6e2a 02 fffffc96
01724283 02 00000017
6798e767 02 00000679
aec17703 02 fffffaec
1c1008cd 02 000001c1
6d8e2093 02 000006d8
161931e7 02 00000161
ebc20de7 02 fffffebc
413eb593 02 00000413
ee8b7183 02 fffffee8
37aca067 02 0000037a
cc7275a8 02 fffffcc7
ab1ca409 02 fffffab1
2787934b 02 00000278
268f30fe 02 00000268
b9908871 02 fffffb99
d5b82d03 02 fffffd5b
f57ef193 02 ffffff57
2dd181f8 02 000002dd
8635e628 02 fffff863
c0c40a2c 02 fffffc0c
0bde0b83 02 000000bd
8a949c6a 02 fffff8a9
348041a5 02 00000348
c92cc467 02 fffffc92
7b5aa7d4 02 000007b5
c029c806 02 fffffc02
3ab9c1e7 02 000003ab
f81b8083 02 ffffff81
e67a0a4a 02 fffffe67
503f00e6 02 00000503
d001c5c8 02 fffffd00
e8937001 02 fffffe89
bb3b6d05 02 fffffbb3
b8af8367 02 fffffb8a
1f7f57e2 02 000001f7
645e3a6d 02 00000645
ac466ce7 02 fffffac4
2e1a95a2 02 000002e1
3933b183 02 00000393
40b7cb67 02 0000040b
0ad24367 02 000000ad
7b42be67 02 000007b4
d4cfde6d 02 fffffd4c
961cd2f4 02 fffff961
53da32ce 02 0000053d
908b36e7 02 fffff908
e24d1ef3 02 fffffe24
94f30203 02 fffff94f
410e00e7 02 00000410
6619a313 02 00000661
e88d3303 02 fffffe88
fe680a2d 02 ffffffe6
fb502667 02 ffffffb5
18b6178e 02 0000018b
f0b908e7 02 ffffff0b
0194d0e7 02 00000019
7ed66903 02 000007ed
c4991483 02 fffffc49
8952b046 02 fffff895
34dbff2c 02 0000034d
d9c80f38 02 fffffd9c
6b8d23e7 02 000006b8
fcf0f2a8 02 ffffffcf
1739b413 02 00000173
f5dbc483 02 ffffff5d
fc206b5f 02 ffffffc2
cd8b0bda 02 fffffcd8
81ee8158 02 fffff81e
7445fe83 02 00000744
1d07b683 02 000001d0
c36f7767 02 fffffc36
e86fe7e7 02 fffffe86
1fd07b36 02 000001fd
85fe1a46 02 fffff85f
785e17b9 02 00000785
bc10d213 02 fffffbc1
74d2cfc6 02 0000074d
7eaf9799 02 000007ea
d98d4c03 02 fffffd98
b5fcf167 02 fffffb5f
00ad4075 02 0000000a
65fdac03 02 0000065f
e31da262 02 fffffe31
baeb6daf 02 fffffbae
074ac594 02 00000074
f9f8f693 02 ffffff9f
1b650a3c 02 000001b6
97ec7f03 02 fffff97e
d9b3fe93 02 fffffd9b
d6417967 02 fffffd64
8099632d 02 fffff809
f6e5dbe7 02 ffffff6e
cdc7428e 02 fffffcdc
6f5e0f5c 02 000006f5
7a463403 02 000007a4
b2fe4d03 02 fffffb2f
5e46c951 02 000005e4
75b87b4a 02 0000075b
ec266d03 02 fffffec2
fd288283 02 ffffffd2
470e6913 02 00000470
c4c9ccaa 02 fffffc4c
85281f12 02 fffff852
7a6cb383 02 000007a6
1f50841e 02 000001f5
02023513 02 00000020
d450de93 02 fffffd45
2f2bfec0 02 000002f2
95bac4e8 02 fffff95b
168d7f83 02 00000168
576376e7 02 00000576
5f83c567 02 000005f8
fd4b0231 02 ffffffd4
4e802003 02 000004e8
1311a9b9 02 00000131
05688a67 02 00000056
fff00f93 02 ffffffff
01f38ce4 02 0000001f
c84d1813 02 fffffc84
287da083 02 00000287
6659eb03 02 00000665
2bf67aa7 02 000002bf
d1370841 02 fffffd13
d7217f03 02 fffffd72
9e41c693 02 fffff9e4
19fd7093 02 0000019f
df2c9be7 02 fffffdf2
ad82ea03 02 fffffad8
abd46293 02 fffffabd
82ddee60 02 fffff82d
aaaaaae7 02 fffffaaa
7055cce7 02 00000705
07cf1ef5 02 0000007c
41d7ca88 02 0000041d
f5478413 02 ffffff54
260c734b 02 00000260
bee94667 02 fffffbee
595c1e5e 02 00000595
9ebaabf9 02 fffff9eb
000ff003 02 00000000
97d66410 02 fffff97d
00000000 02 00000000
abb672e7 02 fffffabb
a8fef98f 02 fffffa8f
1560932a 02 00000156
90c6b8e7 02 fffff90c
31013967 02 00000310
3495c5df 02 00000349
e9d119da 02 fffffe9d
1beedb13 02 000001be
6c221013 02 000006c2
b2cc4b08 02 fffffb2c
7df4ef67 02 000007df
2af9e9f3 02 000002af
3ef9bc2b 02 000003ef
46211703 02 00000462
8c59faef 02 fffff8c5
eec1b942 02 fffffeec
b462c283 02 fffffb46
fd0ad293 02 ffffffd0
b5f9cdff 02 fffffb5f
df3c7983 02 fffffdf3
71452267 02 00000714
2ed76667 02 000002ed
a5761b93 02 fffffa57
91704e03 02 fffff917
cd0625e7 02 fffffcd0
e08a3e1e 02 fffffe08
1bc9b213 02 000001bc
b4006549 02 fffffb40
ad991483 02 fffffad9
06b9f98f 02 0000006b
78333f9c 02 00000783
23a3f826 02 0000023a
12f135e7 02 0000012f
47525b1e 02 00000475
a41e9644 02 fffffa41
4ce86183 02 000004ce
c1d73a67 02 fffffc1d
219f7074 02 00000219
6574b173 02 00000657
78d75155 02 0000078d
1a633247 02 000001a6
1dbd7413 02 000001db
ca5ce46a 02 fffffca5
6dc29b9f 02 000006dc
cd6e6542 02 fffffcd6
c10f52e4 02 fffffc10
44b5ca79 02 0000044b
b73e30a7 02 fffffb73
7734df93 02 00000773
c29fd65e 02 fffffc29
58c89df8 02 0000058c
1c3241d1 02 000001c3
21ba5b67 02 0000021b
aac50a13 02 fffffaac
a4220c67 02 fffffa42
9318bc03 02 fffff931
9258fa67 02 fffff925
a5cb2f13 02 fffffa5c
ea1a4813 02 fffffea1
2d10d783 02 000002d1
f870e193 02 ffffff87
21553367 02 00000215
702e1713 02 00000702
fb731383 02 ffffffb7
8e73e383 02 fffff8e7
49943067 02 00000499
ebfc4dc0 02 fffffebf
0e9c0803 02 000000e9
8a9e7957 02 fffff8a9
bd0f0b13 02 fffffbd0
ada286c8 02 fffffada
60b180f9 02 0000060b
a1f46113 02 fffffa1f
4451cb2b 02 00000445
1e68ba2c 02 000001e6
7b1c8d58 02 000007b1
839394f7 02 fffff839
dfcb4693 02 fffffdfc
4fc01c19 02 000004fc
bfea6d93 02 fffffbfe
688ab513 02 00000688
3f69ac56 02 000003f6
1acbf77a 02 000001ac
93a5d667 02 fffff93a
428533d2 02 00000428
4a630c67 02 000004a6
10109f13 02 00000101
1f4f7fe6 02 000001f4
2ac855f3 02 000002ac
562f5967 02 00000562
82002213 02 fffff820
3cc26095 02 000003cc
1d83d813 02 000001d8
756a5d83 02 00000756
8b37b870 02 fffff8b3
50414813 02 00000504
71d8c603 02 0000071d
87ed4b13 02 fffff87e
822a5e67 02 fffff822
a2b49d25 02 fffffa2b
60cb4fec 02 0000060c
fa39b4e7 02 ffffffa3
1849a538 02 00000184
1a654013 02 000001a6
2e821892 02 000002e8
e1779c67 02 fffffe17
6fff7413 02 000006ff
c2d87593 02 fffffc2d
22fd2267 02 0000022f
987a2a83 02 fffff987
1e2f9112 02 000001e2
ba326c13 02 fffffba3
77dae7c1 02 0000077d
2c65db7a 02 000002c6
be715c00 02 fffffbe7
1e09b979 02 000001e0
30e82d03 02 0000030e
8294c367 02 fffff829
175fb867 02 00000175
907e1e03 02 fffff907
a3d665fb 02 fffffa3d
fff00fff 02 ffffffff
884e1232 02 fffff884
2551081e 02 00000255
b5174528 02 fffffb51
22cad383 02 0000022c
37929b13 02 00000379
153659bd 02 00000153
64b0cf93 02 0000064b
5d37a32e 02 000005d3
6bfdf293 02 000006bf
690087ce 02 00000690
a1f35ec9 02 fffffa1f
4a7083f1 02 000004a7
67270f86 02 00000672
4c7efc05 02 000004c7
1cc3fd83 02 000001cc
c260a893 02 fffffc26
602459fa 02 00000602
83046e67 02 fffff830
8b8d3e7b 02 fffff8b8
a19ea513 02 fffffa19
94748620 02 fffff947
2e4c9539 02 000002e4
c6c00f01 02 fffffc6c
a2049383 02 fffffa20
bed26e00 02 fffffbed
5bf2f456 02 000005bf
ca3977a7 02 fffffca3
176bfee9 02 00000176
a80e59e7 02 fffffa80
00b9d9e7 02 0000000b
aaaaaaaa 02 fffffaaa
bd665ce7 02 fffffbd6
2fd24203 02 000002fd
acc04e13 02 fffffacc
0b010022 02 000000b0
a7006903 02 fffffa70
9a600e03 02 fffff9a6
ffffff83 02 ffffffff
f037e9b4 02 ffffff03
e42a8767 02 fffffe42
fe8c7013 02 ffffffe8
47974ebb 02 00000479
e5130d03 02 fffffe51
cb9e2e13 02 fffffcb9
5f028e67 02 000005f0
736a876f 02 00000736
6db1fd83 02 000006db
46026109 02 00000460
4643b267 02 00000464
a54f1b93 02 fffffa54
a8771d94 02 fffffa87
9439e6e7 02 fffff943
4ac7e1ba 02 000004ac
a9e8b267 02 fffffa9e
99f671bd 02 fffff99f
8f451505 02 fffff8f4
b7c9a78c 02 fffffb7c
6afa963a 02 000006af
268c0fe7 02 00000268
c1d827c8 02 fffffc1d
67653413 02 00000676
ad0d902c 02 fffffad0
9fe33913 02 fffff9fe
55555555 02 00000555
f21f5d8b 02 ffffff21
dcbafe42 02 fffffdcb
42daceff 02 0000042d
bd83fc83 02 fffffbd8
2f41f767 02 000002f4
786cf2df 02 00000786
8d823667 02 fffff8d8
87395203 02 fffff873
79cba967 02 0000079c
305d52c5 02 00000305
96bafed6 02 fffff96b
f46a3872 02 ffffff46
376ae183 02 00000376
d5075393 02 fffffd50
0653e72c 02 00000065
16d89dda 02 0000016d
183709d6 02 00000183
8845d8fe 02 fffff884
4489d807 02 00000448
60887783 02 00000608
ba50f893 02 fffffba5
2d6faa03 02 000002d6
d270b967 02 fffffd27
547292f9 02 00000547
1e77c2c0 02 000001e7
2e747d83 02 000002e7
d713ba51 02 fffffd71
fd764de2 02 ffffffd7
5e28b783 02 000005e2
da8fe18c 02 fffffda8
147b4203 02 00000147
59fa595c 02 0000059f
83dbd71a 02 fffff83d
a88cd303 02 fffffa88
a4f01313 02 fffffa4f
b51aeb67 02 fffffb51
ee409943 02 fffffee4
71d478e3 02 0000071d
2d40b5b3 02 000002d4
a884b303 02 fffffa88
4c394683 02 000004c3
894aa4c6 02 fffff894
bef85e67 02 fffffbef
23fad6e9 02 0000023f
8815d4e7 02 fffff881
000ff000 02 00000000
b1ba97c4 02 fffffb1b
395011d1 02 00000395
cdaa6493 02 fffffcda
27151e21 02 00000271
813496ea 02 fffff813
3da9b9da 02 000003da
7ca46333 02 000007ca
719c9e9e 02 00000719
1f617d30 02 000001f6
0a5b0b13 02 000000a5
09899603 02 00000098
6b441b13 02 000006b4
4acc966c 02 000004ac
a0a4c5b4 02 fffffa0a
48d140e7 02 0000048d
6adcb703 02 000006ad
75de9cd8 02 0000075d
e816ce13 02 fffffe81
33efbc34 02 0000033e
c5ce1d4a 02 fffffc5c
4b9688d2 02 000004b9
56beee13 02 0000056b
5a1d3c93 02 000005a1
693261e7 02 00000693
135b3166 02 00000135
c19f6903 02 fffffc19
6afbc003 02 000006af
ade39ee3 02 fffffade
5b6f2435 02 000005b6
f720b85b 02 ffffff72
26bdcfbe 02 0000026b
b33afee7 02 fffffb33
4701b9ed 02 00000470
6bb60503 02 000006bb
4b207750 02 000004b2
81c56f83 02 fffff81c
8fc7f5e7 02 fffff8fc
996667ff 02 fffff996
86d90583 02 fffff86d
7ef79975 02 000007ef
ac9ba2af 02 fffffac9
900af583 02 fffff900
3de2a4fc 02 000003de
b3c42283 02 fffffb3c
1d810113 02 000001d8
415b760c 02 00000415
5de5ae62 02 000005de
4946446f 02 00000494
cf190150 02 fffffcf1
935b6e03 02 fffff935
76a8dc83 02 0000076a
59520e90 02 00000595
3c96a196 02 000003c9
89280093 02 fffff892
2deac113 02 000002de
2e4ca149 02 000002e4
a420edd0 02 fffffa42
fb72b086 02 ffffffb7
19f3c619 02 0000019f
42a46302 02 0000042a
510cb0b1 02 00000510
f925bf13 02 ffffff92
65703fe4 02 00000657
b2df0d67 02 fffffb2d
12bb337c 02 0000012b
8823c993 02 fffff882
bca30f7a 02 fffffbca
bcb351e7 02 fffffbcb
80d2d713 02 fffff80d
3f8f0103 02 000003f8
5d641793 02 000005d6
6b4d38bc 02 000006b4
935e1a13 02 fffff935
09a23667 02 0000009a
9eaf9c03 02 fffff9ea
b7414103 02 fffffb74
2ba5127c 02 000002ba
d1bf7383 02 fffffd1b
bfe70940 02 fffffbfe
198dca13 02 00000198
8b105d67 02 fffff8b1
5b533911 02 000005b5
17dacd75 02 0000017d
c190845a 02 fffffc19
22d51875 02 0000022d
add09cc0 02 fffffadd
c50bade7 02 fffffc50
cd3fadb0 02 fffffcd3
4b943867 02 000004b9
8bd368e7 02 fffff8bd
dce77322 02 fffffdce
55ce0b32 02 0000055c
cbb50c03 02 fffffcbb
9d50e193 02 fffff9d5
5686c367 02 00000568
b5691483 02 fffffb56
a0abc795 02 fffffa0a
d7b2d2d8 02 fffffd7b
20dbf3e7 02 0000020d
44f1fd83 02 0000044f
43281d54 02 00000432
804ceb2e 02 fffff804
de4edc75 02 fffffde4
00000067 02 00000000
78ec11ff 02 0000078e
106aa967 02 00000106
38e22713 02 0000038e
8dd12667 02 fffff8dd
6042fd33 02 00000604
341debeb 02 00000341
6754b6e7 02 00000675
5617a0e7 02 00000561
077d017d 02 00000077
c1493c7b 02 fffffc14
8600b6d3 02 fffff860
69378806 02 00000693
9b10ad83 02 fffff9b1
2e170164 02 000002e1
fb9233f7 02 ffffffb9
61539083 02 00000615
ceb45cbe 02 fffffceb
1a5a5b03 02 000001a5
2c39db93 02 000002c3
ccb3fe03 02 fffffccb
f6aa8d13 02 ffffff6a
7852932a 02 00000785
7ced6383 02 000007ce
935823e7 02 fffff935
55555567 02 00000555
3d01ca93 02 000003d0
56d196e2 02 0000056d
acf55228 02 fffffacf
11f9a12b 02 0000011f
5fc5fe03 02 000005fc
fc54f67e 02 ffffffc5
feae5a03 02 ffffffea
d3309e83 02 fffffd33
14a30bc8 02 0000014a
e4da7c93 02 fffffe4d
04586167 02 00000045
6d34b403 02 000006d3
ac920313 02 fffffac9
32f7cb67 02 0000032f
7d68ba18 02 000007d6
55555503 02 00000555
f42f0be7 02 ffffff42
5208b27b 02 00000520
b030ec39 02 fffffb03
3f45ca67 02 000003f4
119e15e7 02 00000119
7752be45 02 00000775
09ea54e7 02 0000009e
f08cdc13 02 ffffff08
02770b14 02 00000027
d3a64383 02 fffffd3a
147e5767 02 00000147
261e7567 02 00000261
4460f803 02 00000446
3e3f60e7 02 000003e3
7786cf93 02 00000778
8bdb3513 02 fffff8bd
ee8321b0 02 fffffee8
8f366183 02 fffff8f3
71963f77 02 00000719
0aeda3fb 02 000000ae
88201458 02 fffff882
b02522e8 02 fffffb02
55df6237 02 0000055d
8a434293 02 fffff8a4
a707df93 02 fffffa70
f070645b 02 ffffff07
34aba481 02 0000034a
cb458d67 02 fffffcb4
e52c0c93 02 fffffe52
743baa72 02 00000743
20e20d83 02 0000020e
5c195f67 02 000005c1
1f891867 02 000001f8
7134095b 02 00000713
0e635883 02 000000e6
af2c4fd0 02 fffffaf2
9d46ee03 02 fffff9d4
8106c3d6 02 fffff810
00000000 02 00000000
b04c9983 02 fffffb04
cc109513 02 fffffcc1
a916fc67 02 fffffa91
4ef6a7e7 02 000004ef
092eaa13 02 00000092
000f5a1e 02 00000000
53e4ae13 02 0000053e
9e5e4aa5 02 fffff9e5
fdb375e7 02 ffffffdb
7e8246ae 02 000007e8
94c4b093 02 fffff94c
1290cde7 02 00000129
650edae7 02 00000650
e3cce983 02 fffffe3c
8dff9e63 02 fffff8df
79b53267 02 0000079b
275de767 02 00000275
c5a41367 02 fffffc5a
8063d64b 02 fffff806
57128713 02 00000571
ec60d78d 02 fffffec6
372dc813 02 00000372
452c1f83 02 00000452
2fadff93 02 000002fa
87814313 02 fffff878
52bd3113 02 0000052b
b40399e1 02 fffffb40
7a533f03 02 000007a5
3b029fe1 02 000003b0
b1e0ef59 02 fffffb1e
84148587 02 fffff841
02965355 02 00000029
64431d16 02 00000644
c5297f9b 02 fffffc52
e6f0e067 02 fffffe6f
42db4a5e 02 0000042d
16c54013 02 0000016c
8f31ff9f 02 fffff8f3
09eb6a18 02 0000009e
7d2a2693 02 000007d2
e828081a 02 fffffe82
4f6f207f 02 000004f6
07436283 02 00000074
d62d3b03 02 fffffd62
dc7a38bb 02 fffffdc7
228b3de7 02 00000228
c0b23fa7 02 fffffc0b
0fde9663 02 000000fd
409e5c47 02 00000409
1943ddeb 02 00000194
53b4ee1c 02 0000053b
f142972a 02 ffffff14
30348593 02 00000303
9834a983 02 fffff983
a692e05b 02 fffffa69
48c59b68 02 0000048c
de86cd48 02 fffffde8
76de0683 02 0000076d
61b8b31c 02 0000061b
e62169e7 02 fffffe62
79ef1f03 02 0000079e
2d51e913 02 000002d5
e2116071 02 fffffe21
c4653513 02 fffffc46
b5327b47 02 fffffb53
c8e09b83 02 fffffc8e
f14dd693 02 ffffff14
23ecfb2a 02 0000023e
7dc2cb93 02 000007dc
1612f6d9 02 00000161
03fc68cd 02 0000003f
bd4a98e3 02 fffffbd4
346ee083 02 00000346
93f30d83 02 fffff93f
963d97f0 02 fffff963
8cf26f13 02 fffff8cf
eeed7e93 02 fffffeee
1d1a4c67 02 000001d1
35f03ef5 02 0000035f
61d16503 02 0000061d
61c65413 02 0000061c
456c9ac9 02 00000456
33e05713 02 0000033e
d5bffc58 02 fffffd5b
9cb0cf83 02 fffff9cb
e50f3fe6 02 fffffe50
6f57ed90 02 000006f5
3ecbe013 02 000003ec
8803bd2e 02 fffff880
357dd703 02 00000357
d2efaa83 02 fffffd2e
5e959313 02 000005e9
da3bcbe7 02 fffffda3
4d1ee106 02 000004d1
283a1be7 02 00000283
ec84e313 02 fffffec8
6a5b1422 02 000006a5
75f7c093 02 0000075f
44ae28e7 02 0000044a
2d5dc093 02 000002d5
57d6d213 02 0000057d
32c9daa3 02 0000032c
5213e013 02 00000521
c9275483 02 fffffc92
a99d7eaa 02 fffffa99
af4c74e7 02 fffffaf4
5b5a0725 02 000005b5
f5d98367 02 ffffff5d
04637667 02 00000046
0a619d67 02 000000a6
6ca053e7 02 000006ca
42177267 02 00000421
817e4367 02 fffff817
f03582e7 02 ffffff03
d8844193 02 fffffd88
2dfa0465 02 000002df
bb31df03 02 fffffbb3
839cdc83 02 fffff839
bfba9c93 02 fffffbfb
73d844b9 02 0000073d
924f4d13 02 fffff924
25550a03 02 00000255
2930cd03 02 00000293
965f8493 02 fffff965
9310b813 02 fffff931
aaaaaaaa 02 fffffaaa
c65ccc1f 02 fffffc65
ed7c527b 02 fffffed7
8c88e367 02 fffff8c8
8c09ede7 02 fffff8c0
5a1a0983 02 000005a1
7fffffff 02 000007ff
8e9aa383 02 fffff8e9
6f436b03 02 000006f4
a4f64e6b 02 fffffa4f
ec06f403 02 fffffec0
5074c7c4 02 00000507
cdb83c67 02 fffffcdb
096bab06 02 00000096
a1ff3e83 02 fffffa1f
65665fc6 02 00000656
63d98813 02 0000063d
6392ce93 02 00000639
f5980cd9 02 ffffff59
47aa6703 02 0000047a
647f284a 02 00000647
46258741 02 00000462
19403003 02 00000194
76a022e7 02 0000076a
3af59920 02 000003af
0fac4990 02 000000fa
8be32061 02 fffff8be
dbe64fa3 02 fffffdbe
286df767 02 00000286
b86c334e 02 fffffb86
36542d45 02 00000365
932065e7 02 fffff932
5fc2ffe7 02 000005fc
88cf0893 02 fffff88c
23e1f0fd 02 0000023e
f0aa9fe7 02 ffffff0a
ca69c117 02 fffffca6
e712a89e 02 fffffe71
18d7500e 02 0000018d
4740ccb2 02 00000474
4c166313 02 000004c1
d621e0e7 02 fffffd62
0ae98693 02 000000ae
abe10367 02 fffffabe
78d12e67 02 0000078d
3c158473 02 000003c1
88086f48 02 fffff880
7f3426ee 02 000007f3
d9b657e7 02 fffffd9b
a74255a7 02 fffffa74
3e4440fc 02 000003e4
d30eead0 02 fffffd30
6ad2f1b3 02 000006ad
914e1eea 02 fffff914
6b0b03f6 02 000006b0
581ed11a 02 00000581
4d019283 02 000004d0
15a3d6a7 02 0000015a
c22feee7 02 fffffc22
02ba4a83 02 0000002b
c22ae3e7 02 fffffc22
5210dc93 02 00000521
a7e913b0 02 fffffa7e
98a01303 02 fffff98a
2bc7c103 02 000002bc
aa9aa996 02 fffffaa9
8bb81e83 02 fffff8bb
fd53fef2 02 ffffffd5
0e247083 02 000000e2
560549ec 02 00000560
37a3e07e 02 0000037a
4a1b8313 02 000004a1
53c675a4 02 0000053c
26934467 02 00000269
23e83303 02 0000023e
72eab4a4 02 0000072e
d12ab283 02 fffffd12
969a5f0a 02 fffff969
2d0981e7 02 000002d0
deddff67 02 fffffded
dea36667 02 fffffdea
39937983 02 00000399
ea79a27b 02 fffffea7
0d1c9196 02 000000d1
c1449ee2 02 fffffc14
92477bcd 02 fffff924
9d480171 02 fffff9d4
9f3a0a93 02 fffff9f3
1174d613 02 00000117
2f7ea9e7 02 000002f7
5cae8267 02 000005ca
8730734c 02 fffff873
01e38c83 02 0000001e
79ed2313 02 0000079e
c32d6c83 02 fffffc32
e1f91c93 02 fffffe1f
a08e3456 02 fffffa08
d0ef3b14 02 fffffd0e
4df64a67 02 000004df
7a03d1cb 02 000007a0
0d148913 02 000000d1
2d876403 02 000002d8
06b7c1e8 02 0000006b
a06beb03 02 fffffa06
f01dcd23 02 ffffff01
252e67dc 02 00000252
2eac6413 02 000002ea
d0aec167 02 fffffd0a
94865a7e 02 fffff948
0bb13f93 02 000000bb
66a7f8ac 02 0000066a
12ed6393 02 0000012e
a0101303 02 fffffa01
321dda6f 02 00000321
3fca15c6 02 000003fc
94986383 02 fffff949
5124e971 02 00000512
d77f2891 02 fffffd77
c7236067 02 fffffc72
86d9e67b 02 fffff86d
0bff323f 02 000000bf
0fd2eb13 02 000000fd
9aeca867 02 fffff9ae
c7c637e7 02 fffffc7c
bdb1b583 02 fffffbdb
a9e3ecc5 02 fffffa9e
932169aa 02 fffff932
f1840117 02 ffffff18
a358f254 02 fffffa35
91746a43 02 fffff917
a1645be7 02 fffffa16
fe56fce7 02 ffffffe5
149f0202 02 00000149
b1e9b003 02 fffffb1e
1a40dae7 02 000001a4
eda8a603 02 fffffeda
f2962dd4 02 ffffff29
b05e20c7 02 fffffb05
0e7a0113 02 000000e7
7f74d893 02 000007f7
34733393 02 00000347
e0e97cd7 02 fffffe0e
4e9c160f 02 000004e9
feed1a67 02 ffffffee
31e9e203 02 0000031e
cbb5e128 02 fffffcbb
d265b785 02 fffffd26
b214a803 02 fffffb21
6f34ff93 02 000006f3
e8a2ec03 02 fffffe8a
d8e87e83 02 fffffd8e
679d93b8 02 00000679
e4d61107 02 fffffe4d
4e179a11 02 000004e1
1f5f66e7 02 000001f5
037b5d01 02 00000037
7e0faa5e 02 000007e0
e7402325 02 fffffe74
25837a13 02 00000258
6b2d2e03 02 000006b2
ce4267fb 02 fffffce4
36894607 02 00000368
340f800b 02 00000340
b62c44d5 02 fffffb62
b1efb793 02 fffffb1e
60218471 02 00000602
8af6b613 02 fffff8af
0039861b 02 00000003
add9fe03 02 fffffadd
8d66feb5 02 fffff8d6
be6801fc 02 fffffbe6
fbafc0f6 02 ffffffba
d1efec67 02 fffffd1e
ed0d7943 02 fffffed0
85d043f2 02 fffff85d
0f184d7b 02 000000f1
04a46813 02 0000004a
e96141b5 02 fffffe96
26e38c05 02 0000026e
815bb193 02 fffff815
68fe1040 02 0000068f
2a6822e8 02 000002a6
9bd812be 02 fffff9bd
fb4c2283 02 ffffffb4
49d88639 02 0000049d
61546293 02 00000615
c8b95328 02 fffffc8b
2afbc645 02 000002af
fa652303 02 ffffffa6
08886b93 02 00000088
fbf6f783 02 ffffffbf
5dc96d93 02 000005dc
a86d803a 02 fffffa86
d03e33a5 02 fffffd03
afce2383 02 fffffafc
f35a6a83 02 ffffff35
441ce083 02 00000441
278cd717 02 00000278
bfbfcb67 02 fffffbfb
67ff4b83 02 0000067f
8c1f045f 02 fffff8c1
cf303f83 02 fffffcf3
1c1cd803 02 000001c1
ee8016a8 02 fffffee8
61801a03 02 00000618
418d9331 02 00000418
579f9de5 02 00000579
109fa1cb 02 00000109
404015c2 02 00000404
bccac658 02 fffffbcc
5a983784 02 000005a9
791ac403 02 00000791
43a5a5e7 02 0000043a
44490893 02 00000444
25b8367e 02 0000025b
906e2393 02 fffff906
55edfa31 02 0000055e
6c90dce7 02 000006c9
63145413 02 00000631
9125494e 02 fffff912
84fdb378 02 fffff84f
24aab1e7 02 0000024a
f8e87163 02 ffffff8e
afc0c2d3 02 fffffafc
9900a8c2 02 fffff990
3f62dbf5 02 000003f6
85545483 02 fffff855
58d1f7a2 02 0000058d
fc6bd08a 02 ffffffc6
5349a88d 02 00000534
095c49b8 02 00000095
7fffffe7 02 000007ff
bb22b615 02 fffffbb2
02fe1a50 02 0000002f
39b511e7 02 0000039b
3a040f67 02 000003a0
313a48d3 02 00000313
79d0c9a4 02 0000079d
7fe70c7d 02 000007fe
692ff513 02 00000692
0f184f67 02 000000f1
03f26492 02 0000003f
ffffff93 02 ffffffff
f39f2b93 02 ffffff39
4a95d103 02 000004a9
3644f683 02 00000364
bcaf9403 02 fffffbca
4b0d1203 02 000004b0
333f437b 02 00000333
8d0bb393 02 fffff8d0
e778d8e7 02 fffffe77
00000013 02 00000000
38071f83 02 00000380
43a04f4f 02 0000043a
398445c0 02 00000398
2b817461 02 000002b8
fb2c4a93 02 ffffffb2
fe005e35 02 ffffffe0
80000013 02 fffff800
fe126993 02 ffffffe1
a805d95e 02 fffffa80
f4c46182 02 ffffff4c
fb3f5493 02 ffffffb3
c3917703 02 fffffc39
8febc448 02 fffff8fe
ad8537fe 02 fffffad8
a8011155 02 fffffa80
7ebc1693 02 000007eb
3c0b49b0 02 000003c0
11714bd0 02 00000117
f8d8d283 02 ffffff8d
ffffffff 02 ffffffff
1bd47f33 02 000001bd
0ac8f867 02 000000ac
b1fe5d83 02 fffffb1f
1a82c403 02 000001a8
1921dee7 02 00000192
7e1836e2 02 000007e1
b2fcf70f 02 fffffb2f
967ea853 02 fffff967
a8681103 02 fffffa86
3db60852 02 000003db
6dd8e513 02 000006dd
583a8a03 02 00000583
9e0ef15b 02 fffff9e0
48283fe7 02 00000482
dfced913 02 fffffdfc
24e31d44 02 0000024e
0fc5b8b2 02 000000fc
39558a13 02 00000395
68b7cacb 02 0000068b
9bff1293 02 fffff9bf
d6d89086 02 fffffd6d
a249a567 02 fffffa24
7be1dd93 02 000007be
0d2778f6 02 000000d2
e9123713 02 fffffe91
1e0de2b7 02 000001e0
8dd5167c 02 fffff8dd
93e6b183 02 fffff93e
677f4183 02 00000677
cdb41983 02 fffffcdb
4430e87a 02 00000443
5073b667 02 00000507
d7cb4193 02 fffffd7c
ddbbf893 02 fffffddb
efa85013 02 fffffefa
a44daebf 02 fffffa44
1fd71362 02 000001fd
c0a47c83 02 fffffc0a
a8ca8403 02 fffffa8c
b9e4dd83 02 fffffb9e
1bc84f93 02 000001bc
f65bb0dc 02 ffffff65
eb752fc2 02 fffffeb7
817c8d13 02 fffff817
69773203 02 00000697
3cfe0128 02 000003cf
c8de94e7 02 fffffc8d
840f8164 02 fffff840
90d4085c 02 fffff90d
4794ab67 02 00000479
ee380e83 02 fffffee3
eb823f83 02 fffffeb8
13fa4467 02 0000013f
f3037d35 02 ffffff30
2dab7067 02 000002da
11ad3b67 02 0000011a
81016713 02 fffff810
13963d88 02 00000139
0e04e313 02 000000e0
0d5cd693 02 000000d5
19c4b193 02 0000019c
9f8fa4d7 02 fffff9f8
ef9490e7 02 fffffef9
67dbe1f6 02 0000067d
00de5213 02 0000000d
c128a687 02 fffffc12
1c5b37de 02 000001c5
7a2cbaf6 02 000007a2
a03c2203 02 fffffa03
3c65a339 02 000003c6
f3d81c8b 02 ffffff3d
872bbecc 02 fffff872
4ee17a13 02 000004ee
457cb5f2 02 00000457
5b1b6203 02 000005b1
9b87c793 02 fffff9b8
c5028f57 02 fffffc50
f4213667 02 ffffff42
54d5df67 02 0000054d
236dbd93 02 00000236
f8724e67 02 ffffff87
84abe168 02 fffff84a
877cf200 02 fffff877
302401f0 02 00000302
2b18c6d8 02 000002b1
9ccf6567 02 fffff9cc
1dc21c77 02 000001dc
00000003 02 00000000
89550d6c 02 fffff895
991e7193 02 fffff991
425da869 02 00000425
31de6813 02 0000031d
30485325 02 00000304
13f1da47 02 0000013f
80000067 02 fffff800
acb93be7 02 fffffacb
3701bde7 02 00000370
c4d09be7 02 fffffc4d
a23b16f7 02 fffffa23
dc7b105e 02 fffffdc7
cefdfc03 02 fffffcef
90d0cae5 02 fffff90d
531edc2d 02 00000531
23126c6b 02 00000231
cb58f363 02 fffffcb5
b415e97d 02 fffffb41
fa1e1181 02 ffffffa1
51668567 02 00000516
7f20f613 02 000007f2
5179e944 02 00000517
bdf3ea13 02 fffffbdf
d494438b 02 fffffd49
607481e7 02 00000607
43268403 02 00000432
6790d093 02 00000679
6a6d088a 02 000006a6
9309ec13 02 fffff930
36d49908 02 0000036d
23430f9c 02 00000234
d42ba39b 02 fffffd42
843de603 02 fffff843
b537e810 02 fffffb53
6a197ec4 02 000006a1
c1644303 02 fffffc16
4f019108 02 000004f0
0bb12b13 02 000000bb
8abc0a1c 02 fffff8ab
f15b37e7 02 ffffff15
586651e7 02 00000586
051fcb02 02 00000051
8c1e0483 02 fffff8c1
4a22b45a 02 000004a2
1eafecdf 02 000001ea
bb3e98e3 02 fffffbb3
a7e726e7 02 fffffa7e
47d55d03 02 0000047d
e8f919b9 02 fffffe8f
65ca93e7 02 0000065c
aa8cf813 02 fffffaa8
09c3b703 02 0000009c
c1532693 02 fffffc15
705bdfe7 02 00000705
5911c9e7 02 00000591
cd03b505 02 fffffcd0
76808403 02 00000768
a2cd944f 02 fffffa2c
aae490e5 02 fffffaae
72b21007 02 0000072b
ad2e8983 02 fffffad2
698f61b6 02 00000698
fe848d64 02 ffffffe8
0546302b 02 00000054
2458e303 02 00000245
00eff6a0 02 0000000e
d764c313 02 fffffd76
9a0f8d67 02 fffff9a0
87b9d66d 02 fffff87b
a44882f8 02 fffffa44
7d27c37c 02 000007d2
37bff393 02 0000037b
f82abb22 02 ffffff82
54dedac0 02 0000054d
5c99e6eb 02 000005c9
a5d94083 02 fffffa5d
fa1d7083 02 ffffffa1
ff46db4c 02 fffffff4
18671693 02 00000186
c1ba3ea8 02 fffffc1b
aaaaaaaa 02 fffffaaa
6486af46 02 00000648
bb5d52d5 02 fffffbb5
80c8d967 02 fffff80c
ddd66967 02 fffffddd
f5ae0ae0 02 ffffff5a
637b49e7 02 00000637
2e6f8a8a 02 000002e6
0b9ac30d 02 000000b9
d8c28850 02 fffffd8c
7eacf483 02 000007ea
a67c5713 02 fffffa67
40fbc431 02 0000040f
6d005556 02 000006d0
59ae4641 02 0000059a
fff00f83 02 ffffffff
52aa7413 02 0000052a
3d3f94db 02 000003d3
2ad69204 02 000002ad
a7352515 02 fffffa73
21f3c483 02 0000021f
77f37883 02 0000077f
8cbdede7 02 fffff8cb
58a1e793 02 0000058a
a86565d5 02 fffffa86
298a9172 02 00000298
134fac27 02 00000134
da7de393 02 fffffda7
36d73103 02 0000036d
803ee903 02 fffff803
ffffffff 02 ffffffff
0b5e0d67 02 000000b5
f7dfb276 02 ffffff7d
6ecc88d2 02 000006ec
1d0cdb13 02 000001d0
63cf32f1 02 0000063c
4314f367 02 00000431
09f73431 02 0000009f
b41a528a 02 fffffb41
0cf81d5a 02 000000cf
f39f029e 02 ffffff39
20786688 02 00000207
75e1d64f 02 0000075e
55555555 02 00000555
368bd2b0 02 00000368
2ca1c0fe 02 000002ca
bec47f8e 02 fffffbec
442ef203 02 00000442
48c48a8c 02 0000048c
6d6e32d0 02 000006d6
cd878413 02 fffffcd8
276c055f 02 00000276
61b921aa 02 0000061b
dcb31906 02 fffffdcb
2657d5f5 02 00000265
6016cf93 02 00000601
85d642cf 02 fffff85d
1f15b270 02 000001f1
2b2ed933 02 000002b2
72488ee7 02 00000724
f02aeee7 02 ffffff02
6100a4f1 02 00000610
faf27c83 02 ffffffaf
f9b56683 02 ffffff9b
74b20621 02 0000074b
f63f1367 02 ffffff63
31496b93 02 00000314
b99ae383 02 fffffb99
f63ba8cd 02 ffffff63
053d17e2 02 00000053
894df4e7 02 fffff894
496f5c66 02 00000496
b5c1fbe7 02 fffffb5c
fc6718b8 02 ffffffc6
604e3267 02 00000604
81103b59 02 fffff811
7dcdf003 02 000007dc
e7998a67 02 fffffe79
e48f1d45 02 fffffe48
bb253b93 02 fffffbb2
c1fed472 02 fffffc1f
8682e6e7 02 fffff868
e6ca8903 02 fffffe6c
73bbef67 02 0000073b
cbfff834 02 fffffcbf
55bdb613 02 0000055b
c7a809e7 02 fffffc7a
5e14eb93 02 000005e1
f4f078b2 02 ffffff4f
48a17208 02 0000048a
f9e28593 02 ffffff9e
e5276f7d 02 fffffe52
7641df29 02 00000764
4fbbd267 02 000004fb
2cafa4b5 02 000002ca
592951f1 02 00000592
fede8d13 02 ffffffed
140e6f93 02 00000140
157fcdf4 02 00000157
b0a94b84 02 fffffb0a
3d1566fd 02 000003d1
86b41483 02 fffff86b
2df9ca13 02 000002df
d9478e93 02 fffffd94
5ef967c6 02 000005ef
05cf38ed 02 0000005c
68a7af54 02 0000068a
80000003 02 fffff800
f023a2e7 02 ffffff02
b7960703 02 fffffb79
3b928767 02 000003b9
00f70c83 02 0000000f
7d1d0013 02 000007d1
4a732d29 02 000004a7
9b2cb167 02 fffff9b2
c8167f83 02 fffffc81
0615e203 02 00000061
9cc65421 02 fffff9cc
458f7625 02 00000458
cdcd9f93 02 fffffcdc
91f72b4a 02 fffff91f
2f3fc993 02 000002f3
1354e58d 02 00000135
442ed583 02 00000442
f84eec93 02 ffffff84
3362c4dd 02 00000336
a41bc483 02 fffffa41
1d884460 02 000001d8
08a3cf83 02 0000008a
222d7393 02 00000222
677a526c 02 00000677
17a317e7 02 0000017a
abf119f7 02 fffffabf
b7a6046c 02 fffffb7a
ccbdd3d6 02 fffffccb
0c1b2ae7 02 000000c1
04ba8803 02 0000004b
e0f7345e 02 fffffe0f
8ea8043b 02 fffff8ea
4aa52703 02 000004aa
e7090a31 02 fffffe70
7962d662 02 00000796
1f8937b1 02 000001f8
80cc1203 02 fffff80c
0cfb1483 02 000000cf
7dbaed13 02 000007db
eec73003 02 fffffeec
bf7cb903 02 fffffbf7
195ed7cf 02 00000195
b3a57193 02 fffffb3a
fff00fff 02 ffffffff
3e2a4f03 02 000003e2
22c53ae7 02 0000022c
cf0df954 02 fffffcf0
7dcb0e67 02 000007dc
b5671aa5 02 fffffb56
a93d76d2 02 fffffa93
c54f6e03 02 fffffc54
3a0cc793 02 000003a0
6a6a7583 02 000006a6
826ac397 02 fffff826
000c84df 02 00000000
85072283 02 fffff850
99f43899 02 fffff99f
e6ba0176 02 fffffe6b
6e4a013e 02 000006e4
065d01b0 02 00000065
460e0d03 02 00000460
74b84183 02 0000074b
55555555 02 00000555
1f6f8423 02 000001f6
6f2e1ce7 02 000006f2
e6571e93 02 fffffe65
a7d42e51 02 fffffa7d
d7cc0993 02 fffffd7c
5b4cf4df 02 000005b4
40321167 02 00000403
08c57fb1 02 0000008c
bf50f703 02 fffffbf5
bc98a30f 02 fffffbc9
75997083 02 00000759
623ae66e 02 00000623
2832bce7 02 00000283
8cd446f9 02 fffff8cd
f9f20113 02 ffffff9f
f8206003 02 ffffff82
a2c7fd83 02 fffffa2c
1e1f28f5 02 000001e1
1d80a013 02 000001d8
a5b0bf93 02 fffffa5b
cfda7860 02 fffffcfd
13b1d693 02 0000013b
4f4d0c7f 02 000004f4
3f63e7b8 02 000003f6
c37ce213 02 fffffc37
cb14ef67 02 fffffcb1
60b9bf83 02 0000060b
32468c67 02 00000324
d87dc383 02 fffffd87
d2d3e186 02 fffffd2d
e2c72e80 02 fffffe2c
b04b5f4e 02 fffffb04
f559cfe7 02 ffffff55
2d08bf13 02 000002d0
7460512d 02 00000746
8ce3af03 02 fffff8ce
c7dd4767 02 fffffc7d
142cd248 02 00000142
b9fa6713 02 fffffb9f
0b425683 02 000000b4
423940e7 02 00000423
39b57261 02 0000039b
8e0b8a93 02 fffff8e0
aaa2ede7 02 fffffaaa
ecff7eb5 02 fffffecf
4be2089a 02 000004be
b2627df7 02 fffffb26
06cfbe78 02 0000006c
b8e8b1e7 02 fffffb8e
00f4ca93 02 0000000f
39de9183 02 0000039d
83f809eb 02 fffff83f
4c8e6b03 02 000004c8
60a5f013 02 0000060a
47c50319 02 0000047c
8de52d55 02 fffff8de
d2dd6f67 02 fffffd2d
ca94c303 02 fffffca9
73cf0193 02 0000073c
dd9893bf 02 fffffdd9
743fbe87 02 00000743
76760b83 02 00000767
cbe4a1e7 02 fffffcbe
e5565ae7 02 fffffe55
8ba3f103 02 fffff8ba
04757743 02 00000047
cb27586c 02 fffffcb2
bc9e94a8 02 fffffbc9
5f962dbb 02 000005f9
b41f3367 02 fffffb41
b365fc67 02 fffffb36
535e9a03 02 00000535
6b79ab93 02 000006b7
9654b503 02 fffff965
831de8fe 02 fffff831
c8134de7 02 fffffc81
caae0267 02 fffffcaa
6ac95a39 02 000006ac
d489c383 02 fffffd48
ca39fda7 02 fffffca3
ce8e8093 02 fffffce8
1be63301 02 000001be
c1371eaf 02 fffffc13
2d46d935 02 000002d4
365f7e83 02 00000365
fff00fff 02 ffffffff
c66f9f03 02 fffffc66
2e6e7e4a 02 000002e6
a3bdea5a 02 fffffa3b
e6c08167 02 fffffe6c
d1372967 02 fffffd13
f0f554e2 02 ffffff0f
e6421809 02 fffffe64
02cb70ad 02 0000002c
a530cd13 02 fffffa53
51b02113 02 0000051b
074978e7 02 00000074
f51a1336 02 ffffff51
04e8808d 02 0000004e
f2a9fa89 02 ffffff2a
6a85b673 02 000006a8
6e97cfa6 02 000006e9
80244975 02 fffff802
9b01d593 02 fffff9b0
d3e55e0c 02 fffffd3e
13213703 02 00000132
d3476313 02 fffffd34
bb8afc03 02 fffffbb8
ffffffff 02 ffffffff
e20e31e7 02 fffffe20
b9e055db 02 fffffb9e
be5ad1c4 02 fffffbe5
f79df683 02 ffffff79
d3b021fe 02 fffffd3b
023b3e3e 02 00000023
a99b689c 02 fffffa99
7f5441ef 02 000007f5
0aedaa93 02 000000ae
71ba7540 02 0000071b
f9fbc349 02 ffffff9f
97d97d26 02 fffff97d
b2df4e0d 02 fffffb2d
d2b499d2 02 fffffd2b
d6104a74 02 fffffd61
da9ea383 02 fffffda9
42c1ef74 02 0000042c
950551ae 02 fffff950
933a21ff 02 fffff933
1cd9bad5 02 000001cd
1ffbe934 02 000001ff
323567f7 02 00000323
3dedfe93 02 000003de
66c480e7 02 0000066c
35327403 02 00000353
c3f90d03 02 fffffc3f
327e3d44 02 00000327
6e4cb597 02 000006e4
cd78a313 02 fffffcd7
097d80d8 02 00000097
49b65036 02 0000049b
af2c3513 02 fffffaf2
b5e3d567 02 fffffb5e
936018c4 02 fffff936
0873ba8c 02 00000087
ffc0a88d 02 fffffffc
60019483 02 00000600
928a59d5 02 fffff928
27ccfce7 02 0000027c
2b4bee03 02 000002b4
603c7c1a 02 00000603
8c468603 02 fffff8c4
d84e35fc 02 fffffd84
14eea85b 02 0000014e
6cb93213 02 000006cb
8fd38e83 02 fffff8fd
3f2dfbba 02 000003f2
9281fe67 02 fffff928
ffffffe7 02 ffffffff
0dd2b08b 02 000000dd
89579b0d 02 fffff895
47a94f83 02 0000047a
cc2e1983 02 fffffcc2
e292e083 02 fffffe29
aece7267 02 fffffaec
f0e1889d 02 ffffff0e
ef5f2a83 02 fffffef5
f3ef241b 02 ffffff3e
b40c14f8 02 fffffb40
8a8fc693 02 fffff8a8
73f69793 02 0000073f
f34f07d6 02 ffffff34
6c942150 02 000006c9
81d891e7 02 fffff81d
f2d32b6a 02 ffffff2d
c7d9e444 02 fffffc7d
713d6d70 02 00000713
c1140ea6 02 fffffc11
6d819a93 02 000006d8
64e99ce7 02 0000064e
c50ed803 02 fffffc50
41652018 02 00000416
205490e7 02 00000205
270cf067 02 00000270
5934c3e7 02 00000593
7d3ec07f 02 000007d3
0b7ee922 02 000000b7
b409d486 02 fffffb40
28263a85 02 00000282
45682893 02 00000456
516ce893 02 00000516
143e588a 02 00000143
d55fca8b 02 fffffd55
14883283 02 00000148
96880667 02 fffff968
56a14113 02 0000056a
047136e7 02 00000047
968c8903 02 fffff968
51397a93 02 00000513
ac9275fa 02 fffffac9
1dc92150 02 000001dc
80c55e93 02 fffff80c
1f2739d3 02 000001f2
3b7ee113 02 000003b7
9bf30702 02 fffff9bf
18352903 02 00000183
13f299af 02 0000013f
7645de93 02 00000764
e509bb13 02 fffffe50
7df48bc3 02 000007df
f4c04fe7 02 ffffff4c
5483aeeb 02 00000548
000ff067 02 00000000
555bf21c 02 00000555
12a241ce 02 0000012a
bd15b18a 02 fffffbd1
e43edb03 02 fffffe43
7020e1e9 02 00000702
d4fa89fb 02 fffffd4f
d5202913 02 fffffd52
8c7e2d03 02 fffff8c7
3633b013 02 00000363
5c758567 02 000005c7
f6358467 02 ffffff63
48042dc9 02 00000480
b1e07094 02 fffffb1e
86744de7 02 fffff867
067cfbb5 02 00000067
23971f03 02 00000239
22752b8e 02 00000227
# --- S-type ---
# i_inst i_format | o_immediate
33a781a3 04 00000323
7bd7cca3 04 000007b9
b5b42fa3 04 fffffb5f
9462c023 04 fffff940
e35faf23 04 fffffe3e
0e9bcb59 04 000000f6
ad717fd7 04 fffffadf
7b1a4f42 04 000007be
94dddb23 04 fffff956
ad08d792 04 fffffacf
5055ada3 04 0000051b
0c84d9a3 04 000000d3
4aaf2509 04 000004aa
caee16dd 04 fffffcad
735cd423 04 00000728
faeba223 04 ffffffa4
72f38559 04 0000072a
9676ac84 04 fffff979
f3e65631 04 ffffff2c
91cfb123 04 fffff902
25e885a0 04 0000024b
389a4c43 04 00000398
26dfb523 04 0000026a
dda2e13f 04 fffffdc2
ab964923 04 fffffab2
3968f0b6 04 00000381
71ed5ba3 04 00000717
66a30b86 04 00000677
44bde723 04 0000044e
31ec3664 04 0000030c
b5f168a3 04 fffffb51
5ed058a3 04 000005f1
3e359e48 04 000003fc
0007de02 04 0000001c
e1f9c8be 04 fffffe11
ea993423 04 fffffea8
607fe29e 04 00000605
e6f02c2e 04 fffffe78
9a3366b5 04 fffff9ad
29443f8f 04 0000029f
f3ef33a3 04 ffffff27
511a1ed7 04 0000051d
72835c37 04 00000738
877943a3 04 fffff867
8e9739a3 04 fffff8f3
86d43ba3 04 fffff877
dda1f281 04 fffffdc5
fccf6efa 04 ffffffdd
aac18aa3 04 fffffab5
b811d902 04 fffffb92
92969123 04 fffff922
6d5ce1de 04 000006c3
49d9a3a2 04 00000487
caf9fb23 04 fffffcb6
2b603931 04 000002b2
d0cb8323 04 fffffd06
e3fbbba3 04 fffffe37
30ba8323 04 00000306
42f37b23 04 00000436
7d0e228e 04 000007c5
0d951e23 04 000000dc
f67f6afa 04 ffffff75
0cba1ad7 04 000000d5
6a7b416b 04 000006a2
f8dbc7a3 04 ffffff8f
6093aa23 04 00000614
c31432b9 04 fffffc25
907b5923 04 fffff912
8cbbdfa3 04 fffff8df
535312a7 04 00000525
723ec44e 04 00000728
97f61223 04 fffff964
0d8a4d87 04 000000db
a460753d 04 fffffa4a
26daec23 04 00000278
24b42ea3 04 0000025d
7b8459f8 04 000007b3
e1095ef8 04 fffffe1d
35ddef23 04 0000035e
ad38b1a3 04 fffffac3
84db41d4 04 fffff843
5753cef3 04 0000057d
02945e23 04 0000003c
ccca543b 04 fffffcc8
eaf75ec7 04 fffffebd
325d53a3 04 00000327
51294da3 04 0000051b
6d928bc8 04 000006d7
44846fa3 04 0000045f
d85e1967 04 fffffd92
77e9855c 04 0000076a
2b55a6c6 04 000002ad
2b50386f 04 000002b0
bda1d67f 04 fffffbcc
0706e73c 04 0000006e
17aeb1f2 04 00000163
6132c07d 04 00000600
11645f00 04 0000011e
670fc2d1 04 00000665
fdb73579 04 ffffffca
b9ddbf23 04 fffffb9e
bdede0f0 04 fffffbc1
117e5a23 04 00000114
1fdca311 04 000001e6
e7aa3623 04 fffffe6c
ced826c9 04 fffffced
e145517d 04 fffffe02
d336c1a8 04 fffffd23
79b56ba3 04 00000797
c0c2b523 04 fffffc0a
0606f523 04 0000006a
e64c8746 04 fffffe6e
c7fef0e9 04 fffffc61
7d9e4723 04 000007ce
ad084823 04 fffffad0
36aedc23 04 00000378
3335c8a3 04 00000331
eb597fa3 04 fffffebf
afc3e410 04 fffffae8
165564a3 04 00000169
87cef3a3 04 fffff867
7a2fc5a3 04 000007ab
2ab534a3 04 000002a9
0fa545db 04 000000eb
404e8b97 04 00000417
75922ca3 04 00000759
836011a6 04 fffff823
0487b4a3 04 00000049
77ec7909 04 00000772
e58423a3 04 fffffe47
2e79f1a3 04 000002e3
bb095e7d 04 fffffbbc
3b0feccc 04 000003b9
9228ed23 04 fffff93a
98222123 04 fffff982
997fa823 04 fffff990
1d156efb 04 000001dd
37f83d23 04 0000037a
d7949523 04 fffffd6a
d5d8a768 04 fffffd4e
b72ebf23 04 fffffb7e
43388e77 04 0000043c
5aefa623 04 000005ac
3a546724 04 000003ae
00f0b1af 04 00000003
912122d9 04 fffff905
b2c7b5f7 04 fffffb2b
19354e76 04 0000019c
1f8f4b23 04 000001f6
c5655923 04 fffffc52
f20ecbe7 04 ffffff37
5a739ce8 04 000005b9
55358b23 04 00000556
5df5a90f 04 000005d2
477fd73e 04 0000046e
bde4d2d3 04 fffffbc5
c78fd8a3 04 fffffc71
079f4d2b 04 0000007a
a7ff47a3 04 fffffa6f
7f8bc7a3 04 000007ef
2ca4760a 04 000002cc
179ac1a3 04 00000163
cdf32558 04 fffffcca
875d5223 04 fffff864
6cf23123 04 000006c2
d284a6a3 04 fffffd2d
b1629b3e 04 fffffb16
0ca2eda3 04 000000db
8fd0fb23 04 fffff8f6
e66e869c 04 fffffe6d
a280da0a 04 fffffa34
014ff8b0 04 00000011
6b615323 04 000006a6
587066bb 04 0000058d
ececefd6 04 fffffedf
9f9679a3 04 fffff9f3
4de3a6a3 04 000004cd
5580a023 04 00000540
14a2e9a3 04 00000153
c7bc0b58 04 fffffc76
c9c6f428 04 fffffc88
07754e72 04 0000007c
4b0d4223 04 000004a4
d727798b 04 fffffd73
b575a623 04 fffffb4c
85d5f1a3 04 fffff843
7655d8a3 04 00000771
95f656a3 04 fffff94d
292b8d23 04 0000029a
7ba44ba3 04 000007b7
69c3b4a3 04 00000689
f0b9b3df 04 ffffff07
e197fd76 04 fffffe1a
24124609 04 0000024c
83c6a9a3 04 fffff833
50c2bfa3 04 0000051f
1c1a50c1 04 000001c1
9ca25544 04 fffff9ca
8ee077a8 04 fffff8ef
f85249f4 04 ffffff93
8f264aa3 04 fffff8f5
d58573a3 04 fffffd47
5b085620 04 000005ac
75b8d323 04 00000746
b3462ba3 04 fffffb37
2eb49123 04 000002e2
db91a657 04 fffffdac
1781b7d8 04 0000016f
183d7823 04 00000190
b1b8eead 04 fffffb1d
7797aa23 04 00000774
d01256a3 04 fffffd0d
09f9ed23 04 0000009a
59b6d023 04 00000580
dbf4a3eb 04 fffffda7
4a16c46a 04 000004a8
06e18f6d 04 0000007e
4e0b3123 04 000004e2
e61ff357 04 fffffe66
712bbbd0 04 00000717
728f2b23 04 00000736
17ba0d23 04 0000017a
e73e4f23 04 fffffe7e
09288f23 04 0000009e
906f8023 04 fffff900
de2468a3 04 fffffdf1
de4476b4 04 fffffded
723712a3 04 00000725
4f23275a 04 000004ee
f75bd282 04 ffffff65
3abf2f1b 04 000003be
bb406823 04 fffffbb0
20bf1ff6 04 0000021f
4a9b65a3 04 000004ab
7222a519 04 0000072a
86fccf5c 04 fffff87e
643be523 04 0000064a
b77a56a3 04 fffffb6d
567c0627 04 0000056c
ef6efb1f 04 fffffef6
c5874dcf 04 fffffc5b
bc871d31 04 fffffbda
b7dc22a3 04 fffffb65
307ade8c 04 0000031d
1b838890 04 000001b1
eb054323 04 fffffea6
91e34523 04 fffff90a
ecf44aa3 04 fffffed5
9515d942 04 fffff952
8d3f7723 04 fffff8ce
75813fff 04 0000075f
4c228223 04 000004c4
b62d82a3 04 fffffb65
9418c223 04 fffff944
3781023b 04 00000364
aaf84423 04 fffffaa8
4b642d23 04 000004ba
26e2b374 04 00000266
546254f1 04 00000549
febbdca3 04 fffffff9
670e1323 04 00000666
021a0a5e 04 00000034
6c34cba3 04 000006d7
15388423 04 00000148
45b1caa3 04 00000455
416e4422 04 00000408
95d938a3 04 fffff951
f017ae23 04 ffffff1c
506804f6 04 00000509
fd2f025c 04 ffffffc4
374877a3 04 0000036f
45910d7d 04 0000045a
50a61b23 04 00000516
0ddeee19 04 000000dc
99498a23 04 fffff994
3de3b423 04 000003c8
fe256723 04 ffffffee
db0dd623 04 fffffdac
22907369 04 00000226
77005aa3 04 00000775
fff00fa3 04 ffffffff
5f3fa323 04 000005e6
1a85ef23 04 000001be
28718023 04 00000280
72bd5723 04 0000072e
79aef823 04 00000790
fb8d22f0 04 ffffffa5
eb2c0f23 04 fffffebe
488fbdfd 04 0000049b
53dcb7a3 04 0000052f
c3aa02a3 04 fffffc25
25c6ed2b 04 0000025a
c042ee67 04 fffffc1c
cea97123 04 fffffce2
1d06fd12 04 000001da
b0586a23 04 fffffb14
47d5ea23 04 00000474
7bfa854d 04 000007aa
9e4415a3 04 fffff9eb
619ebe0a 04 0000061c
2ed1a070 04 000002e0
4fff5623 04 000004ec
86b7e623 04 fffff86c
8347e823 04 fffff830
45e705d9 04 0000044b
93d32523 04 fffff92a
43093959 04 00000432
cec6b423 04 fffffce8
1b821aae 04 000001b5
6445f348 04 00000646
5fa3edc7 04 000005fb
ac2cb751 04 ffffface
c3a77a23 04 fffffc34
b8f928a3 04 fffffb91
f49aace7 04 ffffff59
9c6c8aa3 04 fffff9d5
b08c1123 04 fffffb02
ad8a9523 04 fffffaca
105a6175 04 00000102
0cda7723 04 000000ce
768ee065 04 00000760
8eb0c49a 04 fffff8e9
3e4c6686 04 000003ed
576958a3 04 00000571
fc11e56e 04 ffffffca
ef14c72b 04 fffffeee
75357252 04 00000744
c7ace7a3 04 fffffc6f
f5b99ba3 04 ffffff57
2ab33ba3 04 000002b7
f18ecec4 04 ffffff1d
63d3b867 04 00000630
3f5b012a 04 000003e2
b60aac23 04 fffffb78
c2bbfc72 04 fffffc38
643b4da3 04 0000065b
5caa9d23 04 000005da
39e39523 04 0000038a
fb18eb23 04 ffffffb6
0b796523 04 000000aa
2b577b40 04 000002b6
e13b5d75 04 fffffe1a
2d824d1d 04 000002da
4a282023 04 000004a0
3fc4cc23 04 000003f8
41d5e255 04 00000404
cd129ca3 04 fffffcd9
c8bbf3d8 04 fffffc87
28dd32d7 04 00000285
43139823 04 00000430
bf7b37a3 04 fffffbef
30d5a7b8 04 0000030f
ed76a1a3 04 fffffec3
837d7cbe 04 fffff839
a3645fa3 04 fffffa3f
df34c623 04 fffffdec
13647923 04 00000132
4f9025a3 04 000004eb
494b8b23 04 00000496
f00650b0 04 ffffff01
d34ae926 04 fffffd32
d95afa5b 04 fffffd94
98403123 04 fffff982
a7bfd0a3 04 fffffa61
ce256d23 04 fffffcfa
7fffffff 04 000007ff
96734e49 04 fffff97c
f730dca4 04 ffffff79
7a328a23 04 000007b4
94023623 04 fffff94c
c1cdc73b 04 fffffc0e
04847dcc 04 0000005b
a9996423 04 fffffa88
d8577ea3 04 fffffd9d
dd47b723 04 fffffdce
07ae7923 04 00000072
53934086 04 00000521
4a5fc3a3 04 000004a7
e80c6f4c 04 fffffe9e
a9aa4c5f 04 fffffa98
87a40905 04 fffff872
9b1e44a2 04 fffff9a9
a77f7123 04 fffffa62
c0d29030 04 fffffc00
ead132a3 04 fffffea5
8b9386d0 04 fffff8ad
ff3f9e0f 04 fffffffc
a2a2e483 04 fffffa29
a5fba2a3 04 fffffa45
5b90305a 04 000005a0
25b01a60 04 00000254
f3602d1d 04 ffffff3a
9f09df23 04 fffff9fe
60b07806 04 00000610
10e20ea3 04 0000011d
0732c9dd 04 00000073
36514da3 04 0000037b
7f8c79a3 04 000007f3
fb8ac0a3 04 ffffffa1
b27e53a3 04 fffffb27
e67f30e0 04 fffffe61
6dfa3d55 04 000006da
c32bcff7 04 fffffc3f
8370c4f7 04 fffff829
496acc23 04 00000498
2202616a 04 00000222
27626cf1 04 00000279
3f5bc723 04 000003ee
e772dda3 04 fffffe7b
608fb984 04 00000613
f3fbe06a 04 ffffff20
9af37318 04 fffff9a6
0beabfa3 04 000000bf
c92d82b9 04 fffffc85
5f9617c9 04 000005ef
20c3909b 04 00000201
8b46600f 04 fffff8a0
9166737e 04 fffff906
c75da523 04 fffffc6a
f6f129a3 04 ffffff73
edcbf53c 04 fffffeca
1133d3a3 04 00000107
90036aff 04 fffff915
54eada23 04 00000554
21791ba3 04 00000217
5c34f3a3 04 000005c7
1c652831 04 000001d0
571f97cf 04 0000056f
8d7d5ee3 04 fffff8dd
6b099867 04 000006b0
4ece7740 04 000004ee
8c4edbe8 04 fffff8d7
509b06f3 04 0000050d
6a655323 04 000006a6
cfebd823 04 fffffcf0
4e4f815e 04 000004e2
1197c4f8 04 00000109
27a29223 04 00000264
7c6c8d23 04 000007da
2ce9b1cc 04 000002c3
b9f4376e 04 fffffb8e
596c8e18 04 0000059c
bdd48923 04 fffffbd2
a90cfd23 04 fffffa9a
7da6f323 04 000007c6
4d4e5123 04 000004c2
00c49008 04 00000000
8f36d923 04 fffff8f2
a5df5f23 04 fffffa5e
826ef72c 04 fffff82e
1a117923 04 000001b2
3265d7a3 04 0000032f
a7736637 04 fffffa6c
553fd10f 04 00000542
1d48bf5e 04 000001de
c27d3ba3 04 fffffc37
80564923 04 fffff812
8991c223 04 fffff884
fd286023 04 ffffffc0
e0d0f023 04 fffffe00
5dc80cf6 04 000005d9
ddcb0bd5 04 fffffdd7
826ca406 04 fffff828
8883d9ae 04 fffff893
b259ffa3 04 fffffb3f
6af25e48 04 000006bc
0a7cb10d 04 000000a2
20e7da13 04 00000214
d7eb8723 04 fffffd6e
c9e871b2 04 fffffc83
feeca123 04 ffffffe2
0618d3ac 04 00000067
2f999e4b 04 000002fc
9dcf04fb 04 fffff9c9
273c61a3 04 00000263
61cc5e23 04 0000061c
8f1a8a23 04 fffff8f4
6e7569f6 04 000006f3
59d1def3 04 0000059d
e4b13c94 04 fffffe59
31903423 04 00000308
0dbbae2f 04 000000dc
d89c3fa3 04 fffffd9f
8ba3e9a3 04 fffff8b3
90092ffa 04 fffff91f
dc949c4b 04 fffffdd8
13d9647e 04 00000128
0ffbb185 04 000000e3
d84b0223 04 fffffd84
6c218523 04 000006ca
d841d6aa 04 fffffd8d
f13adba3 04 ffffff17
aedf1147 04 fffffae2
9edb0b0c 04 fffff9f6
595ff323 04 00000586
4d624a2f 04 000004d4
f5887e23 04 ffffff5c
278c0de3 04 0000027b
06584423 04 00000068
bf39c623 04 fffffbec
00f0baa3 04 00000015
967ddaa0 04 fffff975
15d9e75d 04 0000014e
c6d668a3 04 fffffc71
8da36aa3 04 fffff8d5
d6539723 04 fffffd6e
431aec69 04 00000438
cf1108a3 04 fffffcf1
0a6459a3 04 000000b3
ea2717b3 04 fffffeaf
5a84b7a3 04 000005af
df06c5a3 04 fffffdeb
8829b596 04 fffff88b
f17d1d23 04 ffffff1a
36615fb4 04 0000037f
807e0723 04 fffff80e
4febfe23 04 000004fc
a1e29123 04 fffffa02
46d1d023 04 00000460
c69c7fc9 04 fffffc7f
069090a3 04 00000061
d94367a6 04 fffffd8f
180d4fa3 04 0000019f
3bb58ed7 04 000003bd
c003c80b 04 fffffc10
19b892a3 04 00000185
c90db069 04 fffffc80
86a68523 04 fffff86a
ab9f2410 04 fffffaa8
2588d9dc 04 00000253
18c2a2f6 04 00000185
9683cf79 04 fffff97e
61134b23 04 00000616
09c5455b 04 0000008a
7becb8cd 04 000007b1
2119eca3 04 00000219
713228a3 04 00000711
30097d23 04 0000031a
37da53a3 04 00000367
cde058a3 04 fffffcd1
2f1e9e23 04 000002fc
701c6830 04 00000710
375548aa 04 00000371
2da5e688 04 000002cd
2f409823 04 000002f0
dae11223 04 fffffda4
a00fa523 04 fffffa0a
34ea134a 04 00000346
4507b741 04 0000044e
9e37ba11 04 fffff9f4
496cf95e 04 00000492
46f129a3 04 00000473
9f19ee8e 04 fffff9fd
273f9223 04 00000264
4fed13a3 04 000004e7
f1554c23 04 ffffff18
00000000 04 00000000
32a2c0a3 04 00000321
064dd288 04 00000065
2c37e267 04 000002c4
d55f2ca3 04 fffffd59
85c8ec23 04 fffff858
295a7223 04 00000284
9a40bc6a 04 fffff9b8
2f1d5329 04 000002e6
d4924cb5 04 fffffd59
a4a45aa3 04 fffffa55
750cf4ab 04 00000749
1a9edd25 04 000001ba
24f223a3 04 00000247
2d48fa9b 04 000002d5
09eccba3 04 00000097
6d09324c 04 000006c4
646e82e8 04 00000645
db647fa1 04 fffffdbf
aa059223 04 fffffaa4
3ca79cc1 04 000003d9
1efbab23 04 000001f6
ece0a123 04 fffffec2
0913a4a2 04 00000089
f445a558 04 ffffff4a
84152632 04 fffff84c
0b1663a3 04 000000a7
7392dba3 04 00000737
77a78123 04 00000762
c909ee29 04 fffffc9c
ad78321c 04 fffffac4
60164fa3 04 0000061f
40daeaa3 04 00000415
220f35a3 04 0000022b
25a81aa3 04 00000255
fb8843bd 04 ffffffa7
4821a5a3 04 0000048b
61e289ca 04 00000613
8ec226a3 04 fffff8ed
2e5bc4a3 04 000002e9
70483956 04 00000712
05f3d423 04 00000048
e4f1c053 04 fffffe40
3b1dd800 04 000003b0
f34d8aa3 04 ffffff35
a3fddbc2 04 fffffa37
e62e22c8 04 fffffe65
f57026d8 04 ffffff4d
a1df2223 04 fffffa04
146bb723 04 0000014e
5d54ba23 04 000005d4
0c24a2a3 04 000000c5
5f9bf7a3 04 000005ef
3b69bc5e 04 000003b8
ffffffa3 04 ffffffff
f356cfe3 04 ffffff3f
fc7a9e41 04 ffffffdc
b06e065f 04 fffffb0c
7b535423 04 000007a8
aff58d80 04 fffffafb
384b0c23 04 00000398
b2260e23 04 fffffb3c
b434bca3 04 fffffb59
a4eefcc3 04 fffffa59
e2a088e9 04 fffffe31
f967bf05 04 ffffff9e
f72902a3 04 ffffff65
01a698a3 04 00000011
0284dd40 04 0000003a
cc5b5545 04 fffffcca
4f79ada3 04 000004fb
4f34a023 04 000004e0
a6c6b1e9 04 fffffa63
6200822b 04 00000624
d2a0a223 04 fffffd24
015241a3 04 00000003
872e8423 04 fffff868
74774cb9 04 00000759
e5dce614 04 fffffe4c
aedce173 04 fffffae2
4d1cd7a3 04 000004cf
8ea07d23 04 fffff8fa
1078b123 04 00000102
5c2799a3 04 000005d3
24c7f2a3 04 00000245
cefe8635 04 fffffcec
68c17ea3 04 0000069d
e465523e 04 fffffe44
e3d9ff34 04 fffffe3e
262666b8 04 0000026d
4d142ca6 04 000004d9
65cd2423 04 00000648
c7509423 04 fffffc68
e7764960 04 fffffe72
e61d836b 04 fffffe66
ac73b8a3 04 fffffad1
686f0223 04 00000684
425e22c8 04 00000425
fa31d4a3 04 ffffffa9
90bdff4b 04 fffff91e
7925dcd7 04 00000799
ffd0def3 04 fffffffd
3b99ab23 04 000003b6
1cb8cf5f 04 000001de
2b8f4fa3 04 000002bf
1c1257ee 04 000001cf
6b391a4a 04 000006b4
e34c3d64 04 fffffe3a
05db32e5 04 00000045
3b3145a3 04 000003ab
35999bcb 04 00000357
2352da7d 04 00000234
7dd5b8a3 04 000007d1
2344aaa3 04 00000235
6fef00a3 04 000006e1
fae08323 04 ffffffa6
783eefa3 04 0000079f
c20f6478 04 fffffc28
4b8613ee 04 000004a7
2a4d552a 04 000002aa
38f30d23 04 0000039a
39dfdcbf 04 00000399
b584a723 04 fffffb4e
4f5a8fd5 04 000004ff
f9925e9b 04 ffffff9d
7036f723 04 0000070e
609f6718 04 0000060e
6aba2323 04 000006a6
013e72a3 04 00000005
26d673a3 04 00000267
d80b2de0 04 fffffd9b
20c5a0ff 04 00000201
c89518b0 04 fffffc91
e367cfa3 04 fffffe3f
d64384db 04 fffffd69
c89b6ca3 04 fffffc99
49b94a23 04 00000494
1deeadd4 04 000001db
d9e0b513 04 fffffd8a
0ce4a666 04 000000cc
2bc0716f 04 000002a2
bbd12123 04 fffffba2
02988b47 04 00000036
94e15f75 04 fffff95e
08324c23 04 00000098
d7ad59ed 04 fffffd73
8089cb04 04 fffff816
5717ba94 04 00000575
915a9a23 04 fffff914
474e7eed 04 0000047d
e1fb0e78 04 fffffe1c
f9f9a523 04 ffffff8a
cba3ae43 04 fffffcbc
ea306119 04 fffffea2
d3c9a52a 04 fffffd2a
10871147 04 00000102
33b41ba3 04 00000337
9ebec979 04 fffff9f2
02da9b21 04 00000036
e3cd94e1 04 fffffe29
55810089 04 00000541
2ea302c9 04 000002e5
0122da23 04 00000014
2ce3ed75 04 000002da
fc8f06bb 04 ffffffcd
56f066a3 04 0000056d
34ab501e 04 00000340
cf435d80 04 fffffcfb
05a65f41 04 0000005e
8059ad02 04 fffff81a
0d7c4fd5 04 000000df
bd83f9a3 04 fffffbd3
db9d40a3 04 fffffda1
b499170a 04 fffffb4e
7d70e3a3 04 000007c7
b2a38523 04 fffffb2a
552f90f4 04 00000541
494d9a23 04 00000494
81385fa3 04 fffff81f
32705f23 04 0000033e
966bf323 04 fffff966
bd316723 04 fffffbce
071803a3 04 00000067
09dcb6f6 04 0000008d
6b02bacf 04 000006b5
03182506 04 0000002a
cf79bc1e 04 fffffcf8
29fd2823 04 00000290
02f85323 04 00000026
276a4c23 04 00000278
a34c55a9 04 fffffa2b
d6fe2723 04 fffffd6e
8a2d6123 04 fffff8a2
86d1f1a3 04 fffff863
32f3a325 04 00000326
32aebd13 04 0000033a
a3d19ea3 04 fffffa3d
9e111b71 04 fffff9f6
e08de423 04 fffffe08
14b83523 04 0000014a
87d43184 04 fffff863
4d9515a3 04 000004cb
05c98523 04 0000004a
77aa2c23 04 00000778
06588d23 04 0000007a
969a3a1f 04 fffff974
9bcf4623 04 fffff9ac
327b78a3 04 00000331
c775bc75 04 fffffc78
35591723 04 0000034e
7b9a3223 04 000007a4
2a9b0423 04 000002a8
84a395dd 04 fffff84b
cf15bf6d 04 fffffcfe
16f01ac9 04 00000175
80e30a23 04 fffff814
1e15f644 04 000001ec
09cc21a3 04 00000083
65d333c7 04 00000647
ac87bc23 04 fffffad8
b5dc71a3 04 fffffb43
24f3e223 04 00000244
df36fea3 04 fffffdfd
f9509dda 04 ffffff9b
47b37f6d 04 0000047e
c13d5878 04 fffffc10
dd75afdc 04 fffffddf
bfb28ca3 04 fffffbf9
d6e478f6 04 fffffd71
cbcdb5a3 04 fffffcab
e98180a3 04 fffffe81
13fee0a3 04 00000121
539509d0 04 00000533
626340ca 04 00000621
232d35a3 04 0000022b
6cb29523 04 000006ca
5ec7ef26 04 000005fe
6eba4b65 04 000006f6
0478f933 04 00000052
124f211e 04 00000122
7561af23 04 0000075e
2826fd68 04 0000029a
ce8d7fa3 04 fffffcff
4de71866 04 000004d0
b8a1160c 04 fffffb8c
f240d323 04 ffffff26
7417347b 04 00000748
1404fd28 04 0000015a
3d41003d 04 000003c0
a8a14392 04 fffffa87
8c271763 04 fffff8ce
b39e0a23 04 fffffb34
b0c366a3 04 fffffb0d
9b0a148d 04 fffff9a9
40f92523 04 0000040a
4b631623 04 000004ac
a4577323 04 fffffa46
661c6a52 04 00000674
5367c77f 04 0000052e
1ec879c6 04 000001f3
83b74d5c 04 fffff83a
6b2cc2be 04 000006a5
ebff5723 04 fffffeae
6071893f 04 00000612
bc4cc4c8 04 fffffbc9
54b1a023 04 00000540
94adda96 04 fffff955
48b4a1ca 04 00000483
57729a20 04 00000574
37ea84a3 04 00000369
30c62f23 04 0000031e
a39b42b8 04 fffffa25
6c02f721 04 000006ce
89b59023 04 fffff880
856c52c3 04 fffff845
088a3835 04 00000090
543a3632 04 0000054c
fa849123 04 ffffffa2
3f5c5423 04 000003e8
b52483b9 04 fffffb47
1c1b0dbd 04 000001db
2ea92548 04 000002ea
f38d7a66 04 ffffff34
8fe615a3 04 fffff8eb
1c1effeb 04 000001df
ac9366a3 04 fffffacd
59dac361 04 00000586
8c0a0f19 04 fffff8de
678d8a93 04 00000675
934e7ad1 04 fffff935
3b8a6ba3 04 000003b7
58be97a3 04 0000058f
4454fb23 04 00000456
9886cbfa 04 fffff997
3110cd38 04 0000031a
bbac990b 04 fffffbb2
fd0ef123 04 ffffffc2
2be23927 04 000002b2
d699c123 04 fffffd62
50639c23 04 00000518
0a470723 04 000000ae
f955b023 04 ffffff80
ae21efbb 04 fffffaff
13f8d3a3 04 00000127
fa362c73 04 ffffffb8
0b027a0d 04 000000b4
7d5ed7a3 04 000007cf
241110b0 04 00000241
d46026b3 04 fffffd4d
0929fca3 04 00000099
a732fc23 04 fffffa78
15bf4e23 04 0000015c
db4d03c1 04 fffffda7
78af0023 04 00000780
727ab9f5 04 00000733
a1df8fd0 04 fffffa1f
b949b8a3 04 fffffb91
78ddbaa3 04 00000795
11a38933 04 00000112
ae5a9ca3 04 fffffaf9
a926b164 04 fffffa82
a4a20d23 04 fffffa5a
8994820c 04 fffff884
55ffaa23 04 00000554
91fca11d 04 fffff902
69633b6e 04 00000696
2f1e807f 04 000002e0
bbb09d25 04 fffffbba
2f043391 04 000002e7
e4abefa8 04 fffffe5f
f802e123 04 ffffff82
27a69023 04 00000260
f06cca23 04 ffffff14
56f07123 04 00000562
6fa081a3 04 000006e3
336a0123 04 00000322
4d17224a 04 000004c4
0da9b023 04 000000c0
fe74bb7c 04 fffffff6
73763ca3 04 00000739
221707ae 04 0000022f
bbefe307 04 fffffba6
7b2dd551 04 000007aa
0e0d1fa3 04 000000ff
6400f22b 04 00000644
933db0a3 04 fffff921
e95cc1a3 04 fffffe83
6c113910 04 000006d2
ef169f23 04 fffffefe
0e3b5908 04 000000f2
4177c523 04 0000040a
d6474123 04 fffffd62
b2522323 04 fffffb26
0adb7823 04 000000b0
757bbadc 04 00000755
5742133d 04 00000566
4da59b23 04 000004d6
55555523 04 0000054a
9bdd66b2 04 fffff9ad
9b297118 04 fffff9a2
08bf4c23 04 00000098
1c6fd8a3 04 000001d1
91ab8323 04 fffff906
8ea5fa47 04 fffff8f4
877fd733 04 fffff86e
167c72a3 04 00000165
9d7aa3b0 04 fffff9c7
34656ea3 04 0000035d
be57e80a 04 fffffbf0
f50de9cf 04 ffffff53
92a46323 04 fffff926
9f8f0623 04 fffff9ec
aa1ed5a3 04 fffffaab
fa1f8d23 04 ffffffba
c32f2023 04 fffffc20
a906db0c 04 fffffa96
f35c771a 04 ffffff2e
3b9c9ca3 04 000003b9
4bd06fa3 04 000004bf
6a10e5b3 04 000006ab
2c8f3323 04 000002c6
00000023 04 00000000
d68187a3 04 fffffd6f
ce2eed23 04 fffffcfa
31b414d3 04 00000309
3ababfda 04 000003bf
8ea6ce6b 04 fffff8fc
398e8423 04 00000388
ea7e81a3 04 fffffea3
86a719ee 04 fffff873
f9e38de9 04 ffffff9b
7f50e523 04 000007ea
3ddd72d4 04 000003c5
3c0e3964 04 000003d2
70e7fc5b 04 00000718
8da9c786 04 fffff8cf
f7d7ffa3 04 ffffff7f
49e72d48 04 0000049a
65c27023 04 00000640
bf49e0a5 04 fffffbe1
e33a828b 04 fffffe25
c9532581 04 fffffc8b
172be023 04 00000160
2819fba3 04 00000297
3e80b0bf 04 000003e1
83aa8023 04 fffff820
a49ec016 04 fffffa40
95724409 04 fffff948
fff5e123 04 ffffffe2
f0a0e5a3 04 ffffff0b
adb37aa3 04 fffffad5
190c0323 04 00000186
da2fe623 04 fffffdac
a34e73f5 04 fffffa27
7e5cf9c2 04 000007f3
12e4f754 04 0000012e
7a78b423 04 000007a8
e8d1aee2 04 fffffe9d
8e1d5123 04 fffff8e2
5584e211 04 00000544
16adbe23 04 0000017c
ee036f23 04 fffffefe
ea48534b 04 fffffea6
de21a24e 04 fffffde4
6f63b8a3 04 000006f1
c1e2eca3 04 fffffc19
200ec9a4 04 00000213
a51b7223 04 fffffa44
8c8d254a 04 fffff8ca
4357d0c0 04 00000421
ada0f835 04 fffffad0
516402a2 04 00000505
22bd0ac0 04 00000235
e0178aa3 04 fffffe15
b2353723 04 fffffb2e
24d5b78a 04 0000024f
8c7c21e1 04 fffff8c3
4c573423 04 000004c8
820a2140 04 fffff822
6a8df4b3 04 000006a9
342c2623 04 0000034c
d44af923 04 fffffd52
14e37ebd 04 0000015d
582db383 04 00000587
3f1e2c2c 04 000003f8
622446d1 04 0000062d
75e80da3 04 0000075b
bddd8c23 04 fffffbd8
f17021a3 04 ffffff03
89e56823 04 fffff890
7b6df906 04 000007b2
163653a3 04 00000167
28cf4ea3 04 0000029d
57572823 04 00000570
0fd88023 04 000000e0
c79bb430 04 fffffc68
c0774e23 04 fffffc1c
f57cb002 04 ffffff40
78d151a3 04 00000783
6188dd23 04 0000061a
0c81dfa3 04 000000df
eaa0d523 04 fffffeaa
79826c7f 04 00000798
df622353 04 fffffde6
ce98d323 04 fffffce6
d0e631a5 04 fffffd03
c4c766a3 04 fffffc4d
89501623 04 fffff88c
00ea354e 04 0000000a
c9c42ea3 04 fffffc9d
2dbef875 04 000002d0
b749a7a3 04 fffffb6f
7fee2ea3 04 000007fd
ead3c5e9 04 fffffeab
b841caa3 04 fffffb95
c149d65a 04 fffffc0c
439177a3 04 0000042f
31d2d830 04 00000310
a0696250 04 fffffa04
386541a3 04 00000383
c1be61a3 04 fffffc03
94ea5423 04 fffff948
023def7c 04 0000003e
dbb3f098 04 fffffda1
d74e7f23 04 fffffd7e
a7f94d56 04 fffffa7a
009a7123 04 00000002
deee1d1e 04 fffffdfa
c86ac7a3 04 fffffc8f
7536a2ce 04 00000745
1187014e 04 00000102
f957e1ed 04 ffffff83
e01775a3 04 fffffe0b
ef8741b5 04 fffffee3
28261623 04 0000028c
82665123 04 fffff822
9436081a 04 fffff950
e333f886 04 fffffe31
392c1123 04 00000382
fc7d1e23 04 ffffffdc
76c517a3 04 0000076f
08230423 04 00000088
fa38b71f 04 ffffffae
01eefe02 04 0000001c
ac8604a9 04 fffffac9
192ada81 04 00000195
b94060a3 04 fffffb81
410b818b 04 00000403
23f82240 04 00000224
54a4b023 04 00000540
eef78ac5 04 fffffef5
63b9a1b0 04 00000623
0cd79f30 04 000000de
59c947a3 04 0000058f
682681a3 04 00000683
c325e623 04 fffffc2c
00910fa3 04 0000001f
97e62a23 04 fffff974
443e06bd 04 0000044d
1c6cbf1d 04 000001de
4e044823 04 000004f0
91b0f6a3 04 fffff90d
a9085523 04 fffffa8a
3f748ac3 04 000003f5
218fdc00 04 00000218
d8b13a50 04 fffffd94
5a5342a3 04 000005a5
67bfffa3 04 0000067f
87bf9023 04 fffff860
b6c4f6ae 04 fffffb6d
ef61d2a3 04 fffffee5
827e0867 04 fffff830
f53b5a23 04 ffffff54
3be17823 04 000003b0
4fd9f3a3 04 000004e7
db155f23 04 fffffdbe
ed3322a3 04 fffffec5
fcf5daa3 04 ffffffd5
573ba523 04 0000056a
25dfda7a 04 00000254
84f41cc3 04 fffff859
80a7fefa 04 fffff81d
880139c2 04 fffff893
873eb9a3 04 fffff873
c4f40623 04 fffffc4c
a00b7aa3 04 fffffa15
e3239f23 04 fffffe3e
ddf56f49 04 fffffdde
22e2dea3 04 0000023d
9106e623 04 fffff90c
42adb640 04 0000042c
77982d23 04 0000077a
da40cf23 04 fffffdbe
edd15f71 04 fffffede
4a6624a3 04 000004a9
24b9fdce 04 0000025b
5e3bd22c 04 000005e4
6ef6b5c4 04 000006eb
397d2f5f 04 0000039e
05f5a0a3 04 00000041
8bc7afa3 04 fffff8bf
7174d3b8 04 00000707
2bd3c186 04 000002a3
d65f195e 04 fffffd72
8448c6d4 04 fffff84d
4dc89623 04 000004cc
47d81ba8 04 00000477
2138e1ad 04 00000203
ff521b65 04 fffffff6
325f66a3 04 0000032d
4755b923 04 00000472
e663a1a3 04 fffffe63
fe254f23 04 fffffffe
1b34aaa3 04 000001b5
c1cd212b 04 fffffc02
12befcd5 04 00000139
4f588aa3 04 000004f5
25e99223 04 00000244
f4bf632c 04 ffffff46
ba115aa1 04 fffffbb5
b85b3823 04 fffffb90
1f60ca2b 04 000001f4
695e25e8 04 0000068b
06376950 04 00000072
9caaca4d 04 fffff9d4
3d1b9323 04 000003c6
9b53c016 04 fffff9a0
02f9d623 04 0000002c
883a86f0 04 fffff88d
b4735ffa 04 fffffb5f
f627e72f 04 ffffff6e
0d0ec437 04 000000c8
20c0d2a3 04 00000205
b0237423 04 fffffb08
ac8ba612 04 fffffacc
75d0ae00 04 0000075c
b4f16623 04 fffffb4c
4b4b8123 04 000004a2
0af98429 04 000000a8
c8c7a9a3 04 fffffc93
7fa3e323 04 000007e6
7b0bda83 04 000007b5
dc13a716 04 fffffdce
eaedb9a3 04 fffffeb3
17dbf5ed 04 0000016b
41caff2d 04 0000041e
c527be23 04 fffffc5c
6aedbe23 04 000006bc
bf773da3 04 fffffbfb
0445b723 04 0000004e
80000000 04 fffff800
b88d54a3 04 fffffb89
000ff000 04 00000000
6f6d12a3 04 000006e5
f5c3eae0 04 ffffff55
d3794623 04 fffffd2c
ad069b23 04 fffffad6
28fad5a3 04 0000028b
dd46d623 04 fffffdcc
41481dc6 04 0000041b
4dee9135 04 000004c2
339bb4a3 04 00000329
5710ebfa 04 00000577
4e915623 04 000004ec
d5112d09 04 fffffd5a
ccb87f23 04 fffffcde
4f037823 04 000004f0
abd08b49 04 fffffab6
5a60f7a3 04 000005af
1e1a5f23 04 000001fe
2a6f8b23 04 000002b6
ffffffff 04 ffffffff
7dda2b6d 04 000007d6
1d82f551 04 000001ca
6a87e1a3 04 000006a3
4b9d5aa3 04 000004b5
4ba8e817 04 000004b0
78f70aed 04 00000795
d6f8e823 04 fffffd70
1adbbb23 04 000001b6
8fef89f7 04 fffff8f3
7c0c0fd1 04 000007df
08db1889 04 00000091
e11ee323 04 fffffe06
ade5896c 04 fffffad2
4ab3d417 04 000004a8
5c102e23 04 000005dc
d875e2b9 04 fffffd85
16c5f423 04 00000168
9a289123 04 fffff9a2
b3fb115e 04 fffffb22
36329080 04 00000361
d18bea93 04 fffffd15
0f35ae23 04 000000fc
c41af9a3 04 fffffc53
dcda6223 04 fffffdc4
35b9fe70 04 0000035c
43876b66 04 00000436
a63891ca 04 fffffa63
bccf408d 04 fffffbc1
5dfb9523 04 000005ca
8bf6e215 04 fffff8a4
5b0fe5e6 04 000005ab
3af2b6a3 04 000003ad
21b0ff5d 04 0000021e
47595da3 04 0000047b
f27aa123 04 ffffff22
6c1d4fa3 04 000006df
ad677ca3 04 fffffad9
891b3323 04 fffff886
16312a23 04 00000174
b6f407a3 04 fffffb6f
7d916a1c 04 000007d4
01b48523 04 0000000a
90061dba 04 fffff91b
8b902b37 04 fffff8b6
edcf1a23 04 fffffed4
64a364a7 04 00000649
12d28523 04 0000012a
cc13d1f3 04 fffffcc3
e7e66198 04 fffffe63
70aa7ca3 04 00000719
ba00cfa3 04 fffffbbf
6404baad 04 00000655
17975aa3 04 00000175
69999c23 04 00000698
caf2c3a3 04 fffffca7
f60f7aa3 04 ffffff75
740c2d23 04 0000075a
0bdafc3d 04 000000b8
16f24d23 04 0000017a
09d4b9d7 04 00000093
ff809c83 04 fffffff9
c1ef4348 04 fffffc06
6cccde1b 04 000006dc
0e47d3a3 04 000000e7
720706ba 04 0000072d
e5eb023d 04 fffffe44
ae6788a3 04 fffffaf1
b393a556 04 fffffb2a
84ccc033 04 fffff840
f4f60da3 04 ffffff5b
28a6cf23 04 0000029e
3c4151f8 04 000003c3
e2231223 04 fffffe24
cd36e17f 04 fffffcc2
50dba023 04 00000500
8c921af7 04 fffff8d5
f7008061 04 ffffff60
d76d48a3 04 fffffd71
93e5d615 04 fffff92c
103ef323 04 00000106
473e607b 04 00000460
a645fe23 04 fffffa7c
aaaaaaaa 04 fffffab5
f314fe24 04 ffffff3c
13aacda3 04 0000013b
3f8f3778 04 000003ee
c2339dcc 04 fffffc3b
756d06f1 04 0000074d
9d94f816 04 fffff9d0
353d2131 04 00000342
b4b01bb2 04 fffffb57
6f3f6361 04 000006e6
c5c792a3 04 fffffc45
6285feca 04 0000063d
568df423 04 00000568
9b2c2264 04 fffff9a4
51978c23 04 00000518
e5c4fc23 04 fffffe58
40cdcca3 04 00000419
9ff0f725 04 fffff9ee
77ecb3a3 04 00000767
3ee6e4b7 04 000003e9
576feaa3 04 00000575
d6d727b2 04 fffffd6f
551b65b7 04 0000054b
89926c71 04 fffff898
11bff3b1 04 00000107
894ddda3 04 fffff89b
f620ca41 04 ffffff74
ec6bd9a3 04 fffffed3
9f4583a3 04 fffff9e7
615119e8 04 00000613
bea43523 04 fffffbea
4ebf8b30 04 000004f6
e7de1f23 04 fffffe7e
3969ac3d 04 00000398
3906b093 04 00000381
04398523 04 0000004a
b21910a3 04 fffffb21
824fa78e 04 fffff82f
4079ebec 04 00000417
a587201d 04 fffffa40
6b55fc67 04 000006b8
80000023 04 fffff800
6fae76a3 04 000006ed
4ec9de60 04 000004fc
50057f23 04 0000051e
935f4340 04 fffff926
5ac4d717 04 000005ae
2b445723 04 000002ae
bc495223 04 fffffbc4
9e23c61e 04 fffff9ec
e1da4823 04 fffffe10
80a0a9f6 04 fffff813
102f21a3 04 00000103
1676de1a 04 0000017c
97748023 04 fffff960
fa24707e 04 ffffffa0
7768c0a3 04 00000761
fa6d9aef 04 ffffffb5
32438f50 04 0000033e
cdfb8aa3 04 fffffcd5
e19a78f7 04 fffffe11
858d51b9 04 fffff843
333415a3 04 0000032b
7e5551ce 04 000007e3
56494507 04 0000056a
7fc3b9a3 04 000007f3
33259fd1 04 0000033f
a58c4cc2 04 fffffa59
ade173a3 04 fffffac7
b4a4dc23 04 fffffb58
d6450ba3 04 fffffd77
276eeca3 04 00000279
d6de4623 04 fffffd6c
48fe00a3 04 00000481
139cb0ed 04 00000121
f6971c05 04 ffffff78
55354123 04 00000542
b4382488 04 fffffb49
93dc6ee3 04 fffff93d
2a1873de 04 000002a7
f48d6ca3 04 ffffff59
080d6284 04 00000085
4f5f59e7 04 000004f3
7eed5e98 04 000007fd
9a3cff21 04 fffff9be
fb24936a 04 ffffffa6
e255ca83 04 fffffe35
9752e52c 04 fffff96a
ba018197 04 fffffba3
3a515ab6 04 000003b5
c2cd3223 04 fffffc24
2205d629 04 0000022c
f062b354 04 ffffff06
6d27dba3 04 000006d7
04f0074e 04 0000004e
11b20123 04 00000102
b6fb33b2 04 fffffb67
7e9440b8 04 000007e1
7acbe598 04 000007ab
b8525ca3 04 fffffb99
33766023 04 00000320
7e9d47e8 04 000007ef
94686bc9 04 fffff957
4f1a0523 04 000004ea
5060d07b 04 00000500
50315b30 04 00000516
2acc1723 04 000002ae
2fc49663 04 000002ec
eb7f4ba3 04 fffffeb7
6b14d90a 04 000006b2
e3c4ab23 04 fffffe36
7e6104d4 04 000007e9
0b410764 04 000000ae
742f4b23 04 00000756
9fb01523 04 fffff9ea
d6bd6c86 04 fffffd79
211f6a47 04 00000214
54811b6f 04 00000556
99e1a1a3 04 fffff983
9d787084 04 fffff9c1
40048ba3 04 00000417
821c7adb 04 fffff835
00a9f123 04 00000002
fa07e062 04 ffffffa0
c161e658 04 fffffc0c
c888dd4f 04 fffffc9a
d83596e0 04 fffffd8d
55fbe50b 04 0000054a
6e5a2da3 04 000006fb
24c4d0a3 04 00000241
769ceaa3 04 00000775
3b35daa3 04 000003b5
5153ae23 04 0000051c
0b2bf9a7 04 000000b3
952cbd37 04 fffff95a
ccaa4ba3 04 fffffcd7
a40bdd23 04 fffffa5a
ce4c0ca3 04 fffffcf9
ee0de751 04 fffffeee
479a8923 04 00000472
14a7233d 04 00000146
23d109a3 04 00000233
982dd20b 04 fffff984
ee130d1a 04 fffffefa
c8bad950 04 fffffc92
1aa3586e 04 000001b0
97841223 04 fffff964
3c30658e 04 000003cb
f90e2bc3 04 ffffff97
0752b523 04 0000006a
45b42111 04 00000442
6e82eb23 04 000006f6
6701d4a3 04 00000669
7e1e5b19 04 000007f6
15610223 04 00000144
46413364 04 00000466
ba95e8a3 04 fffffbb1
ede2e309 04 fffffec6
c3042523 04 fffffc2a
2e313b23 04 000002f6
e266a5db 04 fffffe2b
3359e523 04 0000032a
aaa186a3 04 fffffaad
e2270923 04 fffffe32
2ba2d2a3 04 000002a5
48fdb1a3 04 00000483
39e3c844 04 00000390
2a5b48a3 04 000002b1
6aed7701 04 000006ae
c7f973a3 04 fffffc67
89a91b65 04 fffff896
a2a4c221 04 fffffa24
7fffffa3 04 000007ff
e1c054bd 04 fffffe09
047df7a3 04 0000004f
b169a07a 04 fffffb00
e064d705 04 fffffe0e
3c5335a3 04 000003cb
0acd8123 04 000000a2
86b347a3 04 fffff86f
6f23a880 04 000006f1
c87313f2 04 fffffc87
49e337c1 04 0000048f
0211ef23 04 0000003e
c6bf09bd 04 fffffc73
79325f23 04 0000079e
744d7af1 04 00000755
d40a6da3 04 fffffd5b
1ad3e338 04 000001a6
072053cc 04 00000067
54d11ba3 04 00000557
8e1e431b 04 fffff8e6
9c6187a3 04 fffff9cf
4318b9e6 04 00000433
986bfaa3 04 fffff995
835432a3 04 fffff825
4926e7a3 04 0000048f
76a51436 04 00000768
bc6afd23 04 fffffbda
29094d23 04 0000029a
17437037 04 00000160
1fdaf5a3 04 000001eb
74103623 04 0000074c
92976223 04 fffff924
fa1b53fb 04 ffffffa7
462f0823 04 00000470
31889f9a 04 0000031f
fe1105e7 04 ffffffeb
43296c23 04 00000438
e8f291a3 04 fffffe83
5fec8d12 04 000005fa
1921f023 04 00000180
ed1827f2 04 fffffecf
284a8623 04 0000028c
54de9323 04 00000546
418700a3 04 00000401
c49219a3 04 fffffc53
2b7cf423 04 000002a8
bdee8223 04 fffffbc4
4e70d22a 04 000004e4
17e413a3 04 00000167
6c176423 04 000006c8
d8e6c2cf 04 fffffd85
2be0bc6b 04 000002b8
82313b23 04 fffff836
d04df6a3 04 fffffd0d
f9dcc619 04 ffffff8c
09ae0f1e 04 0000009e
ab8a49a4 04 fffffab3
8748cf23 04 fffff87e
72b49879 04 00000730
c62310a3 04 fffffc61
ba4219a3 04 fffffbb3
50ab8f34 04 0000051e
9817af3d 04 fffff99e
548d2da3 04 0000055b
0d0d15d6 04 000000cb
f0408123 04 ffffff02
78f1f59d 04 0000078b
f65f515b 04 ffffff62
ee6d1aa3 04 fffffef5
8e7f22b5 04 fffff8e5
51f7b023 04 00000500
f730b8a3 04 ffffff71
93682923 04 fffff932
3fdc2e3b 04 000003fc
dd6c3cad 04 fffffdd9
a899aaa3 04 fffffa95
5779e53a 04 0000056a
f203df23 04 ffffff3e
534c7260 04 00000524
099989d5 04 00000093
4fdb0356 04 000004e6
e7a15936 04 fffffe72
8803dda3 04 fffff89b
d42f5686 04 fffffd4d
e33d0e23 04 fffffe3c
b61fe677 04 fffffb6c
9b5b5223 04 fffff9a4
45801a2e 04 00000454
45f79ea3 04 0000045d
918c2723 04 fffff90e
cd58d9a3 04 fffffcd3
1c152155 04 000001c2
fa639da3 04 ffffffbb
b5f621a3 04 fffffb43
6b61787d 04 000006b0
09fe61a3 04 00000083
bfd78c75 04 fffffbf8
675ee6a3 04 0000066d
0107b523 04 0000000a
b2f94de5 04 fffffb3b
93074723 04 fffff92e
76aa4724 04 0000076e
bdd161a3 04 fffffbc3
6212b5a3 04 0000062b
80933523 04 fffff80a
568e0e23 04 0000057c
a15dd0ef 04 fffffa01
1f82c4b3 04 000001e9
22884e71 04 0000023c
0f4bbaa3 04 000000f5
e1b9fb23 04 fffffe16
ac7b7523 04 fffffaca
e5a6dc23 04 fffffe58
770d7d23 04 0000077a
6d3465a3 04 000006cb
41524e4e 04 0000041c
aa065022 04 fffffaa0
da127223 04 fffffda4
5447b923 04 00000552
021b5ca3 04 00000039
8191f223 04 fffff804
123651a3 04 00000123
4ccb5023 04 000004c0
e814cb23 04 fffffe96
f817b891 04 ffffff91
15a8b544 04 0000014a
461ceaae 04 00000475
5194d823 04 00000510
c5be5657 04 fffffc4c
307ee07d 04 00000300
698ca023 04 00000680
7106842f 04 00000708
da4a9da3 04 fffffdbb
7b8795de 04 000007ab
c50dc8ef 04 fffffc51
224559a3 04 00000233
f5f77223 04 ffffff44
dd7d16a3 04 fffffdcd
0cbf63ff 04 000000c7
66a3243b 04 00000668
3ac1254e 04 000003aa
49acd5a3 04 0000048b
14224857 04 00000150
3e0f06eb 04 000003ed
3057aaa3 04 00000315
163fd123 04 00000162
581c01a3 04 00000583
0f1fee6d 04 000000fc
96c9e223 04 fffff964
000ff023 04 00000000
11d640a3 04 00000101
2785dc23 04 00000278
fdbe8aa3 04 ffffffd5
08e758a3 04 00000091
e645220e 04 fffffe64
98e71e94 04 fffff99d
ee2ec3b8 04 fffffee7
bef49750 04 fffffbee
2c7c54a3 04 000002c9
a4adbd7d 04 fffffa5a
27044b23 04 00000276
cce302a3 04 fffffcc5
ae65fc23 04 fffffaf8
3df7c3a3 04 000003c7
ae156723 04 fffffaee
6bc5ee23 04 000006bc
81de846d 04 fffff808
de2d5d44 04 fffffdfa
2975fea3 04 0000029d
ddbfc9a4 04 fffffdd3
53d587a3 04 0000052f
ef1815a3 04 fffffeeb
e6489ea3 04 fffffe7d
24c2555c 04 0000024a
1a06d4a3 04 000001a9
a93950a3 04 fffffa81
be4eba2e 04 fffffbf4
64a94aa3 04 00000655
8ba8e923 04 fffff8b2
472dfd8c 04 0000047b
9f425823 04 fffff9f0
e4555b9e 04 fffffe57
b27ba4dc 04 fffffb29
d64d7a36 04 fffffd74
1eeadbce 04 000001f7
32cf43b5 04 00000327
fa2d2878 04 ffffffb0
a98b88ea 04 fffffa91
903815d0 04 fffff90b
f48f0ba3 04 ffffff57
55cc01e8 04 00000543
210e007d 04 00000200
5eba4790 04 000005ef
e9a888c3 04 fffffe91
9bc1b3a3 04 fffff9a7
7833a823 04 00000790
e0181e51 04 fffffe1c
9ed7e013 04 fffff9e0
f3c3d559 04 ffffff2a
913d5f23 04 fffff91e
a7b248a6 04 fffffa71
e408afa3 04 fffffe5f
1dc1a70d 04 000001ce
a7ada74a 04 fffffa6e
dd03a3b5 04 fffffdc7
579d7bd0 04 00000577
2fcf039c 04 000002e7
b0970638 04 fffffb0c
36c6f423 04 00000368
15d15c9d 04 00000159
8378e8bd 04 fffff831
c0a00c23 04 fffffc18
072f0da3 04 0000007b
90bfd8a3 04 fffff911
2bbd79d2 04 000002b3
52bf5d23 04 0000053a
e22950d4 04 fffffe21
bbd6689d 04 fffffbb1
9105dc5c 04 fffff918
3e5f9fa3 04 000003ff
e23874a0 04 fffffe29
f5f2daac 04 ffffff55
656b133c 04 00000646
0c6b9623 04 000000cc
d298c221 04 fffffd24
8a2c0008 04 fffff8a0
b59da123 04 fffffb42
565228aa 04 00000571
e89f7d09 04 fffffe9a
2a242923 04 000002b2
b1c42dda 04 fffffb1b
2493e1a3 04 00000243
10987d23 04 0000011a
b1853874 04 fffffb10
ce3362a3 04 fffffce5
8fde21a3 04 fffff8e3
c551a8a3 04 fffffc51
088382f0 04 00000085
4bca93a3 04 000004a7
7c7c4e6b 04 000007dc
d7d27244 04 fffffd64
ab9fc423 04 fffffaa8
6ead0d23 04 000006fa
30e8f823 04 00000310
9f0b9223 04 fffff9e4
f335fe23 04 ffffff3c
a0906823 04 fffffa10
e34a1146 04 fffffe22
20273b25 04 00000216
d8b7f4a3 04 fffffd89
4ee57a23 04 000004f4
ab1d87a3 04 fffffaaf
b619b223 04 fffffb64
32cd0523 04 0000032a
1df678a3 04 000001d1
bd481ca3 04 fffffbd9
4dc002b9 04 000004c5
ed937023 04 fffffec0
d0061ba6 04 fffffd17
90d7dd23 04 fffff91a
e650b46b 04 fffffe68
77bab620 04 0000076c
e30f0068 04 fffffe20
e21a8882 04 fffffe31
2e6bfea3 04 000002fd
d649af7c 04 fffffd7e
b735b0a3 04 fffffb61
7aa175a3 04 000007ab
d760011e 04 fffffd62
5ea988a3 04 000005f1
24fb9f6d 04 0000025e
03b05a7a 04 00000034
debf5ba3 04 fffffdf7
2e7c19a7 04 000002f3
caed3eea 04 fffffcbd
e1889923 04 fffffe12
de2237a3 04 fffffdef
849b56ac 04 fffff84d
a969c7a3 04 fffffa8f
a070c531 04 fffffa0a
eac09223 04 fffffea4
7036bd34 04 0000071a
cddddc85 04 fffffcd9
08ee9da3 04 0000009b
d9cd9ff8 04 fffffd9f
e7b8b4a8 04 fffffe69
93122712 04 fffff92e
cb7e2ac1 04 fffffcb5
56d065a3 04 0000056b
c2282dc2 04 fffffc3b
41a2e8a3 04 00000411
a1c977a3 04 fffffa0f
55f98ea3 04 0000055d
fbf32571 04 ffffffaa
86f88ca2 04 fffff879
42cadca3 04 00000439
4a06d06e 04 000004a0
7bf9f7a3 04 000007af
75b6b9a3 04 00000753
155cf1a3 04 00000143
e4060032 04 fffffe40
c3c85a23 04 fffffc34
15c2bbaa 04 00000157
2e97ffa3 04 000002ff
bb074823 04 fffffbb0
2d6cae1d 04 000002dc
6b142e23 04 000006bc
ee3bcaa3 04 fffffef5
a7fb90d8 04 fffffa61
2f0730a3 04 000002e1
a70f67b0 04 fffffa6f
5ffb8b23 04 000005f6
33cde9a3 04 00000333
c9c55dec 04 fffffc9b
1d705f89 04 000001df
dc0cc623 04 fffffdcc
00542531 04 0000000a
f828ebed 04 ffffff97
ce87baa3 04 fffffcf5
04262b23 04 00000056
0e9e2317 04 000000e6
4d5e08a3 04 000004d1
37c171a3 04 00000363
7e864c63 04 000007f8
37307f86 04 0000037f
6e8e1853 04 000006f0
17be0940 04 00000172
214d61fb 04 00000203
8cebd2b8 04 fffff8c5
b8d647a3 04 fffffb8f
4d7b5b4c 04 000004d6
39ed7fa3 04 0000039f
10ca56a3 04 0000010d
41edaaa7 04 00000415
c844c6a3 04 fffffc8d
51e4fc23 04 00000518
416c9621 04 0000040c
195cdfbe 04 0000019f
5abeb613 04 000005ac
b51c3e23 04 fffffb5c
13bfa83a 04 00000130
786188d5 04 00000791
68efc423 04 00000688
0e59f023 04 000000e0
d434b381 04 fffffd47
7d986123 04 000007c2
1b925fa3 04 000001bf
1c360923 04 000001d2
60ba73a3 04 00000607
65ced623 04 0000064c
ba3447d9 04 fffffbaf
3db6b923 04 000003d2
eb2e5ea3 04 fffffebd
af70ca23 04 fffffaf4
6fff57d6 04 000006ef
ccd64632 04 fffffccc
30f6c0a5 04 00000301
b7c04b23 04 fffffb76
8b37f8a3 04 fffff8b1
c0fd2f23 04 fffffc1e
3dfdf90f 04 000003d2
f7deb2a3 04 ffffff65
af920423 04 fffffae8
af56a3ce 04 fffffae7
bb038ea3 04 fffffbbd
06852ffe 04 0000007f
5a009764 04 000005ae
c1c0eede 04 fffffc1d
01778408 04 00000008
fe523f23 04 fffffffe
4e18ec23 04 000004f8
02a01623 04 0000002c
85af252a 04 fffff84a
981c8bb6 04 fffff997
22f4bd2a 04 0000023a
853cf0a3 04 fffff841
45d7c013 04 00000440
a5724fd0 04 fffffa5f
31d26ea3 04 0000031d
768747a5 04 0000076f
99589bd3 04 fffff997
13385123 04 00000122
6a121233 04 000006a4
0ac02223 04 000000a4
208d2aa3 04 00000215
d11d8323 04 fffffd06
c55180dd 04 fffffc41
bbdad123 04 fffffba2
7c0df9a3 04 000007d3
a6a123a3 04 fffffa67
72999723 04 0000072e
7acd2823 04 000007b0
e99cec23 04 fffffe98
cbadfca3 04 fffffcb9
6f360223 04 000006e4
72a09aa3 04 00000735
6b92589b 04 000006b1
2bd883d2 04 000002a7
8f0195e8 04 fffff8eb
aaaaaaa3 04 fffffab5
849ff708 04 fffff84e
22f3eca3 04 00000239
4b6e8101 04 000004a2
3fc832ad 04 000003e5
42b958a3 04 00000431
25fcf2a3 04 00000245
c7151ea3 04 fffffc7d
8a4765a3 04 fffff8ab
80404523 04 fffff80a
7baa3d9c 04 000007bb
8aa979e9 04 fffff8b3
0bd51ddf 04 000000bb
5d96f8a3 04 000005d1
0d37a1a4 04 000000c3
43753293 04 00000425
f4dba625 04 ffffff4c
f9c05077 04 ffffff80
560ce623 04 0000056c
e9e118a3 04 fffffe91
4f0f1b30 04 000004f6
c4269bfb 04 fffffc57
71bf4aef 04 00000715
45352e8e 04 0000045d
c181d523 04 fffffc0a
e5b54123 04 fffffe42
75950ba3 04 00000757
d3a544a3 04 fffffd29
fc0dcece 04 ffffffdd
176d8caf 04 00000179
35eb3923 04 00000352
a720e923 04 fffffa72
173f4d81 04 0000017b
d8e3c523 04 fffffd8a
2fa392fd 04 000002e5
fff00fff 04 ffffffff
a21d81c1 04 fffffa23
e00326a3 04 fffffe0d
2120c823 04 00000210
20220f55 04 0000021e
28030b52 04 00000296
508b905b 04 00000500
f3a9a023 04 ffffff20
c8b980d2 04 fffffc81
0edd9bc7 04 000000f7
820e6623 04 fffff82c
7a8456a3 04 000007ad
e889ed23 04 fffffe9a
bb5e15a3 04 fffffbab
32884da7 04 0000033b
036226c2 04 0000002d
ff15bd63 04 fffffffa
ccfadda3 04 fffffcdb
460e95a3 04 0000046b
084bf3a3 04 00000087
a61621cc 04 fffffa63
c1f9a4a3 04 fffffc09
f7a5dcd8 04 ffffff79
90ab4d23 04 fffff91a
7f811e52 04 000007fc
0e34aca3 04 000000f9
e8e1374d 04 fffffe8e
84dc86a3 04 fffff84d
30ca5ea3 04 0000031d
c78c15c3 04 fffffc6b
2f9eb2a3 04 000002e5
ede271a3 04 fffffec3
1f3671a3 04 000001e3
42e9877c 04 0000042e
5655acb0 04 00000579
2232df26 04 0000023e
a9f4bf23 04 fffffa9e
9c5b90a3 04 fffff9c1
629fee23 04 0000063c
8edc61a3 04 fffff8e3
9ab24555 04 fffff9aa
c4754891 04 fffffc51
55555555 04 0000054a
3870d423 04 00000388
8a39e7a3 04 fffff8af
38b9b423 04 00000388
92af9ea4 04 fffff93d
8858fce9 04 fffff899
5f77f723 04 000005ee
5e296b23 04 000005f6
e7ae0da3 04 fffffe7b
6785b1a3 04 00000663
14ce4f23 04 0000015e
ce2e7323 04 fffffce6
16fc71a0 04 00000163
cc786ca3 04 fffffcd9
00cf2823 04 00000010
05744fa8 04 0000005f
6d475a2f 04 000006d4
746b72b4 04 00000745
9289fe9d 04 fffff93d
52e9fa23 04 00000534
28426319 04 00000286
0a25bb23 04 000000b6
58687820 04 00000590
08cebddd 04 0000009b
ac290540 04 fffffaca
c1e93c91 04 fffffc19
d42c39a3 04 fffffd53
46fc3bbe 04 00000477
14f60b23 04 00000156
318dd418 04 00000308
02a9b060 04 00000020
b6966e23 04 fffffb7c
cc2ac7a3 04 fffffccf
54145223 04 00000544
6b102323 04 000006a6
468f3223 04 00000464
a1768fa3 04 fffffa1f
944b8423 04 fffff948
7a631195 04 000007a3
bbb8c3a3 04 fffffba7
2bbd7d52 04 000002ba
627ddd80 04 0000063b
03ddcaa3 04 00000035
8f85b523 04 fffff8ea
0bd30923 04 000000b2
477b9c4b 04 00000478
b89336ab 04 fffffb8d
4b3c02a3 04 000004a5
d53a1006 04 fffffd40
ad310cfe 04 fffffad9
4a121569 04 000004aa
00218574 04 0000000a
1335b6d3 04 0000012d
9b7f8a41 04 fffff9b4
72362e73 04 0000073c
633cd453 04 00000628
b85933a2 04 fffffb87
37f34223 04 00000364
8bfa9ffa 04 fffff8bf
4c69b2a3 04 000004c5
038e325d 04 00000024
e933cf23 04 fffffe9e
308da308 04 00000306
87edd123 04 fffff862
e55d2ca4 04 fffffe59
6fe3a83c 04 000006f0
3259d85b 04 00000330
b49939a3 04 fffffb53
14f9e10d 04 00000142
d3383e5b 04 fffffd3c
bcf78b46 04 fffffbd6
ac38e423 04 fffffac8
c47faa69 04 fffffc54
f390e738 04 ffffff2e
6e61853d 04 000006ea
a3e6c9a3 04 fffffa33
9a0020a3 04 fffff9a1
38a71adb 04 00000395
37d88e23 04 0000037c
0cff3f6a 04 000000de
34887ba3 04 00000357
6b45f4db 04 000006a9
# --- B-type ---
# i_inst i_format | o_immediate
357466e3 08 00000b4c
ad284472 08 fffff2c8
ad0561c3 08 fffffac2
4f807be3 08 00000cf6
2102e0e3 08 00000a00
de5bf263 08 fffff5e4
9472b663 08 fffff14c
eaf558e3 08 fffffeb0
787b737e 08 00000786
e8eb38e3 08 fffffe90
a779c4e3 08 fffffa68
18e9a5e3 08 0000098a
3ca0dcb8 08 00000bd8
380eaf63 08 0000039e
9f9700e3 08 fffff9e0
19629c1b 08 00000198
ce93d6a4 08 fffffcec
dc5d3de3 08 fffffdda
958312a8 08 fffff944
d075fbe3 08 fffffd16
ff93dad5 08 fffffff4
6d5294ae 08 00000ec8
cc05f4e3 08 fffffcc8
52692d63 08 0000053a
469eec63 08 00000478
15be9f63 08 0000015e
f8f231e3 08 ffffff82
82ba85c8 08 fffff82a
a1d3f13d 08 fffff202
0974e463 08 00000088
7c214584 08 00000fca
1a3b28dd 08 000009b0
c4f52663 08 fffff44c
32f261e3 08 00000b22
77509ae3 08 00000f74
8a16fe7f 08 fffff0bc
833f34cb 08 fffff828
31c40f23 08 0000031e
9e59ffac 08 fffff9fe
31346905 08 00000312
d99b52e5 08 fffffd84
74a8a3f6 08 00000f46
ce689863 08 fffff4f0
96c043dd 08 fffff966
31a775c7 08 00000b0a
83315b53 08 fffff036
4083b7c1 08 00000c0e
bfdbeb63 08 fffff3f6
b30e1f63 08 fffff33e
10a66e63 08 0000011c
29b25e63 08 0000029c
2ab2e163 08 000002a2
d5c804b0 08 fffffd48
290a4363 08 00000286
74017903 08 00000752
86b1e1ce 08 fffff862
afd04163 08 fffff2e2
7718e063 08 00000760
a5551ac6 08 fffffa54
74715e63 08 0000075c
d7db3e63 08 fffff57c
66a134e3 08 00000e68
b19f7fe3 08 fffffb1e
f9d5b816 08 fffff790
91dd92b4 08 fffff904
b17a56e3 08 fffffb0c
663bc637 08 0000066c
d3059bb8 08 fffffd36
10e189e3 08 00000912
3c0f6ce3 08 00000bd8
432f98e3 08 00000c30
ad19a6e3 08 fffffacc
f6b4ece3 08 ffffff78
c3b52de3 08 fffffc3a
28b24b66 08 00000296
960c4163 08 fffff162
3c3e2763 08 000003ce
4c760245 08 000004c4
2c9c2e3a 08 000002dc
343513e3 08 00000b46
81a068e3 08 fffff810
1ca19c57 08 000001d8
8d52e3e3 08 fffff8c6
ee5bb369 08 fffff6e6
1d4b30bc 08 000009c0
09ca55e3 08 0000088a
bfefeba8 08 fffffbf6
302f0ce3 08 00000b18
c3eff1f9 08 fffffc22
a8e86b70 08 fffff296
fcbd7163 08 fffff7c2
a1476b69 08 fffff216
fc3d075a 08 fffff7ce
c5364763 08 fffff44e
d31e8440 08 fffff528
02575fe3 08 0000083e
f7dfcb9c 08 ffffff76
5ecb9c63 08 000005f8
77f434c4 08 00000f68
1c722063 08 000001c0
eb390bcf 08 fffffeb6
19a9ff5c 08 0000019e
38b3f2e3 08 00000b84
db0ae263 08 fffff5a4
e616e013 08 fffff660
06b2dc1e 08 00000078
72168730 08 0000072e
b47993e3 08 fffffb46
2c67df63 08 000002de
94b5f9e3 08 fffff952
e4480263 08 fffff644
18e98796 08 0000098e
e436cd63 08 fffff65a
9a9b52e3 08 fffff9a4
0d59a1e3 08 000008c2
94c5b5d6 08 fffff94a
3db18263 08 000003c4
3ff80de3 08 00000bfa
754dbba2 08 00000f56
ba320a05 08 fffff3b4
1ee38ae3 08 000009f4
17f539e3 08 00000972
c74637a3 08 fffffc6e
94831563 08 fffff14a
54d7cc69 08 00000558
c82f8b63 08 fffff496
064f64fd 08 00000868
46ecd242 08 00000464
dcaa4540 08 fffff5ca
feb94f0c 08 fffff7fe
6332ef63 08 0000063e
3f4216e6 08 00000bec
b992f866 08 fffff390
1abcd4d6 08 000009a8
1a2f178e 08 000009ae
dddc6c63 08 fffff5d8
7236f79a 08 00000f2e
72a54087 08 00000f20
c300a6e3 08 fffffc2c
65de6058 08 00000640
9e461a63 08 fffff1f4
bfa84a26 08 fffff3f4
7b53b252 08 000007a4
0e777863 08 000000f0
4944c163 08 00000482
d77e83e6 08 fffffd66
a79a98e3 08 fffffa70
f98f6463 08 fffff788
6b1b964f 08 000006ac
64ac2ee3 08 00000e5c
a80e7763 08 fffff28e
7de40f63 08 000007de
20db7ce3 08 00000a18
f2a3b911 08 fffff732
85a82763 08 fffff04e
37e30a88 08 00000b74
93aeb6e3 08 fffff92c
4972e72b 08 0000048e
bb4518e3 08 fffffbb0
bcfdf063 08 fffff3c0
7abeba61 08 000007b4
c7798d63 08 fffff47a
eef36463 08 fffff6e8
e702a063 08 fffff660
0bb68210 08 000000a4
992244e3 08 fffff988
f8e6c05a 08 fffff780
eaba3163 08 fffff6a2
73031b50 08 00000736
4a4c69e3 08 00000cb2
c6e9e50d 08 fffff46a
3305f8e3 08 00000b30
10ba7cbc 08 00000918
7269cf63 08 0000073e
480d38e3 08 00000c90
1a0cfff6 08 000009be
a3a8ffe3 08 fffffa3e
aa2d8252 08 fffff2a4
fdc2020f 08 fffff7c4
db40489d 08 fffffdb0
64440852 08 00000650
172ad363 08 00000166
a357a6e3 08 fffffa2c
b889f497 08 fffffb88
4cfa851d 08 000004ca
3cc377e3 08 00000bce
639bff09 08 0000063e
96c5594c 08 fffff172
01e0cfe3 08 0000081e
4feec063 08 000004e0
86bc6563 08 fffff06a
1f6e4fe3 08 000009fe
4997e5e3 08 00000c8a
5346e40b 08 00000528
e54fc7d4 08 fffffe4e
a1551118 08 fffff202
0ead5231 08 000000e4
acb026e3 08 fffffacc
6fd27e71 08 000006fc
48a48663 08 0000048c
ac2be65e 08 fffff2cc
4903c92d 08 00000492
510b65e3 08 00000d0a
09737be3 08 00000896
f347d536 08 fffff72a
e9ca154d 08 fffff68a
da053d9a 08 fffffdba
c2e7ebe3 08 fffffc36
27853663 08 0000026c
1bda0763 08 000001ae
598d82db 08 00000d84
35d486a8 08 00000b4c
1d688fe3 08 000009de
d60733c3 08 fffffd66
2af88c88 08 00000ab8
3b1a6948 08 000003b2
8947b31f 08 fffff086
52d814ae 08 00000d28
bbf46ed2 08 fffffbbc
c836c063 08 fffff480
4769e763 08 0000046e
17fb0e63 08 0000017c
624576b5 08 00000e2c
2cd235c7 08 00000aca
93aa39e3 08 fffff932
7a691ae0 08 00000fb4
fc3f074a 08 fffff7ce
9fbe0d63 08 fffff1fa
255c6863 08 00000250
2d8fcb7c 08 000002d6
0a332be3 08 000008b6
553fd6e3 08 00000d4c
8e8aece3 08 fffff8f8
e7981599 08 fffffe6a
0d46c4e3 08 000008c8
003f7056 08 00000000
27fb1c0c 08 00000278
5428102c 08 00000540
f9ca5322 08 fffff786
94cf6eb3 08 fffff95c
6cfa02e3 08 00000ec4
84e67791 08 fffff84e
1271110f 08 00000122
e6d81eec 08 fffffe7c
19d9db63 08 00000196
2cbcb3fa 08 00000ac6
03bd0104 08 00000022
8a86c4e2 08 fffff8a8
b7ced2e3 08 fffffb64
0d319ee3 08 000008dc
8466e563 08 fffff04a
b8b38f8f 08 fffffb9e
e113a863 08 fffff610
a3108863 08 fffff230
462a3163 08 00000462
23f4adc7 08 00000a3a
66428d68 08 0000067a
7ad0a508 08 000007aa
393dc8e3 08 00000b90
69fa32c2 08 00000e84
8e886c63 08 fffff0f8
7cdb9263 08 000007c4
0137ef63 08 0000001e
2c3ae0e3 08 00000ac0
3e225274 08 000003e4
d7aeb0a6 08 fffffd60
d363e7e3 08 fffffd2e
2eb8d1e3 08 00000ae2
25ccf3ea 08 00000a46
f2751ee3 08 ffffff3c
af0bc663 08 fffff2ec
3c1dc863 08 000003d0
8b14f00f 08 fffff0a0
861d660a 08 fffff06c
5be5d4f0 08 00000da8
6048c6e3 08 00000e0c
857b0e63 08 fffff05c
a6de7063 08 fffff260
70f8ab63 08 00000716
8be94663 08 fffff0ac
9e359663 08 fffff1ec
211e6663 08 0000020c
cf15fa36 08 fffff4f4
b2f77563 08 fffff32a
2ee4ea63 08 000002f4
b046ccc9 08 fffffb18
eae7afc5 08 fffffebe
66c45c63 08 00000678
b5559715 08 fffff34e
38a7b356 08 00000386
649d161e 08 0000064c
dbf5f864 08 fffff5b0
906f16e3 08 fffff90c
f1691840 08 fffff710
7be33b85 08 00000fb6
95eec729 08 fffff14e
026702e3 08 00000824
a4cdfde3 08 fffffa5a
11c5bff7 08 0000091e
f67515e3 08 ffffff6a
a3574b76 08 fffff236
de7e4763 08 fffff5ee
764e7363 08 00000766
e308e7e3 08 fffffe2e
c7e9afe3 08 fffffc7e
e4d6cfe3 08 fffffe5e
cecdcb63 08 fffff4f6
0671dceb 08 00000878
073d09e3 08 00000872
d497cc63 08 fffff558
7fffffe3 08 00000ffe
213a7b63 08 00000216
2f88b44e 08 000002e8
bc23da63 08 fffff3d4
1fb70363 08 000001e6
46139863 08 00000470
33b52b3c 08 00000336
9885d263 08 fffff184
d6e1fb63 08 fffff576
ccd4e6c8 08 fffffccc
ac0cfe6e 08 fffff2dc
47463370 08 00000466
15989ce3 08 00000958
b81b5b63 08 fffff396
c1f49de3 08 fffffc1a
42ccede3 08 00000c3a
e8f42de3 08 fffffe9a
504917e3 08 00000d0e
2af9a4e3 08 00000aa8
e3fe4b63 08 fffff636
d1188b71 08 fffff516
741a64d7 08 00000f48
50b030e3 08 00000d00
45a9f82b 08 00000450
2ca2ef48 08 000002de
cfd4672a 08 fffff4ee
d43fdde3 08 fffffd5a
6a96ff74 08 000006be
bc758d63 08 fffff3da
3daf1563 08 000003ca
dcddb8e3 08 fffffdd0
a19a4dbe 08 fffffa1a
72fe0089 08 00000f20
cdbd8863 08 fffff4d0
a8e6b2b0 08 fffffa84
ace10276 08 fffff2c4
950b3245 08 fffff144
52c5aee3 08 00000d3c
7fffffff 08 00000ffe
edee4763 08 fffff6ce
e4c919c1 08 fffffe52
980b69fa 08 fffff992
cb712a5d 08 fffff4b4
77a6e626 08 0000076c
6b1bc8b0 08 00000eb0
73080806 08 00000730
5a8b6ed2 08 00000dbc
8f974e63 08 fffff0fc
82200ae3 08 fffff834
aa87b863 08 fffff2b0
0523228e 08 00000844
4dbb3b02 08 000004d6
77e69ea5 08 00000f7c
4c613b63 08 000004d6
663128e3 08 00000e70
394d40e3 08 00000b80
fa267263 08 fffff7a4
ff587fe3 08 fffffffe
de4ceb95 08 fffffdf6
feadcb4e 08 fffff7f6
71efbad0 08 00000f14
de40d094 08 fffffde0
f6d498e3 08 ffffff70
99e9fda3 08 fffff99a
5194d9e3 08 00000d12
94a46163 08 fffff142
2d1bfc7e 08 000002d8
a62d0063 08 fffff260
369c659c 08 00000b6a
19457063 08 00000180
84c61849 08 fffff050
0c835963 08 000000d2
f1b6648b 08 ffffff08
34e31163 08 00000342
7bb94ce3 08 00000fb8
7994addd 08 00000f9a
bc7d9ee3 08 fffffbdc
5849ab63 08 00000596
6e8820e3 08 00000ee0
dd62efe3 08 fffffdde
a6d4d163 08 fffff262
379e291c 08 00000372
aef7abe3 08 fffffaf6
2a7b3120 08 000002a2
abc9623e 08 fffff2a4
d9a8b163 08 fffff582
523cad43 08 0000053a
9118ebb1 08 fffff916
ae2522d3 08 fffffae4
78664119 08 00000782
1483abfb 08 00000956
81529e63 08 fffff01c
f3530193 08 ffffff22
baf8ee70 08 fffff3bc
4bea8b63 08 000004b6
37409b67 08 00000376
5d1fd063 08 000005c0
0f57cee3 08 000008fc
ccc6fa63 08 fffff4d4
72234b91 08 00000f36
7c28d463 08 000007c8
1b4dc9e3 08 000009b2
d3d1d1c4 08 fffffd22
60b46110 08 00000602
e22701e3 08 fffffe22
99df7be3 08 fffff996
81dbcb97 08 fffff816
30d9f263 08 00000304
3427a963 08 00000352
b9552ce3 08 fffffb98
fcc34c63 08 fffff7d8
ccfa0905 08 fffff4d2
7601ace3 08 00000f78
04712505 08 0000004a
82d38c63 08 fffff038
905fe563 08 fffff10a
c895b46c 08 fffff488
2119d31b 08 00000206
072c70e3 08 00000860
de1e9037 08 fffff5e0
5f524d9b 08 00000dfa
63341163 08 00000622
ad9a5063 08 fffff2c0
9b890463 08 fffff1a8
068836e3 08 0000086c
32e51d16 08 0000033a
ce86fd63 08 fffff4fa
a89c3d88 08 fffffa9a
3ab33ee3 08 00000bbc
919e48e3 08 fffff910
659db063 08 00000640
0fc41863 08 000000f0
31aa1c63 08 00000318
0ec1b0e3 08 000008e0
9a12592e 08 fffff1b2
1df7cc63 08 000001d8
d3620304 08 fffff526
c0ce5063 08 fffff400
93fa0657 08 fffff12c
32358463 08 00000328
4fffe7e3 08 00000cee
b3aba963 08 fffff332
a4b58163 08 fffff242
75042063 08 00000740
b9fb9f09 08 fffff39e
ff1dc961 08 fffff7f2
ef30fc4f 08 fffff6f8
b4f3c7e3 08 fffffb4e
0b54c563 08 000000aa
c39d8ced 08 fffffc38
661287c8 08 00000e6e
676c64c9 08 00000e68
d00f2134 08 fffff502
08e6383c 08 00000090
df4c6363 08 fffff5e6
e8784f50 08 fffff69e
31db5f96 08 00000b1e
00d5e8b1 08 00000810
76325d8d 08 00000f7a
b09f5975 08 fffff312
cb07df63 08 fffff4be
b42634ef 08 fffffb48
e57523e3 08 fffffe46
acb985e3 08 fffffaca
a7f68963 08 fffff272
d5134163 08 fffff542
1a57a9e3 08 000009b2
fff1ba0f 08 fffff7f4
6fd2c8e3 08 00000ef0
d2631e63 08 fffff53c
a532dee3 08 fffffa5c
167b3899 08 00000970
025a0316 08 00000026
17c61f53 08 0000017e
bbe8abe3 08 fffffbb6
b26b23e3 08 fffffb26
eb610561 08 fffff6aa
d5018363 08 fffff546
6a95fd1d 08 000006ba
3e1e7363 08 000003e6
99f37de3 08 fffff99a
5a9686f1 08 00000dac
02586163 08 00000022
77350402 08 00000768
b2f90eee 08 fffffb3c
a05d423f 08 fffff204
1468e263 08 00000144
d0909acb 08 fffffd14
48872cb6 08 00000c98
075d05e3 08 0000086a
5207dee3 08 00000d3c
a428c231 08 fffff244
b14277e3 08 fffffb0e
bc9e3f31 08 fffff3de
bf04e849 08 fffff3f0
ee1d2879 08 fffff6f0
dd730b63 08 fffff5d6
1337f263 08 00000124
7ad118b1 08 00000fb0
ffffffe3 08 fffffffe
000ff000 08 00000000
5cf20ea3 08 00000ddc
dce1c6e3 08 fffffdcc
e05971e3 08 fffffe02
ec826563 08 fffff6ca
5ea67863 08 000005f0
47074d04 08 0000047a
6e8e80e3 08 00000ee0
827cc5fe 08 fffff82a
c3141450 08 fffff428
cf0fa9e3 08 fffffcf2
945504e3 08 fffff948
27c980c7 08 00000a60
42261ae3 08 00000c34
8f6988c1 08 fffff8f0
ad2ed363 08 fffff2c6
70139a60 08 00000714
fdad0895 08 ffffffd0
dccb15d5 08 fffffdca
b693e7f3 08 fffffb6e
d67fb6d1 08 fffffd6c
8180a787 08 fffff80e
e18270e3 08 fffffe00
220297e3 08 00000a2e
a2537986 08 fffffa32
a253a65e 08 fffff22c
b598f866 08 fffff350
9802ac68 08 fffff198
98bb0232 08 fffff184
f8487c92 08 ffffff98
41cef1e3 08 00000c02
10b329e3 08 00000912
59c521a6 08 00000d82
3b781b63 08 000003b6
254cff63 08 0000025e
c270ece4 08 fffffc38
a0ef3c1a 08 fffff218
f3cd28e3 08 ffffff30
d5c3df24 08 fffff55e
f0e93c98 08 ffffff18
8730c063 08 fffff060
24c0bf63 08 0000025e
cb1749ff 08 fffffcb2
e30753ad 08 fffffe26
94cede63 08 fffff15c
c6937674 08 fffff46c
6539f863 08 00000650
39085420 08 00000388
206f62e3 08 00000a04
8803df64 08 fffff09e
2f27f8e3 08 00000af0
1e67bdcf 08 000009fa
5f67b13e 08 000005e2
6ff9647f 08 000006e8
63594aad 08 00000e34
16ae1754 08 0000016e
d0944de3 08 fffffd1a
a1e12067 08 fffff200
ab962ef6 08 fffffabc
cf1e4e63 08 fffff4fc
7c229c63 08 000007d8
89d09ae3 08 fffff894
cd1ca396 08 fffffcc6
786a6ce3 08 00000f98
93bd29e3 08 fffff932
528491e3 08 00000d22
f610d063 08 fffff760
3fc4cde3 08 00000bfa
bc82a840 08 fffff3d0
289326e3 08 00000a8c
23123263 08 00000224
d9abf0e3 08 fffffd80
09855c63 08 00000098
368682e3 08 00000b64
fffe89a3 08 fffffff2
96cd5ae3 08 fffff974
74ced8e3 08 00000f50
278982c0 08 00000a64
42b916eb 08 00000c2c
57cedde3 08 00000d7a
78226d7d 08 0000079a
1bf400e3 08 000009a0
08acc4e3 08 00000888
8bc60840 08 fffff0b0
c8b273e9 08 fffffc86
2e7b9df7 08 00000afa
62de75e3 08 00000e2a
e8bc8963 08 fffff692
80000063 08 fffff000
a4cfd027 08 fffff240
bbdc3063 08 fffff3a0
440fe363 08 00000446
93253c56 08 fffff138
f7039563 08 fffff76a
a1c36fe3 08 fffffa1e
155f8400 08 00000148
cb085022 08 fffff4a0
bd594ae3 08 fffffbd4
57db2c31 08 00000578
09a56363 08 00000086
e652ec63 08 fffff678
95ff28bd 08 fffff950
a6c993e3 08 fffffa66
d4a4b263 08 fffff544
fffcbce3 08 fffffff8
3fa30c63 08 000003f8
8bf9fbeb 08 fffff8b6
352799e9 08 00000b52
79913c63 08 00000798
cbb333e7 08 fffffca6
9f65a363 08 fffff1e6
7a99af5c 08 000007be
25829de3 08 00000a5a
2bbef4e3 08 00000aa8
140e76e3 08 0000094c
ffffffff 08 fffffffe
47e66167 08 00000462
445224cf 08 00000c48
0ec1e28c 08 000008e4
5d0124e4 08 00000dc8
6be4582c 08 000006b0
5fb46e63 08 000005fc
005a2be3 08 00000816
0034be63 08 0000001c
2e25af76 08 000002fe
50655fe3 08 00000d1e
e9a974df 08 fffffe88
0cb24de3 08 000008da
5b6c7963 08 000005b2
b72e7622 08 fffff36c
523c87e5 08 00000d2e
75c06563 08 0000074a
a1097663 08 fffff20c
fc149963 08 fffff7d2
cae7a663 08 fffff4ac
a1fc0263 08 fffff204
88844163 08 fffff082
9796ae63 08 fffff17c
230399f7 08 00000a32
469637e3 08 00000c6e
6567f963 08 00000652
ad061e97 08 fffffadc
45f95ee2 08 00000c5c
46c20463 08 00000468
1899f463 08 00000188
c7879b63 08 fffff476
76d02163 08 00000762
524d6ee3 08 00000d3c
73247894 08 00000f30
7fc22363 08 000007e6
32360b89 08 00000b36
5cbccb1c 08 000005d6
c33cedce 08 fffffc3a
23d8d7e3 08 00000a2e
45d07b63 08 00000456
7ec9b8c5 08 00000ff0
1f6e7f91 08 000009fe
71dfe563 08 0000070a
4659b1bc 08 00000c62
53ab5463 08 00000528
4b12cb50 08 000004b6
582b5487 08 00000d88
16382a77 08 00000174
9f481309 08 fffff1e6
9c3376e3 08 fffff9cc
2aecbe4e 08 000002bc
c58f15cb 08 fffffc4a
91b60a63 08 fffff114
62626663 08 0000062c
461a8ac9 08 00000c74
b89b4c63 08 fffff398
6d717d63 08 000006da
ece9faf0 08 fffffed4
d0349511 08 fffff50a
9b52a27d 08 fffff1a4
ca040863 08 fffff4b0
2b78f963 08 000002b2
f8887763 08 fffff78e
4603f7ac 08 00000c6e
932ef1ff 08 fffff922
5eff64e3 08 00000de8
b2dc42e3 08 fffffb24
eecca563 08 fffff6ea
070e25e3 08 0000086a
789c3e50 08 0000079c
62b8ec68 08 00000638
31e2c9e3 08 00000b12
9bfb18e3 08 fffff9b0
cef78be3 08 fffffcf6
e7592afe 08 fffffe74
61ba0351 08 00000606
84500e20 08 fffff05c
f8c12163 08 fffff782
b06e4463 08 fffff308
c18f3ea4 08 fffffc1c
2137f314 08 00000206
17fa3eec 08 0000097c
000ff063 08 00000000
f16df863 08 fffff710
1aacd7e3 08 000009ae
896f7b01 08 fffff096
11b5bf63 08 0000011e
02a8bd63 08 0000003a
18e7dc63 08 00000198
1fe566e3 08 000009ec
0fabe791 08 000008ee
028128e3 08 00000830
5ef0eef7 08 00000dfc
2f8488ff 08 00000af0
489e8f80 08 00000c9e
a2327fe3 08 fffffa3e
e6510a63 08 fffff674
0f0355e3 08 000008ea
e6254535 08 fffff66a
2c3911e3 08 00000ac2
26b02e82 08 00000a7c
8eadaae3 08 fffff8f4
0924f920 08 00000092
aa2f46ff 08 fffffaac
61b700e3 08 00000e00
bee13463 08 fffff3e8
4fe732e3 08 00000ce4
001c5563 08 0000000a
6b5d5263 08 000006a4
1493ea63 08 00000154
31394403 08 00000308
d04503e3 08 fffffd06
af0020b2 08 fffffae0
7eb421e3 08 00000fe2
4455c663 08 0000044c
798ba561 08 0000078a
2b087963 08 000002b2
b474af63 08 fffff35e
bb6d3701 08 fffff3ae
afc1f563 08 fffff2ea
a63fb463 08 fffff268
67c40b00 08 00000676
794838e0 08 00000f90
52fc83e3 08 00000d26
6234bfe3 08 00000e3e
e537b736 08 fffff64e
6b914be3 08 00000eb6
0436aeb5 08 0000085c
0aa6fce3 08 000008b8
9e7843e3 08 fffff9e6
be2dfc5a 08 fffff3f8
9e35ee38 08 fffff1fc
cceb1fe3 08 fffffcde
e2697c03 08 fffff638
adad53cf 08 fffffac6
3d145a63 08 000003d4
4dd917f1 08 00000cce
1c7053ff 08 000009c6
00edcae3 08 00000814
43caa0e3 08 00000c20
a29a26e3 08 fffffa2c
c1618600 08 fffff40c
b88b77e3 08 fffffb8e
2501e663 08 0000024c
32c94a19 08 00000334
76979ead 08 00000f7c
1a46013a 08 000001a2
bec6f989 08 fffffbf2
b58d0a0a 08 fffff354
ac96c1e3 08 fffffac2
3b3c7ee3 08 00000bbc
3795112f 08 00000362
2bbc9ce3 08 00000ab8
06515e1d 08 0000007c
00ff5ee3 08 0000081c
c1fca85f 08 fffff410
b53f262d 08 fffff34c
a21c09e6 08 fffffa32
19a5b9c2 08 00000992
f45eade3 08 ffffff5a
78a0feac 08 00000f9c
123c5563 08 0000012a
975d8aa7 08 fffff974
449097e3 08 00000c4e
edb878b0 08 fffffed0
4ecfa663 08 000004ec
39e197e3 08 00000b8e
42b9fe63 08 0000043c
225fd763 08 0000022e
349b6163 08 00000342
cac11963 08 fffff4b2
07f54ffd 08 0000087e
9b8fd829 08 fffff1b0
43968dde 08 00000c3a
4d4e6778 08 000004ce
37b39966 08 00000372
6f91e18f 08 00000ee2
484f1eab 08 00000c9c
758d9d63 08 0000075a
86d11c6c 08 fffff078
d0632739 08 fffff50e
022ab0c0 08 00000820
a4c1fbe3 08 fffffa56
9f2469e3 08 fffff9f2
8e307a7b 08 fffff0f4
00000063 08 00000000
1f3754e3 08 000009e8
ea8b5d35 08 fffff6ba
17a7f063 08 00000160
5aaee463 08 000005a8
e1d99e1d 08 fffff61c
bf4d5a4c 08 fffff3f4
222537c8 08 00000a2e
8517abb8 08 fffff856
b4dd9b63 08 fffff356
d0e985be 08 fffffd0a
7217f6ca 08 00000f2c
09341388 08 00000886
cd313850 08 fffff4d0
b3b76e63 08 fffff33c
1c0bdae3 08 000009d4
2a35238b 08 00000aa6
96cdcae3 08 fffff974
8c033690 08 fffff8cc
05a5b8e3 08 00000850
bbb23341 08 fffff3a6
e4976959 08 fffff652
4d8fb63d 08 000004cc
771b64e3 08 00000f68
bf5b46e3 08 fffffbec
f56baa63 08 fffff754
9ede2663 08 fffff1ec
53d9add5 08 00000d3a
220ea6e3 08 00000a2c
8b994963 08 fffff0b2
7fe98f63 08 000007fe
05d738d3 08 00000850
d9f27991 08 fffffd92
617c5c40 08 00000618
fa1ffaf0 08 ffffffb4
3398ed63 08 0000033a
2a4d4ac7 08 00000ab4
b4318eca 08 fffffb5c
bd68ea36 08 fffff3d4
0c25ce0c 08 000000dc
f6862179 08 fffff762
d51c9615 08 fffff54c
dfd22de3 08 fffffdfa
74ae2196 08 00000f42
fd60a563 08 fffff7ca
9c1e1d63 08 fffff1da
e9808d63 08 fffff69a
cf128663 08 fffff4ec
2498b4e3 08 00000a48
56958f63 08 0000057e
0829c463 08 00000088
3b111cf5 08 00000bb8
3c4b58e3 08 00000bd0
07675de1 08 0000087a
f5aecc63 08 fffff758
9a4f3d37 08 fffff1ba
c02f2a63 08 fffff414
4d657063 08 000004c0
599dfd63 08 0000059a
30991963 08 00000312
cdd66cff 08 fffffcd8
820d57be 08 fffff82e
c563afbe 08 fffffc5e
e1885ce3 08 fffffe18
5373c563 08 0000052a
6d1bdfe3 08 00000ede
a1878f63 08 fffff21e
26a40063 08 00000260
3e35b114 08 000003e2
f2854b63 08 fffff736
f6d9aee3 08 ffffff7c
8eefebe3 08 fffff8f6
753aa8e3 08 00000f50
8ca5fc3d 08 fffff0d8
9a951f27 08 fffff1be
acf90563 08 fffff2ca
6003c8bf 08 00000e10
2ae5d963 08 000002b2
b7e1fae3 08 fffffb74
9b0ced10 08 fffff1ba
1dd22be3 08 000009d6
fefe9ee3 08 fffffffc
ca96b263 08 fffff4a4
f7a2479a 08 ffffff6e
6822408c 08 00000e80
3b55f663 08 000003ac
d563398f 08 fffffd52
45a2d53e 08 0000044a
98cff62f 08 fffff18c
8cf1b780 08 fffff8ce
2d672463 08 000002c8
94ca18e3 08 fffff950
369074e3 08 00000b68
6507a8e3 08 00000e50
4d9459e3 08 00000cd2
682edea5 08 00000e9c
bf4656e3 08 fffffbec
b593c0e3 08 fffffb40
fa697ee3 08 ffffffbc
e3dc37da 08 fffffe2e
f1cdf631 08 fffff70c
db9d14f7 08 fffffda8
f5355cd8 08 ffffff58
966123e3 08 fffff966
c6525b34 08 fffff476
8285e176 08 fffff022
5f302b13 08 000005f6
65b10be3 08 00000e56
eefe2bd2 08 fffffef6
9916ad30 08 fffff19a
abd993e3 08 fffffaa6
e437254c 08 fffff64a
cc5fadc1 08 fffffcda
55555563 08 0000054a
5c6af2e3 08 00000dc4
fb966b33 08 fffff7b6
6fab5868 08 000006f0
e2f6f163 08 fffff622
b1a7ee59 08 fffff31c
9809de70 08 fffff19c
d06b3763 08 fffff50e
cb998563 08 fffff4aa
32b4dee0 08 00000b3c
ecb43b63 08 fffff6d6
e0a3c42c 08 fffff608
928a3063 08 fffff120
eb1c9817 08 fffff6b0
b9aad9e3 08 fffffb92
5fbee363 08 000005e6
192f0fe3 08 0000099e
8c2dfbf9 08 fffff8d6
af6efc32 08 fffff2f8
bd32010a 08 fffff3c2
0c469c63 08 000000d8
05ca81e3 08 00000842
27b20ce3 08 00000a78
f86f74c1 08 ffffff88
e295aeea 08 fffffe3c
27143763 08 0000026e
7398b7e3 08 00000f2e
faf6a063 08 fffff7a0
9495bff7 08 fffff95e
5dedcd8d 08 00000dda
a33873e3 08 fffffa26
463a4e63 08 0000047c
ea776879 08 fffff6b0
a55eb002 08 fffff240
e759f5e3 08 fffffe6a
7875359a 08 00000f8a
9813f326 08 fffff186
08990a96 08 00000894
fcb7d988 08 ffffffd2
cc59b062 08 fffff4c0
374cffe3 08 00000b7e
f96238e3 08 ffffff90
84afa980 08 fffff852
208cfbe3 08 00000a16
0ef80763 08 000000ee
7a6b0322 08 000007a6
abf0f6a8 08 fffffaac
564a5763 08 0000056e
a535a9e3 08 fffffa52
ffe68c63 08 fffff7f8
27ce20f8 08 00000a60
b8df8a95 08 fffffb94
e6c3d1b5 08 fffffe62
be684488 08 fffffbe8
4e5737e3 08 00000cee
ea203217 08 fffff6a4
17c98360 08 00000166
f67c9593 08 ffffff6a
bfd93369 08 fffff3e6
420cf451 08 00000428
b817f6a2 08 fffffb8c
7ddf7f63 08 000007de
737392b6 08 00000f24
60832366 08 00000606
3aacf9c6 08 00000bb2
fc0d4b63 08 fffff7d6
485606e3 08 00000c8c
76293a00 08 00000774
48628ae3 08 00000c94
0d9cd7e3 08 000008ce
a1e5abe3 08 fffffa16
d4be66e3 08 fffffd4c
e7b7b69b 08 fffffe6c
e418cb63 08 fffff656
daf6ec63 08 fffff5b8
740e001b 08 00000740
71ea8e60 08 0000071c
457d0851 08 00000450
61928291 08 00000e04
9dc51db5 08 fffff9da
1fe33d63 08 000001fa
5b838463 08 000005a8
a578d663 08 fffff24c
110667e3 08 0000090e
a996d363 08 fffff286
aaaaaaaa 08 fffffab4
3894a463 08 00000388
64083adb 08 00000e54
8f09c8e3 08 fffff8f0
d1e76663 08 fffff50c
741c649f 08 00000f48
fad4b860 08 fffff7b0
1ebafde3 08 000009fa
76331a97 08 00000f74
b4929163 08 fffff342
19642163 08 00000182
cc49c424 08 fffff4c8
b054aa63 08 fffff314
8bc3e5e3 08 fffff8aa
046a1c77 08 00000058
5af113e3 08 00000da6
6d8abaab 08 00000ed4
95800eac 08 fffff95c
6141bc23 08 00000618
958b3c49 08 fffff158
253a7f63 08 0000025e
47475463 08 00000468
1850e163 08 00000182
be111d12 08 fffff3fa
07850fd1 08 0000087e
aacdd7f5 08 fffffaae
2eb54ee3 08 00000afc
f5296963 08 fffff752
0ec62efe 08 000008fc
227d2196 08 00000a22
a981d863 08 fffff290
d80ead63 08 fffff59a
fcc841e3 08 ffffffc2
173b94e3 08 00000968
94202f7b 08 fffff15e
f32264e3 08 ffffff28
11875f1c 08 0000011e
0ad2edb1 08 000008ba
0f7e96f8 08 000008ec
c22c9ae3 08 fffffc34
408b8f63 08 0000041e
ca7b37e3 08 fffffcae
44f4e363 08 00000446
45fc6c26 08 00000458
1b172d63 08 000001ba
37ca0816 08 00000370
d6765ce3 08 fffffd78
7f5af4e3 08 00000fe8
f063f47a 08 fffff708
13e9ff63 08 0000013e
81b28582 08 fffff80a
5f0950e3 08 00000de0
b08b75b7 08 fffffb0a
891b25e3 08 fffff88a
84353d63 08 fffff05a
54e10de3 08 00000d5a
08e8b263 08 00000084
40eef8e3 08 00000c10
64f8ef79 08 0000065e
b02080e3 08 fffffb00
d6ea7154 08 fffff562
b3fc47e3 08 fffffb2e
8da8e19f 08 fffff8c2
693c4363 08 00000686
51136063 08 00000500
13308769 08 0000012e
7cea6ee3 08 00000fdc
108030e3 08 00000900
9eeed07c 08 fffff1e0
eb3616b7 08 fffffeac
50bcab6f 08 00000516
1ff35be7 08 000009f6
44c9c2e3 08 00000c44
a137edd2 08 fffffa1a
d88a6fe3 08 fffffd9e
7fb82f63 08 000007fe
823a2e63 08 fffff03c
9d7799e3 08 fffff9d2
ce047fe3 08 fffffcfe
fd3df0fa 08 ffffffc0
855b5463 08 fffff048
a3bf15e3 08 fffffa2a
57c82541 08 0000056a
3b891da1 08 00000bba
bb646a5b 08 fffff3b4
4c1594e3 08 00000cc8
bac925fc 08 fffffbaa
445cb632 08 0000044c
c4fbe0fb 08 fffffc40
9b8cba08 08 fffff1b4
7d129a1f 08 000007d4
6b392374 08 000006a6
c976a257 08 fffff484
85a8be63 08 fffff05c
fcf3bee3 08 ffffffdc
8796cca4 08 fffff878
87327d8c 08 fffff87a
29a74281 08 00000a84
680054c6 08 00000e88
f0ff4c1e 08 fffff718
41fefde3 08 00000c1a
39a9c93c 08 00000392
09e2e163 08 00000082
be778739 08 fffff3ee
f34647e3 08 ffffff2e
fe1c2c2b 08 fffff7f8
e14e0189 08 fffffe02
5b8e87e3 08 00000dae
f96abbeb 08 ffffff96
71cf9763 08 0000070e
ac2eff63 08 fffff2de
908ff962 08 fffff112
f9d73963 08 fffff792
96113063 08 fffff160
515d7568 08 0000050a
ba2a3663 08 fffff3ac
e6270463 08 fffff668
b44181e3 08 fffffb42
16c14a63 08 00000174
3a451663 08 000003ac
047df7c3 08 0000084e
bd612063 08 fffff3c0
b82834e3 08 fffffb88
6b4d3763 08 000006ae
3d91e6ea 08 00000bcc
b6ce2963 08 fffff372
36f7eadd 08 00000b74
76b10b63 08 00000776
ed28dfa4 08 fffffede
682eb963 08 00000692
e63414e3 08 fffffe68
59917245 08 00000584
cea115cf 08 fffffcea
dbb1f1e3 08 fffffda2
54dbce63 08 0000055c
f8987263 08 fffff784
aedad970 08 fffff2f2
b2f10ee3 08 fffffb3c
5ac8083d 08 000005b0
898362e3 08 fffff884
36ff0463 08 00000368
903ba4e3 08 fffff908
0a4af9e3 08 000008b2
12aaf8e3 08 00000930
d6d6fd65 08 fffff57a
d9ecc2ef 08 fffffd84
3a6b3bf3 08 00000bb6
29863f63 08 0000029e
bc228de6 08 fffffbda
c054209d 08 fffffc00
c6dfefe3 08 fffffc7e
bb5bd9e3 08 fffffbb2
0e5e8870 08 000000f0
54be79e3 08 00000d52
7370bce3 08 00000f38
50d13de3 08 00000d1a
17d8e9e3 08 00000972
e5770d59 08 fffff65a
fea4001f 08 fffff7e0
d0fd9bd0 08 fffffd16
8ba226e3 08 fffff8ac
2f343764 08 000002ee
3e5c0e63 08 000003fc
4706b3bc 08 00000c66
4d11c563 08 000004ca
e6ef3cc4 08 fffffe78
4b87db63 08 000004b6
0792d7b7 08 0000086e
2a90161e 08 000002ac
2d12c0e3 08 00000ac0
2e9864b6 08 00000ae8
152d2ae3 08 00000954
845271f4 08 fffff842
7678b8e3 08 00000f70
a5f7f5e3 08 fffffa4a
412eb8f0 08 00000c10
bc336cdd 08 fffffbd8
ebab0ebb 08 fffffebc
77074252 08 00000764
fff00fe3 08 fffffffe
d453cac4 08 fffffd54
5dbf43d8 08 00000dc6
e3fc3f6c 08 fffff63e
40bd8155 08 00000402
1a129ee3 08 000009bc
d4d29f63 08 fffff55e
4dafe4e3 08 00000cc8
f7e983aa 08 ffffff66
a87275e3 08 fffffa8a
f3103319 08 fffff726
781266e3 08 00000f8c
4f1e2aa4 08 00000cf4
30f804e3 08 00000b08
e552fd63 08 fffff65a
75c71463 08 00000748
23adb7e3 08 00000a2e
25d06263 08 00000244
73852ee3 08 00000f3c
c54f110c 08 fffff442
34c1fc63 08 00000358
ad375f5e 08 fffff2de
52d8e863 08 00000530
7f4f91e3 08 00000fe2
4efe33b1 08 00000ce6
0fba19e3 08 000008f2
8dd7ff63 08 fffff0de
ddc92463 08 fffff5c8
713d1ce3 08 00000f18
7bf2e963 08 000007b2
03b11d65 08 0000003a
253d8fa6 08 00000a5e
367c6059 08 00000360
ef9b3063 08 fffff6e0
6ed4a4e3 08 00000ee8
86304dc9 08 fffff87a
b5240cac 08 fffffb58
ef6468ed 08 fffffef0
8472eee3 08 fffff85c
0bb46dea 08 000008ba
fd0b2149 08 fffff7c2
0a2179e3 08 000008b2
e64f2b0a 08 fffff676
68834222 08 00000684
434d3402 08 00000428
3fe65c29 08 000003f8
c4c6e963 08 fffff452
3a7c1d63 08 000003ba
8ea08bf5 08 fffff8f6
be6626a2 08 fffffbec
cd4268a0 08 fffffcd0
399f53c8 08 00000b86
e30c2963 08 fffff632
b801cb34 08 fffff396
47b22c63 08 00000478
0c660342 08 000000c6
0dfdc8c3 08 000008d0
5f68ec63 08 000005f8
0298f8d9 08 00000830
f39d81e3 08 ffffff22
541e7e4e 08 0000055c
ffeb5fd3 08 fffffffe
ca0045f7 08 fffffcaa
b3c20e60 08 fffff33c
23c4c159 08 00000222
e95d3be3 08 fffffe96
b76b7800 08 fffff370
544a9363 08 00000546
ed7649b7 08 fffffed2
2b0b78e3 08 00000ab0
8cc3925a 08 fffff0c4
a85daae3 08 fffffa94
6dc352d7 08 00000ec4
dd4e54e7 08 fffffdc8
887188e3 08 fffff890
5f806863 08 000005f0
de338464 08 fffff5e8
ba187b18 08 fffff3b6
746985e3 08 00000f4a
4eeb7050 08 000004e0
fee9e355 08 fffff7e6
bc730711 08 fffff3ce
200771e3 08 00000a02
afb4bdf1 08 fffffafa
8b3cce44 08 fffff0bc
9be44863 08 fffff1b0
ee9ca063 08 fffff6e0
30637563 08 0000030a
a5e844ff 08 fffffa48
eb6d8ce3 08 fffffeb8
ed2602e3 08 fffffec4
4a94ce63 08 000004bc
15ac3c63 08 00000158
4413bd63 08 0000045a
27f530e3 08 00000a60
ea461d63 08 fffff6ba
48c36c63 08 00000498
39d7794b 08 00000392
9ef31d42 08 fffff1fa
f3af4d71 08 fffff73a
bc2f51ea 08 fffffbc2
2bb0069d 08 00000aac
0814ee63 08 0000009c
c33c6863 08 fffff430
fb6a97e3 08 ffffffae
b7466018 08 fffff360
432b8f85 08 00000c3e
84bec563 08 fffff04a
7d942fdb 08 00000fde
bfbfaea5 08 fffffbfc
48f4f9b6 08 00000c92
51318163 08 00000502
c76643e3 08 fffffc66
bd5b706e 08 fffff3c0
6e19efe3 08 00000efe
8ffad78f 08 fffff8ee
440116e3 08 00000c4c
368ad921 08 00000372
f79ab658 08 fffff76c
d13088a1 08 fffffd10
e315387b 08 fffff630
c7894cc3 08 fffffc78
badd2d78 08 fffff3ba
e9b9d5da 08 fffffe8a
666b51b3 08 00000e62
d114e760 08 fffff50e
986d47be 08 fffff98e
4c02f263 08 000004c4
5ed3bd4f 08 000005fa
d2319e19 08 fffff53c
2ca0392c 08 000002d2
1ec70092 08 000009e0
79a5a3e3 08 00000f86
a88080e3 08 fffffa80
d3b6a915 08 fffff532
4a135fe3 08 00000cbe
32b146a5 08 00000b2c
59fd55e3 08 00000d8a
87aa59e3 08 fffff872
0eb6c447 08 000000e8
59b83ce3 08 00000d98
50d42163 08 00000502
f569547e 08 fffff748
2b4eee9d 08 00000abc
4b12db63 08 000004b6
9058d89c 08 fffff910
7ed12be3 08 00000ff6
8475467e 08 fffff04c
06838b63 08 00000076
0866a680 08 0000088c
2dddb263 08 000002c4
4dbfe163 08 000004c2
458191e3 08 00000c42
cb99737a 08 fffff4a6
6fec2253 08 000006e4
c00ad066 08 fffff400
f6b3c1e3 08 ffffff62
a16f2ae3 08 fffffa14
680421f2 08 00000e82
55555555 08 0000054a
99a5d263 08 fffff184
5aa7b8b2 08 00000db0
c7971443 08 fffff468
52f317e3 08 00000d2e
86d24963 08 fffff072
5917f6f3 08 00000d8c
294b59e3 08 00000a92
96268d1f 08 fffff17a
32c14de3 08 00000b3a
a474a4f7 08 fffffa48
3246e0e0 08 00000b20
887cbcfa 08 fffff898
ec010b48 08 fffff6d6
e063e6da 08 fffffe0c
5b72758c 08 00000daa
b37a09e3 08 fffffb32
579413e6 08 00000d66
e6d25763 08 fffff66e
c81e8ac1 08 fffffc94
622e1763 08 0000062e
82b66863 08 fffff030
66a36363 08 00000666
98d96d63 08 fffff19a
937e1763 08 fffff12e
44954e67 08 0000045c
945adce3 08 fffff958
ae69b0b0 08 fffffae0
d76273e3 08 fffffd66
07b095c0 08 0000086a
8c6306e3 08 fffff8cc
e62d40e3 08 fffffe60
62a09b67 08 00000636
cc4458e3 08 fffffcd0
7a953ce3 08 00000fb8
61442374 08 00000606
52bb4de3 08 00000d3a
b133f35f 08 fffff306
f31574ce 08 ffffff28
fafbb463 08 fffff7a8
cb5be163 08 fffff4a2
b4639163 08 fffff342
3c2676d1 08 00000bcc
e2b42063 08 fffff620
28bfa0af 08 00000a80
f41795e3 08 ffffff4a
11b1d0c4 08 00000900
c08d4ea2 08 fffffc1c
e5f1a3e3 08 fffffe46
dc7ba063 08 fffff5c0
e680f563 08 fffff66a
b1535c63 08 fffff318
01022a8f 08 00000814
930f3de3 08 fffff93a
a485bb63 08 fffff256
3d0bb063 08 000003c0
5021ef63 08 0000051e
420b9198 08 00000c22
be8d4e33 08 fffff3fc
db1d70e3 08 fffffda0
9518a4e8 08 fffff948
86aacfe3 08 fffff87e
ed59df0d 08 fffff6de
6cd46639 08 000006cc
99dd039d 08 fffff986
108615e3 08 0000090a
1620bd00 08 0000017a
e74cf963 08 fffff672
d9b30963 08 fffff592
3eaa95f0 08 00000bea
29871b51 08 00000296
fc7400e3 08 ffffffc0
15814c63 08 00000158
0e781963 08 000000f2
d3541a75 08 fffff534
e1dfdd31 08 fffff61a
9bce887f 08 fffff1b0
8574f763 08 fffff04e
a53435e3 08 fffffa4a
1f34c763 08 000001ee
705a72e3 08 00000f04
c4dee963 08 fffff452
450f9ce3 08 00000c58
3362a23d 08 00000324
229afe63 08 0000023c
7f75bb4c 08 000007f6
c2cd71e2 08 fffffc22
d19763c1 08 fffffd06
1fa23df1 08 000009fa
6def7423 08 000006c8
c1e498e3 08 fffffc10
20a59363 08 00000206
12b63191 08 00000922
ba0f9963 08 fffff3b2
3631fa2a 08 00000374
4ad4e1e3 08 00000ca2
af6caf63 08 fffff2fe
f2e5a0e2 08 ffffff20
0c66ce63 08 000000dc
7fd1c8dd 08 00000ff0
da6e5163 08 fffff5a2
f163536c 08 fffff706
63dfc84e 08 00000630
125843e3 08 00000926
ef6ca14a 08 fffff6e2
dc9446e3 08 fffffdcc
279ac67f 08 0000026c
48fdd0fe 08 00000c80
27352463 08 00000268
79b70fcc 08 00000f9e
16209ee3 08 0000097c
aabcca01 08 fffff2b4
007e9a63 08 00000014
97844063 08 fffff160
64699b63 08 00000656
7df32e63 08 000007dc
ea40e163 08 fffff6a2
43fca7e3 08 00000c2e
857af0bc 08 fffff840
0ce2a163 08 000000c2
91a2347d 08 fffff108
3a78c4e3 08 00000ba8
c8a011fb 08 fffffc82
acc0d5e3 08 fffffaca
918e31ed 08 fffff902
ff0f6595 08 ffffffea
f49b7ee3 08 ffffff5c
cd567e63 08 fffff4dc
fe0839fa 08 fffffff2
cd827a63 08 fffff4d4
6b22234c 08 000006a6
270db6e3 08 00000a6c
4b298a63 08 000004b4
7ffea6da 08 00000fec
46a60d0f 08 0000047a
0a883d8b 08 000008ba
a80ea963 08 fffff292
155c4663 08 0000014c
a59a94e3 08 fffffa48
411ed763 08 0000040e
985846cc 08 fffff98c
1f1bb835 08 000001f0
32cb1e63 08 0000033c
b1faa2cb 08 fffffb04
217890e3 08 00000a00
cb2e8ce3 08 fffffcb8
66168755 08 0000066e
21e67045 08 00000200
e5d16c63 08 fffff658
6c8f604a 08 000006c0
4023fe63 08 0000041c
5d6f6863 08 000005d0
d820cc2d 08 fffff598
e1a5f412 08 fffff608
98b80a96 08 fffff994
af36aaca 08 fffffaf4
30dd97e3 08 00000b0e
d25ad6c7 08 fffffd2c
08365ba2 08 00000896
09b7d5e3 08 0000088a
eda681e3 08 fffffec2
a9c7f6e3 08 fffffa8c
bb8f85e3 08 fffffbaa
a248c563 08 fffff22a
b64bfb9b 08 fffffb76
28f9f1ac 08 00000a82
77146763 08 0000076e
1faac163 08 000001e2
80000000 08 fffff000
ef0de180 08 fffffee2
16bd4f8e 08 0000097e
334fad63 08 0000033a
fff00fff 08 fffffffe
77f85d81 08 00000f7a
cbc32463 08 fffff4a8
6c294c6d 08 000006d8
9a467fe3 08 fffff9be
f31bf5e4 08 ffffff2a
db983133 08 fffff5a2
9ffb6363 08 fffff1e6
f9db1f63 08 fffff79e
64ab7563 08 0000064a
6402c3f1 08 00000e46
aedc568d 08 fffffaec
d654de63 08 fffff57c
809a22f7 08 fffff804
77f3587a 08 00000770
3a4915e3 08 00000baa
2cdbf7e3 08 00000ace
9b034ae3 08 fffff9b4
f0fc62e3 08 ffffff04
daf5771e 08 fffff5ae
ad1ab4e3 08 fffffac8
21aa9b78 08 00000216
5dc68f63 08 000005de
6fda4963 08 000006f2
99784095 08 fffff980
ad643b63 08 fffff2d6
35812bab 08 00000b56
3a4f06d6 08 00000bac
c146529d 08 fffffc04
b55bfbe3 08 fffffb56
539e77d3 08 00000d2e
fb6440d1 08 ffffffa0
80ff89e3 08 fffff812
47517d6a 08 0000047a
db4009e3 08 fffffdb2
52883d63 08 0000053a
9b9c2d63 08 fffff1ba
19505ff8 08 0000099e
f5da1859 08 fffff750
16a5a163 08 00000162
2c0428e3 08 00000ad0
44049f23 08 0000045e
d747b2e3 08 fffffd64
7af20ae4 08 00000fb4
36e87a63 08 00000374
3268bf63 08 0000033e
7a3a7563 08 000007aa
cc10b5e3 08 fffffcca
3b26aee3 08 00000bbc
a2f8b5e3 08 fffffa2a
e227d4d9 08 fffffe28
1e407163 08 000001e2
e3f6d5e3 08 fffffe2a
5caacb63 08 000005d6
a7476ce3 08 fffffa78
24abfe63 08 0000025c
60f146e3 08 00000e0c
10d3fd23 08 0000011a
0a34cfe3 08 000008be
846cf7e3 08 fffff84e
4a4a8663 08 000004ac
2e7eafe3 08 00000afe
b798b2e3 08 fffffb64
8f2072ac 08 fffff8e4
eb35079f 08 fffffeae
8db65863 08 fffff0d0
79da8099 08 00000f80
8e114181 08 fffff8e2
27f57063 08 00000260
6efa38d6 08 00000ef0
bf4af3e3 08 fffffbe6
3185806e 08 00000300
dcfeb7d0 08 fffffdce
a5067429 08 fffff248
a28d7f78 08 fffff23e
eeedcaa7 08 fffffef4
bcacd7e3 08 fffffbce
93a11a63 08 fffff134
e1807863 08 fffff610
430572c9 08 00000c24
c8e8235c 08 fffff486
1ce312e3 08 000009c4
412c0e63 08 0000041c
c6ac06e3 08 fffffc6c
6c6ee263 08 000006c4
1c7249ef 08 000009d2
39cb84e3 08 00000b88
5710d063 08 00000560
c98780e3 08 fffffc80
162dfa63 08 00000174
2cb1f160 08 000002c2
db7aaaa0 08 fffffdb4
94c5cd63 08 fffff15a
332e7863 08 00000330
6c18abe3 08 00000ed6
7769d37e 08 00000766
9265a85d 08 fffff130
b8fdc6a9 08 fffffb8c
8216c3b8 08 fffff826
c8528f63 08 fffff49e
d5b9a663 08 fffff54c
cc153fca 08 fffffcde
0cbffb63 08 000000d6
6a5bf863 08 000006b0
92e006e3 08 fffff92c
a6216463 08 fffff268
c61155e3 08 fffffc6a
8ffb4ce3 08 fffff8f8
af4c1263 08 fffff2e4
42b7b063 08 00000420
22c099e3 08 00000a32
ff5701e6 08 ffffffe2
a2b802e3 08 fffffa24
e9b83122 08 fffff682
c241c163 08 fffff422
af1cd5e3 08 fffffaea
6380bd86 08 00000e3a
28747650 08 0000028c
0081b263 08 00000004
e9aa79e3 08 fffffe92
8bb13de3 08 fffff8ba
0aadd1be 08 000008a2
77dd8763 08 0000076e
90924e63 08 fffff11c
95496e30 08 fffff15c
b59c45ca 08 fffffb4a
8701fa55 08 fffff074
f8538724 08 fffff78e
825e5f63 08 fffff03e
6532b663 08 0000064c
7d7c5364 08 000007c6
0c594763 08 000000ce
e7ba141b 08 fffff668
8af097e3 08 fffff8ae
77c9dde3 08 00000f7a
5a41a9e3 08 00000db2
427cfa6d 08 00000434
3d9863e3 08 00000bc6
18e5d613 08 0000018c
c72e7468 08 fffff468
027a3d63 08 0000003a
9125bfe3 08 fffff91e
18ca7363 08 00000186
affe5463 08 fffff2e8
b6e8e2e3 08 fffffb64
24a9f07b 08 00000240
966effee 08 fffff97e
5edac665 08 000005ec
25d40363 08 00000246
e166e7a5 08 fffffe0e
394b4aba 08 00000b94
ac7d6164 08 fffff2c2
a525858d 08 fffffa4a
6227a237 08 00000624
4e126c63 08 000004f8
989753e3 08 fffff986
c8ffeb63 08 fffff496
250f8b63 08 00000256
854065e3 08 fffff84a
5852ced4 08 00000d9c
9d1dc314 08 fffff1c6
fa93c13c 08 fffff7a2
3bee97e3 08 00000bae
c5b5fd76 08 fffff45a
6cf07b40 08 000006d6
759e18f5 08 00000f50
fe859863 08 fffff7f0
3ff35029 08 000003e0
9b83d4e3 08 fffff9a8
2e503b4a 08 000002f6
57a36963 08 00000572
616230dc 08 00000e00
dfebb588 08 fffffdea
dc8e0380 08 fffffdc6
d6118ce3 08 fffffd78
01a48bfb 08 00000816
8d36e3e3 08 fffff8c6
e2409463 08 fffff628
87d7d76f 08 fffff06e
c5dc1263 08 fffff444
ecd00163 08 fffff6c2
14f1ebe3 08 00000956
87eb6363 08 fffff066
9eb7152d 08 fffff1ea
925fae63 08 fffff13c
8f7edf63 08 fffff0fe
b56c1b63 08 fffff356
438d493d 08 00000432
158b1c63 08 00000158
9386f9e0 08 fffff932
2024b163 08 00000202
25f593ac 08 00000a46
4d6ee563 08 000004ca
132d9863 08 00000130
f1264d63 08 fffff71a
5d8a62cd 08 00000dc4
dc183b2c 08 fffff5d6
a6c5c363 08 fffff266
0bf001f8 08 000008a2
ca7168e3 08 fffffcb0
ffb60ee3 08 fffffffc
dc27e547 08 fffff5ca
8fd7afe3 08 fffff8fe
6dc0b163 08 000006c2
e62fd863 08 fffff670
aca07152 08 fffff2c2
a2549e63 08 fffff23c
440f4f55 08 0000045e
ecb1dee3 08 fffffedc
4fef9862 08 000004f0
cd7784e3 08 fffffcc8
a2ad0863 08 fffff230
73c52069 08 00000720
82a733d3 08 fffff826
87432081 08 fffff860
23cf74a4 08 00000a28
b068609d 08 fffffb00
1b5dcde3 08 000009ba
b4753ae3 08 fffffb54
55e5c1dc 08 00000d42
90050762 08 fffff10e
eb3c59e3 08 fffffeb2
56c05e8f 08 00000d7c
3898039f 08 00000b86
84a27f28 08 fffff05e
d671b363 08 fffff566
bcd417ea 08 fffffbce
c0d22ae3 08 fffffc14
875d0463 08 fffff068
66fba6e3 08 00000e6c
648cd89b 08 00000e50
8099ea63 08 fffff014
547d50e3 08 00000d40
525ddd63 08 0000053a
19ceb44b 08 00000188
aee49863 08 fffff2f0
6bd3a644 08 000006ac
f27d14e3 08 ffffff28
aa772844 08 fffff2b0
b61c3ce3 08 fffffb78
830a608d 08 fffff820
202cf0e3 08 00000a00
3aeb02e3 08 00000ba4
731a27a5 08 00000f2e
e2d578e3 08 fffffe30
0056ade3 08 0000081a
88ec707f 08 fffff080
8100dfe3 08 fffff81e
6ae9c954 08 000006b2
886b5bad 08 fffff896
e4070663 08 fffff64c
bf028be3 08 fffffbf6
ac3499f6 08 fffffad2
6c439c53 08 000006d8
08706a63 08 00000094
0045f8df 08 00000810
659832e3 08 00000e44
c20cc022 08 fffff420
4c2d9a0f 08 000004d4
91e6dee3 08 fffff91c
22d2d763 08 0000022e
b5a9d948 08 fffff352
635adbe3 08 00000e36
74e8a7e3 08 00000f4e
bd7017e3 08 fffffbce
5f2da567 08 000005ea
36b063ac 08 00000b66
dab86463 08 fffff5a8
db7e34e3 08 fffffda8
1719e53f 08 0000016a
01eb4be3 08 00000816
c3643b12 08 fffff436
2f1027e3 08 00000aee
6ef22a63 08 000006f4
71b763b9 08 00000f06
ded5099f 08 fffffdf2
fc331f63 08 fffff7de
28593f4f 08 0000029e
41aa985f 08 00000410
78e60163 08 00000782
88f0b711 08 fffff08e
b395cee3 08 fffffb3c
5ec1a263 08 000005e4
fc8dcc8a 08 ffffffd8
b7aa7b63 08 fffff376
3ec8d3e3 08 00000be6
e98d3c07 08 fffff698
9df99ee3 08 fffff9dc
939ab3e3 08 fffff926
05915d63 08 0000005a
93e7bde3 08 fffff93a
0d664830 08 000000d0
e29f1b63 08 fffff636
bb73e5e3 08 fffffbaa
03d657e3 08 0000082e
5fd5f1c8 08 00000de2
8e2d0863 08 fffff0f0
c701c6e3 08 fffffc6c
3074e463 08 00000308
252a60e3 08 00000a40
88186a63 08 fffff094
10c5e963 08 00000112
2238a9e3 08 00000a32
07ddbbe3 08 00000876
589d6a63 08 00000594
45b18886 08 00000c50
05192a66 08 00000054
0ee19637 08 000000ec
8e1488e3 08 fffff8f0
38fe3416 08 00000388
d74486e3 08 fffffd6c
d4519b5e 08 fffff556
beb71f35 08 fffff3fe
bf29ebe2 08 fffffbf6
3ae766e3 08 00000bac
38a8c8e3 08 00000b90
eb2fd363 08 fffff6a6
6a2f91e3 08 00000ea2
87173a13 08 fffff074
9f4d3789 08 fffff9ee
a86df421 08 fffff288
712ffde3 08 00000f1a
e2c0b8c1 08 fffffe30
3f2f6b8b 08 00000bf6
bd105e93 08 fffffbdc
8f486863 08 fffff0f0
b59e4f7d 08 fffff35e
971a6463 08 fffff168
52940cac 08 00000d38
c8bfe563 08 fffff48a
5fe5e9b6 08 00000df2
bdb8e7e3 08 fffffbce
67a37be3 08 00000e76
496cd4e3 08 00000c88
9c7f26e3 08 fffff9cc
04780363 08 00000046
1498ee29 08 0000015c
133f4ff4 08 0000093e
a5acda90 08 fffffa54
a0fb16e3 08 fffffa0c
b88b0645 08 fffff38c
acf33d92 08 fffffada
3501e6e3 08 00000b4c
5c1ab9e3 08 00000dd2
78ff8de3 08 00000f9a
f7b3051e 08 fffff76a
3f93887d 08 000003f0
4b71d770 08 000004ae
adf39a90 08 fffffad4
d2c080e3 08 fffffd20
00f202e3 08 00000804
635cdde2 08 00000e3a
db39d1f5 08 fffffda2
5147b704 08 0000050e
e692e9e3 08 fffffe72
98e559f6 08 fffff992
42b76a2a 08 00000434
82d109e3 08 fffff832
4cdcb3e3 08 00000cc6
76a300b4 08 00000f60
03c439cc 08 00000832
5b5bcce3 08 00000db8
f9172063 08 fffff780
f9c35b63 08 fffff796
b6653963 08 fffff372
06fa5986 08 00000872
3d3ba3e3 08 00000bc6
173a6ee5 08 0000097c
88c0e763 08 fffff08e
4c9fa563 08 000004ca
0b499de3 08 000008ba
14783a30 08 00000154
224ba91a 08 00000232
1c0afee3 08 000009dc
cd818b44 08 fffff4d6
80c3871f 08 fffff00e
5beea863 08 000005b0
e8976963 08 fffff692
204d5be3 08 00000a16
26a46563 08 0000026a
00139de3 08 0000081a
ef0af8e6 08 fffffef0
645b45e3 08 00000e4a
0e1f9463 08 000000e8
41cbfbe3 08 00000c16
e6fc04e3 08 fffffe68
f821f063 08 fffff780
6dd586a1 08 00000ecc
33d1cf51 08 0000033e
1d7a2763 08 000001ce
76df3663 08 0000076c
65e6ee80 08 00000e5c
2592a0c6 08 00000a40
d1823e95 08 fffffd1c
96587963 08 fffff172
863552d0 08 fffff864
7ec9a4bd 08 00000fe8
e35b056a 08 fffff62a
00000000 08 00000000
00bb6f60 08 0000001e
600c7b5e 08 00000616
bfc40763 08 fffff3ee
11c0bf77 08 0000011e
4440a1e3 08 00000c42
9e2b2c63 08 fffff1f8
a1560463 08 fffff208
606399e3 08 00000e12
d4c18dbd 08 fffffd5a
de62bce3 08 fffffdf8
aaaaaae3 08 fffffab4
f6472ce3 08 ffffff78
28fa9be3 08 00000a96
df620082 08 fffffde0
20294763 08 0000020e
3e40d165 08 000003e2
544fad3e 08 0000055a
739a1003 08 00000720
5b475216 08 000005a4
2a7427e3 08 00000aae
798e97e3 08 00000f8e
13dce9b0 08 00000932
6cad75e3 08 00000eca
0464b312 08 00000046
67822863 08 00000670
b6c8a163 08 fffff362
773a0959 08 00000772
87b868e3 08 fffff870
4b3d3171 08 000004a2
5d29d063 08 000005c0
3394248d 08 00000b28
1b40bce3 08 000009b8
d2239163 08 fffff522
2c4a13e3 08 00000ac6
0f0276df 08 000008ec
65cce2ca 08 00000e44
e8fc54e0 08 fffffe88
b85a9fe3 08 fffffb9e
6bbf8be3 08 00000eb6
265187e3 08 00000a6e
d54ae9e3 08 fffffd52
625c5563 08 0000062a
722a7d63 08 0000073a
94d9e7e3 08 fffff94e
07ca7fd9 08 0000087e
ab0f3463 08 fffff2a8
0b8982a7 08 000008a4
e3e9e463 08 fffff628
d5e00a63 08 fffff554
3474f9e3 08 00000b52
bd22e0e1 08 fffffbc0
6f2a74e3 08 00000ee8
210c6bf2 08 00000a16
0d044051 08 000000c0
8a494c03 08 fffff0b8
772fe154 08 00000762
81bcede3 08 fffff81a
c9a50ce3 08 fffffc98
3c72dcd2 08 00000bd8
bea49ef0 08 fffffbfc
a87ec44f 08 fffff288
aca9c4e3 08 fffffac8
8ea1d1b2 08 fffff8e2
460f3c0c 08 00000478
cd5cca63 08 fffff4d4
cb9d2fd2 08 fffffcbe
5181d1ea 08 00000d02
d58a8a63 08 fffff554
e58bedac 08 fffffe5a
9d83d393 08 fffff9c6
4f1f596b 08 000004f2
532e0f63 08 0000053e
710f1263 08 00000704
02ec7fa4 08 0000083e
a2903fe3 08 fffffa3e
fbdd1f1e 08 fffff7be
c754f7e3 08 fffffc6e
398c30e3 08 00000b80
6c664d63 08 000006da
c130474f 08 fffff40e
b6b890e3 08 fffffb60
e941fde3 08 fffffe9a
8ac38970 08 fffff0b2
# --- U-type ---
# i_inst i_format | o_immediate
5bf1e317 10 5bf1e000
0898c937 10 0898c000
ec1ac597 10 ec1ac000
0cc8c537 10 0cc8c000
d4d064cc 10 d4d06000
0661b500 10 0661b000
3fb08097 10 3fb08000
50da2ef6 10 50da2000
75b50f37 10 75b50000
ce5592b7 10 ce559000
b20f9b30 10 b20f9000
3adf0613 10 3adf0000
f7ef0c37 10 f7ef0000
1fe655e7 10 1fe65000
928a4617 10 928a4000
96646e37 10 96646000
08abef17 10 08abe000
98ed9e7d 10 98ed9000
1b12d12d 10 1b12d000
24bf9917 10 24bf9000
e2b570b7 10 e2b57000
31a26c17 10 31a26000
37296897 10 37296000
aea64797 10 aea64000
254b33e5 10 254b3000
fcc08d37 10 fcc08000
c060da97 10 c060d000
49264717 10 49264000
66288cb7 10 66288000
7e72c117 10 7e72c000
cfad0de5 10 cfad0000
c1107ab7 10 c1107000
288c9497 10 288c9000
a032c8b7 10 a032c000
00000000 10 00000000
62060eba 10 62060000
6493aab7 10 6493a000
8cb60cf7 10 8cb60000
6a15ccb7 10 6a15c000
4d0ce2c7 10 4d0ce000
ce0c7a91 10 ce0c7000
33226c37 10 33226000
11268a97 10 11268000
611b9341 10 611b9000
a2282c37 10 a2282000
ca3207f7 10 ca320000
5f5da321 10 5f5da000
77c11253 10 77c11000
6e7c0437 10 6e7c0000
c98a677c 10 c98a6000
8e8f9117 10 8e8f9000
165f335e 10 165f3000
9114fe5e 10 9114f000
c9820534 10 c9820000
a8a8c696 10 a8a8c000
5f743dae 10 5f743000
cb73f440 10 cb73f000
584e4612 10 584e4000
75a2b3b7 10 75a2b000
fe71ad37 10 fe71a000
b5285c2c 10 b5285000
20b7f717 10 20b7f000
b81a87fe 10 b81a8000
1de5e897 10 1de5e000
5a5f42b7 10 5a5f4000
2f913b62 10 2f913000
3d4e2397 10 3d4e2000
7bda1f17 10 7bda1000
3012ef17 10 3012e000
50704a37 10 50704000
2351db5d 10 2351d000
8d9410b7 10 8d941000
3a69bc97 10 3a69b000
d4f45d37 10 d4f45000
46e19417 10 46e19000
e081a681 10 e081a000
7b40b817 10 7b40b000
282be3fb 10 282be000
fa2a6237 10 fa2a6000
eee1efb7 10 eee1e000
40dcfdb8 10 40dcf000
9bd52517 10 9bd52000
6b964889 10 6b964000
58fb61da 10 58fb6000
f9a71297 10 f9a71000
040dfd8b 10 040df000
d481a537 10 d481a000
8a708217 10 8a708000
d0e4d75e 10 d0e4d000
e7646917 10 e7646000
7fffffff 10 7ffff000
d54b3a97 10 d54b3000
7233990b 10 72339000
b05559ea 10 b0555000
89601248 10 89601000
80000017 10 80000000
98903037 10 98903000
dbbf2e17 10 dbbf2000
8fff2897 10 8fff2000
f39f4fb7 10 f39f4000
5ec6cc70 10 5ec6c000
48ca4217 10 48ca4000
445bf9c8 10 445bf000
7840e6da 10 7840e000
323ff797 10 323ff000
b425d464 10 b425d000
ccd3a215 10 ccd3a000
28bc1b97 10 28bc1000
ab4b4417 10 ab4b4000
9739a0de 10 9739a000
e44c0797 10 e44c0000
b8486c37 10 b8486000
aca3a336 10 aca3a000
4552a67a 10 4552a000
e9e48f37 10 e9e48000
6639676a 10 66396000
c3168fb1 10 c3168000
587a1f04 10 587a1000
f4d564d5 10 f4d56000
3c0d9969 10 3c0d9000
5679297a 10 56792000
60c4a891 10 60c4a000
ea54f82c 10 ea54f000
2afb8d97 10 2afb8000
68baddb7 10 68bad000
6267a5d5 10 6267a000
715618aa 10 71561000
a083fae5 10 a083f000
b06490f5 10 b0649000
4f536037 10 4f536000
a849b8b7 10 a849b000
3dd4369b 10 3dd43000
4c818597 10 4c818000
6c0bc637 10 6c0bc000
f8eae617 10 f8eae000
73021e6f 10 73021000
1e2457c4 10 1e245000
03ec38b7 10 03ec3000
edaaf037 10 edaaf000
185c3497 10 185c3000
8470c943 10 8470c000
76a598de 10 76a59000
559064c9 10 55906000
cc607a5e 10 cc607000
4b0f9bfb 10 4b0f9000
5fc5a21b 10 5fc5a000
4ceae337 10 4ceae000
0c37dd97 10 0c37d000
537bd8b7 10 537bd000
e201369a 10 e2013000
00000000 10 00000000
524adc97 10 524ad000
3ebfa4b7 10 3ebfa000
61a16217 10 61a16000
d39bb4f2 10 d39bb000
c926ca97 10 c926c000
b7f67f3b 10 b7f67000
b3a3d597 10 b3a3d000
ee097656 10 ee097000
a2f2f5b4 10 a2f2f000
c49797b7 10 c4979000
9d786737 10 9d786000
e7a05e97 10 e7a05000
dc8fdb97 10 dc8fd000
911dc9b7 10 911dc000
dfccd197 10 dfccd000
5545e037 10 5545e000
0aeb2497 10 0aeb2000
ffd8cc97 10 ffd8c000
a600e5b7 10 a600e000
3839d66f 10 3839d000
5afab79b 10 5afab000
a0b0b73f 10 a0b0b000
e05a7eed 10 e05a7000
825738b8 10 82573000
91341bb7 10 91341000
d52c1497 10 d52c1000
d5cf79e1 10 d5cf7000
9d771f17 10 9d771000
e41c82b7 10 e41c8000
6a2b92b7 10 6a2b9000
3af2f7e8 10 3af2f000
63461217 10 63461000
192263b7 10 19226000
3b43ecab 10 3b43e000
25ff6997 10 25ff6000
95a4d517 10 95a4d000
33494f3f 10 33494000
3c2a8466 10 3c2a8000
e5e9aa8a 10 e5e9a000
63432e2c 10 63432000
d607de13 10 d607d000
04bf178b 10 04bf1000
002a9d82 10 002a9000
fb9d6617 10 fb9d6000
98d3cb48 10 98d3c000
1fa37540 10 1fa37000
50c9a24d 10 50c9a000
85c61a97 10 85c61000
192f1437 10 192f1000
1d1a2597 10 1d1a2000
4d20ac97 10 4d20a000
0fef057a 10 0fef0000
dd9695b7 10 dd969000
75900959 10 75900000
1df16ab2 10 1df16000
d4d8c9b0 10 d4d8c000
af00feb7 10 af00f000
bdc5cf5e 10 bdc5c000
8bc7109c 10 8bc71000
cf88ac6b 10 cf88a000
b718934c 10 b7189000
95245017 10 95245000
d8fc7e45 10 d8fc7000
d63466d1 10 d6346000
662ee337 10 662ee000
21835f37 10 21835000
f9786c22 10 f9786000
5d6bac97 10 5d6ba000
69f3886e 10 69f38000
a285def8 10 a285d000
bd2f6997 10 bd2f6000
d70de237 10 d70de000
08a52910 10 08a52000
731591c1 10 73159000
10e9b6b7 10 10e9b000
eb91a697 10 eb91a000
0c54ee97 10 0c54e000
e8d38897 10 e8d38000
569cd7b7 10 569cd000
1bf66a17 10 1bf66000
f2835488 10 f2835000
5d8625b7 10 5d862000
bd7f3ac4 10 bd7f3000
321c4db9 10 321c4000
fdb64b17 10 fdb64000
bfa31a17 10 bfa31000
f3e727e9 10 f3e72000
3a146311 10 3a146000
ffffff97 10 fffff000
12799b37 10 12799000
b86692b7 10 b8669000
e2bf99b7 10 e2bf9000
aee0ba3b 10 aee0b000
f20f82b7 10 f20f8000
915b5e97 10 915b5000
37a691d3 10 37a69000
000eedfe 10 000ee000
1a510117 10 1a510000
d6f5e017 10 d6f5e000
d7a229b7 10 d7a22000
32738137 10 32738000
69009597 10 69009000
09cebdb7 10 09ceb000
110d2797 10 110d2000
ed523d2b 10 ed523000
623c97b7 10 623c9000
7d7b25eb 10 7d7b2000
b9e41a37 10 b9e41000
4f60f172 10 4f60f000
975d4237 10 975d4000
09aa84e9 10 09aa8000
3cac391b 10 3cac3000
7ccb4e54 10 7ccb4000
6e6a0b89 10 6e6a0000
ff99201b 10 ff992000
b4f68437 10 b4f68000
b88f1dc9 10 b88f1000
1de377bf 10 1de37000
0ec1f3f5 10 0ec1f000
2b12d1fb 10 2b12d000
b6d6e704 10 b6d6e000
a8a6bd3a 10 a8a6b000
16ff29b7 10 16ff2000
b95ec82b 10 b95ec000
673f15d5 10 673f1000
7f9d4db7 10 7f9d4000
938c2520 10 938c2000
2a783f31 10 2a783000
1059feb7 10 1059f000
8ffa04f9 10 8ffa0000
aff58956 10 aff58000
0aa32c97 10 0aa32000
95b377e7 10 95b37000
ad5a42b7 10 ad5a4000
ceb52937 10 ceb52000
08f32d05 10 08f32000
cf828817 10 cf828000
84d4c1b7 10 84d4c000
d2eaec23 10 d2eae000
1ac46317 10 1ac46000
68bb0037 10 68bb0000
35faac97 10 35faa000
ff6f67ce 10 ff6f6000
ceefbfe7 10 ceefb000
884d0097 10 884d0000
98d82052 10 98d82000
ce1c5537 10 ce1c5000
5d5ca4c9 10 5d5ca000
275c4c5f 10 275c4000
5c1ffdb7 10 5c1ff000
caed3817 10 caed3000
f207be5f 10 f207b000
3df58c02 10 3df58000
00fcd6a3 10 00fcd000
3b745217 10 3b745000
291fc4b7 10 291fc000
16a45b79 10 16a45000
2aba5348 10 2aba5000
6296f817 10 6296f000
7e38e7a2 10 7e38e000
a94857b7 10 a9485000
3f620e97 10 3f620000
5a5acdfa 10 5a5ac000
c29d6a45 10 c29d6000
a9c556d4 10 a9c55000
2a8abc97 10 2a8ab000
030e7f6b 10 030e7000
171534b1 10 17153000
7c7ecf97 10 7c7ec000
7725ddb7 10 7725d000
76fa6097 10 76fa6000
246502dd 10 24650000
4e972437 10 4e972000
bbda8093 10 bbda8000
fe184b2a 10 fe184000
cd593b97 10 cd593000
bd021962 10 bd021000
7cf71ab7 10 7cf71000
d15baa97 10 d15ba000
b0740e37 10 b0740000
c94c85ca 10 c94c8000
55e20aa5 10 55e20000
c85c0ac3 10 c85c0000
33a8d217 10 33a8d000
bd90a660 10 bd90a000
0ea19ae3 10 0ea19000
4b6dfeb7 10 4b6df000
933974f8 10 93397000
c0946597 10 c0946000
03b5a617 10 03b5a000
90e618e2 10 90e61000
d22e64b9 10 d22e6000
0416eb97 10 0416e000
b115ffdb 10 b115f000
146c7a34 10 146c7000
2a526e17 10 2a526000
ddfa4eb7 10 ddfa4000
77b5c980 10 77b5c000
80000037 10 80000000
36c1c737 10 36c1c000
fbae9897 10 fbae9000
d29c1cb9 10 d29c1000
c934c2c5 10 c934c000
5cd41c97 10 5cd41000
999c0b17 10 999c0000
01f8b437 10 01f8b000
40501f37 10 40501000
926d4137 10 926d4000
7a719a30 10 7a719000
d62d5b97 10 d62d5000
39bee817 10 39bee000
0df69737 10 0df69000
3bbebcc2 10 3bbeb000
7f135802 10 7f135000
a6e64a39 10 a6e64000
55555555 10 55555000
5a574b17 10 5a574000
ba0afadb 10 ba0af000
cd885597 10 cd885000
bf756da9 10 bf756000
ec046337 10 ec046000
3f786297 10 3f786000
0d387fa4 10 0d387000
50c69b6f 10 50c69000
27c0c617 10 27c0c000
efda1b97 10 efda1000
d0bfed37 10 d0bfe000
624d0392 10 624d0000
646f45b7 10 646f4000
51e1c037 10 51e1c000
d70e5570 10 d70e5000
c086129d 10 c0861000
0ec51219 10 0ec51000
f4225617 10 f4225000
2f487f89 10 2f487000
6de82ec2 10 6de82000
168fd3ab 10 168fd000
b0d40963 10 b0d40000
d3637b1b 10 d3637000
ae811617 10 ae811000
e1118cb7 10 e1118000
67f9e634 10 67f9e000
75f42217 10 75f42000
890b9517 10 890b9000
ff3c5b17 10 ff3c5000
6b90fe17 10 6b90f000
8367af8f 10 8367a000
295369a5 10 29536000
45b73337 10 45b73000
9b2305d2 10 9b230000
aacfb037 10 aacfb000
2f326dbb 10 2f326000
a95c2417 10 a95c2000
3393aa97 10 3393a000
e490363b 10 e4903000
1d62c797 10 1d62c000
3bd19316 10 3bd19000
bf25c617 10 bf25c000
8b724337 10 8b724000
74549b86 10 74549000
46dcc967 10 46dcc000
080c98b7 10 080c9000
ba803997 10 ba803000
46561397 10 46561000
19a19b5e 10 19a19000
f67bc837 10 f67bc000
e3d4e5ca 10 e3d4e000
82faf437 10 82faf000
d542c515 10 d542c000
3c651037 10 3c651000
174d7217 10 174d7000
3b16936e 10 3b169000
ccef78af 10 ccef7000
9607f037 10 9607f000
ad9a0137 10 ad9a0000
6d4de337 10 6d4de000
332dc617 10 332dc000
9745ded2 10 9745d000
94238ac8 10 94238000
e5c9dd17 10 e5c9d000
96067d17 10 96067000
3d0b087e 10 3d0b0000
7965cf0e 10 7965c000
f40e918f 10 f40e9000
da8d8782 10 da8d8000
23549497 10 23549000
d2e93cb7 10 d2e93000
41122b97 10 41122000
dbcd1910 10 dbcd1000
baf0a20d 10 baf0a000
6a0b4f97 10 6a0b4000
0c407c17 10 0c407000
96d13239 10 96d13000
b837d097 10 b837d000
77ebb616 10 77ebb000
af9a5937 10 af9a5000
dd6fd097 10 dd6fd000
bb885281 10 bb885000
e0f8c817 10 e0f8c000
a90d1a3c 10 a90d1000
92d90497 10 92d90000
b7e99097 10 b7e99000
54049197 10 54049000
b6b5f237 10 b6b5f000
897eca97 10 897ec000
8b6f4f17 10 8b6f4000
3aa49b37 10 3aa49000
e1f2199e 10 e1f21000
a3045228 10 a3045000
162f6bb7 10 162f6000
35693c4d 10 35693000
2aee4738 10 2aee4000
0b752317 10 0b752000
0e76d3b7 10 0e76d000
189ea404 10 189ea000
9ab50237 10 9ab50000
6671f697 10 6671f000
849e036b 10 849e0000
18b1ddca 10 18b1d000
670f85b7 10 670f8000
69638b37 10 69638000
5b0bc0d5 10 5b0bc000
993087bc 10 99308000
c28523b7 10 c2852000
976ebbb7 10 976eb000
ab3e4b37 10 ab3e4000
346e8cd4 10 346e8000
4b0175b7 10 4b017000
f47578cd 10 f4757000
5652ff5e 10 5652f000
12cc5917 10 12cc5000
61162bbd 10 61162000
64786017 10 64786000
d9a5c497 10 d9a5c000
e7d53197 10 e7d53000
28f7a537 10 28f7a000
e63d129a 10 e63d1000
de0e6297 10 de0e6000
a0f54eb7 10 a0f54000
9448d7b7 10 9448d000
58448494 10 58448000
a4dc9cc0 10 a4dc9000
939b6e17 10 939b6000
d8a43337 10 d8a43000
65d0ca97 10 65d0c000
8dfddc97 10 8dfdd000
41243144 10 41243000
5606f5e3 10 5606f000
69b09497 10 69b09000
16a7ce37 10 16a7c000
f078618d 10 f0786000
c7a06237 10 c7a06000
f6c15d57 10 f6c15000
0aa29b97 10 0aa29000
f6f4ff97 10 f6f4f000
25a18b97 10 25a18000
d1b10fd9 10 d1b10000
290a7317 10 290a7000
a20963bb 10 a2096000
7035ccd8 10 7035c000
b660c5b7 10 b660c000
b5f19a97 10 b5f19000
8a33ef80 10 8a33e000
f841f5ed 10 f841f000
bb9ddb17 10 bb9dd000
4526b323 10 4526b000
710aa3af 10 710aa000
7bc693b7 10 7bc69000
917001b7 10 91700000
d4d6d1b7 10 d4d6d000
1087f4c5 10 1087f000
88e86e17 10 88e86000
f3a45fcd 10 f3a45000
7706beb7 10 7706b000
fcad90cf 10 fcad9000
54becb37 10 54bec000
6069aa5f 10 6069a000
99664304 10 99664000
d6744717 10 d6744000
0ef62f50 10 0ef62000
2dee1b17 10 2dee1000
d1334ee1 10 d1334000
1a5cf637 10 1a5cf000
c7c83c97 10 c7c83000
7dae95ca 10 7dae9000
38e29f37 10 38e29000
8a8b3dc6 10 8a8b3000
f1d17b97 10 f1d17000
9e666027 10 9e666000
56c98698 10 56c98000
4590e1b7 10 4590e000
adcbba0d 10 adcbb000
ff5b5346 10 ff5b5000
0feaa3d7 10 0feaa000
d02fdcb7 10 d02fd000
1f9c6817 10 1f9c6000
c2e80e37 10 c2e80000
e1085767 10 e1085000
a2aab5b7 10 a2aab000
b756ed37 10 b756e000
9393b519 10 9393b000
ee09b58e 10 ee09b000
b6fd9784 10 b6fd9000
d03c825d 10 d03c8000
fff00fff 10 fff00000
fbc1feda 10 fbc1f000
77866bb7 10 77866000
9d313163 10 9d313000
fbae7c17 10 fbae7000
31885db9 10 31885000
1dc5bf37 10 1dc5b000
b34bb237 10 b34bb000
0f17a893 10 0f17a000
2fd42717 10 2fd42000
54680606 10 54680000
0b641b17 10 0b641000
4db86d37 10 4db86000
7a4998b7 10 7a499000
001c2a71 10 001c2000
6198ab2d 10 6198a000
91c2f3b7 10 91c2f000
70e855b7 10 70e85000
cb524674 10 cb524000
9d956618 10 9d956000
88d47bb7 10 88d47000
c60c858f 10 c60c8000
d8513b37 10 d8513000
20641b97 10 20641000
4a2ac417 10 4a2ac000
5f0a82b7 10 5f0a8000
72b60617 10 72b60000
85fd29a6 10 85fd2000
b93ef9af 10 b93ef000
f7f49d17 10 f7f49000
3584e63e 10 3584e000
2e66d817 10 2e66d000
13bc48da 10 13bc4000
f961b81f 10 f961b000
75b625e8 10 75b62000
c1efe537 10 c1efe000
37b9e837 10 37b9e000
8f641537 10 8f641000
5939e337 10 5939e000
7cd97437 10 7cd97000
031ade61 10 031ad000
2405a237 10 2405a000
ce28e154 10 ce28e000
6d756017 10 6d756000
e04c528c 10 e04c5000
5828ee97 10 5828e000
65d5d037 10 65d5d000
e720f62e 10 e720f000
7e5199b7 10 7e519000
3607bd37 10 3607b000
148715fc 10 14871000
11bb4b1e 10 11bb4000
65c5137f 10 65c51000
bd3124b7 10 bd312000
81a9706e 10 81a97000
4deb0737 10 4deb0000
837c6779 10 837c6000
73ef7d17 10 73ef7000
d6822f97 10 d6822000
82b5a8bd 10 82b5a000
559e9bae 10 559e9000
e0cc9cec 10 e0cc9000
7b31bbe8 10 7b31b000
6bf71bd5 10 6bf71000
09cc08bf 10 09cc0000
05978fb7 10 05978000
e387da40 10 e387d000
44123a79 10 44123000
6b0c4f37 10 6b0c4000
b1114f37 10 b1114000
3bce4c37 10 3bce4000
aa0a5dc1 10 aa0a5000
3099e737 10 3099e000
fcc9582f 10 fcc95000
4afa569d 10 4afa5000
aeb5b937 10 aeb5b000
6f2a62b7 10 6f2a6000
7ab26d37 10 7ab26000
3cf44f37 10 3cf44000
aaaaaa97 10 aaaaa000
e42fd43b 10 e42fd000
4a3a57b7 10 4a3a5000
6fa70db1 10 6fa70000
7a47775f 10 7a477000
0120a4fc 10 0120a000
8f46f817 10 8f46f000
37b1e72d 10 37b1e000
00157096 10 00157000
244ef174 10 244ef000
bd897eb1 10 bd897000
f029d5d8 10 f029d000
99e1cbfd 10 99e1c000
f1ed5837 10 f1ed5000
00d29db7 10 00d29000
58fbd037 10 58fbd000
9496e72c 10 9496e000
7a137dc0 10 7a137000
10e62859 10 10e62000
1fe32937 10 1fe32000
d30059b7 10 d3005000
a62387d9 10 a6238000
22dd67f2 10 22dd6000
dc835337 10 dc835000
f8acc135 10 f8acc000
f2227937 10 f2227000
8589a237 10 8589a000
32cc33ab 10 32cc3000
c5270497 10 c5270000
dbe5c217 10 dbe5c000
38220683 10 38220000
ac8b5d97 10 ac8b5000
e8b337e3 10 e8b33000
dd027e56 10 dd027000
95a910b7 10 95a91000
094ad397 10 094ad000
80c819b7 10 80c81000
6bda21c2 10 6bda2000
fafd8afb 10 fafd8000
24f373b7 10 24f37000
f6798ea5 10 f6798000
22ab2a97 10 22ab2000
3f888b97 10 3f888000
8c9b7e8c 10 8c9b7000
8aae1145 10 8aae1000
aaaaaaaa 10 aaaaa000
06782cdf 10 06782000
c879c398 10 c879c000
e9da91a6 10 e9da9000
fcf88197 10 fcf88000
000ff017 10 000ff000
4a1dd817 10 4a1dd000
4907af4d 10 4907a000
7c3964e6 10 7c396000
1fb25cb7 10 1fb25000
edddf997 10 edddf000
4b90f0b0 10 4b90f000
d0141467 10 d0141000
3adf41b7 10 3adf4000
565de097 10 565de000
0b634bb7 10 0b634000
a720ce37 10 a720c000
def913b7 10 def91000
caeae037 10 caeae000
e6014037 10 e6014000
1c755397 10 1c755000
cca09917 10 cca09000
41dfdf60 10 41dfd000
b14e2b97 10 b14e2000
49730597 10 49730000
4f2fff97 10 4f2ff000
cce72a96 10 cce72000
ee7fa6f8 10 ee7fa000
7fffffff 10 7ffff000
41ae8a97 10 41ae8000
0153030a 10 01530000
cffb0b17 10 cffb0000
16485717 10 16485000
8a29ad4c 10 8a29a000
f77fff17 10 f77ff000
ac170c37 10 ac170000
cdc3a1c0 10 cdc3a000
ac29f617 10 ac29f000
f744a253 10 f744a000
b3f0c553 10 b3f0c000
9dec268c 10 9dec2000
a81ca77b 10 a81ca000
3b7d1237 10 3b7d1000
150bf337 10 150bf000
fff00f97 10 fff00000
da99e1f9 10 da99e000
bdd0782e 10 bdd07000
5a3f0846 10 5a3f0000
4f8fa9a9 10 4f8fa000
3a553917 10 3a553000
48c8b297 10 48c8b000
bba43445 10 bba43000
f1a79f70 10 f1a79000
62108a17 10 62108000
f7937fb7 10 f7937000
86bd7f17 10 86bd7000
fb6c08cf 10 fb6c0000
b68d644c 10 b68d6000
472f47f4 10 472f4000
d0c43c97 10 d0c43000
02fbecf3 10 02fbe000
31042197 10 31042000
2653af37 10 2653a000
ed572a17 10 ed572000
130e9da2 10 130e9000
5414675e 10 54146000
4e936e89 10 4e936000
1b9d3def 10 1b9d3000
b65d3829 10 b65d3000
c1520da5 10 c1520000
6fcaeeb7 10 6fcae000
62bdbf44 10 62bdb000
d5b07741 10 d5b07000
5f74c850 10 5f74c000
d1ac5237 10 d1ac5000
812cc3b7 10 812cc000
4ec39737 10 4ec39000
26159f37 10 26159000
6f223137 10 6f223000
3ab8dfb7 10 3ab8d000
755a3ae9 10 755a3000
ef750337 10 ef750000
68638fc4 10 68638000
81df7df4 10 81df7000
69cb193f 10 69cb1000
ef344f0c 10 ef344000
d197d3fb 10 d197d000
6e3bce97 10 6e3bc000
cdd9cf4f 10 cdd9c000
81a8bd4f 10 81a8b000
bff0fe56 10 bff0f000
55555555 10 55555000
d05de1ad 10 d05de000
df941337 10 df941000
bee51173 10 bee51000
16914b84 10 16914000
719d11c9 10 719d1000
346bf67f 10 346bf000
4368457f 10 43684000
039c7737 10 039c7000
67be12b7 10 67be1000
ecdcded6 10 ecdcd000
a5f9fab7 10 a5f9f000
c161c337 10 c161c000
3424e017 10 3424e000
f58d53b7 10 f58d5000
dee43caa 10 dee43000
9f89c3b7 10 9f89c000
e0397bb7 10 e0397000
68b9ce37 10 68b9c000
7649e672 10 7649e000
e5b84d37 10 e5b84000
298c41a4 10 298c4000
5e495a97 10 5e495000
91704d97 10 91704000
e6912697 10 e6912000
c58605ab 10 c5860000
01f15c32 10 01f15000
45715f17 10 45715000
0c20a8b7 10 0c20a000
2c6d2820 10 2c6d2000
aa2fa436 10 aa2fa000
5b49a417 10 5b49a000
4ec70b37 10 4ec70000
f03430b7 10 f0343000
819d8b97 10 819d8000
61c9a437 10 61c9a000
f2eace17 10 f2eac000
9178b663 10 9178b000
0cbac437 10 0cbac000
1355d385 10 1355d000
9385d699 10 9385d000
acedd633 10 acedd000
6dcfa4a6 10 6dcfa000
673de784 10 673de000
c9e55892 10 c9e55000
57c2fb55 10 57c2f000
94af56df 10 94af5000
65e1d297 10 65e1d000
eeed159a 10 eeed1000
a0da5423 10 a0da5000
7bf6da84 10 7bf6d000
952253c5 10 95225000
3af20017 10 3af20000
eec6bc97 10 eec6b000
c326c337 10 c326c000
913b0e97 10 913b0000
5ef68b6e 10 5ef68000
599dd7df 10 599dd000
32f245b7 10 32f24000
f1ee1092 10 f1ee1000
996c8c30 10 996c8000
31bcee17 10 31bce000
e7be7949 10 e7be7000
96941497 10 96941000
ad5c18c5 10 ad5c1000
5fe18bb7 10 5fe18000
04289b97 10 04289000
89488617 10 89488000
06d13197 10 06d13000
ef0eb39e 10 ef0eb000
c8865080 10 c8865000
ac546737 10 ac546000
81ff8e3c 10 81ff8000
fa5ed097 10 fa5ed000
46d42b17 10 46d42000
98723981 10 98723000
64cecd87 10 64cec000
32cf2316 10 32cf2000
b13fabdc 10 b13fa000
74af5443 10 74af5000
f3e77721 10 f3e77000
54257f30 10 54257000
5aa603f0 10 5aa60000
0ef7ae17 10 0ef7a000
92a40140 10 92a40000
eeb41e37 10 eeb41000
2ce62c97 10 2ce62000
818b4e96 10 818b4000
fff00fff 10 fff00000
5c6dbf17 10 5c6db000
fee56f72 10 fee56000
019f3517 10 019f3000
06488917 10 06488000
ffffffb7 10 fffff000
962e1817 10 962e1000
762fbd5a 10 762fb000
c8867417 10 c8867000
455f96b7 10 455f9000
bb1a75b7 10 bb1a7000
97e6d975 10 97e6d000
2ea1f64e 10 2ea1f000
9f574753 10 9f574000
6c6b7ed6 10 6c6b7000
54571197 10 54571000
cb9dc337 10 cb9dc000
06fe1fb7 10 06fe1000
950cba35 10 950cb000
e3783997 10 e3783000
91251437 10 91251000
2e77f897 10 2e77f000
9f9ca021 10 9f9ca000
8f672517 10 8f672000
d61852b7 10 d6185000
b927cdc6 10 b927c000
e45285f5 10 e4528000
8c1e0c37 10 8c1e0000
b19f7cb7 10 b19f7000
35fac68a 10 35fac000
c5df6eb7 10 c5df6000
f092956b 10 f0929000
96c40776 10 96c40000
695e8b19 10 695e8000
9b45f6b7 10 9b45f000
518ad497 10 518ad000
49206523 10 49206000
f69c063c 10 f69c0000
03318117 10 03318000
a5457fb7 10 a5457000
d76f51c8 10 d76f5000
1ec69737 10 1ec69000
9f0c86e6 10 9f0c8000
6be5afda 10 6be5a000
e20d2a97 10 e20d2000
7b5883d0 10 7b588000
185a5130 10 185a5000
bbb63dda 10 bbb63000
ff39d617 10 ff39d000
d377b337 10 d377b000
f5c76e37 10 f5c76000
0e461697 10 0e461000
4db4b63c 10 4db4b000
672c6b37 10 672c6000
96234d97 10 96234000
aaaaaaaa 10 aaaaa000
bbba0dc4 10 bbba0000
816db297 10 816db000
3e598117 10 3e598000
a1ad6397 10 a1ad6000
8e8466b4 10 8e846000
ffe07add 10 ffe07000
956e3797 10 956e3000
bc8df6c8 10 bc8df000
b5334780 10 b5334000
c4000b82 10 c4000000
ab52c6e0 10 ab52c000
8a275062 10 8a275000
9a202e68 10 9a202000
195c4517 10 195c4000
9596e784 10 9596e000
55ce4617 10 55ce4000
79d34673 10 79d34000
b62e3f91 10 b62e3000
e11cc7bd 10 e11cc000
39ae9ba1 10 39ae9000
bbf2fd37 10 bbf2f000
6dde8717 10 6dde8000
14c92893 10 14c92000
7614c797 10 7614c000
00c93fde 10 00c93000
5b78ba37 10 5b78b000
b8038a37 10 b8038000
c0b1a845 10 c0b1a000
59c4b69f 10 59c4b000
a62b10ee 10 a62b1000
1f8b144f 10 1f8b1000
c3e8d5c6 10 c3e8d000
17a1aaef 10 17a1a000
39759db7 10 39759000
6b135c9a 10 6b135000
384fb517 10 384fb000
245ae097 10 245ae000
180fb00f 10 180fb000
031d536e 10 031d5000
5bd6e955 10 5bd6e000
7fffff97 10 7ffff000
b2876305 10 b2876000
a10d8817 10 a10d8000
ff981c17 10 ff981000
f8ec894b 10 f8ec8000
0a4e8dd1 10 0a4e8000
12de9e1c 10 12de9000
4c8784c0 10 4c878000
8d541221 10 8d541000
44cbf19b 10 44cbf000
23b16290 10 23b16000
bd2e5617 10 bd2e5000
63355097 10 63355000
fcdecb66 10 fcdec000
23bed35e 10 23bed000
240216f6 10 24021000
11cf3e97 10 11cf3000
9c5eb237 10 9c5eb000
80355197 10 80355000
c93f3c97 10 c93f3000
5b0c2c97 10 5b0c2000
4676341a 10 46763000
5ac383dc 10 5ac38000
06ab8135 10 06ab8000
51a9833f 10 51a98000
4bf7ea38 10 4bf7e000
f6613037 10 f6613000
0c7532b7 10 0c753000
39c97a80 10 39c97000
75af4353 10 75af4000
91b58273 10 91b58000
a92b8617 10 a92b8000
8501e0b7 10 8501e000
39a94e37 10 39a94000
070b9326 10 070b9000
f30e65b5 10 f30e6000
bca4ea24 10 bca4e000
b98e3487 10 b98e3000
f7d229b1 10 f7d22000
eefbaf84 10 eefba000
9a375bb7 10 9a375000
52f303b7 10 52f30000
864b1571 10 864b1000
e2492074 10 e2492000
379e3cb7 10 379e3000
0bfd9f9f 10 0bfd9000
aaaaaab7 10 aaaaa000
af91a717 10 af91a000
2b9c8a74 10 2b9c8000
61c43e97 10 61c43000
92be2e97 10 92be2000
61cfa6b7 10 61cfa000
2424fd37 10 2424f000
bf84b56d 10 bf84b000
65feb3a7 10 65feb000
cc69ee17 10 cc69e000
f8a931bf 10 f8a93000
afbe923f 10 afbe9000
2fce0917 10 2fce0000
ce5b7c17 10 ce5b7000
738b7906 10 738b7000
99c9f237 10 99c9f000
daeef9a2 10 daeef000
f41c4c85 10 f41c4000
f9d1ed94 10 f9d1e000
0be7d217 10 0be7d000
28c829b7 10 28c82000
e7ebfab7 10 e7ebf000
fc5b6ab7 10 fc5b6000
54578b97 10 54578000
36969b72 10 36969000
7953ddb7 10 7953d000
8b2d8ae8 10 8b2d8000
4da92c3f 10 4da92000
a8f65437 10 a8f65000
adc62194 10 adc62000
c99b76d6 10 c99b7000
6c628ba9 10 6c628000
fff00fb7 10 fff00000
8f1228b7 10 8f122000
81b8422c 10 81b84000
b351b4b7 10 b351b000
e9fd6437 10 e9fd6000
2cd62b53 10 2cd62000
6ece41da 10 6ece4000
ac103ecf 10 ac103000
521d4117 10 521d4000
0d1a4a6c 10 0d1a4000
63a9b817 10 63a9b000
666f20ab 10 666f2000
e0deb637 10 e0deb000
3396c397 10 3396c000
015e9bf3 10 015e9000
80000000 10 80000000
6f4fac41 10 6f4fa000
5303a0b7 10 5303a000
cf8a01e3 10 cf8a0000
f7321ab7 10 f7321000
51080917 10 51080000
352856b3 10 35285000
5890fa10 10 5890f000
cb022797 10 cb022000
ce7ed9d0 10 ce7ed000
cf189e37 10 cf189000
e0a4f227 10 e0a4f000
cfa30d97 10 cfa30000
36843db7 10 36843000
62609d37 10 62609000
a1be4597 10 a1be4000
39c41b10 10 39c41000
a7267db7 10 a7267000
71e506b7 10 71e50000
e408900f 10 e4089000
7c5e2097 10 7c5e2000
05a3456a 10 05a34000
e1de719d 10 e1de7000
ed2270b7 10 ed227000
f7e22837 10 f7e22000
c3903b17 10 c3903000
1ebfd147 10 1ebfd000
027b6437 10 027b6000
8e6c6fb7 10 8e6c6000
8f8c8917 10 8f8c8000
4cb99b19 10 4cb99000
be551215 10 be551000
7fffffb7 10 7ffff000
b3560473 10 b3560000
97994a17 10 97994000
e2f24468 10 e2f24000
af999b16 10 af999000
18f1c3b7 10 18f1c000
ee53889a 10 ee538000
76de5e17 10 76de5000
8ed4c508 10 8ed4c000
c1437537 10 c1437000
c272af04 10 c272a000
a2cb203f 10 a2cb2000
589bb737 10 589bb000
5cf9cd00 10 5cf9c000
60b49514 10 60b49000
17c14cce 10 17c14000
c0d9f979 10 c0d9f000
43fe2a17 10 43fe2000
1be8f0b7 10 1be8f000
89e49516 10 89e49000
8ed44e37 10 8ed44000
bbbe4017 10 bbbe4000
7fbd5d37 10 7fbd5000
6f1f86c6 10 6f1f8000
9ac6c497 10 9ac6c000
bb59d708 10 bb59d000
09f65c5d 10 09f65000
b3a63eb4 10 b3a63000
e6699a97 10 e6699000
35b6c597 10 35b6c000
a8883a17 10 a8883000
633edfe4 10 633ed000
c8756517 10 c8756000
ef1e4d37 10 ef1e4000
2fb45098 10 2fb45000
04f0bf02 10 04f0b000
332c233d 10 332c2000
f20ae312 10 f20ae000
865f45b7 10 865f4000
b09736b7 10 b0973000
04a78217 10 04a78000
f9ee4537 10 f9ee4000
431c44e7 10 431c4000
d91dfe17 10 d91df000
3a32155c 10 3a321000
2c1f2637 10 2c1f2000
64b36437 10 64b36000
3458a9b7 10 3458a000
bba93f5a 10 bba93000
00295344 10 00295000
0112ad24 10 0112a000
14d63917 10 14d63000
7246763b 10 72467000
064bdafc 10 064bd000
3d328cb7 10 3d328000
5f8451b7 10 5f845000
67c88f97 10 67c88000
4a58f797 10 4a58f000
ffffffff 10 fffff000
0ccdac37 10 0ccda000
b75d12cf 10 b75d1000
92f38b17 10 92f38000
2ee77d6b 10 2ee77000
ee8b29b0 10 ee8b2000
9e273cb7 10 9e273000
81950f37 10 81950000
b9c11230 10 b9c11000
d1d23676 10 d1d23000
47d47797 10 47d47000
ebfebcb7 10 ebfeb000
b4e53137 10 b4e53000
c8d52e37 10 c8d52000
6646dc7d 10 6646d000
c882c709 10 c882c000
5881aeb7 10 5881a000
f6fac237 10 f6fac000
6783289b 10 67832000
308b7c17 10 308b7000
58ba0ab7 10 58ba0000
626090b7 10 62609000
13c9fe37 10 13c9f000
b1825b2f 10 b1825000
dadded37 10 dadde000
730ff637 10 730ff000
1e512cb7 10 1e512000
76579417 10 76579000
8e240cb7 10 8e240000
163d7039 10 163d7000
a8700517 10 a8700000
8b665987 10 8b665000
fb093137 10 fb093000
21eb7617 10 21eb7000
95e36037 10 95e36000
58f347b8 10 58f34000
a80691dc 10 a8069000
69777417 10 69777000
a58bc7e8 10 a58bc000
7b8ec9b7 10 7b8ec000
669100d7 10 66910000
a699f221 10 a699f000
0a79b8b7 10 0a79b000
972ddb97 10 972dd000
7701449a 10 77014000
f5d05037 10 f5d05000
9bd1610c 10 9bd16000
20e0e54d 10 20e0e000
72764e17 10 72764000
4db463e4 10 4db46000
9cc7a578 10 9cc7a000
0b4f39b7 10 0b4f3000
4d674037 10 4d674000
cd6322fc 10 cd632000
8f616852 10 8f616000
93d0eaae 10 93d0e000
07e351b7 10 07e35000
58b5faab 10 58b5f000
256fd837 10 256fd000
4a3da097 10 4a3da000
8f0eaf59 10 8f0ea000
9cc2a3c4 10 9cc2a000
56f55f65 10 56f55000
b0e4d091 10 b0e4d000
fbaf5fb7 10 fbaf5000
803ade29 10 803ad000
aa61e917 10 aa61e000
4799a2b7 10 4799a000
20f62437 10 20f62000
f8aee697 10 f8aee000
21b13b57 10 21b13000
dc86f637 10 dc86f000
780bcd37 10 780bc000
34db0417 10 34db0000
4c2fb46d 10 4c2fb000
00021737 10 00021000
80000000 10 80000000
30e38297 10 30e38000
38610cfa 10 38610000
bb81d53b 10 bb81d000
1e1d3037 10 1e1d3000
0b4e45a1 10 0b4e4000
29763d74 10 29763000
00000037 10 00000000
6b352917 10 6b352000
3a34ea3c 10 3a34e000
70579297 10 70579000
1acc3d97 10 1acc3000
dec3d2ff 10 dec3d000
73145097 10 73145000
2fb50f17 10 2fb50000
852a859c 10 852a8000
1e14a3b7 10 1e14a000
6147c737 10 6147c000
72270317 10 72270000
f0c46163 10 f0c46000
4d89f517 10 4d89f000
c1b3e1e1 10 c1b3e000
2525b997 10 2525b000
3b676329 10 3b676000
993c4954 10 993c4000
4cc7e61c 10 4cc7e000
446fabb7 10 446fa000
1f5b3897 10 1f5b3000
07b7cd66 10 07b7c000
d1df5417 10 d1df5000
70826c37 10 70826000
cb655b81 10 cb655000
0d330a84 10 0d330000
6162f00e 10 6162f000
f03a1a37 10 f03a1000
3d584a17 10 3d584000
a23a65b7 10 a23a6000
140779ee 10 14077000
f4ba98d0 10 f4ba9000
6ab45204 10 6ab45000
77322b7b 10 77322000
6cfe2100 10 6cfe2000
e992037f 10 e9920000
4bb38b39 10 4bb38000
da938f17 10 da938000
a8705caf 10 a8705000
884b3b97 10 884b3000
312cd6de 10 312cd000
6c80aeb7 10 6c80a000
c4fb75a3 10 c4fb7000
000ff000 10 000ff000
d081b697 10 d081b000
c2e7a7b7 10 c2e7a000
1395c797 10 1395c000
aa4fceaf 10 aa4fc000
f2b4ef97 10 f2b4e000
d7a5441c 10 d7a54000
a84f8796 10 a84f8000
5176fe17 10 5176f000
f11e66ba 10 f11e6000
2681c417 10 2681c000
58476e95 10 58476000
41589897 10 41589000
1237b637 10 1237b000
c39284b7 10 c3928000
93eb2b17 10 93eb2000
d854d2b7 10 d854d000
d63ceb31 10 d63ce000
0ee49b82 10 0ee49000
5e7f9037 10 5e7f9000
9e10e517 10 9e10e000
871bb807 10 871bb000
7ef2098e 10 7ef20000
3ac3afdc 10 3ac3a000
7748dd4f 10 7748d000
b25f9e17 10 b25f9000
f1b9f897 10 f1b9f000
bb9e2e97 10 bb9e2000
0e9e7bb7 10 0e9e7000
5ccca368 10 5ccca000
304aecaf 10 304ae000
f25445b7 10 f2544000
c6a67637 10 c6a67000
58af7697 10 58af7000
8dcc8c37 10 8dcc8000
11523717 10 11523000
86f26537 10 86f26000
fffa587b 10 fffa5000
34751717 10 34751000
db3e4fa8 10 db3e4000
d98d9a8b 10 d98d9000
347bda79 10 347bd000
2aaf2ea5 10 2aaf2000
5a5ec6f7 10 5a5ec000
4c873017 10 4c873000
1736e743 10 1736e000
0aa8de37 10 0aa8d000
79e27a3b 10 79e27000
44c11417 10 44c11000
a72f3158 10 a72f3000
f94f2fb7 10 f94f2000
e41b2837 10 e41b2000
194878b7 10 19487000
90c18401 10 90c18000
f2e13317 10 f2e13000
634b8a97 10 634b8000
b394ef17 10 b394e000
4118e6b7 10 4118e000
e93346bc 10 e9334000
4e2f9f37 10 4e2f9000
1555da15 10 1555d000
d831c837 10 d831c000
d70aa758 10 d70aa000
5dd37eb7 10 5dd37000
71fe25b7 10 71fe2000
3812e017 10 3812e000
06714559 10 06714000
3eff2737 10 3eff2000
6f5cd8d6 10 6f5cd000
d077c577 10 d077c000
4b214337 10 4b214000
8e7f5584 10 8e7f5000
11df7317 10 11df7000
43479517 10 43479000
2c60dab7 10 2c60d000
30564397 10 30564000
302ff237 10 302ff000
9cbe0c97 10 9cbe0000
bea5cd85 10 bea5c000
23ce560c 10 23ce5000
41cec7d1 10 41cec000
cc3c1004 10 cc3c1000
0c9c7723 10 0c9c7000
79f6c594 10 79f6c000
d47b24b7 10 d47b2000
544f0c37 10 544f0000
51581760 10 51581000
d55834c3 10 d5583000
33978bb1 10 33978000
5ed1cc74 10 5ed1c000
f391b937 10 f391b000
b212c717 10 b212c000
3c538b12 10 3c538000
38efc84c 10 38efc000
68bcfe13 10 68bcf000
28b54917 10 28b54000
412f614f 10 412f6000
09163a44 10 09163000
aad3e196 10 aad3e000
da0ffe5f 10 da0ff000
c6118097 10 c6118000
ea6dba94 10 ea6db000
b7d82b9f 10 b7d82000
2eda11ba 10 2eda1000
43a59699 10 43a59000
93b21a37 10 93b21000
6630a838 10 6630a000
375b8d5c 10 375b8000
c966a556 10 c966a000
20f9e7d1 10 20f9e000
6319d86f 10 6319d000
291ac244 10 291ac000
fb810917 10 fb810000
d9dca0b7 10 d9dca000
215d2017 10 215d2000
fc550d37 10 fc550000
c683a423 10 c683a000
4bdc1f66 10 4bdc1000
8076cda7 10 8076c000
c9e4c201 10 c9e4c000
da5cb5a1 10 da5cb000
47730317 10 47730000
00000017 10 00000000
41d134b6 10 41d13000
593dd5f6 10 593dd000
4aeb3837 10 4aeb3000
a9c0f1ab 10 a9c0f000
15e31997 10 15e31000
d72f88b7 10 d72f8000
01baa0e9 10 01baa000
9c3fbaac 10 9c3fb000
c1db71be 10 c1db7000
35c3d437 10 35c3d000
8e6417fc 10 8e641000
b71c22e3 10 b71c2000
3bbfcbf5 10 3bbfc000
20b8c397 10 20b8c000
b850f68a 10 b850f000
685f784a 10 685f7000
b070da61 10 b070d000
83672e97 10 83672000
6b69b6b7 10 6b69b000
a2270d75 10 a2270000
607b8d04 10 607b8000
a3907d2f 10 a3907000
ddca782a 10 ddca7000
c116b411 10 c116b000
af944237 10 af944000
1f58be97 10 1f58b000
e69a9ab6 10 e69a9000
a2712e69 10 a2712000
20979917 10 20979000
aedc4337 10 aedc4000
e4d7ee5c 10 e4d7e000
5637f458 10 5637f000
76e6afb7 10 76e6a000
10749117 10 10749000
74f361a8 10 74f36000
a5a234c8 10 a5a23000
d9ef53dd 10 d9ef5000
34f5c697 10 34f5c000
36433d97 10 36433000
166f2237 10 166f2000
71752b17 10 71752000
31baf637 10 31baf000
1a42fa3f 10 1a42f000
218c2837 10 218c2000
f8602045 10 f8602000
bdb8d427 10 bdb8d000
ac04ed25 10 ac04e000
4a0adb0d 10 4a0ad000
a53a5db7 10 a53a5000
802f32b7 10 802f3000
97733d68 10 97733000
a5567797 10 a5567000
06f45d97 10 06f45000
91f26937 10 91f26000
96322317 10 96322000
1988e597 10 1988e000
d9c214c5 10 d9c21000
3ff5e6db 10 3ff5e000
6579dbb7 10 6579d000
430a7137 10 430a7000
e2a42ce7 10 e2a42000
c3602178 10 c3602000
126b00b2 10 126b0000
514dae37 10 514da000
36ff9f5e 10 36ff9000
007aa70f 10 007aa000
4ba352a8 10 4ba35000
40b2ea37 10 40b2e000
0d5f3eec 10 0d5f3000
ce7bfbb7 10 ce7bf000
4aeb1f37 10 4aeb1000
b6834d3d 10 b6834000
80845754 10 80845000
410662b7 10 41066000
80c0dcb7 10 80c0d000
cf0c1c97 10 cf0c1000
d6a0a625 10 d6a0a000
338d026c 10 338d0000
7dd33be1 10 7dd33000
6b144548 10 6b144000
9483ad37 10 9483a000
ff29d0ce 10 ff29d000
c696faf2 10 c696f000
e09aee17 10 e09ae000
7845cd3c 10 7845c000
f894b337 10 f894b000
5aefba17 10 5aefb000
5c673669 10 5c673000
3b9617a6 10 3b961000
dc296e17 10 dc296000
dd933b17 10 dd933000
5d220739 10 5d220000
1af68391 10 1af68000
3c8e3417 10 3c8e3000
c89a2bb7 10 c89a2000
6db03637 10 6db03000
c2a711b7 10 c2a71000
63f69417 10 63f69000
c48aba8d 10 c48ab000
206ed117 10 206ed000
b8ecc1a3 10 b8ecc000
aada5b37 10 aada5000
ecfc5bb7 10 ecfc5000
9fcc26ab 10 9fcc2000
56578797 10 56578000
45e47814 10 45e47000
064f929f 10 064f9000
86e7f4b7 10 86e7f000
135177b7 10 13517000
139e94e9 10 139e9000
f2a1f697 10 f2a1f000
af7a51b7 10 af7a5000
d49b0669 10 d49b0000
d9679cf1 10 d9679000
95660b97 10 95660000
da94029a 10 da940000
614f1412 10 614f1000
aa3ab4b7 10 aa3ab000
f74df35d 10 f74df000
aac0215e 10 aac02000
55555537 10 55555000
d7eda217 10 d7eda000
b2691897 10 b2691000
e278a597 10 e278a000
b1f89997 10 b1f89000
96e36b53 10 96e36000
e9e9dfb7 10 e9e9d000
e8f63473 10 e8f63000
457c8497 10 457c8000
baef8cb7 10 baef8000
01b767b7 10 01b76000
4b8d37e6 10 4b8d3000
6beeab2f 10 6beea000
50062bb7 10 50062000
7c6dce37 10 7c6dc000
5db93637 10 5db93000
e2c4f4b7 10 e2c4f000
5d8289b7 10 5d828000
780f873a 10 780f8000
72773537 10 72773000
0dc1cdd2 10 0dc1c000
61240417 10 61240000
c11d1517 10 c11d1000
d5b2d417 10 d5b2d000
b9a6a07f 10 b9a6a000
f5ee0b97 10 f5ee0000
5edde537 10 5edde000
ab2d6d37 10 ab2d6000
e917dcbd 10 e917d000
e7d356b7 10 e7d35000
318f7997 10 318f7000
ebb604bb 10 ebb60000
cdc13f89 10 cdc13000
24ddae97 10 24dda000
d5b80037 10 d5b80000
98e81717 10 98e81000
eef87b73 10 eef87000
3cc1e537 10 3cc1e000
926d1ade 10 926d1000
a1fdd597 10 a1fdd000
85e44f97 10 85e44000
7aaca842 10 7aaca000
7a28f097 10 7a28f000
23e7bc23 10 23e7b000
fb5bd349 10 fb5bd000
7c06aac4 10 7c06a000
8fe02617 10 8fe02000
dbde0e97 10 dbde0000
a69339fd 10 a6933000
bfd072fa 10 bfd07000
73b412b7 10 73b41000
8fbaf278 10 8fbaf000
51aab39b 10 51aab000
4568ec97 10 4568e000
aed34ab7 10 aed34000
e4afb437 10 e4afb000
54ba70b7 10 54ba7000
ada6dc17 10 ada6d000
0900b22c 10 0900b000
966ab630 10 966ab000
55dc8b17 10 55dc8000
f2b99e71 10 f2b99000
91518937 10 91518000
b79e1037 10 b79e1000
7dc11d97 10 7dc11000
41a3a5b7 10 41a3a000
27da81e0 10 27da8000
e58443b7 10 e5844000
c03496d9 10 c0349000
7522acb7 10 7522a000
1b68bb13 10 1b68b000
78302e97 10 78302000
a02bc617 10 a02bc000
7c023797 10 7c023000
cc484549 10 cc484000
12e3f817 10 12e3f000
2b942d97 10 2b942000
bae4d24f 10 bae4d000
1b90abcd 10 1b90a000
f6c8eb17 10 f6c8e000
ff625b7f 10 ff625000
a9b4f5a6 10 a9b4f000
a6231497 10 a6231000
6a4f8ffd 10 6a4f8000
7fbccae3 10 7fbcc000
7332d2dc 10 7332d000
9ea8d10f 10 9ea8d000
4e273fb7 10 4e273000
5c6ccb17 10 5c6cc000
9ff0df97 10 9ff0d000
d3db8248 10 d3db8000
33c37dc2 10 33c37000
82d346b7 10 82d34000
ac14f999 10 ac14f000
a9c08137 10 a9c08000
2cca018c 10 2cca0000
51398220 10 51398000
71101b95 10 71101000
309a0497 10 309a0000
45ffdc97 10 45ffd000
2b86af97 10 2b86a000
2b2a4c18 10 2b2a4000
e4bc5faa 10 e4bc5000
5bc60237 10 5bc60000
2de77617 10 2de77000
45eb1917 10 45eb1000
e9c28749 10 e9c28000
c24c15fe 10 c24c1000
16d7425a 10 16d74000
8c41f2fc 10 8c41f000
a3d83237 10 a3d83000
c62f6937 10 c62f6000
0cef7f2b 10 0cef7000
2a2afb37 10 2a2af000
c2a90b97 10 c2a90000
3bc83037 10 3bc83000
0ce1a197 10 0ce1a000
3655a897 10 3655a000
fe47c66d 10 fe47c000
3a2819b7 10 3a281000
ba534b38 10 ba534000
b9757922 10 b9757000
19299c17 10 19299000
2ac26b99 10 2ac26000
c60326f5 10 c6032000
a11e5d17 10 a11e5000
2f05aa17 10 2f05a000
317a1137 10 317a1000
429c6637 10 429c6000
3ee90c17 10 3ee90000
c964f11f 10 c964f000
30e269d7 10 30e26000
55555517 10 55555000
6082e897 10 6082e000
ff6267b7 10 ff626000
ccb7db17 10 ccb7d000
af97ef09 10 af97e000
e01f5497 10 e01f5000
80cdb026 10 80cdb000
288063b7 10 28806000
5f31c637 10 5f31c000
01f94386 10 01f94000
004ae415 10 004ae000
4617d817 10 4617d000
e1824817 10 e1824000
82261d88 10 82261000
b8c6c807 10 b8c6c000
24f03217 10 24f03000
c925b54b 10 c925b000
844a5a97 10 844a5000
ff997e63 10 ff997000
d36b0217 10 d36b0000
bc25fe72 10 bc25f000
675edc37 10 675ed000
a2bb23a3 10 a2bb2000
f46d08fd 10 f46d0000
b51fef7c 10 b51fe000
e6b8b2a4 10 e6b8b000
c2254917 10 c2254000
57585795 10 57585000
6076d517 10 6076d000
f533fcca 10 f533f000
6f28b4b7 10 6f28b000
844efe97 10 844ef000
f704c517 10 f704c000
10088137 10 10088000
a4c2ddfa 10 a4c2d000
7bfe2bed 10 7bfe2000
3271a3b7 10 3271a000
351e1e75 10 351e1000
b741b453 10 b741b000
cd3f9d50 10 cd3f9000
e0255a04 10 e0255000
ffd943bb 10 ffd94000
3baaee76 10 3baae000
76d9fd79 10 76d9f000
c84023be 10 c8402000
68736e11 10 68736000
b1525230 10 b1525000
b481e5b7 10 b481e000
2461c439 10 2461c000
e829db8c 10 e829d000
f7135297 10 f7135000
42631837 10 42631000
46766025 10 46766000
53363272 10 53363000
43c9e93d 10 43c9e000
79f987b7 10 79f98000
a8ed2534 10 a8ed2000
e3307f97 10 e3307000
cb7ad7e0 10 cb7ad000
d6036ab9 10 d6036000
3d105017 10 3d105000
50fbeadc 10 50fbe000
626b2a92 10 626b2000
75c61d37 10 75c61000
6122895a 10 61228000
6e595a97 10 6e595000
4913f217 10 4913f000
b9e13617 10 b9e13000
c9ddda21 10 c9ddd000
26f3de17 10 26f3d000
a37db353 10 a37db000
058e6f97 10 058e6000
6b8e6097 10 6b8e6000
65e78be0 10 65e78000
1c2723ec 10 1c272000
000ff000 10 000ff000
840d46ce 10 840d4000
f89489be 10 f8948000
038d9291 10 038d9000
7f5f5f97 10 7f5f5000
a5ea2035 10 a5ea2000
57f1c306 10 57f1c000
1cf7ccb7 10 1cf7c000
6fc2b920 10 6fc2b000
bfc122cd 10 bfc12000
af973a42 10 af973000
1a149c7a 10 1a149000
83196bb7 10 83196000
d0f35637 10 d0f35000
36b660b7 10 36b66000
5a33565a 10 5a335000
2c5d5c37 10 2c5d5000
af05be32 10 af05b000
625bf711 10 625bf000
a80e7f98 10 a80e7000
ea8d1497 10 ea8d1000
540cdbc5 10 540cd000
f1631e37 10 f1631000
0a478737 10 0a478000
57ea22e3 10 57ea2000
867ed0ab 10 867ed000
a6b59ed7 10 a6b59000
107752e7 10 10775000
6342e2b7 10 6342e000
9337823b 10 93378000
f36150b7 10 f3615000
a034b84e 10 a034b000
c2eeb4c8 10 c2eeb000
0364cacd 10 0364c000
0bc9a3b2 10 0bc9a000
23e9e774 10 23e9e000
07f41537 10 07f41000
4486d9be 10 4486d000
d4814436 10 d4814000
ca99aeb7 10 ca99a000
c2d615c9 10 c2d61000
13eae137 10 13eae000
dc3e0549 10 dc3e0000
1a0d1936 10 1a0d1000
cf2470b7 10 cf247000
0a7ff3e3 10 0a7ff000
eb4b8b17 10 eb4b8000
ff014830 10 ff014000
b5709f97 10 b5709000
7e2c3d17 10 7e2c3000
b6ad0f37 10 b6ad0000
81c8feb7 10 81c8f000
b18901b7 10 b1890000
893fb537 10 893fb000
a0b24a97 10 a0b24000
72bb7968 10 72bb7000
5bee669a 10 5bee6000
d25f95b2 10 d25f9000
d58c3552 10 d58c3000
306460ae 10 30646000
edf7a1a7 10 edf7a000
ab3f0237 10 ab3f0000
0e3797e7 10 0e379000
ed30c4db 10 ed30c000
2a975ab5 10 2a975000
f947db17 10 f947d000
4a5fe217 10 4a5fe000
f288cea5 10 f288c000
cdc21318 10 cdc21000
70a93217 10 70a93000
e9ae5e17 10 e9ae5000
f3e91ee8 10 f3e91000
924c1e97 10 924c1000
ffffffff 10 fffff000
551e7a6b 10 551e7000
b3f87137 10 b3f87000
809999f8 10 80999000
588beadd 10 588be000
b7dcb6d8 10 b7dcb000
a2d93a60 10 a2d93000
c59740d9 10 c5974000
858c1c17 10 858c1000
eda04817 10 eda04000
b9581b72 10 b9581000
d21dcd37 10 d21dc000
8c843e34 10 8c843000
d5b9a917 10 d5b9a000
e9b3ceb7 10 e9b3c000
c5cb6c79 10 c5cb6000
522a05ae 10 522a0000
f9b1ed25 10 f9b1e000
5cb40b37 10 5cb40000
60a9ba17 10 60a9b000
ef236037 10 ef236000
90d5e626 10 90d5e000
dd736a37 10 dd736000
2ee84892 10 2ee84000
71bfa2b7 10 71bfa000
e4800ef9 10 e4800000
ffaae4b7 10 ffaae000
4c59a637 10 4c59a000
6a9ee0fe 10 6a9ee000
80570a97 10 80570000
aa9d6617 10 aa9d6000
3a14c217 10 3a14c000
fb279eec 10 fb279000
b9000fac 10 b9000000
70514d9b 10 70514000
9bcb037f 10 9bcb0000
373c4b97 10 373c4000
8f2d5697 10 8f2d5000
dae32137 10 dae32000
8de69537 10 8de69000
f78073b7 10 f7807000
865b10e9 10 865b1000
000ff037 10 000ff000
3560e017 10 3560e000
9d7c8b17 10 9d7c8000
c450d017 10 c450d000
f52ada17 10 f52ad000
5e2fa543 10 5e2fa000
8078fc48 10 8078f000
1d6aa62b 10 1d6aa000
dd8bcf37 10 dd8bc000
7dca6517 10 7dca6000
d66afb37 10 d66af000
358844b7 10 35884000
bcbd1baa 10 bcbd1000
dbcc2397 10 dbcc2000
d9f9fb23 10 d9f9f000
29273cc4 10 29273000
e9a857ef 10 e9a85000
6363530b 10 63635000
4a107097 10 4a107000
ef37e503 10 ef37e000
0f957d97 10 0f957000
f7e5d117 10 f7e5d000
6df8b0b7 10 6df8b000
239e92df 10 239e9000
4ce7d997 10 4ce7d000
6f803317 10 6f803000
481a3e37 10 481a3000
15bd4597 10 15bd4000
7a681197 10 7a681000
3dcddfb7 10 3dcdd000
1b0ca337 10 1b0ca000
ab2f5fbf 10 ab2f5000
9835e20d 10 9835e000
2daf9737 10 2daf9000
d7385f97 10 d7385000
f357d037 10 f357d000
76d61017 10 76d61000
e08edf60 10 e08ed000
46bd29b4 10 46bd2000
0aab7e40 10 0aab7000
cc100261 10 cc100000
11e9e0b7 10 11e9e000
0bda5bd9 10 0bda5000
e1515ea0 10 e1515000
d1ee31c8 10 d1ee3000
c751e7bf 10 c751e000
b538d068 10 b538d000
b4ba0a37 10 b4ba0000
8440fe37 10 8440f000
5c80298c 10 5c802000
1418a517 10 1418a000
076cc50e 10 076cc000
14da4a37 10 14da4000
07c6433e 10 07c64000
1b2dcae4 10 1b2dc000
2539ef17 10 2539e000
acffbd97 10 acffb000
d5047eb8 10 d5047000
21645a16 10 21645000
cc37daf0 10 cc37d000
f5975f53 10 f5975000
0ae743b7 10 0ae74000
022b0782 10 022b0000
82f9c3b7 10 82f9c000
e5fae397 10 e5fae000
7e65f897 10 7e65f000
94ba6837 10 94ba6000
1bcf2ab7 10 1bcf2000
0a50b1b7 10 0a50b000
40021f30 10 40021000
64a1a6d5 10 64a1a000
91a947b7 10 91a94000
639ddc60 10 639dd000
e49f944c 10 e49f9000
eb415c37 10 eb415000
32ca9095 10 32ca9000
44255d17 10 44255000
f0342577 10 f0342000
0650bcd0 10 0650b000
0ff7ba79 10 0ff7b000
7f92331d 10 7f923000
f2cd00b7 10 f2cd0000
74d044b7 10 74d04000
3b897337 10 3b897000
0db74fb7 10 0db74000
45454e37 10 45454000
7d87ab37 10 7d87a000
ecb5338a 10 ecb53000
e27f6337 10 e27f6000
9805911f 10 98059000
da404237 10 da404000
4ed04cb7 10 4ed04000
8ccdf717 10 8ccdf000
f8a0f402 10 f8a0f000
7f211135 10 7f211000
f2434917 10 f2434000
f95c01b7 10 f95c0000
3a6d7397 10 3a6d7000
fc817e2c 10 fc817000
de194917 10 de194000
9ffeb3b7 10 9ffeb000
74c0b62a 10 74c0b000
d7d5bab7 10 d7d5b000
eaa9de7c 10 eaa9d000
78712e37 10 78712000
5738a837 10 5738a000
1372e617 10 1372e000
24123881 10 24123000
75700a36 10 75700000
41bf0a17 10 41bf0000
142a0a97 10 142a0000
7f2632d8 10 7f263000
16436f37 10 16436000
5816d41d 10 5816d000
aafb8555 10 aafb8000
39face29 10 39fac000
72c92972 10 72c92000
867bcea9 10 867bc000
c2ade91a 10 c2ade000
76019697 10 76019000
de1b5089 10 de1b5000
e3641008 10 e3641000
b215abb7 10 b215a000
a3967a17 10 a3967000
3b3c4217 10 3b3c4000
9d9073b7 10 9d907000
b2883d6a 10 b2883000
6b63e837 10 6b63e000
1131e517 10 1131e000
828c7f33 10 828c7000
a79a0239 10 a79a0000
3ef96737 10 3ef96000
08e19ba8 10 08e19000
07d32517 10 07d32000
b0af1318 10 b0af1000
97202397 10 97202000
79efd602 10 79efd000
2ad61d17 10 2ad61000
3fd6407a 10 3fd64000
696bfb90 10 696bf000
b964a797 10 b964a000
cb85dcb7 10 cb85d000
18948636 10 18948000
c1d09137 10 c1d09000
7170409f 10 71704000
03637999 10 03637000
09a1d817 10 09a1d000
bfa13a97 10 bfa13000
6d6bab17 10 6d6ba000
0cecb696 10 0cecb000
2ad35fb7 10 2ad35000
a1f2e4be 10 a1f2e000
dd89efb7 10 dd89e000
c6f61537 10 c6f61000
45db6faa 10 45db6000
8356fd37 10 8356f000
43b8b846 10 43b8b000
db675237 10 db675000
d25fb2da 10 d25fb000
27ec3cb7 10 27ec3000
3b8abc37 10 3b8ab000
77bb84a7 10 77bb8000
5c3a866b 10 5c3a8000
3c63c01a 10 3c63c000
305d62b7 10 305d6000
a86de669 10 a86de000
3a8b0b93 10 3a8b0000
f4ffee97 10 f4ffe000
23674697 10 23674000
62f02237 10 62f02000
3dfd10b4 10 3dfd1000
9925e41c 10 9925e000
# --- J-type ---
# i_inst i_format | o_immediate
028e43ef 20 000e4028
5ee4b1d2 20 0004b5ee
8e30ab6f 20 fff0a8e2
b2e942ef 20 fff9432e
4948ebf7 20 0008e494
a588be6f 20 fff8b258
aed289ef 20 fff28aec
b072276f 20 fff22b06
8d83c7e2 20 fff3c0d8
1433d2dc 20 0003d942
52b84364 20 00084d2a
bbcd066f 20 fffd03bc
962de96f 20 fffde162
792e61fe 20 000e6792
fcedc567 20 fffdc7ce
789d14ef 20 000d1f88
dc7b9df5 20 fffb9dc6
5f3335fe 20 00033df2
6cf283c7 20 00028ece
b64723ba 20 fff72364
fa378def 20 fff78fa2
6fafe47e 20 000fe6fa
2e90ad9e 20 0000aae8
6b636fad 20 000366b6
c27932ef 20 fff93c26
4c9113ef 20 00011cc8
8722d3e2 20 fff2d072
c726946f 20 fff69472
efb0252c 20 fff02efa
f6c8f2dc 20 fff8f76c
f22b1edd 20 fffb1722
18f5ad84 20 0005a98e
c422af8a 20 fff2a442
4fa9bfb0 20 0009b4fa
58c40486 20 0004058c
5b1af447 20 000afdb0
56cc806f 20 000c856c
1b3f7a6f 20 000f79b2
3b4da06f 20 000da3b4
5904fe1a 20 0004f590
452cc083 20 000cc452
aad321ef 20 fff32aac
2cab889f 20 000b82ca
c517181d 20 fff71c50
a134de59 20 fff4da12
f647ff5d 20 fff7f764
642f45aa 20 000f4642
030f7def 20 000f7030
6c2acf40 20 000ac6c2
824203ef 20 fff20024
9ea880a8 20 fff881ea
69e106ef 20 0001069e
fc3f01d2 20 ffff0fc2
9c2d1211 20 fffd11c2
ea58c30d 20 fff8cea4
8bd70e6f 20 fff708bc
e4268408 20 fff68642
6735d3fc 20 0005de72
aa917304 20 fff17aa8
7ce6226f 20 000627ce
fe64694c 20 fff467e6
3f53e0ef 20 0003ebf4
1cfa27e2 20 000a29ce
85cc886f 20 fffc805c
32d2f58a 20 0002fb2c
f96e2a90 20 fffe2796
8ce1236f 20 fff120ce
8158c106 20 fff8c814
4c6d534b 20 000d54c6
e9cd15ef 20 fffd169c
fd0fed8f 20 ffffe7d0
38fe8e19 20 000e8b8e
d9c8396f 20 fff8359c
cc1fefe2 20 ffffecc0
40127bef 20 00027c00
a0f85021 20 fff85a0e
2912af58 20 0002aa90
2adbed6f 20 000beaac
80ed06c7 20 fffd000e
cb1ebb6f 20 fffebcb0
1cb9fa82 20 0009f9ca
2c9375e8 20 00037ac8
70a0b06f 20 0000b70a
b41bafef 20 fffbab40
7021916d 20 00019702
fe7f6def 20 ffff6fe6
631e65ef 20 000e6e30
d9b754ef 20 fff75d9a
4d45f034 20 0005f4d4
99cae7ef 20 fffae19c
d2ddb64e 20 fffdbd2c
d2da9341 20 fffa9d2c
a6a9adef 20 fff9a26a
d7640154 20 fff40576
af5f0039 20 ffff0af4
21fa6e6f 20 000a6a1e
3c5dd303 20 000ddbc4
97813b6f 20 fff13178
7244af6f 20 0004a724
b8384b6f 20 fff84b82
0a69736f 20 000970a6
38cde750 20 000de38c
0fdc88ef 20 000c88fc
d4c229ef 20 fff2254c
a816c0ef 20 fff6ca80
255f7c3a 20 000f7a54
eeac05ef 20 fffc06ea
bc656bff 20 fff563c6
c291b2aa 20 fff1bc28
334ebbfc 20 000eb334
857d366f 20 fffd3856
92890419 20 fff90128
58fcd385 20 000cdd8e
2d840989 20 000402d8
c3556eef 20 fff56c34
a52616ef 20 fff61252
64a1589c 20 0001564a
e6e2d2ef 20 fff2d66e
4cae6d99 20 000e64ca
b1d58c6f 20 fff58b1c
456c179a 20 000c1456
729e466f 20 000e4f28
2947696f 20 00076294
c9c34795 20 fff3449c
d129be72 20 fff9b512
7bab82ef 20 000b87ba
cfe043ef 20 fff044fe
8fc0e96f 20 fff0e0fc
518b706f 20 000b7518
c0b50a6f 20 fff50c0a
52279c61 20 00079522
5b1b566f 20 000b5db0
0035da78 20 0005d802
40a19c2a 20 0001940a
b9254bef 20 fff54392
27c9c4dd 20 0009c27c
8d66ecae 20 fff6e0d6
e1b121ef 20 fff12e1a
98694cef 20 fff94186
83d605ef 20 fff6083c
c90a3ec4 20 fffa3490
614c8eeb 20 000c8614
09f0c3ef 20 0000c89e
f82bfc6f 20 fffbf782
feb8d67a 20 fff8dfea
89a2c6b9 20 fff2c09a
a592c487 20 fff2ca58
cc0727ef 20 fff724c0
c6b9beef 20 fff9bc6a
005a04a1 20 000a0804
e65437ef 20 fff43e64
9564e003 20 fff4e156
70069a6f 20 00069700
025a6585 20 000a6824
2b9de3f9 20 000deab8
491eec6f 20 000eec90
0508dfef 20 0008d050
4f58311c 20 00083cf4
94b40aef 20 fff4094a
ae8ac48c 20 fffac2e8
cc2a1bef 20 fffa14c2
25f2316f 20 00023a5e
0a18856f 20 000888a0
b14f15ef 20 ffff1314
abf75eef 20 fff75abe
4ecbe16f 20 000be4ec
6f98470a 20 00084ef8
0c8630b3 20 000630c8
16df2db5 20 000f296c
44a10e6f 20 0001044a
54cdb980 20 000db54c
47922352 20 00022c78
4e5db96f 20 000dbce4
c3d30f2d 20 fff30c3c
ba53c750 20 fff3cba4
953fa48d 20 ffffa952
79ae7d9d 20 000e779a
b6a82eef 20 fff8236a
3ca231ef 20 000233ca
5c18dafa 20 0008ddc0
94c17064 20 fff1714c
23a4d653 20 0004d23a
1772faf4 20 0002f976
ef495e43 20 fff956f4
068d7950 20 000d7068
5179fc6f 20 0009fd16
8604d0ef 20 fff4d060
e2811cef 20 fff11628
5547bbf9 20 0007b554
b81f536f 20 ffff5b80
5109356f 20 00093510
769dda48 20 000ddf68
8c58f1ef 20 fff8f8c4
7883c86f 20 0003c788
f65e7aef 20 fffe7f64
9ab0a46f 20 fff0a9aa
2b205eef 20 000052b2
f0236a6f 20 fff36702
3171db6a 20 0001db16
7973742f 20 00037f96
a19afeeb 20 fffafa18
0cfe1eef 20 000e18ce
da9fb605 20 ffffbda8
7429776f 20 00097742
0bd01a6f 20 000018bc
36582bb1 20 00082b64
e4422762 20 fff22644
10fe4aef 20 000e490e
7d88566f 20 000857d8
f462296f 20 fff22746
387eff6f 20 000efb86
664275ef 20 00027664
08f027b7 20 0000288e
265daec3 20 000daa64
6fcb6cef 20 000b66fc
15469841 20 00069154
f2ccc76f 20 fffcc72c
8325c1ef 20 fff5c032
46258454 20 00058462
2e138fb4 20 00038ae0
815c3633 20 fffc3814
2e2bcf6f 20 000bc2e2
1b98329a 20 000839b8
d51b906f 20 fffb9d50
1a2d7bcb 20 000d71a2
08d5bd1d 20 0005b88c
fe1a776f 20 fffa7fe0
e82bc76f 20 fffbc682
1d9de908 20 000de9d8
b48495ef 20 fff49348
2430f26f 20 0000fa42
4bd3476f 20 00034cbc
e8eeb431 20 fffeb68e
edb17a6f 20 fff17eda
375572d3 20 00057b74
278cef61 20 000ce278
d4e1306f 20 fff1354e
6bf752ec 20 00075ebe
d9951ad2 20 fff51d98
946b334c 20 fffb3146
c35edab3 20 fffedc34
01b2016f 20 0002081a
22f1b470 20 0001ba2e
649c1c03 20 000c1e48
162600ef 20 00060162
9a4e1d6c 20 fffe11a4
c19f639e 20 ffff6c18
af037eef 20 fff372f0
cebd0f9c 20 fffd0cea
5a4a846f 20 000a85a4
1c5472d8 20 000479c4
271dc398 20 000dca70
523867ef 20 00086d22
7aecd8ef 20 000cd7ae
11b88541 20 0008891a
ad8f5eef 20 ffff52d8
68285f7e 20 00085682
ae687155 20 fff872e6
e413b92a 20 fff3be40
a443c72d 20 fff3c244
4421556f 20 00015442
8cc3b4ef 20 fff3b0cc
a763b96f 20 fff3b276
8702af54 20 fff2a070
66b9eaef 20 0009ee6a
f94e5b6f 20 fffe5794
863d0693 20 fffd0862
2bc62e34 20 000622bc
430314c2 20 00031430
d5761aef 20 fff61d56
52574a50 20 00074d24
f87e62db 20 fffe6f86
f1599b6f 20 fff99f14
e9c34443 20 fff3469c
21797162 20 00097a16
b262b46f 20 fff2b326
0926f958 20 0006f092
d4cb9a6f 20 fffb954c
d05320b9 20 fff32d04
8000006f 20 fff00000
9ce960ef 20 fff961ce
2f8cffef 20 000cf2f8
f5cc726f 20 fffc775c
23b5728e 20 00057a3a
9953d4ef 20 fff3d994
a0e4e447 20 fff4e20e
9eb01c7e 20 fff019ea
7348fa9f 20 0008f734
414b806f 20 000b8414
d4ca61ef 20 fffa654c
cbd9741a 20 fff97cbc
f805606f 20 fff56780
14824bb3 20 00024148
3f488860 20 000883f4
f1b5b552 20 fff5bf1a
fcf5976f 20 fff59fce
3c40cfef 20 0000c3c4
10906717 20 00006908
5d0f3bef 20 000f35d0
fbbe8d6f 20 fffe8fba
33d305ef 20 00030b3c
0ea0fd6f 20 0000f0ea
6aeed0a4 20 000ed6ae
7c5adb38 20 000adfc4
9bae5926 20 fffe51ba
d3d7f40a 20 fff7fd3c
012d378c 20 000d3012
0e8d7940 20 000d70e8
ad41826f 20 fff182d4
41563bef 20 00063c14
53e303ef 20 0003053e
872f38ef 20 ffff3072
d5d872ef 20 fff87d5c
4826deef 20 0006d482
703cf31c 20 000cff02
29cb95ef 20 000b929c
7ce31e07 20 000317ce
09120f9c 20 00020890
7f9e7e6f 20 000e7ff8
c8dcf56f 20 fffcfc8c
af2e8c6f 20 fffe82f2
e02084ef 20 fff08602
000ff06f 20 000ff000
d7c485c3 20 fff4857c
77610c6f 20 00010776
4247f66f 20 0007f424
e17333e5 20 fff33e16
475b946f 20 000b9c74
b3c0c2ef 20 fff0c33c
a1cea86f 20 fffea21c
bec302ef 20 fff303ec
641221ef 20 00022e40
876d18a7 20 fffd1076
1690b46f 20 0000b968
b380e105 20 fff0e338
073b3181 20 000b3872
330668ef 20 00066330
4b3e7e02 20 000e7cb2
39b588ef 20 00058b9a
d953376f 20 fff33d94
e1fe32a4 20 fffe3e1e
7a52e740 20 0002efa4
4346176f 20 00061434
553f71ab 20 000f7d52
2def30a0 20 000f32de
fff00fef 20 fff00ffe
a036a2ef 20 fff6aa02
395af86f 20 000afb94
2c3bc06f 20 000bcac2
35aa16ef 20 000a135a
3786c834 20 0006c378
f7dbda6f 20 fffbdf7c
89669b6f 20 fff69096
2a838f6f 20 000382a8
34bb64ef 20 000b6b4a
fef3830d 20 fff38fee
dfacbd5e 20 fffcb5fa
6c36b8b6 20 0006bec2
b9e7e0c1 20 fff7e39e
b0307e79 20 fff07b02
13a880ef 20 0008813a
1bf8e06f 20 0008e9be
59cabec9 20 000ab59c
d1584f4e 20 fff84d14
cd2ecdb3 20 fffec4d2
d44e8eef 20 fffe8544
a4383d54 20 fff83a42
00000000 20 00000000
2306d106 20 0006d230
a6106051 20 fff06a60
eb6b9282 20 fffb96b6
4b7c5d4f 20 000c5cb6
96b003f1 20 fff0096a
b98bbfef 20 fffbb398
00258d8d 20 00058002
6350b9d8 20 0000be34
363c6715 20 000c6b62
8e7144ef 20 fff148e6
009638b3 20 00063808
1afc72eb 20 000c79ae
32b906ef 20 00090b2a
eece0714 20 fffe06ec
64595a80 20 00095e44
25d63d86 20 00063a5c
ec4484ef 20 fff486c4
73746b4e 20 00046f36
0cc28113 20 000280cc
b21f556f 20 ffff5b20
8cee8aef 20 fffe80ce
28f73387 20 00073a8e
9c06065c 20 fff601c0
34d59a37 20 00059b4c
f2f9b503 20 fff9bf2e
14d44f6f 20 0004494c
3dd39b6f 20 00039bdc
f55207ef 20 fff20f54
92b68c9d 20 fff6892a
2d5505fd 20 00050ad4
86202fef 20 fff02062
2a77df6f 20 0007daa6
f318caef 20 fff8cf30
c1457a88 20 fff57414
461216ef 20 00021c60
0b384eda 20 000848b2
fb1cb8e5 20 fffcbfb0
fb2d9b93 20 fffd97b2
e2c4c121 20 fff4c62c
01955b8e 20 00055818
3c07d0ef 20 0007d3c0
30d9fcef 20 0009fb0c
f1b40017 20 fff40f1a
ad9b81f6 20 fffb8ad8
58afce89 20 000fc58a
9400e738 20 fff0e140
90f1ac6f 20 fff1a90e
7389bbef 20 0009b738
32876df9 20 00076328
5f523def 20 00023df4
a250206f 20 fff02a24
066567d3 20 00056066
b366556f 20 fff65336
f45ebb92 20 fffebf44
424737a6 20 00073424
daf3b751 20 fff3bdae
7e76416f 20 00064fe6
61c508e3 20 0005061c
f8db622d 20 fffb6f8c
637b30d4 20 000b3e36
a56455ef 20 fff45256
da7f4e54 20 ffff4da6
6819baf9 20 0009be80
da3a666f 20 fffa6da2
3df3deef 20 0003dbde
2fe15295 20 000152fe
5125c4ef 20 0005c512
720f1de6 20 000f1720
a59ced6f 20 fffcea58
862d4b74 20 fffd4062
44a7166f 20 0007144a
d3616bef 20 fff16536
8d30dc62 20 fff0d8d2
2e93876f 20 00038ae8
feb191df 20 fff19fea
efe9fd2c 20 fff9f6fe
3d76fb17 20 0006fbd6
23871106 20 00071238
4db44ea7 20 00044cda
3c2514ef 20 000513c2
3adbd46f 20 000bdbac
131baaef 20 000ba930
fe179aef 20 fff79fe0
f61787ef 20 fff78f60
c76f656f 20 ffff6476
55555555 20 00055d54
e770e26f 20 fff0ee76
601f50ef 20 000f5e00
9a6b61a2 20 fffb61a6
e0f6046f 20 fff60e0e
c31ecb6f 20 fffecc30
0a1871ef 20 000878a0
a09f93ef 20 ffff9a08
deafee09 20 ffffe5ea
0b2d0b6f 20 000d00b2
00b5c36f 20 0005c80a
8d3e8eef 20 fffe88d2
f85dd4ef 20 fffddf84
3ef7a75a 20 0007abee
ebbfcea1 20 ffffceba
e5a132c9 20 fff1365a
1e1b43ef 20 000b49e0
7ee6253f 20 000627ee
6725e819 20 0005e672
5f1df4ef 20 000dfdf0
6da9646f 20 000966da
e164c3ef 20 fff4c616
257418ee 20 00041a56
3471c680 20 0001cb46
62a6456f 20 0006462a
162da76f 20 000da162
99a54cef 20 fff5419a
6476556f 20 00065e46
25abb06f 20 000bb25a
cffcaa19 20 fffcacfe
2dfd96ef 20 000d9ade
35da5956 20 000a5b5c
8940236f 20 fff02094
591703b9 20 00070d90
e607b2ef 20 fff7b660
04dce06f 20 000ce84c
712e3238 20 000e3712
68c45c6e 20 0004568c
fff00fff 20 fff00ffe
6942edef 20 0002e694
6dea7d1d 20 000a76de
55e8feef 20 0008f55e
dfc1bcef 20 fff1b5fc
d25b3d6f 20 fffb3d24
bd4ba930 20 fffba3d4
95b3ad2e 20 fff3a95a
84613eef 20 fff13046
0ac0b4ef 20 0000b0ac
bc0ef0ef 20 fffef3c0
91cd3404 20 fffd311c
f2f355ef 20 fff35f2e
961468a7 20 fff46960
36941410 20 00041b68
1f9644ef 20 000649f8
30fc47ef 20 000c4b0e
4f5d226f 20 000d2cf4
9c94e9ef 20 fff4e9c8
f36a128e 20 fffa1736
3a1304ef 20 00030ba0
6b46a0ef 20 0006a6b4
3ca492ef 20 000493ca
88b3ef6f 20 fff3e88a
ae1c64ef 20 fffc6ae0
0d7a7f6f 20 000a78d6
d0387ede 20 fff87d02
80e4766d 20 fff4700e
2fd3cc87 20 0003cafc
10b2873f 20 0002890a
21bf080b 20 000f0a1a
4a3f12ef 20 000f1ca2
7fffffef 20 000ffffe
d7c319ae 20 fff3157c
5357578d 20 00075d34
0130b437 20 0000b812
22aeed4c 20 000ee22a
0805039a 20 00050080
b87beb6f 20 fffbeb86
06ca7e6f 20 000a706c
fdce8c6f 20 fffe87dc
f85690ef 20 fff69f84
a5d52b2f 20 fff52a5c
bbb8836b 20 fff88bba
6c685ca1 20 000856c6
0dfd776f 20 000d78de
476b9c86 20 000b9476
88be9b6f 20 fffe988a
5a3a380a 20 000a3da2
933f20ef 20 ffff2932
d6d04436 20 fff04d6c
6c5b342e 20 000b3ec4
85e06f67 20 fff0605e
4b29836f 20 000984b2
70e580b4 20 0005870e
c6a6dc6f 20 fff6d46a
48399eef 20 00099c82
3f76916f 20 00069bf6
37b55ce7 20 00055b7a
3d74146f 20 00041bd6
7479d7ef 20 0009df46
53939b3c 20 00039d38
8cef9c76 20 ffff90ce
e0ef7e6f 20 ffff760e
8d99f6ef 20 fff9f8d8
e9372719 20 fff72e92
cf1e696f 20 fffe6cf0
5debbf6f 20 000bb5de
3779b5ef 20 0009bb76
4dac31ef 20 000c34da
298b18bb 20 000b1298
a27f87ef 20 ffff8a26
90f778cd 20 fff7790e
cd867a4c 20 fff674d8
4c00e2ef 20 0000e4c0
2d253cee 20 000532d2
73e67916 20 0006773e
71ecf98a 20 000cf71e
e068feef 20 fff8f606
2b59ab04 20 0009aab4
944ec86f 20 fffec144
c24db56f 20 fffdb424
35cdcf6f 20 000dc35c
5377c61d 20 0007cd36
a08a04fb 20 fffa0208
a0e8ebc1 20 fff8e20e
70b5ee73 20 0005ef0a
4c18bf22 20 0008bcc0
8b1dc86f 20 fffdc8b0
eb3b4eef 20 fffb4eb2
658d6306 20 000d6658
cde7f28b 20 fff7f4de
ab0a5843 20 fffa52b0
db18ebef 20 fff8edb0
356c126f 20 000c1356
23d3d793 20 0003da3c
ae8cdcef 20 fffcd2e8
ba47d96f 20 fff7d3a4
f907ecef 20 fff7e790
ae5f313c 20 ffff3ae4
db22ad6f 20 fff2a5b2
58fc10d3 20 000c1d8e
5dcf9a6f 20 000f95dc
292ff2ef 20 000ff292
54570e38 20 00070d44
ac974ccc 20 fff74ac8
66f4976f 20 00049e6e
013622ef 20 00062812
fee8e56f 20 fff8e7ee
dce1acef 20 fff1a5ce
0560fd41 20 0000f056
7da7f3e5 20 0007f7da
479f17e1 20 000f1c78
77e5e685 20 0005e77e
77986909 20 00086f78
30bf4979 20 000f4b0a
6593116f 20 00031e58
4fc5a46f 20 0005a4fc
2e93c3ef 20 0003cae8
631a8eef 20 000a8e30
a95aa66f 20 fffaaa94
49e36c8c 20 0003649e
5b09f4f6 20 0009f5b0
9f11ce05 20 fff1c9f0
d1b5e40b 20 fff5ed1a
b4ee4def 20 fffe434e
ffffffff 20 fffffffe
6f5103ef 20 00010ef4
8f8f246f 20 ffff20f8
83fb7cef 20 fffb783e
cfa94d0d 20 fff944fa
4b21f86f 20 0001f4b2
376e5bef 20 000e5376
5a8c55ef 20 000c55a8
5d76826f 20 00068dd6
70baccac 20 000acf0a
6929c96f 20 0009c692
2e2b1acd 20 000b12e2
09b7ea34 20 0007e89a
884d61ef 20 fffd6084
2532b8eb 20 0002ba52
6af5206f 20 00052eae
76d89002 20 00089f6c
d3bdac9f 20 fffdad3a
91c09213 20 fff0911c
cee10fe7 20 fff104ee
7b34da69 20 0004dfb2
47b171bb 20 00017c7a
b6beccf2 20 fffecb6a
b12c28e0 20 fffc2312
4af26051 20 00026cae
91e320cd 20 fff3211e
b70db27f 20 fffdb370
0e63d16f 20 0003d0e6
7b6047ef 20 000047b6
20a25c6f 20 0002520a
841f3494 20 ffff3840
e6ed50ef 20 fffd566e
1424747b 20 00047142
466422fd 20 00042466
05ec426f 20 000c405e
85f34eef 20 fff3485e
f56bc788 20 fffbc756
33e3ddef 20 0003d33e
b0e1ad6f 20 fff1a30e
b7a9f32b 20 fff9f37a
6b6456ef 20 000456b6
2bb4a447 20 0004aaba
fefca8aa 20 fffcafee
5e80c2e9 20 0000c5e8
1ecf4915 20 000f41ec
2c7b84ef 20 000b8ac6
8cfeb3ef 20 fffeb8ce
676c1b00 20 000c1676
1f9e1bef 20 000e19f8
13efee6f 20 000fe13e
adfa3684 20 fffa3ade
9f21b3ef 20 fff1b1f2
8fe48860 20 fff480fe
ebd7516f 20 fff75ebc
62635e51 20 00035626
42a87063 20 0008742a
d8d67759 20 fff67d8c
28ef53d3 20 000f528e
42593c99 20 00093c24
0293fb6f 20 0003f828
57dbd160 20 000bdd7c
0dce78b8 20 000e70dc
5d6075ef 20 000075d6
f5c44a71 20 fff4475c
983997ef 20 fff99982
7e8956ef 20 000957e8
1c387f7e 20 000879c2
917bdbef 20 fffbd916
43357b67 20 00057c32
2c2adf37 20 000ad2c2
892b206f 20 fffb2092
9bc14059 20 fff141bc
0eb2ebad 20 0002e8ea
6deeeeef 20 000ee6de
7b422bef 20 000227b4
41c3356f 20 0003341c
461f51ef 20 000f5c60
b0243d27 20 fff43302
72fe70c1 20 000e7f2e
ee7c20ef 20 fffc2ee6
0b20be6f 20 0000b0b2
1cf863fa 20 000869ce
2777a86a 20 0007aa76
2ddb4d6f 20 000b4adc
95ae716f 20 fffe715a
f707876f 20 fff78770
a369aa6f 20 fff9a236
f29c986f 20 fffc9f28
72ef3d98 20 000f372e
22d1b6b0 20 0001ba2c
ee965935 20 fff65ee8
eb46e588 20 fff6e6b4
8db1a76f 20 fff1a8da
0fc2d5ef 20 0002d0fc
b0de8e6f 20 fffe8b0c
bc08a16f 20 fff8a3c0
6b9f89ef 20 000f8eb8
89346655 20 fff46892
2c8dd84d 20 000dd2c8
efee11ef 20 fffe16fe
e31cffef 20 fffcfe30
05f3946f 20 0003985e
fc26df6f 20 fff6d7c2
95c26cf3 20 fff2615c
2e97956f 20 00079ae8
5d0a71c6 20 000a75d0
cc2d0b64 20 fffd04c2
49b327e6 20 00032c9a
4d52c4ef 20 0002ccd4
ee7f226f 20 ffff2ee6
ff031e48 20 fff317f0
1e6394ef 20 000391e6
7d36a7a6 20 0006afd2
66fcc9ae 20 000cce6e
fd45636f 20 fff567d4
51129a7e 20 00029d10
062f29f9 20 000f2062
8d7ce72f 20 fffce8d6
6e6dd476 20 000dd6e6
21214bf7 20 00014212
0ac98e6f 20 000980ac
9f6f94ef 20 ffff91f6
783fa81c 20 000faf82
989d15e1 20 fffd1988
b43a3b6f 20 fffa3b42
8a650733 20 fff500a6
225076c0 20 00007a24
58c7c2fa 20 0007c58c
f8264c38 20 fff64782
77d2fa26 20 0002ff7c
92494cef 20 fff94124
c9830fef 20 fff30498
211fdf6f 20 000fda10
e6ec77c9 20 fffc766e
dcee182a 20 fffe15ce
81414a07 20 fff14014
948a4cef 20 fffa4148
9dcdffcf 20 fffdf1dc
7994376f 20 00043f98
45ef58e3 20 000f545e
e57ebb3f 20 fffebe56
f5867b9e 20 fff67758
9b79c480 20 fff9c9b6
1aaa295b 20 000a21aa
614bb786 20 000bb614
21ca22ef 20 000a221c
d239dac2 20 fff9dd22
c0e5a1ef 20 fff5a40e
975f846f 20 ffff8974
a2e7d66d 20 fff7d22e
477340c4 20 00034c76
58406b18 20 00006584
cce999d8 20 fff994ce
626d786f 20 000d7626
5b42faef 20 0002f5b4
1bab266f 20 000b21ba
5f9076ef 20 00007df8
c326b4ef 20 fff6b432
05055402 20 00055050
18a4f16f 20 0004f18a
21a07f6f 20 0000721a
b23c486f 20 fffc4b22
6dada4c4 20 000da6da
f422de6f 20 fff2d742
d30a3fef 20 fffa3530
3fa80899 20 000803fa
d995838d 20 fff58d98
69f2fc6a 20 0002fe9e
8bc9896f 20 fff980bc
ad09fcef 20 fff9f2d0
f97b15eb 20 fffb1f96
a86bbd67 20 fffbb286
194139ef 20 00013194
0b424e13 20 000240b4
73411def 20 00011734
916bccef 20 fffbc116
5cba206f 20 000a2dca
8dfb496f 20 fffb48de
b74ba8ef 20 fffba374
098f03f3 20 000f0098
cefe1f6f 20 fffe1cee
8efc26b0 20 fffc28ee
c8f75cfb 20 fff75c8e
c58919dd 20 fff91458
1768067e 20 00080176
168fe46f 20 000fe168
d000c76f 20 fff0c500
f7727cb8 20 fff27f76
55a5396f 20 0005355a
b517cd6f 20 fff7cb50
6e98b96f 20 0008bee8
b5e91eef 20 fff9135e
e2b645ae 20 fff64e2a
80000000 20 fff00000
d04e56f4 20 fffe5504
d35e4b6f 20 fffe4d34
04c79aef 20 0007904c
415eeaef 20 000eec14
6505d52b 20 0005d650
cf5e536f 20 fffe5cf4
432cf3ef 20 000cf432
eeb4896f 20 fff48eea
21bc5aef 20 000c5a1a
80740fbf 20 fff40806
e810fea6 20 fff0fe80
a40ef403 20 fffef240
01a98498 20 0009801a
ebe1a5b4 20 fff1a6be
6009d5ac 20 0009d600
6306df6f 20 0006d630
438221dc 20 00022438
ea64a2bb 20 fff4a6a6
aa5caaef 20 fffcaaa4
26a15d6f 20 0001526a
fac0e6ef 20 fff0e7ac
783b446f 20 000b4f82
0d81506f 20 000150d8
80d1c7ef 20 fff1c80c
11f882ef 20 0008891e
852560ef 20 fff56052
d7bc606f 20 fffc6d7a
1e64a6ef 20 0004a1e6
6b1556ef 20 00055eb0
739a5a11 20 000a5f38
75a6846f 20 0006875a
b35759b0 20 fff75b34
b2e3506f 20 fff3532e
5c2ce5da 20 000ce5c2
b33b4785 20 fffb4b32
b6a7426f 20 fff7436a
c3f7166f 20 fff71c3e
3a9e6eef 20 000e6ba8
f712e295 20 fff2ef70
9f469730 20 fff691f4
12fc9788 20 000c992e
01d1716a 20 0001781c
0e677a6f 20 000770e6
9fe3e4ef 20 fff3e1fe
de49666f 20 fff965e4
436482ef 20 00048436
fcc77cfa 20 fff777cc
e076536f 20 fff65e06
f69e5503 20 fffe5f68
84bb9def 20 fffb984a
db0c3907 20 fffc35b0
f0a4bbb2 20 fff4b70a
967d5625 20 fffd5966
0ecc1423 20 000c10ec
bff3e96f 20 fff3ebfe
9e6f1a6f 20 ffff11e6
7050b86f 20 0000bf04
b267a460 20 fff7a326
a1902cef 20 fff02a18
7e4786ef 20 000787e4
ebacdb6f 20 fffcd6ba
34bb9fef 20 000b9b4a
73bf646f 20 000f6f3a
682e1c49 20 000e1682
13fdc711 20 000dc93e
c6db896f 20 fffb8c6c
9d7c3df8 20 fffc39d6
3aff3e67 20 000f3bae
2926fb6f 20 0006f292
3b1b96ef 20 000b9bb0
935665ef 20 fff66934
b8040d6f 20 fff40380
d46e1cef 20 fffe1546
74bb916f 20 000b9f4a
9facbf6f 20 fffcb1fa
be4dbf6f 20 fffdb3e4
d506478e 20 fff64550
fa9bea2a 20 fffbefa8
3d62ce6f 20 0002c3d6
74476cef 20 00076744
aaaaaaef 20 fffaa2aa
e1786c6f 20 fff86e16
617b6a6f 20 000b6e16
19af9fef 20 000f919a
61d2de6f 20 0002de1c
3b09cbef 20 0009c3b0
b3ee26de 20 fffe233e
9028246f 20 fff82102
35b69dd7 20 00069b5a
7180476f 20 00004718
a111a165 20 fff1aa10
e087266f 20 fff72608
ba13f1e4 20 fff3fba0
c8b7c84e 20 fff7cc8a
487075ef 20 00007c86
5c1c86d3 20 000c8dc0
320935ef 20 00093320
599e85ef 20 000e8d98
569d92ef 20 000d9d68
926b03ef 20 fffb0126
8975cb6f 20 fff5c896
e46ad0a7 20 fffad646
f94b09ef 20 fffb0794
28f4cf6f 20 0004ca8e
46d7a34c 20 0007ac6c
d60f95fe 20 ffff9560
a8cb886f 20 fffb828c
b21c35ef 20 fffc3b20
3450ceef 20 0000cb44
6b516f6f 20 00016eb4
bc9ed2ef 20 fffedbc8
4f34f36f 20 0004fcf2
e2e9f425 20 fff9f62e
5c95656f 20 00056dc8
80426b6f 20 fff26004
f358026f 20 fff80f34
cfc9f9ef 20 fff9f4fc
10daa46f 20 000aa90c
ab05bffd 20 fff5b2b0
b3a717ef 20 fff7133a
c5323fef 20 fff23c52
f95e756f 20 fffe7f94
26e0d8ef 20 0000d26e
00eca16f 20 000ca00e
863ad6ef 20 fffad862
65495e96 20 00095654
89a17402 20 fff1709a
02ba27ef 20 000a282a
f02c1d6f 20 fffc1702
65d1992d 20 00019e5c
95d4c46f 20 fff4c95c
0ed0986f 20 000098ec
5cec3212 20 000c35ce
f255b6ef 20 fff5bf24
5a2327ef 20 000325a2
532bff6f 20 000bf532
9dde1b6f 20 fffe19dc
1a48f1ef 20 0008f1a4
612c14f6 20 000c1612
0b4d91ef 20 000d90b4
cf1c2502 20 fffc2cf0
1112a490 20 0002a910
71a2866f 20 0002871a
4977e5ef 20 0007ec96
13ba7017 20 000a793a
118ea86f 20 000ea118
c46b753e 20 fffb7446
813594ef 20 fff59812
f587656f 20 fff76758
ff317ad2 20 fff17ff2
f857def3 20 fff7df84
820707ef 20 fff70020
8aab8def 20 fffb80aa
08bcec4f 20 000ce88a
ef8f8fee 20 ffff86f8
83375652 20 fff75832
b6fc4eef 20 fffc4b6e
ef4a17ef 20 fffa16f4
b8b3233d 20 fff32b8a
e8db9584 20 fffb9e8c
ab6d316f 20 fffd32b6
3eb276ef 20 00027bea
63c21c59 20 0002163c
bdd22bc8 20 fff22bdc
d6681e30 20 fff81566
f12ae9ef 20 fffae712
c4159eef 20 fff59c40
146ff181 20 000ff146
7017a8a3 20 0007af00
70a924dc 20 0009270a
8b285c6f 20 fff850b2
57ceaf83 20 000ea57c
1a30edaa 20 0000e9a2
21bb4de9 20 000b4a1a
7f0b0eef 20 000b07f0
0e2e0e24 20 000e00e2
591e11a0 20 000e1d90
391dc9f1 20 000dcb90
efacc3ef 20 fffcc6fa
5208c616 20 0008c520
db9b153d 20 fffb1db8
5c649f6f 20 000495c6
ba07812f 20 fff783a0
ba2fbcef 20 ffffb3a2
6aec376f 20 000c36ae
813be86f 20 fffbe812
ae7cd553 20 fffcdae6
ca4c1ad0 20 fffc14a4
39a0d96f 20 0000d39a
20fca96f 20 000caa0e
a9eefa03 20 fffef29e
a7e7e674 20 fff7e27e
d543586d 20 fff35554
29419bef 20 00019294
a51fed6b 20 ffffea50
f57828ef 20 fff82f56
1a7e55d0 20 000e59a6
474543ef 20 00054474
51a6a66f 20 0006a51a
89004fb4 20 fff04090
84cf5fef 20 ffff504c
53c4dbb5 20 0004d53c
868c9e8c 20 fffc9068
0e39306f 20 000938e2
9c8db6e2 20 fffdb1c8
6bf273ef 20 00027ebe
66a1e26c 20 0001e66a
38f1ab49 20 0001ab8e
3013a5fe 20 0003ab00
559a4fef 20 000a4d58
77a3d606 20 0003d77a
090a9fff 20 000a9090
da622af4 20 fff225a6
979a4bd4 20 fffa4978
9751576f 20 fff15974
f869e0eb 20 fff9e786
228702f0 20 00070228
379821ef 20 00082b78
c6ce2fef 20 fffe246c
91a21e6f 20 fff2111a
029a0026 20 000a0828
f33aa91b 20 fffaaf32
4929d36f 20 0009d492
e1a3acda 20 fff3a61a
fea7714d 20 fff777ea
eb4c53b5 20 fffc56b4
7e03eb0e 20 0003e7e0
75d47f6f 20 00047f5c
8c60c5ef 20 fff0c0c6
db3b0858 20 fffb0db2
cbae138e 20 fffe14ba
0166126f 20 00061016
0eb1499d 20 000148ea
36fd286f 20 000d2b6e
d858514f 20 fff85d84
6a06656f 20 000666a0
47fd208e 20 000d2c7e
c5429cd5 20 fff29454
b84fb4d9 20 ffffb384
7e3bc000 20 000bcfe2
bf5e5b54 20 fffe5bf4
9e5ce6a3 20 fffce9e4
b01647ef 20 fff64b00
6fa4cc21 20 0004c6fa
13e5a3ef 20 0005a13e
c5ea146f 20 fffa145e
1c724195 20 000249c6
b7996c6f 20 fff96b78
94df7e6f 20 ffff794c
3b479780 20 000793b4
2b01cdc5 20 0001c2b0
6217e6db 20 0007ee20
58189def 20 00089d80
5dd9c4ef 20 0009cddc
9c7dcc99 20 fffdc9c6
355f78ef 20 000f7b54
1f8a6eef 20 000a61f8
66b83d37 20 00083e6a
5fc6fcda 20 0006f5fc
51f9d36f 20 0009dd1e
bb7148ef 20 fff14bb6
e5e343e6 20 fff3465e
4e44e76f 20 0004e4e4
75ef3eb4 20 000f375e
5f4503ef 20 000505f4
85cd1211 20 fffd105c
03ff51ef 20 000f583e
5cf80e6f 20 00080dce
115594a9 20 00059914
21e60f86 20 0006021e
181f626f 20 000f6980
8ee0d66f 20 fff0d0ee
e24fdd6f 20 ffffd624
7a9175ef 20 00017fa8
1a8f70c8 20 000f71a8
a4ef4d73 20 ffff424e
25340718 20 00040a52
95e32f37 20 fff3215e
ead75469 20 fff75eac
a39bc9ef 20 fffbca38
ed6ebcc3 20 fffeb6d6
274b93ef 20 000b9274
896f9a96 20 ffff9096
2776226f 20 00062a76
dbaedfef 20 fffed5ba
f7c635a8 20 fff6377c
5e539f6f 20 00039de4
fd69e76f 20 fff9e7d6
1aa58f6f 20 000581aa
42e7a4ab 20 0007a42e
84ef16ef 20 ffff104e
9e02d2e1 20 fff2d1e0
e72501d8 20 fff50672
62f6dfef 20 0006de2e
0085116f 20 00051008
181095ef 20 00009980
3f53d6ef 20 0003dbf4
4d7336ef 20 00033cd6
9dc4e56f 20 fff4e1dc
ad3f8c59 20 ffff8ad2
850d816f 20 fffd8050
d2645c6f 20 fff45526
b1ce1f6f 20 fffe131c
e1287a10 20 fff87612
6faaf9ef 20 000af6fa
05c7956f 20 0007905c
35f8a76f 20 0008ab5e
08c6b462 20 0006b08c
08c5f26f 20 0005f08c
f796aa6f 20 fff6af78
9ad6326f 20 fff639ac
e4df5def 20 ffff5e4c
8a1047b7 20 fff048a0
65fbdc62 20 000bde5e
7e4b0ab2 20 000b07e4
b103c8fe 20 fff3c310
7e76996f 20 00069fe6
585a5eef 20 000a5d84
c58cd96e 20 fffcd458
160e3a6f 20 000e3160
b8f99baa 20 fff99b8e
b1ce5bef 20 fffe531c
c6203210 20 fff03462
41f97c16 20 00097c1e
86b5cbef 20 fff5c86a
d4b665ef 20 fff66d4a
c39c365e 20 fffc3c38
f122f16f 20 fff2f712
bfb889bb 20 fff88bfa
cd620ffe 20 fff204d6
d6212f46 20 fff12562
0f31870a 20 000188f2
7646855c 20 00068764
6fb3496f 20 00034efa
090c0e6f 20 000c0090
1ae73f6f 20 000731ae
ed9b40ef 20 fffb4ed8
f8f9170f 20 fff91f8e
edc575ef 20 fff576dc
9d394022 20 fff949d2
49db5c6f 20 000b5c9c
803cdd89 20 fffcd802
1e4956ef 20 000951e4
bf3596ef 20 fff59bf2
0839c56f 20 0009c882
d3164b6f 20 fff64d30
1044ad4b 20 0004a104
547f926f 20 000f9d46
16bfd0ac 20 000fd96a
d140aeb2 20 fff0a514
0d38247b 20 000828d2
ca89186f 20 fff914a8
794fb86f 20 000fb794
6135d26f 20 0005de12
c173605c 20 fff36c16
556598ef 20 00059556
fef147e9 20 fff14fee
390936bc 20 00093390
7ec70aef 20 000707ec
4d78352d 20 00083cd6
5147cea4 20 0007c514
10b30fbf 20 0003090a
0fb61b2a 20 000618fa
c869a734 20 fff9a486
55346333 20 00046d52
4f314cef 20 00014cf2
699e0988 20 000e0e98
d0ca93ef 20 fffa950c
ae2529af 20 fff522e2
ffffffef 20 fffffffe
804e1087 20 fffe1004
7ead46d9 20 000d47ea
b6eb6945 20 fffb636e
5fff31c2 20 000f3dfe
464b8f6f 20 000b8464
5daa7744 20 000a75da
184ca96f 20 000ca184
5a33e86f 20 0003eda2
5d00176f 20 000015d0
95a3b2ef 20 fff3b15a
50917c6f 20 00017d08
ee4f5e6f 20 ffff56e4
942b21e0 20 fffb2142
25fe5eef 20 000e5a5e
392042ef 20 00004392
d7e2c3ef 20 fff2c57e
3eb952ec 20 00095bea
1252a26f 20 0002a924
4f699e6f 20 000994f6
1a6264bd 20 000261a6
5ec717e4 20 000715ec
1902a20d 20 0002a190
4f35ac7f 20 0005acf2
ab30e0ef 20 fff0eab2
9c1b1f1e 20 fffb19c0
b5bfc76f 20 ffffcb5a
ec1b5cef 20 fffb5ec0
000ff000 20 000ff000
691da6a9 20 000dae90
6c09226f 20 000926c0
a30c866f 20 fffc8230
3059f96f 20 0009fb04
081afaca 20 000af880
ab23e5cb 20 fff3e2b2
8244296f 20 fff42024
2e3bd96f 20 000bdae2
ddf8a46f 20 fff8adde
af18a4c1 20 fff8aaf0
13243eef 20 00043132
a3274c5d 20 fff74232
5c191987 20 00091dc0
aeac6464 20 fffc62ea
72b74283 20 00074f2a
6a09ee6f 20 0009e6a0
45acdf76 20 000cd45a
88adecef 20 fffde08a
13795def 20 00095936
04220835 20 00020042
7a5762c4 20 00076fa4
61c8ae3e 20 0008a61c
00f40765 20 0004080e
ca3f53a9 20 ffff5ca2
41213f6f 20 00013412
db74a9a7 20 fff4adb6
3b6b0e6f 20 000b03b6
08f397ef 20 0003988e
1538b730 20 0008b952
65702bef 20 00002e56
91e5466f 20 fff5411e
8356c6d3 20 fff6c834
4e5ff96e 20 000ffce4
ed48926f 20 fff896d4
5003e86f 20 0003e500
4a9de06f 20 000deca8
c3627cef 20 fff27436
950e9090 20 fffe9150
7970d1ef 20 0000df96
1b2175d8 20 000171b2
fdf8a26f 20 fff8afde
9f14004a 20 fff409f0
c05b866f 20 fffb8c04
b55cdbef 20 fffcdb54
82d0edde 20 fff0e82c
e07f0967 20 ffff0e06
a085f05b 20 fff5f208
816bab6f 20 fffba016
3e64326f 20 000433e6
a045c56f 20 fff5c204
fa4e3a1b 20 fffe37a4
b4ca9b6f 20 fffa934c
2c8d4744 20 000d42c8
d3587f6f 20 fff87d34
c8f42d9b 20 fff42c8e
a823e1ef 20 fff3e282
ceeb6bef 20 fffb64ee
ced1436f 20 fff14cec
3aad134a 20 000d13aa
c95d92a7 20 fffd9c94
d0bbccef 20 fffbcd0a
0feb7432 20 000b70fe
3ffee6ef 20 000eebfe
712ec16f 20 000ec712
6823786f 20 00037682
27ed59a2 20 000d527e
74e8166f 20 0008174e
9d65332b 20 fff531d6
bb541b1a 20 fff41bb4
510731ef 20 00073510
b86fff68 20 fffff386
34726eef 20 00026b46
12c3996f 20 0003912c
5c3298a1 20 00029dc2
881dc4f0 20 fffdc880
2332d0d5 20 0002da32
a44614d1 20 fff61244
3804886f 20 00048380
eda6caea 20 fff6c6da
7434172b 20 00041f42
a874636f 20 fff46a86
ba951276 20 fff51ba8
bb0861ef 20 fff863b0
ae6e4f3a 20 fffe42e6
28b2303b 20 00023a8a
48e409ef 20 0004048e
79098d6f 20 00098790
6d284d6f 20 000846d2
001e1f6f 20 000e1800
525e930b 20 000e9d24
c8977267 20 fff77c88
35485f6f 20 00085354
8a941fca 20 fff418a8
774b393b 20 000b3774
9c07bcef 20 fff7b1c0
3e6d26d0 20 000d23e6
c25e7725 20 fffe7c24
ed7d386f 20 fffd3ed6
4422177d 20 00021442
b61a4aae 20 fffa4b60
7e620161 20 000207e6
e6524e07 20 fff24e64
de7c6444 20 fffc6de6
2966269f 20 00062296
ebcff6ef 20 fffff6bc
1905c2ef 20 0005c190
89c3166f 20 fff3109c
257887ef 20 00088a56
4c0eaaaf 20 000ea4c0
4aa1786f 20 000174aa
b707bfef 20 fff7b370
6219b56f 20 0009be20
d47bc797 20 fffbcd46
093c9e46 20 000c9892
930d66be 20 fffd6130
3c6686ef 20 000683c6
a6f09cef 20 fff09a6e
a1a6a26f 20 fff6a21a
d3e9fc69 20 fff9f53e
32349847 20 00049b22
b2089c9c 20 fff89320
be150a6c 20 fff50be0
0b3d9577 20 000d98b2
4c06376f 20 000634c0
60b0091e 20 00000e0a
86e47cef 20 fff4706e
2979d56f 20 0009da96
4dac4b6f 20 000c44da
955da69d 20 fffda954
7d8283cd 20 000287d8
e3d92c9a 20 fff92e3c
7705116f 20 00051770
ce8c35ef 20 fffc34e8
cb8b72e2 20 fffb74b8
ce775135 20 fff75ce6
0117aedf 20 0007a810
6a01f2ac 20 0001f6a0
adfb6aef 20 fffb6ade
607bf473 20 000bfe06
ca9b5eef 20 fffb5ca8
27bd5c6f 20 000d5a7a
7c18286f 20 00082fc0
f31d9217 20 fffd9f30
5f5091da 20 00009df4
12d52c6f 20 0005292c
b9ec92ef 20 fffc939e
e0b1a0ef 20 fff1ae0a
9f8cc96f 20 fffcc1f8
0009eec7 20 0009e000
d915386f 20 fff53d90
75be4aef 20 000e4f5a
29de3d6f 20 000e3a9c
0c1ee66f 20 000ee8c0
da009e6f 20 fff095a0
a6a855d9 20 fff8526a
25b0c36f 20 0000ca5a
99526cd9 20 fff26994
2401f66f 20 0001f240
3e8d3bf4 20 000d33e8
b9ea97e8 20 fffa939e
b97d6c6f 20 fffd6b96
41ffa36f 20 000fac1e
462e3498 20 000e3462
affc5688 20 fffc5afe
86587b6f 20 fff87864
4bf3bd6f 20 0003bcbe
7131f36f 20 0001ff12
49a0146f 20 0000149a
d29fe96f 20 ffffed28
46f1546f 20 00015c6e
337914ef 20 00091b36
ce2b3eef 20 fffb34e2
443ff0ef 20 000ffc42
2fa46735 20 000462fa
ece598fc 20 fff596ce
576f346f 20 000f3576
d6b0d86f 20 fff0dd6a
5555556f 20 00055d54
c9d05d74 20 fff05c9c
5c83dc6d 20 0003d5c8
78761eef 20 00061f86
090d255f 20 000d2090
ab70316f 20 fff03ab6
eb04d05e 20 fff4d6b0
25867047 20 00067258
0f5f9838 20 000f98f4
343b9693 20 000b9b42
a2ac6c6f 20 fffc622a
821ec183 20 fffec820
49e633b5 20 0006349e
76aeb387 20 000eb76a
b82bb7ef 20 fffbb382
1bf6ab63 20 0006a9be
6978e465 20 0008ee96
5f51884e 20 00018df4
f8d2e26f 20 fff2ef8c
84d7ad8f 20 fff7a84c
8a1de9de 20 fffde8a0
81d468ef 20 fff4681c
8b96dfef 20 fff6d8b8
af1538ec 20 fff53af0
6694d412 20 0004de68
dce8bdef 20 fff8b5ce
651c2c75 20 000c2e50
0c45bc6f 20 0005b0c4
62acd6fe 20 000cd62a
fbc5cab9 20 fff5c7bc
0ceb1f27 20 000b10ce
d1ee1c5f 20 fffe151e
34da0418 20 000a0b4c
8d17e295 20 fff7e8d0
e6437f6f 20 fff37664
c468ed6f 20 fff8e446
5aa6a31f 20 0006a5aa
c4c25b6f 20 fff2544c
dc70586f 20 fff05dc6
078c4d6f 20 000c4078
07f7c47e 20 0007c87e
26998c29 20 00098a68
fd5d00b9 20 fffd0fd4
4913e325 20 0003ec90
fd2525ef 20 fff527d2
174669ef 20 00066174
5af2856f 20 00028dae
da4a0586 20 fffa05a4
375141d2 20 00014b74
6654e6ef 20 0004ee64
372337c0 20 00033372
bc56d21d 20 fff6dbc4
7903f9de 20 0003f790
6cd99361 20 00099ecc
327c4d6f 20 000c4b26
b167d16f 20 fff7d316
97549b6f 20 fff49974
f6c138ef 20 fff1376c
d2c5fcaa 20 fff5f52c
59d4faef 20 0004fd9c
bbbc29ce 20 fffc2bba
8a08ea4a 20 fff8e0a0
fe7ca7ef 20 fffcafe6
6befd8ef 20 000fd6be
3319e5ef 20 0009eb30
e2503bef 20 fff03e24
a9367848 20 fff67a92
065b2d6f 20 000b2864
5dda31a5 20 000a3ddc
dfc2fbba 20 fff2f5fc
f8d8c06f 20 fff8cf8c
0255686f 20 00056824
248f877b 20 000f8248
fcbccf6f 20 fffccfca
88b6f5ac 20 fff6f88a
04a2581c 20 0002504a
5407426f 20 00074540
3739a3ef 20 0009ab72
daac91a0 20 fffc95aa
72b0922a 20 00009f2a
28e3b56f 20 0003b28e
5de2d5a7 20 0002d5de
acfc12f2 20 fffc1ace
97bcdd5b 20 fffcd97a
8466f3ef 20 fff6f046
318238ef 20 00023318
f97881b2 20 fff88f96
5f7d786f 20 000d7df6
06f0666f 20 0000686e
84a8ba6f 20 fff8b04a
684887ef 20 00088684
ae5cf77a 20 fffcfae4
49c92f3c 20 0009249c
0bf999c7 20 000998be
6e30136f 20 00001ee2
7887b9c7 20 0007b788
7abce4ef 20 000cefaa
a862bb81 20 fff2b286
044ce0ef 20 000ce044
2c04fc56 20 0004f2c0
78574388 20 00074f84
d6f114b9 20 fff11d6e
a3c35aef 20 fff3523c
b9b798ef 20 fff79b9a
b827cdef 20 fff7c382
d9ae74fb 20 fffe759a
e3e21cef 20 fff2163e
7d1cabc9 20 000cafd0
eb23f5ef 20 fff3f6b2
ba192fef 20 fff92ba0
72ad2ecb 20 000d272a
eaf6b2ef 20 fff6beae
a0310eef 20 fff10a02
8d853f6f 20 fff530d8
441da16f 20 000dac40
304fd7c9 20 000fd304
dc0a43ef 20 fffa45c0
00c4dc51 20 0004d00c
a269c9ef 20 fff9c226
f1d4ba6f 20 fff4bf1c
a58f44e4 20 ffff4258
3266956f 20 00069326
617574ef 20 00057e16
c6084b6f 20 fff84460
01ac0335 20 000c001a
aa0887ef 20 fff882a0
102969ef 20 00096102
1a84996f 20 000491a8
914e486f 20 fffe4114
a312336f 20 fff23a30
f1e8a16e 20 fff8a71e
76519a6f 20 00019f64
3b3a9ce2 20 000a9bb2
eb12251c 20 fff22eb0
8cbdf9ef 20 fffdf8ca
87d7536e 20 fff7587c
dfb24a16 20 fff24dfa
28db5af5 20 000b5a8c
675cec79 20 000cee74
cdcd56ef 20 fffd54dc
95a89ccc 20 fff8915a
87d2be6f 20 fff2b87c
0bed0eb1 20 000d00be
1aeda492 20 000da1ae
8f6bc68b 20 fffbc0f6
9d474d6f 20 fff741d4
a18b3aef 20 fffb3218
f62b16ef 20 fffb1762
4d8f86ef 20 000f84d8
942c43ef 20 fffc4142
ef7beaef 20 fffbeef6
f947a8ef 20 fff7a794
43db34ef 20 000b3c3c
bd4523d7 20 fff523d4
622c66de 20 000c6622
5b0b016f 20 000b05b0
b17dcf6f 20 fffdcb16
2fc8b86f 20 0008b2fc
c3deb56f 20 fffebc3c
8cbd1aef 20 fffd18ca
f28b74ef 20 fffb7728
ed165875 20 fff65ed0
1411056f 20 00010940
38d21560 20 00021b8c
3548cb6f 20 0008c354
4f589dd2 20 00089cf4
6c6d0f28 20 000d06c6
63e6de48 20 0006d63e
367e606f 20 000e6b66
d57a1511 20 fffa1d56
939543e2 20 fff54938
22be426f 20 000e4a2a
e09dcdf0 20 fffdce08
7e9adc6f 20 000adfe8
b1b1063d 20 fff10b1a
dbe003f1 20 fff005be
0642376f 20 00023064
1c0dc029 20 000dc1c0
756f7e7b 20 000f7756
742ecde7 20 000ec742
e34a1b96 20 fffa1634
ab8a466f 20 fffa42b8
6b0e336f 20 000e36b0
67c1b66f 20 0001b67c
a2761bcd 20 fff61a26
8b345a01 20 fff458b2
268acbff 20 000ac268
e2d5f0e7 20 fff5fe2c
51fadcef 20 000add1e
2ddb6212 20 000b6adc
ad298f8c 20 fff982d2
eb0a276f 20 fffa26b0
c778cde2 20 fff8cc76
355b05f3 20 000b0b54
16d6b16f 20 0006b96c
212d746f 20 000d7212
6538bfef 20 0008be52
42a0ef6f 20 0000e42a
26e2296f 20 0002226e
67a1a46f 20 0001a67a
f326f3ef 20 fff6f732
c357fc9e 20 fff7fc34
a115c56f 20 fff5ca10
f2f157ef 20 fff15f2e
7fdf61ee 20 000f6ffc
1139d76f 20 0009d912
dbff6839 20 ffff6dbe
c37d9b99 20 fffd9c36
617f34ef 20 000f3e16
44755aef 20 00055c46
3f4019b9 20 000013f4
a830912a 20 fff09a82
dd3e876f 20 fffe8dd2
c256adef 20 fff6ac24
77444960 20 00044774
14e3aaef 20 0003a14e
a3e3486f 20 fff3423e
76fe0bef 20 000e0f6e
a8c11c30 20 fff1128c
c1a7add3 20 fff7a41a
2ce38c04 20 000382ce
4826306f 20 00063482
338ad56f 20 000ad338
9d0b26eb 20 fffb21d0
009ce36f 20 000ce808
426b93ef 20 000b9426
94976eef 20 fff76948
56bb426f 20 000b4d6a
7b04fc4d 20 0004f7b0
67dc97a8 20 000c9e7c
6b5d6426 20 000d6eb4
d32fd56f 20 ffffd532
1bbbc76f 20 000bc9ba
274bda6f 20 000bd274
b45dd3fe 20 fffddb44
f69e85ef 20 fffe8f68
1d2ce2ef 20 000ce1d2
eb315785 20 fff15eb2
c274396f 20 fff43c26
a805d899 20 fff5d280
27cbfa9a 20 000bf27c
5fcf126f 20 000f15fc
fd90e4ef 20 fff0efd8
7c1ae3e2 20 000aefc0
c9d2e8c2 20 fff2ec9c
cd86c56f 20 fff6c4d8
2fa607ef 20 000602fa
ad0c3003 20 fffc32d0
90e30e6f 20 fff3010e
e9280556 20 fff80692
f0327053 20 fff27f02
e77d3aef 20 fffd3e76
f388b8ef 20 fff8b738
0325cc5f 20 0005c032
025252a2 20 00025824
27fb4a6f 20 000b4a7e
28f9896f 20 00098a8e
cd629002 20 fff294d6
80d22454 20 fff2280c
594850b0 20 00085594
0d0e0a6f 20 000e00d0
8812b0ef 20 fff2b880
456f22ef 20 000f2456
963beeef 20 fffbe962
eced99ef 20 fffd96ce
1cf4f9d6 20 0004f9ce
e391176f 20 fff11e38
f6de576f 20 fffe5f6c
b3bd106f 20 fffd1b3a
8dea42ef 20 fffa40de
4c72e33f 20 0002ecc6
7870cf08 20 0000cf86
29891da1 20 00091298
680cc787 20 000cc680
ec8d4f6f 20 fffd46c8
df2ee46f 20 fffee5f2
8cbb62f1 20 fffb68ca
3e356ba3 20 00056be2
d9369aef 20 fff69d92
76407f1f 20 00007764
c54d2a0a 20 fffd2454
d0053525 20 fff53500
77138a36 20 00038f70
64e6203e 20 0006264e
aa1ff66b 20 fffffaa0
e25484d1 20 fff48e24
fba688cb 20 fff687ba
267ad90e 20 000ada66
636a82ef 20 000a8636
ae9b60ef 20 fffb6ae8
52f8aaef 20 0008ad2e
5b7c7b68 20 000c7db6
19dad7ef 20 000ad99c
5e25696f 20 000565e2
bb1745ef 20 fff74bb0
d9e31303 20 fff3159e
50f81e15 20 00081d0e
db6c1394 20 fffc15b6
297e2304 20 000e2a96
de3d4f6f 20 fffd4de2
3f782eaa 20 00082bf6
7d54b46f 20 0004bfd4
024d4c6f 20 000d4024
776f0cec 20 000f0776
5d0d05ef 20 000d05d0
165e84ef 20 000e8964
bb6ba1e3 20 fffba3b6
6ad5dbef 20 0005deac
d8e03eef 20 fff0358e
86927bef 20 fff27868
3e0faaef 20 000fa3e0
a991c83c 20 fff1ca98
10426dc5 20 00026104
2d2a396f 20 000a32d2
1035b1ef 20 0005b902
3759b3ef 20 0009bb74
bc56a0b1 20 fff6abc4
3799386f 20 00093b78
aaa6d4ee 20 fff6d2aa
cc929d9c 20 fff29cc8
68b5b304 20 0005be8a
978873ef 20 fff87178
6a00c4ef 20 0000c6a0
6ec682ef 20 000686ec
c4be7bba 20 fffe7c4a
3cadcd6f 20 000dc3ca
3eb559e1 20 00055bea
fd6dc5ef 20 fffdc7d6
ab58494e 20 fff84ab4
fb1b976f 20 fffb9fb0
d95f576f 20 ffff5d94
6876256f 20 00062e86
8c73f45f 20 fff3f8c6
aaaaaaaa 20 fffaa2aa
15f877b9 20 0008795e
85593fef 20 fff93854
458a156f 20 000a1458
b44b5b31 20 fffb5344
ec5a259e 20 fffa2ec4
65daf6ef 20 000afe5c
196ab66f 20 000ab196
6b82def0 20 0002d6b8
7fffffff 20 000ffffe
c6085f6f 20 fff85460
b72d01bf 20 fffd0372
69917180 20 00017e98
b08131ef 20 fff13308
1c7ce546 20 000ce9c6
a5b1e5b0 20 fff1ea5a
e12d816f 20 fffd8612
544cb3fc 20 000cb544
117747ef 20 00074916
c16ba509 20 fffba416
9fdf85a7 20 ffff89fc
1b1cfaef 20 000cf9b0
b4452def 20 fff52344
a7af9c6f 20 ffff927a
bc46a36f 20 fff6a3c4
de911a65 20 fff11de8
f9bd43c4 20 fffd4f9a
9dc9c86f 20 fff9c1dc
3d1445ef 20 00044bd0
a16236dc 20 fff23216
4d918def 20 00018cd8
f98a8a0e 20 fffa8798
26e4b785 20 0004b26e
864cb7ef 20 fffcb064
bd0aeabb 20 fffae3d0
00c4d96f 20 0004d00c
156a955c 20 000a9156
f5df45ef 20 ffff4f5c
22230282 20 00030222
4c59001a 20 00090cc4
bec529ef 20 fff523ec
30fabbda 20 000abb0e
79a8b5fc 20 0008b79a
5f3131e6 20 00013df2
ed7aa459 20 fffaaed6
554e00ef 20 000e0554
f6612fef 20 fff12766
29d29eef 20 00029a9c
9572956f 20 fff29956
c7503d6f 20 fff03c74
25734fef 20 00034a56
d6b2c16f 20 fff2cd6a
ad98cb6f 20 fff8cad8
46ca0e6f 20 000a046c
56c2fa6f 20 0002f56c
7eaffa52 20 000ff7ea
56c008b5 20 0000056c
1484fc6f 20 0004f148
89428cd6 20 fff28094
09bc676f 20 000c689a
5827da31 20 0007d582
c5da6e80 20 fffa6c5c
7cbf59ef 20 000f5fca
0e2ff2b3 20 000ff0e2
134fcd6d 20 000fc134
79084119 20 00084790
a212866f 20 fff28a20
10f0d315 20 0000d90e
a5c3de37 20 fff3d25c
f450e06f 20 fff0ef44
b4090fb2 20 fff90340
c71de20d 20 fffdec70
4cc43d52 20 000434cc
b2729875 20 fff29b26
d15ea048 20 fffead14
ae2cde6f 20 fffcd2e2
1d61d26f 20 0001d1d6
480de46f 20 000de480
d20a40d9 20 fffa4520
38c7a4ef 20 0007a38c
b7e57c25 20 fff5737e
1a99abef 20 0009a9a8
f872f46f 20 fff2ff86
71eed49b 20 000ed71e
b16febef 20 ffffe316
c5a1e31c 20 fff1e45a
af7c30de 20 fffc3af6
2d36ecef 20 0006ead2
800d146f 20 fffd1000
1574b0ef 20 0004b956
5ee984ef 20 000985ee
5762caef 20 0002c576
5a79ffe8 20 0009fda6
12829b6f 20 00029128
c1f4b26f 20 fff4bc1e
80e4886f 20 fff4800e
7624cfef 20 0004c762
dadf4d84 20 ffff4dac
31f2ce6f 20 0002cb1e
cb5b146f 20 fffb1cb4
587bb46f 20 000bbd86
e46dbc6f 20 fffdb646
86f44950 20 fff4486e
bdd2f56f 20 fff2fbdc
b770166f 20 fff01b76
f112e4ef 20 fff2ef10
cac0edef 20 fff0e4ac
df3b687a 20 fffb6df2
58afd390 20 000fd58a
d2fa14ef 20 fffa1d2e
9157745e 20 fff77914
f875006f 20 fff50f86
49ca6aef 20 000a649c
141e44ef 20 000e4940
047c5aef 20 000c5846
e941ff3a 20 fff1f694
7a5b146f 20 000b1fa4
112d03ef 20 000d0112
825373ef 20 fff37824
493de2d4 20 000dec92
8c098eef 20 fff980c0
b3dc68ef 20 fffc6b3c
9fb89fe3 20 fff899fa
d854fbfb 20 fff4fd84
74d3e1a4 20 0003ef4c
ade073fd 20 fff072de
66178bef 20 00078e60
08724c51 20 00024886
3651bc6f 20 0001bb64
9c6f026f 20 ffff01c6
7b4dc76f 20 000dc7b4
d3a877da 20 fff8753a
1a1657b4 20 000659a0
0181fe5d 20 0001f018
e5fa256f 20 fffa2e5e
e837b1ef 20 fff7be82
0c40d6ef 20 0000d0c4
eec2f5ef 20 fff2f6ec
1ff3656f 20 000369fe
9473a81d 20 fff3a946
56231455 20 00031562
7698d5fe 20 0008df68
9956a7ef 20 fff6a994
dc5a71b4 20 fffa7dc4
516470ef 20 00047516
51489930 20 00089514
fda849bf 20 fff847da
a7bd61ef 20 fffd6a7a
6722349d 20 00023672
80acff6f 20 fffcf00a
413219ef 20 00021c12
3940f0ef 20 0000f394
d4982010 20 fff82d48
7a26a813 20 0006a7a2
007b6c6f 20 000b6806
a28ef66f 20 fffef228
aa36b46f 20 fff6baa2
a0db80ef 20 fffb8a0c
4db669ef 20 00066cda
ea9d67d6 20 fffd6ea8
f359cae4 20 fff9cf34
7b527aef 20 00027fb4
6c91c44e 20 0001cec8
13dd8cef 20 000d893c
5f9302ef 20 00030df8
7d349def 20 00049fd2
535f986f 20 000f9d34
0cc2186f 20 000210cc
f91efdef 20 fffeff90
bb8da56f 20 fffda3b8
f836780f 20 fff67f82
d1d5ed4e 20 fff5ed1c
d4713583 20 fff13d46
250718ef 20 00071250
eab1c57b 20 fff1ceaa
4d44fa6f 20 0004f4d4
60069589 20 00069600
ef9624e1 20 fff62ef8
00d12ab0 20 0001280c
43a4bbef 20 0004b43a
9ddad560 20 fffad9dc
1d0d956f 20 000d91d0
5716baef 20 0006bd70
9ee1134b 20 fff111ee
3e831f6f 20 000313e8
bbbdd96f 20 fffddbba
62f8123c 20 00081e2e
00478fef 20 00078004
c1c4c2ef 20 fff4c41c
6ff97def 20 00097efe
57d48969 20 00048d7c
6f8032ef 20 000036f8
b57b5b8d 20 fffb5b56
5faa858f 20 000a85fa
d6edb5a7 20 fffdb56e
70374a6f 20 00074f02
9a1f6eef 20 ffff69a0
e321d4ef 20 fff1d632
b33ab7ef 20 fffabb32
58fe1e6f 20 000e1d8e
248a0bef 20 000a0248
116b00dc 20 000b0116
d90cc8b2 20 fffcc590
73a45275 20 0004573a
4193ba5a 20 0003bc18
c52fc2ef 20 ffffc452
6686376f 20 00063668
e29b9eef 20 fffb9e28
8afb556f 20 fffb58ae
f2d1f2ab 20 fff1ff2c
d7e5aa57 20 fff5a57e
e066b135 20 fff6b606
18639757 20 00039186
440381fc 20 00038440
45bf89bd 20 000f8c5a
3d546907 20 00046bd4
d5bba5a9 20 fffbad5a
2724ec6f 20 0004e272
3e5ef173 20 000efbe4
383a2cde 20 000a2b82
d6168dfc 20 fff68d60
976a466f 20 fffa4176
98ebf96f 20 fffbf18e
1a3c30ae 20 000c39a2
0000006f 20 00000000
e76f7f7f 20 ffff7676
37787a1e 20 00087b76
d9613897 20 fff13596
c4e1f8ef 20 fff1f44e
4a3f37bc 20 000f3ca2
3f722b13 20 00022bf6
40939e31 20 00039c08
a98cd211 20 fffcd298
7ff132ef 20 00013ffe
6c1336cd 20 00033ec0
9d35a1de 20 fff5a9d2
d52769ef 20 fff76552
5301f9ef 20 0001f530
c77dca24 20 fffdcc76
cd324e35 20 fff24cd2
7d917eef 20 00017fd8
86456c20 20 fff56064
2f01366f 20 000132f0
8b30ccef 20 fff0c8b2
53f1c127 20 0001cd3e
9fcb79ef 20 fffb71fc
21e414bf 20 0004121e
b4d95def 20 fff95b4c
af75d1ef 20 fff5daf6
d73055f0 20 fff05d72
84ef717a 20 ffff704e
b8064e6f 20 fff64380
9b9c2e8b 20 fffc29b8
2c0ae184 20 000ae2c0
95d862a5 20 fff8695c
374add6f 20 000ad374
49a78960 20 0007849a
ba44256f 20 fff423a4
e4ca246f 20 fffa264c
248fe76f 20 000fe248
0471a5f6 20 0001a846
92e6756f 20 fff6712e
e5a369ef 20 fff3665a
d05b966f 20 fffb9d04
e70d9311 20 fffd9670
914058ef 20 fff05114
72480b4e 20 00080724
1cf7f5a5 20 0007f9ce
8cae01ef 20 fffe00ca
7cfa1829 20 000a1fce
b040f56f 20 fff0f304
92d004ad 20 fff0092c
948c0f6c 20 fffc0148
4153a561 20 0003ac14
4d5fcda3 20 000fccd4
20f24d66 20 00024a0e
e1d6d955 20 fff6de1c
f78716ef 20 fff71778
dfa11f6f 20 fff115fa
bc2adf6f 20 fffad3c2
522e6c6f 20 000e6522
