# columns, left to right:
#
#   drive these into the design:
#    1  i_rst
#    2  i_rs1_raddr    [4:0]
#    3  i_rs2_raddr    [4:0]
#    4  i_rd_wen
#    5  i_rd_waddr     [4:0]
#    6  i_rd_wdata     [31:0]
#
#   compare these against the design's outputs:
#    7  o_rs1_rdata    [31:0]
#    8  o_rs2_rdata    [31:0]

# --- reset ---
# i_rst i_rs1_raddr i_rs2_raddr i_rd_wen i_rd_waddr i_rd_wdata | o_rs1_rdata
#     o_rs2_rdata
1 00 00 0 00 00000000 00000000 00000000
1 00 00 0 00 00000000 00000000 00000000
# --- read-back after reset ---
# i_rst i_rs1_raddr i_rs2_raddr i_rd_wen i_rd_waddr i_rd_wdata | o_rs1_rdata
#     o_rs2_rdata
0 00 1f 0 00 00000000 00000000 00000000
0 01 1e 0 00 00000000 00000000 00000000
0 02 1d 0 00 00000000 00000000 00000000
0 03 1c 0 00 00000000 00000000 00000000
0 04 1b 0 00 00000000 00000000 00000000
0 05 1a 0 00 00000000 00000000 00000000
0 06 19 0 00 00000000 00000000 00000000
0 07 18 0 00 00000000 00000000 00000000
0 08 17 0 00 00000000 00000000 00000000
0 09 16 0 00 00000000 00000000 00000000
0 0a 15 0 00 00000000 00000000 00000000
0 0b 14 0 00 00000000 00000000 00000000
0 0c 13 0 00 00000000 00000000 00000000
0 0d 12 0 00 00000000 00000000 00000000
0 0e 11 0 00 00000000 00000000 00000000
0 0f 10 0 00 00000000 00000000 00000000
0 10 0f 0 00 00000000 00000000 00000000
0 11 0e 0 00 00000000 00000000 00000000
0 12 0d 0 00 00000000 00000000 00000000
0 13 0c 0 00 00000000 00000000 00000000
0 14 0b 0 00 00000000 00000000 00000000
0 15 0a 0 00 00000000 00000000 00000000
0 16 09 0 00 00000000 00000000 00000000
0 17 08 0 00 00000000 00000000 00000000
0 18 07 0 00 00000000 00000000 00000000
0 19 06 0 00 00000000 00000000 00000000
0 1a 05 0 00 00000000 00000000 00000000
0 1b 04 0 00 00000000 00000000 00000000
0 1c 03 0 00 00000000 00000000 00000000
0 1d 02 0 00 00000000 00000000 00000000
0 1e 01 0 00 00000000 00000000 00000000
0 1f 00 0 00 00000000 00000000 00000000
# --- random traffic, interleaved with full read-backs ---
# i_rst i_rs1_raddr i_rs2_raddr i_rd_wen i_rd_waddr i_rd_wdata | o_rs1_rdata
#     o_rs2_rdata
0 14 14 1 14 c3b46192 c3b46192 c3b46192
0 04 00 0 1d 23cac5ab 00000000 00000000
0 15 14 1 15 aaaaaaaa aaaaaaaa c3b46192
0 14 14 1 0b 169e851f c3b46192 c3b46192
0 1f 0b 0 1e 80000000 00000000 169e851f
0 0b 15 0 13 defb2a3c 169e851f aaaaaaaa
0 14 14 1 14 44f6ea7a 44f6ea7a 44f6ea7a
0 1a 1a 1 1a 00000001 00000001 00000001
0 1d 04 0 1b 3877dc1a 00000000 00000000
0 18 14 0 02 73b9e053 00000000 44f6ea7a
0 06 16 1 13 1636656d 00000000 00000000
0 1c 1b 1 0a c2cc2b42 00000000 00000000
0 0a 0a 0 00 00000000 c2cc2b42 c2cc2b42
0 0a 0e 1 13 9f38e3e1 c2cc2b42 00000000
0 13 0f 1 12 3668340d 9f38e3e1 00000000
0 1e 0a 1 1e f450be3b f450be3b c2cc2b42
0 1e 12 1 10 b0210977 f450be3b 3668340d
0 00 08 0 18 77fd2d0d 00000000 00000000
0 05 15 1 05 bc0a3052 bc0a3052 aaaaaaaa
0 10 1b 0 00 c35a0021 b0210977 00000000
0 1c 1c 1 1c 1373de20 1373de20 1373de20
0 02 02 0 02 1733d550 00000000 00000000
0 02 02 0 00 00000000 00000000 00000000
0 14 00 1 14 052d90e3 052d90e3 00000000
0 10 00 1 01 7928766d b0210977 00000000
0 00 0a 1 15 7fffffff 00000000 c2cc2b42
0 05 06 1 0a 0c7c775a bc0a3052 00000000
0 1c 0e 1 1c d6aaaaba d6aaaaba 00000000
0 0c 0c 1 0c a0bbf3b8 a0bbf3b8 a0bbf3b8
0 00 05 1 0a a9d58e44 00000000 bc0a3052
0 0a 0a 0 00 00000000 a9d58e44 a9d58e44
0 13 03 1 13 e6d09250 e6d09250 00000000
0 0c 00 0 0f cafebabe a0bbf3b8 00000000
0 00 0a 0 18 ba448f80 00000000 a9d58e44
0 12 10 0 16 46592ca0 3668340d b0210977
0 11 00 1 1d f5504f8d 00000000 00000000
0 15 0b 0 15 77fbed62 7fffffff 169e851f
0 1a 04 1 02 701ad332 00000001 00000000
0 10 15 1 13 938be823 b0210977 7fffffff
0 0d 14 0 0c 11f98a72 00000000 052d90e3
0 1a 0f 0 19 393afa55 00000001 00000000
0 10 0b 0 08 ff67beff b0210977 169e851f
0 00 0d 1 00 deadbeef 00000000 00000000
0 0a 1d 1 18 dd26cd4e a9d58e44 f5504f8d
0 0c 0c 1 0c 65b8ea53 65b8ea53 65b8ea53
0 00 0a 1 18 01e1c323 00000000 a9d58e44
0 18 18 0 00 00000000 01e1c323 01e1c323
0 0a 0a 1 0a fb8e11ba fb8e11ba fb8e11ba
0 17 12 1 17 6d0b3a6e 6d0b3a6e 3668340d
0 01 1c 1 14 a17dd3d7 7928766d d6aaaaba
0 10 10 1 10 4e22dbe9 4e22dbe9 4e22dbe9
0 0a 0c 0 17 55555555 fb8e11ba 65b8ea53
0 0a 15 1 0f 79375a47 fb8e11ba 7fffffff
0 0f 0f 0 00 00000000 79375a47 79375a47
0 0b 01 1 0d 382a763a 169e851f 7928766d
0 14 08 1 05 bf4eda0e a17dd3d7 00000000
0 18 18 1 18 85d9833d 85d9833d 85d9833d
0 19 1c 1 11 bd20daa1 00000000 d6aaaaba
0 11 11 0 00 00000000 bd20daa1 bd20daa1
0 00 00 0 00 ab7fffe2 00000000 00000000
0 06 1d 1 06 ac6a939a ac6a939a f5504f8d
0 0e 17 1 0a ffffffff 00000000 6d0b3a6e
0 13 1f 1 1f a1d64e79 938be823 a1d64e79
0 12 0d 0 15 e8135e5d 3668340d 382a763a
0 1c 0e 1 12 55555555 d6aaaaba 00000000
0 06 10 1 17 55555555 ac6a939a 4e22dbe9
0 02 02 1 1c e94d2f92 701ad332 701ad332
0 02 01 1 02 595ad9ac 595ad9ac 7928766d
0 1f 12 1 0a 01a4155e a1d64e79 55555555
0 0a 0a 0 00 00000000 01a4155e 01a4155e
0 0d 02 0 1e 1fbe0132 382a763a 595ad9ac
0 13 1e 0 17 9509be08 938be823 f450be3b
0 1e 00 1 1b 48a5af42 f450be3b 00000000
0 1b 0d 1 00 9001c7bc 48a5af42 382a763a
0 15 15 0 11 b7cc99cf 7fffffff 7fffffff
0 0d 04 0 00 32848ec4 382a763a 00000000
0 0b 0b 1 0b 00000001 00000001 00000001
0 10 0c 1 16 d8621a1b 4e22dbe9 65b8ea53
0 02 02 1 02 2775ac52 2775ac52 2775ac52
0 00 00 1 00 9b0ba0a4 00000000 00000000
0 1b 0f 1 00 e8210aad 48a5af42 79375a47
0 0d 16 0 05 d55fedd4 382a763a d8621a1b
0 15 00 1 1d 562f47ae 7fffffff 00000000
0 1c 1f 1 03 00000001 e94d2f92 a1d64e79
0 00 13 1 10 f9a5b53f 00000000 938be823
0 04 12 1 00 02b4642f 00000000 55555555
0 0f 1f 0 13 80000000 79375a47 a1d64e79
0 14 13 0 07 15617296 a17dd3d7 938be823
0 0c 10 0 0f 113f28f2 65b8ea53 f9a5b53f
0 1f 1f 1 1f 9a4ca316 9a4ca316 9a4ca316
0 02 01 0 16 4436937a 2775ac52 7928766d
0 1d 0b 1 00 64f0888a 562f47ae 00000001
0 17 17 1 17 be5ffba0 be5ffba0 be5ffba0
0 1d 17 1 1a 9166da1a 562f47ae be5ffba0
0 08 0c 1 08 a6ff9130 a6ff9130 65b8ea53
0 08 17 0 00 21b7636f a6ff9130 be5ffba0
0 12 09 1 09 cafebabe 55555555 cafebabe
0 08 0a 0 08 0bdfae88 a6ff9130 01a4155e
0 00 00 1 00 ffffffff 00000000 00000000
0 1e 1a 1 03 40fe4876 f450be3b 9166da1a
0 01 0c 0 0f 4ffca271 7928766d 65b8ea53
0 14 01 1 14 7da17939 7da17939 7928766d
0 1f 12 0 11 81798cd9 9a4ca316 55555555
0 19 19 0 19 68f0894f 00000000 00000000
0 19 19 0 00 00000000 00000000 00000000
0 14 18 1 18 b0444136 7da17939 b0444136
0 17 10 1 17 14fbd176 14fbd176 f9a5b53f
0 0c 19 1 04 ac6a0365 65b8ea53 00000000
0 01 07 0 00 3009c10c 7928766d 00000000
0 19 03 0 15 0000ffff 00000000 40fe4876
0 14 0d 1 15 f7c4016a 7da17939 382a763a
0 15 15 0 00 00000000 f7c4016a f7c4016a
0 11 1d 1 11 00000001 00000001 562f47ae
0 0f 0f 1 0f 2807f391 2807f391 2807f391
0 04 00 1 07 2d416c94 ac6a0365 00000000
0 07 07 0 00 00000000 2d416c94 2d416c94
0 00 05 0 14 992ca321 00000000 bf4eda0e
0 17 07 1 17 55cea14d 55cea14d 2d416c94
0 14 0d 0 10 5c7bc503 7da17939 382a763a
0 14 1c 1 00 00000000 7da17939 e94d2f92
0 03 04 1 1f 93860f6f 40fe4876 ac6a0365
0 1b 09 1 1a aaaaaaaa 48a5af42 cafebabe
0 06 05 0 0e 4097fdba ac6a939a bf4eda0e
0 11 11 1 11 0b4d6312 0b4d6312 0b4d6312
0 1a 12 1 1a 88460cc0 88460cc0 55555555
0 0c 13 1 0c 42b922fd 42b922fd 938be823
0 13 05 1 1a 80d3c4f8 938be823 bf4eda0e
0 1a 1a 0 00 00000000 80d3c4f8 80d3c4f8
0 19 0e 1 19 8b192bb4 8b192bb4 00000000
0 1f 00 0 00 51e9d868 93860f6f 00000000
0 1c 04 1 0e 2a4386c5 e94d2f92 ac6a0365
0 0e 0e 0 00 00000000 2a4386c5 2a4386c5
0 0a 02 0 0e 7935e581 01a4155e 2775ac52
0 0f 14 1 17 6a836971 2807f391 7da17939
0 1e 05 0 04 f665a5c5 f450be3b bf4eda0e
0 00 1b 1 00 5af831ee 00000000 48a5af42
# --- read-back sweep ---
# i_rst i_rs1_raddr i_rs2_raddr i_rd_wen i_rd_waddr i_rd_wdata | o_rs1_rdata
#     o_rs2_rdata
0 00 1f 0 00 00000000 00000000 93860f6f
0 01 1e 0 00 00000000 7928766d f450be3b
0 02 1d 0 00 00000000 2775ac52 562f47ae
0 03 1c 0 00 00000000 40fe4876 e94d2f92
0 04 1b 0 00 00000000 ac6a0365 48a5af42
0 05 1a 0 00 00000000 bf4eda0e 80d3c4f8
0 06 19 0 00 00000000 ac6a939a 8b192bb4
0 07 18 0 00 00000000 2d416c94 b0444136
0 08 17 0 00 00000000 a6ff9130 6a836971
0 09 16 0 00 00000000 cafebabe d8621a1b
0 0a 15 0 00 00000000 01a4155e f7c4016a
0 0b 14 0 00 00000000 00000001 7da17939
0 0c 13 0 00 00000000 42b922fd 938be823
0 0d 12 0 00 00000000 382a763a 55555555
0 0e 11 0 00 00000000 2a4386c5 0b4d6312
0 0f 10 0 00 00000000 2807f391 f9a5b53f
0 10 0f 0 00 00000000 f9a5b53f 2807f391
0 11 0e 0 00 00000000 0b4d6312 2a4386c5
0 12 0d 0 00 00000000 55555555 382a763a
0 13 0c 0 00 00000000 938be823 42b922fd
0 14 0b 0 00 00000000 7da17939 00000001
0 15 0a 0 00 00000000 f7c4016a 01a4155e
0 16 09 0 00 00000000 d8621a1b cafebabe
0 17 08 0 00 00000000 6a836971 a6ff9130
0 18 07 0 00 00000000 b0444136 2d416c94
0 19 06 0 00 00000000 8b192bb4 ac6a939a
0 1a 05 0 00 00000000 80d3c4f8 bf4eda0e
0 1b 04 0 00 00000000 48a5af42 ac6a0365
0 1c 03 0 00 00000000 e94d2f92 40fe4876
0 1d 02 0 00 00000000 562f47ae 2775ac52
0 1e 01 0 00 00000000 f450be3b 7928766d
0 1f 00 0 00 00000000 93860f6f 00000000
0 00 08 1 00 79ab709d 00000000 a6ff9130
0 00 1b 1 1a 6360f5e1 00000000 48a5af42
0 08 08 1 08 a815e83e a815e83e a815e83e
0 15 1d 0 0c 523a4f21 f7c4016a 562f47ae
0 1e 0e 1 1e 7619fb08 7619fb08 2a4386c5
0 0d 1c 1 07 3df7856b 382a763a e94d2f92
0 00 1f 0 06 9817fcc7 00000000 93860f6f
0 0e 08 1 12 9055ae23 2a4386c5 a815e83e
0 01 06 0 04 8e26203f 7928766d ac6a939a
0 11 11 1 11 5599fa7f 5599fa7f 5599fa7f
0 00 0f 1 00 7fffffff 00000000 2807f391
0 04 0c 1 05 8172ee6c ac6a0365 42b922fd
0 1e 13 1 13 4a4f3aed 7619fb08 4a4f3aed
0 00 0b 0 0f 55555555 00000000 00000001
0 11 1f 1 11 681eb8bc 681eb8bc 93860f6f
0 00 00 1 00 41e98113 00000000 00000000
0 0e 0b 0 00 deadbeef 2a4386c5 00000001
0 00 00 1 00 cf2ad944 00000000 00000000
0 0a 0a 1 0a 0000ffff 0000ffff 0000ffff
0 1b 11 0 03 00000000 48a5af42 681eb8bc
# --- read-back sweep ---
# i_rst i_rs1_raddr i_rs2_raddr i_rd_wen i_rd_waddr i_rd_wdata | o_rs1_rdata
#     o_rs2_rdata
0 00 1f 0 00 00000000 00000000 93860f6f
0 01 1e 0 00 00000000 7928766d 7619fb08
0 02 1d 0 00 00000000 2775ac52 562f47ae
0 03 1c 0 00 00000000 40fe4876 e94d2f92
0 04 1b 0 00 00000000 ac6a0365 48a5af42
0 05 1a 0 00 00000000 8172ee6c 6360f5e1
0 06 19 0 00 00000000 ac6a939a 8b192bb4
0 07 18 0 00 00000000 3df7856b b0444136
0 08 17 0 00 00000000 a815e83e 6a836971
0 09 16 0 00 00000000 cafebabe d8621a1b
0 0a 15 0 00 00000000 0000ffff f7c4016a
0 0b 14 0 00 00000000 00000001 7da17939
0 0c 13 0 00 00000000 42b922fd 4a4f3aed
0 0d 12 0 00 00000000 382a763a 9055ae23
0 0e 11 0 00 00000000 2a4386c5 681eb8bc
0 0f 10 0 00 00000000 2807f391 f9a5b53f
0 10 0f 0 00 00000000 f9a5b53f 2807f391
0 11 0e 0 00 00000000 681eb8bc 2a4386c5
0 12 0d 0 00 00000000 9055ae23 382a763a
0 13 0c 0 00 00000000 4a4f3aed 42b922fd
0 14 0b 0 00 00000000 7da17939 00000001
0 15 0a 0 00 00000000 f7c4016a 0000ffff
0 16 09 0 00 00000000 d8621a1b cafebabe
0 17 08 0 00 00000000 6a836971 a815e83e
0 18 07 0 00 00000000 b0444136 3df7856b
0 19 06 0 00 00000000 8b192bb4 ac6a939a
0 1a 05 0 00 00000000 6360f5e1 8172ee6c
0 1b 04 0 00 00000000 48a5af42 ac6a0365
0 1c 03 0 00 00000000 e94d2f92 40fe4876
0 1d 02 0 00 00000000 562f47ae 2775ac52
0 1e 01 0 00 00000000 7619fb08 7928766d
0 1f 00 0 00 00000000 93860f6f 00000000
0 1d 11 1 10 aaaaaaaa 562f47ae 681eb8bc
# --- read-back sweep ---
# i_rst i_rs1_raddr i_rs2_raddr i_rd_wen i_rd_waddr i_rd_wdata | o_rs1_rdata
#     o_rs2_rdata
0 00 1f 0 00 00000000 00000000 93860f6f
0 01 1e 0 00 00000000 7928766d 7619fb08
0 02 1d 0 00 00000000 2775ac52 562f47ae
0 03 1c 0 00 00000000 40fe4876 e94d2f92
0 04 1b 0 00 00000000 ac6a0365 48a5af42
0 05 1a 0 00 00000000 8172ee6c 6360f5e1
0 06 19 0 00 00000000 ac6a939a 8b192bb4
0 07 18 0 00 00000000 3df7856b b0444136
0 08 17 0 00 00000000 a815e83e 6a836971
0 09 16 0 00 00000000 cafebabe d8621a1b
0 0a 15 0 00 00000000 0000ffff f7c4016a
0 0b 14 0 00 00000000 00000001 7da17939
0 0c 13 0 00 00000000 42b922fd 4a4f3aed
0 0d 12 0 00 00000000 382a763a 9055ae23
0 0e 11 0 00 00000000 2a4386c5 681eb8bc
0 0f 10 0 00 00000000 2807f391 aaaaaaaa
0 10 0f 0 00 00000000 aaaaaaaa 2807f391
0 11 0e 0 00 00000000 681eb8bc 2a4386c5
0 12 0d 0 00 00000000 9055ae23 382a763a
0 13 0c 0 00 00000000 4a4f3aed 42b922fd
0 14 0b 0 00 00000000 7da17939 00000001
0 15 0a 0 00 00000000 f7c4016a 0000ffff
0 16 09 0 00 00000000 d8621a1b cafebabe
0 17 08 0 00 00000000 6a836971 a815e83e
0 18 07 0 00 00000000 b0444136 3df7856b
0 19 06 0 00 00000000 8b192bb4 ac6a939a
0 1a 05 0 00 00000000 6360f5e1 8172ee6c
0 1b 04 0 00 00000000 48a5af42 ac6a0365
0 1c 03 0 00 00000000 e94d2f92 40fe4876
0 1d 02 0 00 00000000 562f47ae 2775ac52
0 1e 01 0 00 00000000 7619fb08 7928766d
0 1f 00 0 00 00000000 93860f6f 00000000
0 1a 13 0 11 580a61b2 6360f5e1 4a4f3aed
0 03 08 0 05 2b8a24d5 40fe4876 a815e83e
0 0b 05 0 06 fe26b7cd 00000001 8172ee6c
0 0c 11 1 16 ffffffff 42b922fd 681eb8bc
0 19 02 1 01 463ab204 8b192bb4 2775ac52
0 15 03 1 0f 80000000 f7c4016a 40fe4876
0 0f 00 1 1e 853d0edc 80000000 00000000
0 1a 1a 1 1a dff85c3b dff85c3b dff85c3b
0 0a 0c 1 09 dc88529a 0000ffff 42b922fd
0 0a 08 1 09 f4023f76 0000ffff a815e83e
0 0b 0d 1 0b 50333b73 50333b73 382a763a
0 0d 0d 0 0d fa00cb51 382a763a 382a763a
0 0d 0d 0 00 00000000 382a763a 382a763a
0 06 01 0 14 852db0ca ac6a939a 463ab204
0 0e 15 1 19 2fceb969 2a4386c5 f7c4016a
0 1f 0b 1 01 0ed108ac 93860f6f 50333b73
# --- read-back sweep ---
# i_rst i_rs1_raddr i_rs2_raddr i_rd_wen i_rd_waddr i_rd_wdata | o_rs1_rdata
#     o_rs2_rdata
0 00 1f 0 00 00000000 00000000 93860f6f
0 01 1e 0 00 00000000 0ed108ac 853d0edc
0 02 1d 0 00 00000000 2775ac52 562f47ae
0 03 1c 0 00 00000000 40fe4876 e94d2f92
0 04 1b 0 00 00000000 ac6a0365 48a5af42
0 05 1a 0 00 00000000 8172ee6c dff85c3b
0 06 19 0 00 00000000 ac6a939a 2fceb969
0 07 18 0 00 00000000 3df7856b b0444136
0 08 17 0 00 00000000 a815e83e 6a836971
0 09 16 0 00 00000000 f4023f76 ffffffff
0 0a 15 0 00 00000000 0000ffff f7c4016a
0 0b 14 0 00 00000000 50333b73 7da17939
0 0c 13 0 00 00000000 42b922fd 4a4f3aed
0 0d 12 0 00 00000000 382a763a 9055ae23
0 0e 11 0 00 00000000 2a4386c5 681eb8bc
0 0f 10 0 00 00000000 80000000 aaaaaaaa
0 10 0f 0 00 00000000 aaaaaaaa 80000000
0 11 0e 0 00 00000000 681eb8bc 2a4386c5
0 12 0d 0 00 00000000 9055ae23 382a763a
0 13 0c 0 00 00000000 4a4f3aed 42b922fd
0 14 0b 0 00 00000000 7da17939 50333b73
0 15 0a 0 00 00000000 f7c4016a 0000ffff
0 16 09 0 00 00000000 ffffffff f4023f76
0 17 08 0 00 00000000 6a836971 a815e83e
0 18 07 0 00 00000000 b0444136 3df7856b
0 19 06 0 00 00000000 2fceb969 ac6a939a
0 1a 05 0 00 00000000 dff85c3b 8172ee6c
0 1b 04 0 00 00000000 48a5af42 ac6a0365
0 1c 03 0 00 00000000 e94d2f92 40fe4876
0 1d 02 0 00 00000000 562f47ae 2775ac52
0 1e 01 0 00 00000000 853d0edc 0ed108ac
0 1f 00 0 00 00000000 93860f6f 00000000
0 12 1f 1 0b 81381a13 9055ae23 93860f6f
0 04 03 1 09 39804fac ac6a0365 40fe4876
0 09 09 0 00 00000000 39804fac 39804fac
0 12 1d 0 0e dc85d37c 9055ae23 562f47ae
0 0e 00 1 02 15ebac80 2a4386c5 00000000
0 1b 06 1 1b 8fcf37a8 8fcf37a8 ac6a939a
0 06 06 1 06 3dc90b64 3dc90b64 3dc90b64
0 10 10 1 10 00000001 00000001 00000001
0 13 08 1 13 00000000 00000000 a815e83e
0 18 18 1 18 d99d27cd d99d27cd d99d27cd
0 14 0e 1 0b eac13ec9 7da17939 2a4386c5
0 0f 1b 0 12 11c81238 80000000 8fcf37a8
0 03 1b 1 12 f4ee3864 40fe4876 8fcf37a8
0 17 00 0 04 e65d9e64 6a836971 00000000
0 04 1d 0 00 fc4eec3d ac6a0365 562f47ae
0 00 10 1 1c d45c2bc8 00000000 00000001
0 09 0c 1 0a 7fffffff 39804fac 42b922fd
0 0e 0e 0 10 a3e588b7 2a4386c5 2a4386c5
0 06 10 1 06 257afb84 257afb84 00000001
0 06 00 1 15 ffffffff 257afb84 00000000
0 09 07 1 09 cc8be8cf cc8be8cf 3df7856b
0 1c 07 1 00 6fe94346 d45c2bc8 3df7856b
0 13 13 1 13 f45ec501 f45ec501 f45ec501
0 01 1c 0 19 bca27c47 0ed108ac d45c2bc8
0 13 13 0 13 a2c6d31d f45ec501 f45ec501
0 13 13 0 00 00000000 f45ec501 f45ec501
0 19 13 1 12 65a37265 2fceb969 f45ec501
0 13 14 1 06 1577010a f45ec501 7da17939
0 12 0b 1 12 4eeedd6c 4eeedd6c eac13ec9
0 1b 0e 1 0f ccba4cf8 8fcf37a8 2a4386c5
0 0d 06 1 18 55555555 382a763a 1577010a
0 15 06 1 06 b350d15d ffffffff b350d15d
0 06 06 0 00 00000000 b350d15d b350d15d
0 1f 1f 0 13 5e2d51fe 93860f6f 93860f6f
0 08 1e 1 16 d981eefb a815e83e 853d0edc
0 06 01 1 0b c8153856 b350d15d 0ed108ac
0 03 0c 0 11 7114d974 40fe4876 42b922fd
0 0d 0d 1 0d 9a59c8bf 9a59c8bf 9a59c8bf
0 0d 16 1 18 bba54ff8 9a59c8bf d981eefb
0 00 14 1 13 e321c081 00000000 7da17939
0 1c 16 0 15 7c185c0e d45c2bc8 d981eefb
0 1e 09 1 1e 00000001 00000001 cc8be8cf
0 19 07 0 1f f261bbc4 2fceb969 3df7856b
0 1a 1d 0 01 fe0fefe0 dff85c3b 562f47ae
0 17 00 1 1a 180b8540 6a836971 00000000
0 00 18 1 00 0bc3db79 00000000 bba54ff8
0 0e 15 1 0a 72f77650 2a4386c5 ffffffff
0 0a 0a 0 00 00000000 72f77650 72f77650
0 06 1a 1 1a ecde4add b350d15d ecde4add
0 12 12 0 12 12a87337 4eeedd6c 4eeedd6c
0 12 12 0 00 00000000 4eeedd6c 4eeedd6c
0 0b 19 1 1f accac09e c8153856 2fceb969
0 0a 0a 1 0a 5dda7a8c 5dda7a8c 5dda7a8c
0 1c 18 1 1b 0000ffff d45c2bc8 bba54ff8
0 08 08 1 08 1a7cdc7d 1a7cdc7d 1a7cdc7d
0 01 09 1 10 7fffffff 0ed108ac cc8be8cf
0 18 18 1 18 00000001 00000001 00000001
0 0e 0e 0 0e 1958c6ab 2a4386c5 2a4386c5
0 0e 0e 0 00 00000000 2a4386c5 2a4386c5
0 14 12 0 19 b0da1c40 7da17939 4eeedd6c
0 16 1f 1 16 b8dcfadd b8dcfadd accac09e
0 13 11 1 0c cfbe242c e321c081 681eb8bc
0 18 09 0 1a 1566d894 00000001 cc8be8cf
0 06 06 1 06 80000000 80000000 80000000
0 18 1d 0 00 ff5ebb5f 00000001 562f47ae
0 07 07 0 07 7698e427 3df7856b 3df7856b
0 07 07 0 00 00000000 3df7856b 3df7856b
0 11 13 1 11 a96e07a9 a96e07a9 e321c081
0 05 1a 0 0a 831cb4c6 8172ee6c ecde4add
0 0a 03 0 0a 60071a1f 5dda7a8c 40fe4876
0 0d 1e 1 0d 1c4b7285 1c4b7285 00000001
0 13 0b 1 0f 470a1313 e321c081 c8153856
0 0f 0f 0 00 00000000 470a1313 470a1313
0 00 13 0 19 ac94838f 00000000 e321c081
0 0d 0a 1 16 700d7e19 1c4b7285 5dda7a8c
0 01 17 0 0a 54a5e4c9 0ed108ac 6a836971
0 00 02 1 02 13cfb1bf 00000000 13cfb1bf
0 08 1c 0 13 55555555 1a7cdc7d d45c2bc8
0 10 1c 1 1b 39d8729c 7fffffff d45c2bc8
0 0d 03 1 14 00000000 1c4b7285 40fe4876
0 1b 1b 1 1b 5b4d4306 5b4d4306 5b4d4306
0 18 0f 0 00 9f190726 00000001 470a1313
0 04 00 1 04 00000000 00000000 00000000
0 1a 0a 1 03 7d2ac069 ecde4add 5dda7a8c
0 1e 1a 0 06 80000000 00000001 ecde4add
0 1b 07 0 06 1bf491b5 5b4d4306 3df7856b
0 1c 01 1 07 00000001 d45c2bc8 0ed108ac
0 03 06 1 0a d4c0b1de 7d2ac069 80000000
0 05 16 1 14 9ddeaa5a 8172ee6c 700d7e19
0 10 17 1 10 f010faed f010faed 6a836971
0 12 0c 1 03 deadbeef 4eeedd6c cfbe242c
0 18 13 0 19 4c42897c 00000001 e321c081
0 00 1e 0 1d 40f89862 00000000 00000001
0 0d 18 1 0d 99e43737 99e43737 00000001
0 18 10 1 13 46ffac54 00000001 f010faed
0 0d 14 0 00 074be1c3 99e43737 9ddeaa5a
0 08 1a 1 09 1d749fd6 1a7cdc7d ecde4add
0 15 0f 1 09 0a26bd94 ffffffff 470a1313
0 08 12 0 05 786232cb 1a7cdc7d 4eeedd6c
0 12 12 1 12 b1afdfc5 b1afdfc5 b1afdfc5
0 18 04 1 18 00000001 00000001 00000000
0 11 03 0 1f aaaaaaaa a96e07a9 deadbeef
0 04 11 1 03 84546162 00000000 a96e07a9
0 00 17 1 00 aaaaaaaa 00000000 6a836971
0 17 12 1 12 0000ffff 6a836971 0000ffff
0 08 1b 1 05 a73be94b 1a7cdc7d 5b4d4306
0 00 1c 1 00 1345d956 00000000 d45c2bc8
0 09 00 1 1d b3e17b37 0a26bd94 00000000
0 1f 0c 1 08 d21340bf accac09e cfbe242c
0 11 18 1 06 836c72e0 a96e07a9 00000001
0 15 18 1 02 df0ade4f ffffffff 00000001
0 1c 1d 0 16 deadbeef d45c2bc8 b3e17b37
0 0d 0f 1 0d 2c0d4462 2c0d4462 470a1313
0 19 15 1 00 b54e174d 2fceb969 ffffffff
0 05 06 1 00 80000000 a73be94b 836c72e0
0 15 00 0 05 b3a6fd6b ffffffff 00000000
0 0c 11 1 12 0000ffff cfbe242c a96e07a9
0 0f 14 1 19 c16cb235 470a1313 9ddeaa5a
# --- read-back sweep ---
# i_rst i_rs1_raddr i_rs2_raddr i_rd_wen i_rd_waddr i_rd_wdata | o_rs1_rdata
#     o_rs2_rdata
0 00 1f 0 00 00000000 00000000 accac09e
0 01 1e 0 00 00000000 0ed108ac 00000001
0 02 1d 0 00 00000000 df0ade4f b3e17b37
0 03 1c 0 00 00000000 84546162 d45c2bc8
0 04 1b 0 00 00000000 00000000 5b4d4306
0 05 1a 0 00 00000000 a73be94b ecde4add
0 06 19 0 00 00000000 836c72e0 c16cb235
0 07 18 0 00 00000000 00000001 00000001
0 08 17 0 00 00000000 d21340bf 6a836971
0 09 16 0 00 00000000 0a26bd94 700d7e19
0 0a 15 0 00 00000000 d4c0b1de ffffffff
0 0b 14 0 00 00000000 c8153856 9ddeaa5a
0 0c 13 0 00 00000000 cfbe242c 46ffac54
0 0d 12 0 00 00000000 2c0d4462 0000ffff
0 0e 11 0 00 00000000 2a4386c5 a96e07a9
0 0f 10 0 00 00000000 470a1313 f010faed
0 10 0f 0 00 00000000 f010faed 470a1313
0 11 0e 0 00 00000000 a96e07a9 2a4386c5
0 12 0d 0 00 00000000 0000ffff 2c0d4462
0 13 0c 0 00 00000000 46ffac54 cfbe242c
0 14 0b 0 00 00000000 9ddeaa5a c8153856
0 15 0a 0 00 00000000 ffffffff d4c0b1de
0 16 09 0 00 00000000 700d7e19 0a26bd94
0 17 08 0 00 00000000 6a836971 d21340bf
0 18 07 0 00 00000000 00000001 00000001
0 19 06 0 00 00000000 c16cb235 836c72e0
0 1a 05 0 00 00000000 ecde4add a73be94b
0 1b 04 0 00 00000000 5b4d4306 00000000
0 1c 03 0 00 00000000 d45c2bc8 84546162
0 1d 02 0 00 00000000 b3e17b37 df0ade4f
0 1e 01 0 00 00000000 00000001 0ed108ac
0 1f 00 0 00 00000000 accac09e 00000000
0 0e 19 1 07 274bcc89 2a4386c5 c16cb235
0 03 1c 0 09 ae0eef9c 84546162 d45c2bc8
0 10 1e 1 08 4d20bf90 f010faed 00000001
0 1f 08 0 13 80000000 accac09e 4d20bf90
# --- read-back sweep ---
# i_rst i_rs1_raddr i_rs2_raddr i_rd_wen i_rd_waddr i_rd_wdata | o_rs1_rdata
#     o_rs2_rdata
0 00 1f 0 00 00000000 00000000 accac09e
0 01 1e 0 00 00000000 0ed108ac 00000001
0 02 1d 0 00 00000000 df0ade4f b3e17b37
0 03 1c 0 00 00000000 84546162 d45c2bc8
0 04 1b 0 00 00000000 00000000 5b4d4306
0 05 1a 0 00 00000000 a73be94b ecde4add
0 06 19 0 00 00000000 836c72e0 c16cb235
0 07 18 0 00 00000000 274bcc89 00000001
0 08 17 0 00 00000000 4d20bf90 6a836971
0 09 16 0 00 00000000 0a26bd94 700d7e19
0 0a 15 0 00 00000000 d4c0b1de ffffffff
0 0b 14 0 00 00000000 c8153856 9ddeaa5a
0 0c 13 0 00 00000000 cfbe242c 46ffac54
0 0d 12 0 00 00000000 2c0d4462 0000ffff
0 0e 11 0 00 00000000 2a4386c5 a96e07a9
0 0f 10 0 00 00000000 470a1313 f010faed
0 10 0f 0 00 00000000 f010faed 470a1313
0 11 0e 0 00 00000000 a96e07a9 2a4386c5
0 12 0d 0 00 00000000 0000ffff 2c0d4462
0 13 0c 0 00 00000000 46ffac54 cfbe242c
0 14 0b 0 00 00000000 9ddeaa5a c8153856
0 15 0a 0 00 00000000 ffffffff d4c0b1de
0 16 09 0 00 00000000 700d7e19 0a26bd94
0 17 08 0 00 00000000 6a836971 4d20bf90
0 18 07 0 00 00000000 00000001 274bcc89
0 19 06 0 00 00000000 c16cb235 836c72e0
0 1a 05 0 00 00000000 ecde4add a73be94b
0 1b 04 0 00 00000000 5b4d4306 00000000
0 1c 03 0 00 00000000 d45c2bc8 84546162
0 1d 02 0 00 00000000 b3e17b37 df0ade4f
0 1e 01 0 00 00000000 00000001 0ed108ac
0 1f 00 0 00 00000000 accac09e 00000000
0 0e 13 0 04 97167c32 2a4386c5 46ffac54
0 1f 0d 1 0f ffffffff accac09e 2c0d4462
0 12 09 0 17 9636fbdb 0000ffff 0a26bd94
0 0c 16 1 17 8a89e0e7 cfbe242c 700d7e19
0 17 17 0 00 00000000 8a89e0e7 8a89e0e7
0 1d 04 0 18 aaaaaaaa b3e17b37 00000000
0 1d 1e 1 0e ed4e05cd b3e17b37 00000001
0 0d 03 1 05 ef7efb37 2c0d4462 84546162
0 10 1f 1 00 3178e674 f010faed accac09e
0 19 19 1 19 08d7ded1 08d7ded1 08d7ded1
0 1a 0a 1 11 7fffffff ecde4add d4c0b1de
0 10 16 0 09 00000000 f010faed 700d7e19
0 17 0d 1 17 00000001 00000001 2c0d4462
0 04 19 0 02 deadbeef 00000000 08d7ded1
0 00 04 0 00 7fffffff 00000000 00000000
0 17 17 1 17 ed84238e ed84238e ed84238e
0 19 14 0 0d 5a6e4e7a 08d7ded1 9ddeaa5a
0 00 15 0 17 a6cf20fd 00000000 ffffffff
0 1c 00 1 13 aaaaaaaa d45c2bc8 00000000
0 07 07 1 07 5018f735 5018f735 5018f735
0 00 17 1 07 fdf10884 00000000 ed84238e
0 07 07 0 00 00000000 fdf10884 fdf10884
0 00 00 1 00 3580c27c 00000000 00000000
0 03 12 1 09 7fffffff 84546162 0000ffff
0 13 13 1 13 fd0a1f93 fd0a1f93 fd0a1f93
0 04 0b 1 04 4ead19e4 4ead19e4 c8153856
# --- read-back sweep ---
# i_rst i_rs1_raddr i_rs2_raddr i_rd_wen i_rd_waddr i_rd_wdata | o_rs1_rdata
#     o_rs2_rdata
0 00 1f 0 00 00000000 00000000 accac09e
0 01 1e 0 00 00000000 0ed108ac 00000001
0 02 1d 0 00 00000000 df0ade4f b3e17b37
0 03 1c 0 00 00000000 84546162 d45c2bc8
0 04 1b 0 00 00000000 4ead19e4 5b4d4306
0 05 1a 0 00 00000000 ef7efb37 ecde4add
0 06 19 0 00 00000000 836c72e0 08d7ded1
0 07 18 0 00 00000000 fdf10884 00000001
0 08 17 0 00 00000000 4d20bf90 ed84238e
0 09 16 0 00 00000000 7fffffff 700d7e19
0 0a 15 0 00 00000000 d4c0b1de ffffffff
0 0b 14 0 00 00000000 c8153856 9ddeaa5a
0 0c 13 0 00 00000000 cfbe242c fd0a1f93
0 0d 12 0 00 00000000 2c0d4462 0000ffff
0 0e 11 0 00 00000000 ed4e05cd 7fffffff
0 0f 10 0 00 00000000 ffffffff f010faed
0 10 0f 0 00 00000000 f010faed ffffffff
0 11 0e 0 00 00000000 7fffffff ed4e05cd
0 12 0d 0 00 00000000 0000ffff 2c0d4462
0 13 0c 0 00 00000000 fd0a1f93 cfbe242c
0 14 0b 0 00 00000000 9ddeaa5a c8153856
0 15 0a 0 00 00000000 ffffffff d4c0b1de
0 16 09 0 00 00000000 700d7e19 7fffffff
0 17 08 0 00 00000000 ed84238e 4d20bf90
0 18 07 0 00 00000000 00000001 fdf10884
0 19 06 0 00 00000000 08d7ded1 836c72e0
0 1a 05 0 00 00000000 ecde4add ef7efb37
0 1b 04 0 00 00000000 5b4d4306 4ead19e4
0 1c 03 0 00 00000000 d45c2bc8 84546162
0 1d 02 0 00 00000000 b3e17b37 df0ade4f
0 1e 01 0 00 00000000 00000001 0ed108ac
0 1f 00 0 00 00000000 accac09e 00000000
0 01 07 1 07 7fffffff 0ed108ac 7fffffff
0 00 10 0 14 c32d8666 00000000 f010faed
0 1e 1e 1 1e 00000000 00000000 00000000
0 19 19 1 07 0bb24d9a 08d7ded1 08d7ded1
0 0c 07 0 04 10f12a40 cfbe242c 0bb24d9a
0 1c 1f 0 17 4bee993b d45c2bc8 accac09e
0 1a 01 1 13 55555555 ecde4add 0ed108ac
0 0b 1a 0 13 f9615ba3 c8153856 ecde4add
0 0b 0b 1 0b a8ef19fc a8ef19fc a8ef19fc
0 06 06 1 06 42b2eeff 42b2eeff 42b2eeff
0 00 00 1 19 0000ffff 00000000 00000000
# --- read-back sweep ---
# i_rst i_rs1_raddr i_rs2_raddr i_rd_wen i_rd_waddr i_rd_wdata | o_rs1_rdata
#     o_rs2_rdata
0 00 1f 0 00 00000000 00000000 accac09e
0 01 1e 0 00 00000000 0ed108ac 00000000
0 02 1d 0 00 00000000 df0ade4f b3e17b37
0 03 1c 0 00 00000000 84546162 d45c2bc8
0 04 1b 0 00 00000000 4ead19e4 5b4d4306
0 05 1a 0 00 00000000 ef7efb37 ecde4add
0 06 19 0 00 00000000 42b2eeff 0000ffff
0 07 18 0 00 00000000 0bb24d9a 00000001
0 08 17 0 00 00000000 4d20bf90 ed84238e
0 09 16 0 00 00000000 7fffffff 700d7e19
0 0a 15 0 00 00000000 d4c0b1de ffffffff
0 0b 14 0 00 00000000 a8ef19fc 9ddeaa5a
0 0c 13 0 00 00000000 cfbe242c 55555555
0 0d 12 0 00 00000000 2c0d4462 0000ffff
0 0e 11 0 00 00000000 ed4e05cd 7fffffff
0 0f 10 0 00 00000000 ffffffff f010faed
0 10 0f 0 00 00000000 f010faed ffffffff
0 11 0e 0 00 00000000 7fffffff ed4e05cd
0 12 0d 0 00 00000000 0000ffff 2c0d4462
0 13 0c 0 00 00000000 55555555 cfbe242c
0 14 0b 0 00 00000000 9ddeaa5a a8ef19fc
0 15 0a 0 00 00000000 ffffffff d4c0b1de
0 16 09 0 00 00000000 700d7e19 7fffffff
0 17 08 0 00 00000000 ed84238e 4d20bf90
0 18 07 0 00 00000000 00000001 0bb24d9a
0 19 06 0 00 00000000 0000ffff 42b2eeff
0 1a 05 0 00 00000000 ecde4add ef7efb37
0 1b 04 0 00 00000000 5b4d4306 4ead19e4
0 1c 03 0 00 00000000 d45c2bc8 84546162
0 1d 02 0 00 00000000 b3e17b37 df0ade4f
0 1e 01 0 00 00000000 00000000 0ed108ac
0 1f 00 0 00 00000000 accac09e 00000000
0 16 0d 0 01 80000000 700d7e19 2c0d4462
0 1e 1b 1 1d ff569c2b 00000000 5b4d4306
0 15 0f 1 0f 7fffffff ffffffff 7fffffff
0 01 00 1 01 54b33707 54b33707 00000000
0 1e 0a 1 0d e273bed3 00000000 d4c0b1de
0 19 19 1 19 2d91829f 2d91829f 2d91829f
# --- read-back sweep ---
# i_rst i_rs1_raddr i_rs2_raddr i_rd_wen i_rd_waddr i_rd_wdata | o_rs1_rdata
#     o_rs2_rdata
0 00 1f 0 00 00000000 00000000 accac09e
0 01 1e 0 00 00000000 54b33707 00000000
0 02 1d 0 00 00000000 df0ade4f ff569c2b
0 03 1c 0 00 00000000 84546162 d45c2bc8
0 04 1b 0 00 00000000 4ead19e4 5b4d4306
0 05 1a 0 00 00000000 ef7efb37 ecde4add
0 06 19 0 00 00000000 42b2eeff 2d91829f
0 07 18 0 00 00000000 0bb24d9a 00000001
0 08 17 0 00 00000000 4d20bf90 ed84238e
0 09 16 0 00 00000000 7fffffff 700d7e19
0 0a 15 0 00 00000000 d4c0b1de ffffffff
0 0b 14 0 00 00000000 a8ef19fc 9ddeaa5a
0 0c 13 0 00 00000000 cfbe242c 55555555
0 0d 12 0 00 00000000 e273bed3 0000ffff
0 0e 11 0 00 00000000 ed4e05cd 7fffffff
0 0f 10 0 00 00000000 7fffffff f010faed
0 10 0f 0 00 00000000 f010faed 7fffffff
0 11 0e 0 00 00000000 7fffffff ed4e05cd
0 12 0d 0 00 00000000 0000ffff e273bed3
0 13 0c 0 00 00000000 55555555 cfbe242c
0 14 0b 0 00 00000000 9ddeaa5a a8ef19fc
0 15 0a 0 00 00000000 ffffffff d4c0b1de
0 16 09 0 00 00000000 700d7e19 7fffffff
0 17 08 0 00 00000000 ed84238e 4d20bf90
0 18 07 0 00 00000000 00000001 0bb24d9a
0 19 06 0 00 00000000 2d91829f 42b2eeff
0 1a 05 0 00 00000000 ecde4add ef7efb37
0 1b 04 0 00 00000000 5b4d4306 4ead19e4
0 1c 03 0 00 00000000 d45c2bc8 84546162
0 1d 02 0 00 00000000 ff569c2b df0ade4f
0 1e 01 0 00 00000000 00000000 54b33707
0 1f 00 0 00 00000000 accac09e 00000000
0 00 1e 0 0a 3a88a1b6 00000000 00000000
0 13 1a 1 10 cf0a3bba 55555555 ecde4add
0 17 06 1 05 44868d34 ed84238e 42b2eeff
0 0e 0e 1 0e 00000001 00000001 00000001
0 15 15 1 0d 3f2a8867 ffffffff ffffffff
0 0d 0d 0 00 00000000 3f2a8867 3f2a8867
# --- read-back sweep ---
# i_rst i_rs1_raddr i_rs2_raddr i_rd_wen i_rd_waddr i_rd_wdata | o_rs1_rdata
#     o_rs2_rdata
0 00 1f 0 00 00000000 00000000 accac09e
0 01 1e 0 00 00000000 54b33707 00000000
0 02 1d 0 00 00000000 df0ade4f ff569c2b
0 03 1c 0 00 00000000 84546162 d45c2bc8
0 04 1b 0 00 00000000 4ead19e4 5b4d4306
0 05 1a 0 00 00000000 44868d34 ecde4add
0 06 19 0 00 00000000 42b2eeff 2d91829f
0 07 18 0 00 00000000 0bb24d9a 00000001
0 08 17 0 00 00000000 4d20bf90 ed84238e
0 09 16 0 00 00000000 7fffffff 700d7e19
0 0a 15 0 00 00000000 d4c0b1de ffffffff
0 0b 14 0 00 00000000 a8ef19fc 9ddeaa5a
0 0c 13 0 00 00000000 cfbe242c 55555555
0 0d 12 0 00 00000000 3f2a8867 0000ffff
0 0e 11 0 00 00000000 00000001 7fffffff
0 0f 10 0 00 00000000 7fffffff cf0a3bba
0 10 0f 0 00 00000000 cf0a3bba 7fffffff
0 11 0e 0 00 00000000 7fffffff 00000001
0 12 0d 0 00 00000000 0000ffff 3f2a8867
0 13 0c 0 00 00000000 55555555 cfbe242c
0 14 0b 0 00 00000000 9ddeaa5a a8ef19fc
0 15 0a 0 00 00000000 ffffffff d4c0b1de
0 16 09 0 00 00000000 700d7e19 7fffffff
0 17 08 0 00 00000000 ed84238e 4d20bf90
0 18 07 0 00 00000000 00000001 0bb24d9a
0 19 06 0 00 00000000 2d91829f 42b2eeff
0 1a 05 0 00 00000000 ecde4add 44868d34
0 1b 04 0 00 00000000 5b4d4306 4ead19e4
0 1c 03 0 00 00000000 d45c2bc8 84546162
0 1d 02 0 00 00000000 ff569c2b df0ade4f
0 1e 01 0 00 00000000 00000000 54b33707
0 1f 00 0 00 00000000 accac09e 00000000
0 01 01 0 01 c0c9092b 54b33707 54b33707
0 01 01 0 00 00000000 54b33707 54b33707
0 1f 00 1 04 eec7b9bb accac09e 00000000
0 04 04 0 00 00000000 eec7b9bb eec7b9bb
0 09 16 0 03 00000000 7fffffff 700d7e19
0 0b 00 0 13 449d3ff9 a8ef19fc 00000000
0 02 07 0 1d 9f638dab df0ade4f 0bb24d9a
0 1b 1d 1 09 c7317ca3 5b4d4306 ff569c2b
0 06 19 0 09 0320d28f 42b2eeff 2d91829f
0 15 0a 0 01 d2ede0f7 ffffffff d4c0b1de
0 1e 13 1 1e 55555555 55555555 55555555
0 00 03 1 0f 34902b8d 00000000 84546162
0 0a 14 1 0a 44b059b1 44b059b1 9ddeaa5a
0 00 1e 1 1e 58c6164e 00000000 58c6164e
0 12 04 1 05 668cfa20 0000ffff eec7b9bb
0 12 0a 1 14 aaaaaaaa 0000ffff 44b059b1
0 0e 14 0 17 00000000 00000001 aaaaaaaa
0 14 09 0 0d cafebabe aaaaaaaa c7317ca3
0 10 1c 1 03 4e1dd2b5 cf0a3bba d45c2bc8
0 03 03 1 03 e8cddb65 e8cddb65 e8cddb65
0 1c 1b 0 14 c34324f1 d45c2bc8 5b4d4306
0 1c 02 1 11 9b269a50 d45c2bc8 df0ade4f
0 00 06 1 00 be0e9aff 00000000 42b2eeff
0 0c 00 1 1f c693a8e9 cfbe242c 00000000
0 1a 0b 1 1a a0f39deb a0f39deb a8ef19fc
0 18 07 0 00 34bc6347 00000001 0bb24d9a
0 0e 00 0 19 41d721c5 00000001 00000000
0 04 04 1 04 e56b1f4f e56b1f4f e56b1f4f
0 0a 0c 0 16 d14038e2 44b059b1 cfbe242c
0 00 11 1 05 51261039 00000000 9b269a50
0 15 05 1 05 aaaaaaaa ffffffff aaaaaaaa
0 15 13 0 11 57f96fd7 ffffffff 55555555
0 11 14 1 06 0cbb5b93 9b269a50 aaaaaaaa
0 06 06 0 00 00000000 0cbb5b93 0cbb5b93
0 1e 0d 1 17 0000ffff 58c6164e 3f2a8867
0 00 0f 0 1b 1b1d9c42 00000000 34902b8d
0 15 1c 1 05 32a8e364 ffffffff d45c2bc8
0 05 05 0 00 00000000 32a8e364 32a8e364
0 03 03 0 03 e4c8278b e8cddb65 e8cddb65
0 03 03 0 00 00000000 e8cddb65 e8cddb65
0 0c 0b 1 12 71e8aeec cfbe242c a8ef19fc
0 1f 09 1 0f ffffffff c693a8e9 c7317ca3
0 17 0d 1 0d c6bacbe6 0000ffff c6bacbe6
0 1f 07 1 0b c13e93b2 c693a8e9 0bb24d9a
0 02 1e 1 19 902c3830 df0ade4f 58c6164e
0 00 1a 1 0a 80000000 00000000 a0f39deb
0 1d 1d 1 1d f0837f84 f0837f84 f0837f84
# --- read-back sweep ---
# i_rst i_rs1_raddr i_rs2_raddr i_rd_wen i_rd_waddr i_rd_wdata | o_rs1_rdata
#     o_rs2_rdata
0 00 1f 0 00 00000000 00000000 c693a8e9
0 01 1e 0 00 00000000 54b33707 58c6164e
0 02 1d 0 00 00000000 df0ade4f f0837f84
0 03 1c 0 00 00000000 e8cddb65 d45c2bc8
0 04 1b 0 00 00000000 e56b1f4f 5b4d4306
0 05 1a 0 00 00000000 32a8e364 a0f39deb
0 06 19 0 00 00000000 0cbb5b93 902c3830
0 07 18 0 00 00000000 0bb24d9a 00000001
0 08 17 0 00 00000000 4d20bf90 0000ffff
0 09 16 0 00 00000000 c7317ca3 700d7e19
0 0a 15 0 00 00000000 80000000 ffffffff
0 0b 14 0 00 00000000 c13e93b2 aaaaaaaa
0 0c 13 0 00 00000000 cfbe242c 55555555
0 0d 12 0 00 00000000 c6bacbe6 71e8aeec
0 0e 11 0 00 00000000 00000001 9b269a50
0 0f 10 0 00 00000000 ffffffff cf0a3bba
0 10 0f 0 00 00000000 cf0a3bba ffffffff
0 11 0e 0 00 00000000 9b269a50 00000001
0 12 0d 0 00 00000000 71e8aeec c6bacbe6
0 13 0c 0 00 00000000 55555555 cfbe242c
0 14 0b 0 00 00000000 aaaaaaaa c13e93b2
0 15 0a 0 00 00000000 ffffffff 80000000
0 16 09 0 00 00000000 700d7e19 c7317ca3
0 17 08 0 00 00000000 0000ffff 4d20bf90
0 18 07 0 00 00000000 00000001 0bb24d9a
0 19 06 0 00 00000000 902c3830 0cbb5b93
0 1a 05 0 00 00000000 a0f39deb 32a8e364
0 1b 04 0 00 00000000 5b4d4306 e56b1f4f
0 1c 03 0 00 00000000 d45c2bc8 e8cddb65
0 1d 02 0 00 00000000 f0837f84 df0ade4f
0 1e 01 0 00 00000000 58c6164e 54b33707
0 1f 00 0 00 00000000 c693a8e9 00000000
0 1b 1d 0 04 f6ee39e6 5b4d4306 f0837f84
0 10 0d 1 0d 0edeefce cf0a3bba 0edeefce
0 09 08 1 0f 50fd9e0a c7317ca3 4d20bf90
0 10 1a 0 1c cafebabe cf0a3bba a0f39deb
0 14 14 0 14 ecc29a9a aaaaaaaa aaaaaaaa
0 14 14 0 00 00000000 aaaaaaaa aaaaaaaa
0 0a 0a 0 0a a4c45571 80000000 80000000
0 0a 0a 0 00 00000000 80000000 80000000
0 08 0b 1 1d 6d98f01a 4d20bf90 c13e93b2
0 0f 1b 1 0f 0000ffff 0000ffff 5b4d4306
0 11 1c 1 0f 6a135abe 9b269a50 d45c2bc8
0 0b 0b 0 0b c5848cb1 c13e93b2 c13e93b2
0 0b 0b 0 00 00000000 c13e93b2 c13e93b2
# --- read-back sweep ---
# i_rst i_rs1_raddr i_rs2_raddr i_rd_wen i_rd_waddr i_rd_wdata | o_rs1_rdata
#     o_rs2_rdata
0 00 1f 0 00 00000000 00000000 c693a8e9
0 01 1e 0 00 00000000 54b33707 58c6164e
0 02 1d 0 00 00000000 df0ade4f 6d98f01a
0 03 1c 0 00 00000000 e8cddb65 d45c2bc8
0 04 1b 0 00 00000000 e56b1f4f 5b4d4306
0 05 1a 0 00 00000000 32a8e364 a0f39deb
0 06 19 0 00 00000000 0cbb5b93 902c3830
0 07 18 0 00 00000000 0bb24d9a 00000001
0 08 17 0 00 00000000 4d20bf90 0000ffff
0 09 16 0 00 00000000 c7317ca3 700d7e19
0 0a 15 0 00 00000000 80000000 ffffffff
0 0b 14 0 00 00000000 c13e93b2 aaaaaaaa
0 0c 13 0 00 00000000 cfbe242c 55555555
0 0d 12 0 00 00000000 0edeefce 71e8aeec
0 0e 11 0 00 00000000 00000001 9b269a50
0 0f 10 0 00 00000000 6a135abe cf0a3bba
0 10 0f 0 00 00000000 cf0a3bba 6a135abe
0 11 0e 0 00 00000000 9b269a50 00000001
0 12 0d 0 00 00000000 71e8aeec 0edeefce
0 13 0c 0 00 00000000 55555555 cfbe242c
0 14 0b 0 00 00000000 aaaaaaaa c13e93b2
0 15 0a 0 00 00000000 ffffffff 80000000
0 16 09 0 00 00000000 700d7e19 c7317ca3
0 17 08 0 00 00000000 0000ffff 4d20bf90
0 18 07 0 00 00000000 00000001 0bb24d9a
0 19 06 0 00 00000000 902c3830 0cbb5b93
0 1a 05 0 00 00000000 a0f39deb 32a8e364
0 1b 04 0 00 00000000 5b4d4306 e56b1f4f
0 1c 03 0 00 00000000 d45c2bc8 e8cddb65
0 1d 02 0 00 00000000 6d98f01a df0ade4f
0 1e 01 0 00 00000000 58c6164e 54b33707
0 1f 00 0 00 00000000 c693a8e9 00000000
0 1a 1a 1 1a f04a6d36 f04a6d36 f04a6d36
0 0f 12 1 15 ffffffff 6a135abe 71e8aeec
0 06 1f 1 00 439cdd91 0cbb5b93 c693a8e9
# --- read-back sweep ---
# i_rst i_rs1_raddr i_rs2_raddr i_rd_wen i_rd_waddr i_rd_wdata | o_rs1_rdata
#     o_rs2_rdata
0 00 1f 0 00 00000000 00000000 c693a8e9
0 01 1e 0 00 00000000 54b33707 58c6164e
0 02 1d 0 00 00000000 df0ade4f 6d98f01a
0 03 1c 0 00 00000000 e8cddb65 d45c2bc8
0 04 1b 0 00 00000000 e56b1f4f 5b4d4306
0 05 1a 0 00 00000000 32a8e364 f04a6d36
0 06 19 0 00 00000000 0cbb5b93 902c3830
0 07 18 0 00 00000000 0bb24d9a 00000001
0 08 17 0 00 00000000 4d20bf90 0000ffff
0 09 16 0 00 00000000 c7317ca3 700d7e19
0 0a 15 0 00 00000000 80000000 ffffffff
0 0b 14 0 00 00000000 c13e93b2 aaaaaaaa
0 0c 13 0 00 00000000 cfbe242c 55555555
0 0d 12 0 00 00000000 0edeefce 71e8aeec
0 0e 11 0 00 00000000 00000001 9b269a50
0 0f 10 0 00 00000000 6a135abe cf0a3bba
0 10 0f 0 00 00000000 cf0a3bba 6a135abe
0 11 0e 0 00 00000000 9b269a50 00000001
0 12 0d 0 00 00000000 71e8aeec 0edeefce
0 13 0c 0 00 00000000 55555555 cfbe242c
0 14 0b 0 00 00000000 aaaaaaaa c13e93b2
0 15 0a 0 00 00000000 ffffffff 80000000
0 16 09 0 00 00000000 700d7e19 c7317ca3
0 17 08 0 00 00000000 0000ffff 4d20bf90
0 18 07 0 00 00000000 00000001 0bb24d9a
0 19 06 0 00 00000000 902c3830 0cbb5b93
0 1a 05 0 00 00000000 f04a6d36 32a8e364
0 1b 04 0 00 00000000 5b4d4306 e56b1f4f
0 1c 03 0 00 00000000 d45c2bc8 e8cddb65
0 1d 02 0 00 00000000 6d98f01a df0ade4f
0 1e 01 0 00 00000000 58c6164e 54b33707
0 1f 00 0 00 00000000 c693a8e9 00000000
0 0c 16 0 0b 7fffffff cfbe242c 700d7e19
0 00 08 0 1d 3866d0d8 00000000 4d20bf90
0 06 1d 1 11 390dda4b 0cbb5b93 6d98f01a
0 1f 1c 1 11 9fdc4a71 c693a8e9 d45c2bc8
0 11 11 0 00 00000000 9fdc4a71 9fdc4a71
0 13 15 1 05 d8927fb1 55555555 ffffffff
0 18 0e 0 08 0000ffff 00000001 00000001
0 07 07 1 07 43c4a785 43c4a785 43c4a785
0 0e 00 0 00 cafebabe 00000001 00000000
0 00 0f 1 18 20d672fd 00000000 6a135abe
0 18 18 0 00 00000000 20d672fd 20d672fd
0 0e 1e 0 06 00000000 00000001 58c6164e
0 10 0c 0 0d 59f5c0fe cf0a3bba cfbe242c
0 1f 00 1 18 f1a270ad c693a8e9 00000000
0 1f 05 1 0a ad849a04 c693a8e9 d8927fb1
0 03 17 1 01 00000001 e8cddb65 0000ffff
0 03 01 1 1e d3dc98a2 e8cddb65 00000001
0 1c 1c 1 1c 1b6afbb1 1b6afbb1 1b6afbb1
0 08 0a 0 0a 80000000 4d20bf90 ad849a04
0 1e 15 0 00 7f9919a1 d3dc98a2 ffffffff
0 08 08 1 08 92077799 92077799 92077799
0 17 0c 1 10 f4d63a4a 0000ffff cfbe242c
0 08 0a 0 09 cfc1990c 92077799 ad849a04
0 00 1a 1 0e 526d2ace 00000000 f04a6d36
0 03 1a 1 18 f752b30b e8cddb65 f04a6d36
0 18 18 0 00 00000000 f752b30b f752b30b
0 0d 00 0 13 eb9f08d2 0edeefce 00000000
0 11 05 1 0f 00000001 9fdc4a71 d8927fb1
0 18 00 1 09 32063fee f752b30b 00000000
0 09 09 0 00 00000000 32063fee 32063fee
0 01 06 1 12 83e63419 00000001 0cbb5b93
0 19 16 1 19 ef122d7d ef122d7d 700d7e19
0 12 13 1 12 43ef4aad 43ef4aad 55555555
0 11 06 0 1a 02b6d3d3 9fdc4a71 0cbb5b93
0 1b 0f 1 05 1f42417c 5b4d4306 00000001
0 05 05 0 00 00000000 1f42417c 1f42417c
0 1c 0d 1 18 73c27f1c 1b6afbb1 0edeefce
0 1c 12 1 1c 6cd98713 6cd98713 43ef4aad
0 10 17 1 00 80000000 f4d63a4a 0000ffff
0 1f 19 0 07 1104faaf c693a8e9 ef122d7d
0 11 18 1 05 c9421666 9fdc4a71 73c27f1c
0 06 00 0 14 3c063971 0cbb5b93 00000000
0 18 09 0 18 32cae21c 73c27f1c 32063fee
0 0c 0d 0 0d 5d953c04 cfbe242c 0edeefce
0 1b 0d 0 0e d652b268 5b4d4306 0edeefce
0 1a 1a 1 1a 55555555 55555555 55555555
0 18 18 1 18 55555555 55555555 55555555
0 1d 06 1 19 5bd572ff 6d98f01a 0cbb5b93
0 19 19 0 00 00000000 5bd572ff 5bd572ff
0 00 16 0 12 30f1ec5d 00000000 700d7e19
0 03 14 1 03 d943c007 d943c007 aaaaaaaa
0 03 00 1 16 d9ba212d d943c007 00000000
0 16 16 0 00 00000000 d9ba212d d9ba212d
0 17 04 0 12 6451794b 0000ffff e56b1f4f
# --- read-back sweep ---
# i_rst i_rs1_raddr i_rs2_raddr i_rd_wen i_rd_waddr i_rd_wdata | o_rs1_rdata
#     o_rs2_rdata
0 00 1f 0 00 00000000 00000000 c693a8e9
0 01 1e 0 00 00000000 00000001 d3dc98a2
0 02 1d 0 00 00000000 df0ade4f 6d98f01a
0 03 1c 0 00 00000000 d943c007 6cd98713
0 04 1b 0 00 00000000 e56b1f4f 5b4d4306
0 05 1a 0 00 00000000 c9421666 55555555
0 06 19 0 00 00000000 0cbb5b93 5bd572ff
0 07 18 0 00 00000000 43c4a785 55555555
0 08 17 0 00 00000000 92077799 0000ffff
0 09 16 0 00 00000000 32063fee d9ba212d
0 0a 15 0 00 00000000 ad849a04 ffffffff
0 0b 14 0 00 00000000 c13e93b2 aaaaaaaa
0 0c 13 0 00 00000000 cfbe242c 55555555
0 0d 12 0 00 00000000 0edeefce 43ef4aad
0 0e 11 0 00 00000000 526d2ace 9fdc4a71
0 0f 10 0 00 00000000 00000001 f4d63a4a
0 10 0f 0 00 00000000 f4d63a4a 00000001
0 11 0e 0 00 00000000 9fdc4a71 526d2ace
0 12 0d 0 00 00000000 43ef4aad 0edeefce
0 13 0c 0 00 00000000 55555555 cfbe242c
0 14 0b 0 00 00000000 aaaaaaaa c13e93b2
0 15 0a 0 00 00000000 ffffffff ad849a04
0 16 09 0 00 00000000 d9ba212d 32063fee
0 17 08 0 00 00000000 0000ffff 92077799
0 18 07 0 00 00000000 55555555 43c4a785
0 19 06 0 00 00000000 5bd572ff 0cbb5b93
0 1a 05 0 00 00000000 55555555 c9421666
0 1b 04 0 00 00000000 5b4d4306 e56b1f4f
0 1c 03 0 00 00000000 6cd98713 d943c007
0 1d 02 0 00 00000000 6d98f01a df0ade4f
0 1e 01 0 00 00000000 d3dc98a2 00000001
0 1f 00 0 00 00000000 c693a8e9 00000000
0 1a 14 1 13 8f5ee897 55555555 aaaaaaaa
0 17 04 1 14 41a7d77e 0000ffff e56b1f4f
# --- read-back sweep ---
# i_rst i_rs1_raddr i_rs2_raddr i_rd_wen i_rd_waddr i_rd_wdata | o_rs1_rdata
#     o_rs2_rdata
0 00 1f 0 00 00000000 00000000 c693a8e9
0 01 1e 0 00 00000000 00000001 d3dc98a2
0 02 1d 0 00 00000000 df0ade4f 6d98f01a
0 03 1c 0 00 00000000 d943c007 6cd98713
0 04 1b 0 00 00000000 e56b1f4f 5b4d4306
0 05 1a 0 00 00000000 c9421666 55555555
0 06 19 0 00 00000000 0cbb5b93 5bd572ff
0 07 18 0 00 00000000 43c4a785 55555555
0 08 17 0 00 00000000 92077799 0000ffff
0 09 16 0 00 00000000 32063fee d9ba212d
0 0a 15 0 00 00000000 ad849a04 ffffffff
0 0b 14 0 00 00000000 c13e93b2 41a7d77e
0 0c 13 0 00 00000000 cfbe242c 8f5ee897
0 0d 12 0 00 00000000 0edeefce 43ef4aad
0 0e 11 0 00 00000000 526d2ace 9fdc4a71
0 0f 10 0 00 00000000 00000001 f4d63a4a
0 10 0f 0 00 00000000 f4d63a4a 00000001
0 11 0e 0 00 00000000 9fdc4a71 526d2ace
0 12 0d 0 00 00000000 43ef4aad 0edeefce
0 13 0c 0 00 00000000 8f5ee897 cfbe242c
0 14 0b 0 00 00000000 41a7d77e c13e93b2
0 15 0a 0 00 00000000 ffffffff ad849a04
0 16 09 0 00 00000000 d9ba212d 32063fee
0 17 08 0 00 00000000 0000ffff 92077799
0 18 07 0 00 00000000 55555555 43c4a785
0 19 06 0 00 00000000 5bd572ff 0cbb5b93
0 1a 05 0 00 00000000 55555555 c9421666
0 1b 04 0 00 00000000 5b4d4306 e56b1f4f
0 1c 03 0 00 00000000 6cd98713 d943c007
0 1d 02 0 00 00000000 6d98f01a df0ade4f
0 1e 01 0 00 00000000 d3dc98a2 00000001
0 1f 00 0 00 00000000 c693a8e9 00000000
0 1c 1c 1 1c 00000001 00000001 00000001
0 0e 0e 1 0e 51c35796 51c35796 51c35796
0 00 00 1 00 681a8657 00000000 00000000
0 00 05 1 05 deadbeef 00000000 deadbeef
0 1a 08 1 1a d7f8f923 d7f8f923 92077799
0 00 05 1 08 4c9dd5df 00000000 deadbeef
0 1d 00 1 1d 00000001 00000001 00000000
0 14 02 1 0c fa7ec6b4 41a7d77e df0ade4f
0 1c 02 1 0e ffffffff 00000001 df0ade4f
0 00 09 1 00 eac3e8b8 00000000 32063fee
0 00 10 1 0d 00000000 00000000 f4d63a4a
0 0b 02 0 0a 80000000 c13e93b2 df0ade4f
0 06 06 0 06 14a50dc6 0cbb5b93 0cbb5b93
0 06 06 0 00 00000000 0cbb5b93 0cbb5b93
0 1b 1d 1 1d 94eb0c7e 5b4d4306 94eb0c7e
0 10 00 0 1b 87d1f2ee f4d63a4a 00000000
0 11 1a 1 12 b9940682 9fdc4a71 d7f8f923
0 06 11 1 08 c29445fb 0cbb5b93 9fdc4a71
0 02 1b 1 00 0000ffff df0ade4f 5b4d4306
0 0f 00 0 1c 4b437cca 00000001 00000000
0 14 00 0 18 5faca6cc 41a7d77e 00000000
0 1a 1c 0 1c c0eacd00 d7f8f923 00000001
0 09 1b 1 0c aaaaaaaa 32063fee 5b4d4306
0 06 06 0 06 78ed698c 0cbb5b93 0cbb5b93
0 06 06 0 00 00000000 0cbb5b93 0cbb5b93
0 18 18 1 18 cf31d80e cf31d80e cf31d80e
0 00 07 1 00 55555555 00000000 43c4a785
0 1b 09 1 1b 31254ca6 31254ca6 32063fee
0 0d 1c 1 12 d6297de0 00000000 00000001
0 12 12 0 00 00000000 d6297de0 d6297de0
0 1e 0a 0 09 a5bdc420 d3dc98a2 ad849a04
0 10 06 0 0c eb05a13c f4d63a4a 0cbb5b93
0 0f 00 0 13 157442d6 00000001 00000000
0 19 1a 1 00 e7516d75 5bd572ff d7f8f923
0 00 1b 0 19 aaaaaaaa 00000000 31254ca6
0 17 17 0 17 afbdbd61 0000ffff 0000ffff
0 17 17 0 00 00000000 0000ffff 0000ffff
0 02 0c 0 00 5e2867fe df0ade4f aaaaaaaa
0 00 01 0 1f aaaaaaaa 00000000 00000001
0 06 15 0 00 31fbd73b 0cbb5b93 ffffffff
0 00 18 1 11 deadbeef 00000000 cf31d80e
0 04 05 1 13 3b4745fb e56b1f4f deadbeef
0 13 13 0 00 00000000 3b4745fb 3b4745fb
0 08 0a 1 16 80000000 c29445fb ad849a04
0 0b 13 1 00 f53414a5 c13e93b2 3b4745fb
0 05 19 0 1a 886af8c2 deadbeef 5bd572ff
0 15 0f 1 00 22c084dc ffffffff 00000001
0 1c 14 1 0f 98a3533c 00000001 41a7d77e
0 18 18 1 18 212c60bc 212c60bc 212c60bc
0 1a 05 1 0f 55555555 d7f8f923 deadbeef
0 00 0b 0 0b cf4afeb8 00000000 c13e93b2
0 0f 01 1 0f 976a930c 976a930c 00000001
0 08 16 0 1d 39d3d9ef c29445fb 80000000
# --- read-back sweep ---
# i_rst i_rs1_raddr i_rs2_raddr i_rd_wen i_rd_waddr i_rd_wdata | o_rs1_rdata
#     o_rs2_rdata
0 00 1f 0 00 00000000 00000000 c693a8e9
0 01 1e 0 00 00000000 00000001 d3dc98a2
0 02 1d 0 00 00000000 df0ade4f 94eb0c7e
0 03 1c 0 00 00000000 d943c007 00000001
0 04 1b 0 00 00000000 e56b1f4f 31254ca6
0 05 1a 0 00 00000000 deadbeef d7f8f923
0 06 19 0 00 00000000 0cbb5b93 5bd572ff
0 07 18 0 00 00000000 43c4a785 212c60bc
0 08 17 0 00 00000000 c29445fb 0000ffff
0 09 16 0 00 00000000 32063fee 80000000
0 0a 15 0 00 00000000 ad849a04 ffffffff
0 0b 14 0 00 00000000 c13e93b2 41a7d77e
0 0c 13 0 00 00000000 aaaaaaaa 3b4745fb
0 0d 12 0 00 00000000 00000000 d6297de0
0 0e 11 0 00 00000000 ffffffff deadbeef
0 0f 10 0 00 00000000 976a930c f4d63a4a
0 10 0f 0 00 00000000 f4d63a4a 976a930c
0 11 0e 0 00 00000000 deadbeef ffffffff
0 12 0d 0 00 00000000 d6297de0 00000000
0 13 0c 0 00 00000000 3b4745fb aaaaaaaa
0 14 0b 0 00 00000000 41a7d77e c13e93b2
0 15 0a 0 00 00000000 ffffffff ad849a04
0 16 09 0 00 00000000 80000000 32063fee
0 17 08 0 00 00000000 0000ffff c29445fb
0 18 07 0 00 00000000 212c60bc 43c4a785
0 19 06 0 00 00000000 5bd572ff 0cbb5b93
0 1a 05 0 00 00000000 d7f8f923 deadbeef
0 1b 04 0 00 00000000 31254ca6 e56b1f4f
0 1c 03 0 00 00000000 00000001 d943c007
0 1d 02 0 00 00000000 94eb0c7e df0ade4f
0 1e 01 0 00 00000000 d3dc98a2 00000001
0 1f 00 0 00 00000000 c693a8e9 00000000
0 16 17 0 14 bd84e9e7 80000000 0000ffff
0 12 09 1 1f b982519d d6297de0 32063fee
0 00 0a 0 1f edc7ed04 00000000 ad849a04
0 17 1b 1 17 7beafcd6 7beafcd6 31254ca6
0 09 15 1 09 0893a1dc 0893a1dc ffffffff
0 00 17 1 06 cc3f172a 00000000 7beafcd6
0 0f 0f 1 0f e21e56cf e21e56cf e21e56cf
0 00 00 1 11 302d059f 00000000 00000000
0 1b 01 0 14 22fd62ee 31254ca6 00000001
0 1b 00 1 0b 31845378 31254ca6 00000000
0 0b 0b 0 00 00000000 31845378 31845378
0 00 03 1 14 deadbeef 00000000 d943c007
0 12 00 1 17 bac52d31 d6297de0 00000000
0 17 17 0 00 00000000 bac52d31 bac52d31
0 09 0c 1 02 c71aa9ca 0893a1dc aaaaaaaa
0 09 08 1 09 55555555 55555555 c29445fb
0 13 0c 0 03 d9f466a3 3b4745fb aaaaaaaa
0 10 09 1 09 7e746ec1 f4d63a4a 7e746ec1
0 0c 04 1 06 80000000 aaaaaaaa e56b1f4f
0 00 0b 1 1a 0126a1d4 00000000 31845378
0 02 1b 0 1f 371ce37e c71aa9ca 31254ca6
0 0b 14 1 03 82e6efee 31845378 deadbeef
0 03 03 0 03 14e0a74b 82e6efee 82e6efee
0 03 03 0 00 00000000 82e6efee 82e6efee
0 1b 00 0 00 ef1a407e 31254ca6 00000000
0 00 00 1 00 6e29b3af 00000000 00000000
0 05 1a 1 05 1fd6f08f 1fd6f08f 0126a1d4
0 16 07 1 00 4f596921 80000000 43c4a785
0 0c 0e 1 0c af83e556 af83e556 ffffffff
0 03 00 1 00 80000000 82e6efee 00000000
0 17 0a 0 12 99c07baa bac52d31 ad849a04
0 06 12 1 1e 7fffffff 80000000 d6297de0
0 03 1b 1 08 fb648fb4 82e6efee 31254ca6
0 0f 17 0 1b 8b7884ab e21e56cf bac52d31
0 1b 00 0 1c 4c6abd03 31254ca6 00000000
0 0f 14 1 0a 00000001 e21e56cf deadbeef
0 06 03 1 06 a73ddc53 a73ddc53 82e6efee
0 08 1b 1 00 44adcc4a fb648fb4 31254ca6
0 0c 0c 0 0c afddf93b af83e556 af83e556
0 0c 0c 0 00 00000000 af83e556 af83e556
0 12 1c 0 09 4e547a66 d6297de0 00000001
0 0d 07 0 09 9ebf193b 00000000 43c4a785
0 1a 1a 0 18 275de69b 0126a1d4 0126a1d4
0 16 06 1 0a 87e30cd7 80000000 a73ddc53
0 19 08 0 0d d96a299d 5bd572ff fb648fb4
0 17 02 1 02 86fc1677 bac52d31 86fc1677
0 1d 1d 1 1d 672989bc 672989bc 672989bc
0 09 10 1 03 fa6e1b6c 7e746ec1 f4d63a4a
0 1a 0d 1 12 c11a1797 0126a1d4 00000000
0 12 12 0 00 00000000 c11a1797 c11a1797
0 00 00 1 00 cafebabe 00000000 00000000
0 1b 09 1 15 568369f7 31254ca6 7e746ec1
0 0e 17 1 0e 86c0a264 86c0a264 bac52d31
0 1e 1e 1 1e 40915135 40915135 40915135
0 11 06 1 06 ed6860fa 302d059f ed6860fa
0 17 1a 0 10 a0c7fdc3 bac52d31 0126a1d4
0 0b 12 0 1a 00000000 31845378 c11a1797
0 07 04 1 00 5594635a 43c4a785 e56b1f4f
0 04 19 1 04 a9392b23 a9392b23 5bd572ff
0 07 07 1 07 55555555 55555555 55555555
0 1d 00 1 0b ec4d662a 672989bc 00000000
0 19 0b 1 04 cafebabe 5bd572ff ec4d662a
0 09 1f 0 15 a041c102 7e746ec1 b982519d
0 00 16 0 16 55555555 00000000 80000000
0 1a 03 1 1e 20329be4 0126a1d4 fa6e1b6c
0 06 00 0 00 deadbeef ed6860fa 00000000
0 09 0d 1 11 7581e35d 7e746ec1 00000000
0 0f 18 1 1a 38b0240b e21e56cf 212c60bc
0 14 13 0 08 dbd6612c deadbeef 3b4745fb
0 1a 15 0 0e da429166 38b0240b 568369f7
0 1f 15 0 00 b5c98fd6 b982519d 568369f7
0 1d 1a 0 09 9ac3b392 672989bc 38b0240b
0 13 1d 0 06 82ae7fdf 3b4745fb 672989bc
0 03 06 1 06 55555555 fa6e1b6c 55555555
# --- read-back sweep ---
# i_rst i_rs1_raddr i_rs2_raddr i_rd_wen i_rd_waddr i_rd_wdata | o_rs1_rdata
#     o_rs2_rdata
0 00 1f 0 00 00000000 00000000 b982519d
0 01 1e 0 00 00000000 00000001 20329be4
0 02 1d 0 00 00000000 86fc1677 672989bc
0 03 1c 0 00 00000000 fa6e1b6c 00000001
0 04 1b 0 00 00000000 cafebabe 31254ca6
0 05 1a 0 00 00000000 1fd6f08f 38b0240b
0 06 19 0 00 00000000 55555555 5bd572ff
0 07 18 0 00 00000000 55555555 212c60bc
0 08 17 0 00 00000000 fb648fb4 bac52d31
0 09 16 0 00 00000000 7e746ec1 80000000
0 0a 15 0 00 00000000 87e30cd7 568369f7
0 0b 14 0 00 00000000 ec4d662a deadbeef
0 0c 13 0 00 00000000 af83e556 3b4745fb
0 0d 12 0 00 00000000 00000000 c11a1797
0 0e 11 0 00 00000000 86c0a264 7581e35d
0 0f 10 0 00 00000000 e21e56cf f4d63a4a
0 10 0f 0 00 00000000 f4d63a4a e21e56cf
0 11 0e 0 00 00000000 7581e35d 86c0a264
0 12 0d 0 00 00000000 c11a1797 00000000
0 13 0c 0 00 00000000 3b4745fb af83e556
0 14 0b 0 00 00000000 deadbeef ec4d662a
0 15 0a 0 00 00000000 568369f7 87e30cd7
0 16 09 0 00 00000000 80000000 7e746ec1
0 17 08 0 00 00000000 bac52d31 fb648fb4
0 18 07 0 00 00000000 212c60bc 55555555
0 19 06 0 00 00000000 5bd572ff 55555555
0 1a 05 0 00 00000000 38b0240b 1fd6f08f
0 1b 04 0 00 00000000 31254ca6 cafebabe
0 1c 03 0 00 00000000 00000001 fa6e1b6c
0 1d 02 0 00 00000000 672989bc 86fc1677
0 1e 01 0 00 00000000 20329be4 00000001
0 1f 00 0 00 00000000 b982519d 00000000
0 12 07 1 06 e2ed0d9c c11a1797 55555555
0 1b 1d 0 1e 7faf4512 31254ca6 672989bc
0 09 09 1 09 875cd1ea 875cd1ea 875cd1ea
0 05 00 0 18 f7834832 1fd6f08f 00000000
0 08 1b 0 17 ffffffff fb648fb4 31254ca6
0 05 05 1 05 0000ffff 0000ffff 0000ffff
0 0a 07 1 0f 7fffffff 87e30cd7 55555555
0 16 1c 0 0a c9e35624 80000000 00000001
0 07 08 1 0a 4bd5a313 55555555 fb648fb4
0 00 0a 0 1f 3dce8a2f 00000000 4bd5a313
0 06 17 1 0a 7fffffff e2ed0d9c bac52d31
0 03 13 1 1f 00000001 fa6e1b6c 3b4745fb
0 07 17 0 09 d681d288 55555555 bac52d31
0 06 15 1 0e ffffffff e2ed0d9c 568369f7
0 04 04 1 04 55555555 55555555 55555555
0 01 05 1 09 4b247363 00000001 0000ffff
0 09 09 0 00 00000000 4b247363 4b247363
0 14 1d 1 1b d8266cd3 deadbeef 672989bc
0 0f 01 1 08 80000000 7fffffff 00000001
0 1c 07 1 1b 0a09bfaa 00000001 55555555
0 03 00 0 02 c993fe61 fa6e1b6c 00000000
0 05 0d 0 1f 720b8dc8 0000ffff 00000000
0 16 04 0 1e 7da2297f 80000000 55555555
0 19 0a 0 1c 6cf811e5 5bd572ff 7fffffff
0 1a 16 1 16 0ed82d6d 38b0240b 0ed82d6d
0 13 15 1 19 b815d2c8 3b4745fb 568369f7
0 00 13 1 00 647b2dc9 00000000 3b4745fb
0 00 01 0 18 253bb3de 00000000 00000001
0 05 0e 0 01 00000001 0000ffff ffffffff
0 1a 03 1 1b 59f5b5ac 38b0240b fa6e1b6c
0 07 0c 1 16 7d5269ea 55555555 af83e556
0 1d 18 1 1d dd629c0a dd629c0a 212c60bc
0 0b 0b 0 0b b2eb1cdf ec4d662a ec4d662a
0 0b 0b 0 00 00000000 ec4d662a ec4d662a
0 07 15 1 18 55506180 55555555 568369f7
0 06 04 1 03 e04292d6 e2ed0d9c 55555555
0 00 00 1 06 7fffffff 00000000 00000000
0 06 00 1 1e 80000000 7fffffff 00000000
0 12 1d 1 1d 37583098 c11a1797 37583098
0 16 1c 0 17 0000ffff 7d5269ea 00000001
0 1d 0f 0 03 5c0f93d2 37583098 7fffffff
0 1f 12 1 1e 7fffffff 00000001 c11a1797
0 0e 02 0 10 86487e21 ffffffff 86fc1677
0 03 07 1 08 7ef83a93 e04292d6 55555555
0 18 1f 0 01 b254091a 55506180 00000001
0 12 11 1 13 b98f6f22 c11a1797 7581e35d
0 13 13 0 00 00000000 b98f6f22 b98f6f22
0 1c 0c 0 09 cdb8601c 00000001 af83e556
0 0a 0f 1 06 7da37e52 7fffffff 7fffffff
0 02 02 1 02 3257c65d 3257c65d 3257c65d
0 1e 11 0 11 2a899f57 7fffffff 7581e35d
0 0a 07 1 0f f95ad9d8 7fffffff 55555555
0 00 00 1 17 7b02b16f 00000000 00000000
# --- read-back sweep ---
# i_rst i_rs1_raddr i_rs2_raddr i_rd_wen i_rd_waddr i_rd_wdata | o_rs1_rdata
#     o_rs2_rdata
0 00 1f 0 00 00000000 00000000 00000001
0 01 1e 0 00 00000000 00000001 7fffffff
0 02 1d 0 00 00000000 3257c65d 37583098
0 03 1c 0 00 00000000 e04292d6 00000001
0 04 1b 0 00 00000000 55555555 59f5b5ac
0 05 1a 0 00 00000000 0000ffff 38b0240b
0 06 19 0 00 00000000 7da37e52 b815d2c8
0 07 18 0 00 00000000 55555555 55506180
0 08 17 0 00 00000000 7ef83a93 7b02b16f
0 09 16 0 00 00000000 4b247363 7d5269ea
0 0a 15 0 00 00000000 7fffffff 568369f7
0 0b 14 0 00 00000000 ec4d662a deadbeef
0 0c 13 0 00 00000000 af83e556 b98f6f22
0 0d 12 0 00 00000000 00000000 c11a1797
0 0e 11 0 00 00000000 ffffffff 7581e35d
0 0f 10 0 00 00000000 f95ad9d8 f4d63a4a
0 10 0f 0 00 00000000 f4d63a4a f95ad9d8
0 11 0e 0 00 00000000 7581e35d ffffffff
0 12 0d 0 00 00000000 c11a1797 00000000
0 13 0c 0 00 00000000 b98f6f22 af83e556
0 14 0b 0 00 00000000 deadbeef ec4d662a
0 15 0a 0 00 00000000 568369f7 7fffffff
0 16 09 0 00 00000000 7d5269ea 4b247363
0 17 08 0 00 00000000 7b02b16f 7ef83a93
0 18 07 0 00 00000000 55506180 55555555
0 19 06 0 00 00000000 b815d2c8 7da37e52
0 1a 05 0 00 00000000 38b0240b 0000ffff
0 1b 04 0 00 00000000 59f5b5ac 55555555
0 1c 03 0 00 00000000 00000001 e04292d6
0 1d 02 0 00 00000000 37583098 3257c65d
0 1e 01 0 00 00000000 7fffffff 00000001
0 1f 00 0 00 00000000 00000001 00000000
0 14 02 1 04 00000000 deadbeef 3257c65d
0 1d 1e 1 18 01b17f05 37583098 7fffffff
0 00 00 1 00 a1bcbf77 00000000 00000000
0 1f 1f 1 1f f028a4b0 f028a4b0 f028a4b0
0 19 00 0 08 abc5d625 b815d2c8 00000000
0 10 1a 1 10 0000ffff 0000ffff 38b0240b
0 0c 01 1 0c b5dc5d0a b5dc5d0a 00000001
0 00 10 1 07 9e4c2855 00000000 0000ffff
0 1c 05 1 1c b828c11d b828c11d 0000ffff
0 05 05 1 05 00000001 00000001 00000001
0 09 0c 0 18 55555555 4b247363 b5dc5d0a
0 17 08 0 13 2df7b842 7b02b16f 7ef83a93
0 1c 1d 1 1c bb5378c2 bb5378c2 37583098
0 19 01 0 0b 2fff0f87 b815d2c8 00000001
0 1d 1c 1 13 951ba0bc 37583098 bb5378c2
0 1b 11 1 1b d2243df5 d2243df5 7581e35d
0 05 08 0 0d f9799fd2 00000001 7ef83a93
0 19 00 1 13 cafebabe b815d2c8 00000000
0 03 15 1 1e c7870d3d e04292d6 568369f7
0 13 06 1 0e 783818d1 cafebabe 7da37e52
0 16 0f 1 17 ffffffff 7d5269ea f95ad9d8
0 14 1d 0 1d 00000000 deadbeef 37583098
0 08 06 1 1c fd66c4c4 7ef83a93 7da37e52
0 1a 13 1 01 f03cd62a 38b0240b cafebabe
0 12 16 0 17 0000ffff c11a1797 7d5269ea
0 14 00 1 14 aaaaaaaa aaaaaaaa 00000000
0 05 17 0 1e 00000001 00000001 ffffffff
0 05 1d 1 1c fa6329c9 00000001 37583098
0 18 1b 1 01 04c5faf6 01b17f05 d2243df5
0 0f 1d 1 0f 2ec86128 2ec86128 37583098
0 10 0d 0 0d fbeb553f 0000ffff 00000000
# --- read-back sweep ---
# i_rst i_rs1_raddr i_rs2_raddr i_rd_wen i_rd_waddr i_rd_wdata | o_rs1_rdata
#     o_rs2_rdata
0 00 1f 0 00 00000000 00000000 f028a4b0
0 01 1e 0 00 00000000 04c5faf6 c7870d3d
0 02 1d 0 00 00000000 3257c65d 37583098
0 03 1c 0 00 00000000 e04292d6 fa6329c9
0 04 1b 0 00 00000000 00000000 d2243df5
0 05 1a 0 00 00000000 00000001 38b0240b
0 06 19 0 00 00000000 7da37e52 b815d2c8
0 07 18 0 00 00000000 9e4c2855 01b17f05
0 08 17 0 00 00000000 7ef83a93 ffffffff
0 09 16 0 00 00000000 4b247363 7d5269ea
0 0a 15 0 00 00000000 7fffffff 568369f7
0 0b 14 0 00 00000000 ec4d662a aaaaaaaa
0 0c 13 0 00 00000000 b5dc5d0a cafebabe
0 0d 12 0 00 00000000 00000000 c11a1797
0 0e 11 0 00 00000000 783818d1 7581e35d
0 0f 10 0 00 00000000 2ec86128 0000ffff
0 10 0f 0 00 00000000 0000ffff 2ec86128
0 11 0e 0 00 00000000 7581e35d 783818d1
0 12 0d 0 00 00000000 c11a1797 00000000
0 13 0c 0 00 00000000 cafebabe b5dc5d0a
0 14 0b 0 00 00000000 aaaaaaaa ec4d662a
0 15 0a 0 00 00000000 568369f7 7fffffff
0 16 09 0 00 00000000 7d5269ea 4b247363
0 17 08 0 00 00000000 ffffffff 7ef83a93
0 18 07 0 00 00000000 01b17f05 9e4c2855
0 19 06 0 00 00000000 b815d2c8 7da37e52
0 1a 05 0 00 00000000 38b0240b 00000001
0 1b 04 0 00 00000000 d2243df5 00000000
0 1c 03 0 00 00000000 fa6329c9 e04292d6
0 1d 02 0 00 00000000 37583098 3257c65d
0 1e 01 0 00 00000000 c7870d3d 04c5faf6
0 1f 00 0 00 00000000 f028a4b0 00000000
0 0e 0d 1 0e 4a7460a2 4a7460a2 00000000
0 17 10 0 00 3339b648 ffffffff 0000ffff
0 15 1d 0 16 db32c4e1 568369f7 37583098
0 16 0d 1 16 b9e9dc40 b9e9dc40 00000000
0 13 12 1 13 84e0c1d7 84e0c1d7 c11a1797
0 10 14 1 14 f96966ae 0000ffff f96966ae
0 1f 1f 1 1b 87883206 f028a4b0 f028a4b0
0 1b 1b 0 00 00000000 87883206 87883206
0 11 0c 0 1b 00000001 7581e35d b5dc5d0a
0 00 19 1 00 be3ea3b9 00000000 b815d2c8
0 08 03 1 17 55555555 7ef83a93 e04292d6
0 12 1d 1 02 0a3537b2 c11a1797 37583098
0 00 06 1 06 193f9d8b 00000000 193f9d8b
0 04 03 1 0a cafebabe 00000000 e04292d6
0 1c 15 1 03 cfb3a075 fa6329c9 568369f7
0 14 08 1 19 80000000 f96966ae 7ef83a93
0 1e 02 0 0b a560e945 c7870d3d 0a3537b2
0 0a 17 1 14 ef67bad0 cafebabe 55555555
0 1b 1a 0 1d 5f681b91 87883206 38b0240b
0 13 02 0 19 deadbeef 84e0c1d7 0a3537b2
# --- read-back sweep ---
# i_rst i_rs1_raddr i_rs2_raddr i_rd_wen i_rd_waddr i_rd_wdata | o_rs1_rdata
#     o_rs2_rdata
0 00 1f 0 00 00000000 00000000 f028a4b0
0 01 1e 0 00 00000000 04c5faf6 c7870d3d
0 02 1d 0 00 00000000 0a3537b2 37583098
0 03 1c 0 00 00000000 cfb3a075 fa6329c9
0 04 1b 0 00 00000000 00000000 87883206
0 05 1a 0 00 00000000 00000001 38b0240b
0 06 19 0 00 00000000 193f9d8b 80000000
0 07 18 0 00 00000000 9e4c2855 01b17f05
0 08 17 0 00 00000000 7ef83a93 55555555
0 09 16 0 00 00000000 4b247363 b9e9dc40
0 0a 15 0 00 00000000 cafebabe 568369f7
0 0b 14 0 00 00000000 ec4d662a ef67bad0
0 0c 13 0 00 00000000 b5dc5d0a 84e0c1d7
0 0d 12 0 00 00000000 00000000 c11a1797
0 0e 11 0 00 00000000 4a7460a2 7581e35d
0 0f 10 0 00 00000000 2ec86128 0000ffff
0 10 0f 0 00 00000000 0000ffff 2ec86128
0 11 0e 0 00 00000000 7581e35d 4a7460a2
0 12 0d 0 00 00000000 c11a1797 00000000
0 13 0c 0 00 00000000 84e0c1d7 b5dc5d0a
0 14 0b 0 00 00000000 ef67bad0 ec4d662a
0 15 0a 0 00 00000000 568369f7 cafebabe
0 16 09 0 00 00000000 b9e9dc40 4b247363
0 17 08 0 00 00000000 55555555 7ef83a93
0 18 07 0 00 00000000 01b17f05 9e4c2855
0 19 06 0 00 00000000 80000000 193f9d8b
0 1a 05 0 00 00000000 38b0240b 00000001
0 1b 04 0 00 00000000 87883206 00000000
0 1c 03 0 00 00000000 fa6329c9 cfb3a075
0 1d 02 0 00 00000000 37583098 0a3537b2
0 1e 01 0 00 00000000 c7870d3d 04c5faf6
0 1f 00 0 00 00000000 f028a4b0 00000000
0 12 17 1 0c 5d81e1f2 c11a1797 55555555
0 07 01 1 00 71e5f4df 9e4c2855 04c5faf6
0 1a 11 1 1b 965453b3 38b0240b 7581e35d
0 17 19 1 0a 00000001 55555555 80000000
0 1f 0a 1 05 07e514c0 f028a4b0 00000001
# --- read-back sweep ---
# i_rst i_rs1_raddr i_rs2_raddr i_rd_wen i_rd_waddr i_rd_wdata | o_rs1_rdata
#     o_rs2_rdata
0 00 1f 0 00 00000000 00000000 f028a4b0
0 01 1e 0 00 00000000 04c5faf6 c7870d3d
0 02 1d 0 00 00000000 0a3537b2 37583098
0 03 1c 0 00 00000000 cfb3a075 fa6329c9
0 04 1b 0 00 00000000 00000000 965453b3
0 05 1a 0 00 00000000 07e514c0 38b0240b
0 06 19 0 00 00000000 193f9d8b 80000000
0 07 18 0 00 00000000 9e4c2855 01b17f05
0 08 17 0 00 00000000 7ef83a93 55555555
0 09 16 0 00 00000000 4b247363 b9e9dc40
0 0a 15 0 00 00000000 00000001 568369f7
0 0b 14 0 00 00000000 ec4d662a ef67bad0
0 0c 13 0 00 00000000 5d81e1f2 84e0c1d7
0 0d 12 0 00 00000000 00000000 c11a1797
0 0e 11 0 00 00000000 4a7460a2 7581e35d
0 0f 10 0 00 00000000 2ec86128 0000ffff
0 10 0f 0 00 00000000 0000ffff 2ec86128
0 11 0e 0 00 00000000 7581e35d 4a7460a2
0 12 0d 0 00 00000000 c11a1797 00000000
0 13 0c 0 00 00000000 84e0c1d7 5d81e1f2
0 14 0b 0 00 00000000 ef67bad0 ec4d662a
0 15 0a 0 00 00000000 568369f7 00000001
0 16 09 0 00 00000000 b9e9dc40 4b247363
0 17 08 0 00 00000000 55555555 7ef83a93
0 18 07 0 00 00000000 01b17f05 9e4c2855
0 19 06 0 00 00000000 80000000 193f9d8b
0 1a 05 0 00 00000000 38b0240b 07e514c0
0 1b 04 0 00 00000000 965453b3 00000000
0 1c 03 0 00 00000000 fa6329c9 cfb3a075
0 1d 02 0 00 00000000 37583098 0a3537b2
0 1e 01 0 00 00000000 c7870d3d 04c5faf6
0 1f 00 0 00 00000000 f028a4b0 00000000
0 09 0f 1 13 deadbeef 4b247363 2ec86128
# --- read-back sweep ---
# i_rst i_rs1_raddr i_rs2_raddr i_rd_wen i_rd_waddr i_rd_wdata | o_rs1_rdata
#     o_rs2_rdata
0 00 1f 0 00 00000000 00000000 f028a4b0
0 01 1e 0 00 00000000 04c5faf6 c7870d3d
0 02 1d 0 00 00000000 0a3537b2 37583098
0 03 1c 0 00 00000000 cfb3a075 fa6329c9
0 04 1b 0 00 00000000 00000000 965453b3
0 05 1a 0 00 00000000 07e514c0 38b0240b
0 06 19 0 00 00000000 193f9d8b 80000000
0 07 18 0 00 00000000 9e4c2855 01b17f05
0 08 17 0 00 00000000 7ef83a93 55555555
0 09 16 0 00 00000000 4b247363 b9e9dc40
0 0a 15 0 00 00000000 00000001 568369f7
0 0b 14 0 00 00000000 ec4d662a ef67bad0
0 0c 13 0 00 00000000 5d81e1f2 deadbeef
0 0d 12 0 00 00000000 00000000 c11a1797
0 0e 11 0 00 00000000 4a7460a2 7581e35d
0 0f 10 0 00 00000000 2ec86128 0000ffff
0 10 0f 0 00 00000000 0000ffff 2ec86128
0 11 0e 0 00 00000000 7581e35d 4a7460a2
0 12 0d 0 00 00000000 c11a1797 00000000
0 13 0c 0 00 00000000 deadbeef 5d81e1f2
0 14 0b 0 00 00000000 ef67bad0 ec4d662a
0 15 0a 0 00 00000000 568369f7 00000001
0 16 09 0 00 00000000 b9e9dc40 4b247363
0 17 08 0 00 00000000 55555555 7ef83a93
0 18 07 0 00 00000000 01b17f05 9e4c2855
0 19 06 0 00 00000000 80000000 193f9d8b
0 1a 05 0 00 00000000 38b0240b 07e514c0
0 1b 04 0 00 00000000 965453b3 00000000
0 1c 03 0 00 00000000 fa6329c9 cfb3a075
0 1d 02 0 00 00000000 37583098 0a3537b2
0 1e 01 0 00 00000000 c7870d3d 04c5faf6
0 1f 00 0 00 00000000 f028a4b0 00000000
0 1e 18 1 1e 224384a3 224384a3 01b17f05
0 1f 0b 1 06 454ee96c f028a4b0 ec4d662a
0 11 19 1 19 cafebabe 7581e35d cafebabe
0 04 0f 0 16 f8971641 00000000 2ec86128
0 1e 19 0 19 ec11b885 224384a3 cafebabe
0 1f 19 1 1c b0fb813a f028a4b0 cafebabe
# --- read-back sweep ---
# i_rst i_rs1_raddr i_rs2_raddr i_rd_wen i_rd_waddr i_rd_wdata | o_rs1_rdata
#     o_rs2_rdata
0 00 1f 0 00 00000000 00000000 f028a4b0
0 01 1e 0 00 00000000 04c5faf6 224384a3
0 02 1d 0 00 00000000 0a3537b2 37583098
0 03 1c 0 00 00000000 cfb3a075 b0fb813a
0 04 1b 0 00 00000000 00000000 965453b3
0 05 1a 0 00 00000000 07e514c0 38b0240b
0 06 19 0 00 00000000 454ee96c cafebabe
0 07 18 0 00 00000000 9e4c2855 01b17f05
0 08 17 0 00 00000000 7ef83a93 55555555
0 09 16 0 00 00000000 4b247363 b9e9dc40
0 0a 15 0 00 00000000 00000001 568369f7
0 0b 14 0 00 00000000 ec4d662a ef67bad0
0 0c 13 0 00 00000000 5d81e1f2 deadbeef
0 0d 12 0 00 00000000 00000000 c11a1797
0 0e 11 0 00 00000000 4a7460a2 7581e35d
0 0f 10 0 00 00000000 2ec86128 0000ffff
0 10 0f 0 00 00000000 0000ffff 2ec86128
0 11 0e 0 00 00000000 7581e35d 4a7460a2
0 12 0d 0 00 00000000 c11a1797 00000000
0 13 0c 0 00 00000000 deadbeef 5d81e1f2
0 14 0b 0 00 00000000 ef67bad0 ec4d662a
0 15 0a 0 00 00000000 568369f7 00000001
0 16 09 0 00 00000000 b9e9dc40 4b247363
0 17 08 0 00 00000000 55555555 7ef83a93
0 18 07 0 00 00000000 01b17f05 9e4c2855
0 19 06 0 00 00000000 cafebabe 454ee96c
0 1a 05 0 00 00000000 38b0240b 07e514c0
0 1b 04 0 00 00000000 965453b3 00000000
0 1c 03 0 00 00000000 b0fb813a cfb3a075
0 1d 02 0 00 00000000 37583098 0a3537b2
0 1e 01 0 00 00000000 224384a3 04c5faf6
0 1f 00 0 00 00000000 f028a4b0 00000000
0 0d 1b 1 03 d65a6e4c 00000000 965453b3
0 0b 19 1 0b 9cb8d72c 9cb8d72c cafebabe
0 1f 1e 0 0d 24b6127e f028a4b0 224384a3
0 15 09 1 15 f825521e f825521e 4b247363
0 1a 0d 1 1a 5fa3d9f0 5fa3d9f0 00000000
0 0f 00 0 15 a9d6226f 2ec86128 00000000
0 11 18 1 17 2a2ff13f 7581e35d 01b17f05
0 1f 18 1 0c ec1803b9 f028a4b0 01b17f05
0 0c 0c 0 00 00000000 ec1803b9 ec1803b9
0 18 0d 0 02 aaaaaaaa 01b17f05 00000000
0 00 0c 0 1a ab04722e 00000000 ec1803b9
0 01 01 1 01 00000000 00000000 00000000
0 16 0a 0 19 98259ebd b9e9dc40 00000001
0 1a 1f 1 04 57c7cf33 5fa3d9f0 f028a4b0
0 0d 05 1 05 34ef871c 00000000 34ef871c
0 05 1e 0 0a ae9336fd 34ef871c 224384a3
0 09 09 1 09 4d98eebe 4d98eebe 4d98eebe
0 10 0a 0 07 29137545 0000ffff 00000001
0 12 0d 1 13 55555555 c11a1797 00000000
0 02 1c 1 1a 3a2f79d9 0a3537b2 b0fb813a
0 1f 19 1 0f 13145ad8 f028a4b0 cafebabe
0 12 14 1 1c 7fffffff c11a1797 ef67bad0
0 11 1b 1 1d b7c4c208 7581e35d 965453b3
0 00 00 0 0a ce3d0bfc 00000000 00000000
0 0a 19 1 0a fd10424a fd10424a cafebabe
0 15 10 1 15 55555555 55555555 0000ffff
0 00 05 1 1f aaaaaaaa 00000000 34ef871c
0 08 00 1 08 09fbe8d9 09fbe8d9 00000000
0 06 15 1 11 e89761f5 454ee96c 55555555
0 11 11 0 00 00000000 e89761f5 e89761f5
0 1c 07 1 1a 5d2009fd 7fffffff 9e4c2855
0 1a 13 1 0f e6450aa0 5d2009fd 55555555
0 1f 1c 1 19 723b4862 aaaaaaaa 7fffffff
0 07 19 0 04 403a5c39 9e4c2855 723b4862
0 14 04 1 14 77e7e8da 77e7e8da 57c7cf33
0 0e 00 1 01 00000000 4a7460a2 00000000
0 15 19 1 1a cd1f3ea0 55555555 723b4862
0 12 12 1 12 deadbeef deadbeef deadbeef
0 1a 0c 0 1d aaaaaaaa cd1f3ea0 ec1803b9
0 05 16 1 13 571e198a 34ef871c b9e9dc40
0 07 07 1 07 8c490266 8c490266 8c490266
0 02 10 1 13 949b1fa9 0a3537b2 0000ffff
0 0f 0e 1 0e 79384657 e6450aa0 79384657
0 07 04 1 0c 0cf9c4f8 8c490266 57c7cf33
0 1b 0c 0 11 11543195 965453b3 0cf9c4f8
0 00 19 1 18 55555555 00000000 723b4862
0 11 06 0 00 38568da5 e89761f5 454ee96c
0 00 14 1 0f 76c1d09f 00000000 77e7e8da
0 17 19 0 15 1a4afab2 2a2ff13f 723b4862
0 06 02 1 16 0000ffff 454ee96c 0a3537b2
0 1c 1a 0 11 3d99af04 7fffffff cd1f3ea0
0 18 18 1 18 4b943106 4b943106 4b943106
0 0c 06 1 0f 5d2585c8 0cf9c4f8 454ee96c
0 0c 01 1 17 6a0b18dd 0cf9c4f8 00000000
0 06 13 1 1a 8a71e576 454ee96c 949b1fa9
0 02 1e 1 00 80d347a2 0a3537b2 224384a3
0 10 08 0 16 6c76f938 0000ffff 09fbe8d9
0 09 09 0 09 4c8dc07a 4d98eebe 4d98eebe
0 09 09 0 00 00000000 4d98eebe 4d98eebe
0 1b 1e 1 0b aeaee9a5 965453b3 224384a3
0 05 0d 1 05 36c12417 36c12417 00000000
0 00 16 0 09 6e5d1b5f 00000000 0000ffff
0 14 12 0 00 04fae21e 77e7e8da deadbeef
0 1f 02 1 1f c7345e10 c7345e10 0a3537b2
0 0e 13 1 09 917a0661 79384657 949b1fa9
0 1f 13 1 1f df380474 df380474 949b1fa9
0 0d 1a 1 1a 73465904 00000000 73465904
0 03 09 0 17 80000000 d65a6e4c 917a0661
0 0c 0f 1 11 9e87eb43 0cf9c4f8 5d2585c8
0 11 11 0 00 00000000 9e87eb43 9e87eb43
0 00 1d 1 13 6bcc5c23 00000000 b7c4c208
0 1f 1a 1 16 78d33d76 df380474 73465904
0 07 1c 0 0b 00000001 8c490266 7fffffff
0 15 19 0 13 00000001 55555555 723b4862
0 05 05 1 05 711f03aa 711f03aa 711f03aa
0 0a 03 1 17 bd8d71a2 fd10424a d65a6e4c
0 1c 1c 1 1c 642fb7df 642fb7df 642fb7df
0 1a 00 1 15 6eb49011 73465904 00000000
0 01 08 1 00 df1ee1eb 00000000 09fbe8d9
0 02 0b 0 05 7fffffff 0a3537b2 aeaee9a5
0 08 05 1 05 c428c5c7 09fbe8d9 c428c5c7
0 0f 1c 0 14 e25aada3 5d2585c8 642fb7df
0 00 15 1 07 844bf08a 00000000 6eb49011
0 07 07 0 00 00000000 844bf08a 844bf08a
0 00 1d 0 17 ace18307 00000000 b7c4c208
0 01 01 1 01 7217b494 7217b494 7217b494
0 00 13 1 15 0000ffff 00000000 6bcc5c23
0 06 00 0 16 aaaaaaaa 454ee96c 00000000
# --- read-back sweep ---
# i_rst i_rs1_raddr i_rs2_raddr i_rd_wen i_rd_waddr i_rd_wdata | o_rs1_rdata
#     o_rs2_rdata
0 00 1f 0 00 00000000 00000000 df380474
0 01 1e 0 00 00000000 7217b494 224384a3
0 02 1d 0 00 00000000 0a3537b2 b7c4c208
0 03 1c 0 00 00000000 d65a6e4c 642fb7df
0 04 1b 0 00 00000000 57c7cf33 965453b3
0 05 1a 0 00 00000000 c428c5c7 73465904
0 06 19 0 00 00000000 454ee96c 723b4862
0 07 18 0 00 00000000 844bf08a 4b943106
0 08 17 0 00 00000000 09fbe8d9 bd8d71a2
0 09 16 0 00 00000000 917a0661 78d33d76
0 0a 15 0 00 00000000 fd10424a 0000ffff
0 0b 14 0 00 00000000 aeaee9a5 77e7e8da
0 0c 13 0 00 00000000 0cf9c4f8 6bcc5c23
0 0d 12 0 00 00000000 00000000 deadbeef
0 0e 11 0 00 00000000 79384657 9e87eb43
0 0f 10 0 00 00000000 5d2585c8 0000ffff
0 10 0f 0 00 00000000 0000ffff 5d2585c8
0 11 0e 0 00 00000000 9e87eb43 79384657
0 12 0d 0 00 00000000 deadbeef 00000000
0 13 0c 0 00 00000000 6bcc5c23 0cf9c4f8
0 14 0b 0 00 00000000 77e7e8da aeaee9a5
0 15 0a 0 00 00000000 0000ffff fd10424a
0 16 09 0 00 00000000 78d33d76 917a0661
0 17 08 0 00 00000000 bd8d71a2 09fbe8d9
0 18 07 0 00 00000000 4b943106 844bf08a
0 19 06 0 00 00000000 723b4862 454ee96c
0 1a 05 0 00 00000000 73465904 c428c5c7
0 1b 04 0 00 00000000 965453b3 57c7cf33
0 1c 03 0 00 00000000 642fb7df d65a6e4c
0 1d 02 0 00 00000000 b7c4c208 0a3537b2
0 1e 01 0 00 00000000 224384a3 7217b494
0 1f 00 0 00 00000000 df380474 00000000
0 09 0f 1 0a c42bfbbb 917a0661 5d2585c8
0 14 12 1 10 35f6f956 77e7e8da deadbeef
0 1b 0a 1 00 34eb1a74 965453b3 c42bfbbb
0 1b 1b 0 1b 19552166 965453b3 965453b3
0 1b 1b 0 00 00000000 965453b3 965453b3
0 05 00 1 00 bc3f8374 c428c5c7 00000000
0 00 00 1 00 3a63ff79 00000000 00000000
0 14 1d 1 0a 0b04e1bf 77e7e8da b7c4c208
0 0f 02 0 0f cafebabe 5d2585c8 0a3537b2
0 0e 0e 1 0e cafebabe cafebabe cafebabe
0 1d 00 0 1f 2fc07398 b7c4c208 00000000
0 17 1a 1 0c 05032e85 bd8d71a2 73465904
0 07 1c 1 10 4318fabf 844bf08a 642fb7df
0 1f 1a 1 18 00000000 df380474 73465904
# --- read-back sweep ---
# i_rst i_rs1_raddr i_rs2_raddr i_rd_wen i_rd_waddr i_rd_wdata | o_rs1_rdata
#     o_rs2_rdata
0 00 1f 0 00 00000000 00000000 df380474
0 01 1e 0 00 00000000 7217b494 224384a3
0 02 1d 0 00 00000000 0a3537b2 b7c4c208
0 03 1c 0 00 00000000 d65a6e4c 642fb7df
0 04 1b 0 00 00000000 57c7cf33 965453b3
0 05 1a 0 00 00000000 c428c5c7 73465904
0 06 19 0 00 00000000 454ee96c 723b4862
0 07 18 0 00 00000000 844bf08a 00000000
0 08 17 0 00 00000000 09fbe8d9 bd8d71a2
0 09 16 0 00 00000000 917a0661 78d33d76
0 0a 15 0 00 00000000 0b04e1bf 0000ffff
0 0b 14 0 00 00000000 aeaee9a5 77e7e8da
0 0c 13 0 00 00000000 05032e85 6bcc5c23
0 0d 12 0 00 00000000 00000000 deadbeef
0 0e 11 0 00 00000000 cafebabe 9e87eb43
0 0f 10 0 00 00000000 5d2585c8 4318fabf
0 10 0f 0 00 00000000 4318fabf 5d2585c8
0 11 0e 0 00 00000000 9e87eb43 cafebabe
0 12 0d 0 00 00000000 deadbeef 00000000
0 13 0c 0 00 00000000 6bcc5c23 05032e85
0 14 0b 0 00 00000000 77e7e8da aeaee9a5
0 15 0a 0 00 00000000 0000ffff 0b04e1bf
0 16 09 0 00 00000000 78d33d76 917a0661
0 17 08 0 00 00000000 bd8d71a2 09fbe8d9
0 18 07 0 00 00000000 00000000 844bf08a
0 19 06 0 00 00000000 723b4862 454ee96c
0 1a 05 0 00 00000000 73465904 c428c5c7
0 1b 04 0 00 00000000 965453b3 57c7cf33
0 1c 03 0 00 00000000 642fb7df d65a6e4c
0 1d 02 0 00 00000000 b7c4c208 0a3537b2
0 1e 01 0 00 00000000 224384a3 7217b494
0 1f 00 0 00 00000000 df380474 00000000
0 10 10 1 10 3a24e666 3a24e666 3a24e666
0 1c 10 1 06 6360650a 642fb7df 3a24e666
0 10 11 0 1c ab44e874 3a24e666 9e87eb43
0 0e 09 0 08 06f96675 cafebabe 917a0661
0 1f 18 1 1f cafebabe cafebabe 00000000
0 0c 1e 0 1e 8afe53d9 05032e85 224384a3
0 04 04 1 04 aaaaaaaa aaaaaaaa aaaaaaaa
0 16 16 1 0a 4175d346 78d33d76 78d33d76
0 19 02 0 02 cbc5b7d4 723b4862 0a3537b2
0 1b 09 1 08 198ec1d1 965453b3 917a0661
0 13 1c 1 1c e7247cf1 6bcc5c23 e7247cf1
0 07 04 1 09 62715a3e 844bf08a aaaaaaaa
0 0e 17 1 18 1f5af8d3 cafebabe bd8d71a2
0 03 18 0 0a 3b8c3550 d65a6e4c 1f5af8d3
0 16 17 1 00 cafebabe 78d33d76 bd8d71a2
0 04 04 0 04 2560c10b aaaaaaaa aaaaaaaa
0 04 04 0 00 00000000 aaaaaaaa aaaaaaaa
0 12 12 1 09 47902c79 deadbeef deadbeef
0 00 00 0 00 deadbeef 00000000 00000000
0 0b 0b 1 0b df3d8bb2 df3d8bb2 df3d8bb2
0 1d 19 0 00 207f46ba b7c4c208 723b4862
0 17 0d 1 17 8d79e291 8d79e291 00000000
0 17 17 0 00 00000000 8d79e291 8d79e291
# --- read-back sweep ---
# i_rst i_rs1_raddr i_rs2_raddr i_rd_wen i_rd_waddr i_rd_wdata | o_rs1_rdata
#     o_rs2_rdata
0 00 1f 0 00 00000000 00000000 cafebabe
0 01 1e 0 00 00000000 7217b494 224384a3
0 02 1d 0 00 00000000 0a3537b2 b7c4c208
0 03 1c 0 00 00000000 d65a6e4c e7247cf1
0 04 1b 0 00 00000000 aaaaaaaa 965453b3
0 05 1a 0 00 00000000 c428c5c7 73465904
0 06 19 0 00 00000000 6360650a 723b4862
0 07 18 0 00 00000000 844bf08a 1f5af8d3
0 08 17 0 00 00000000 198ec1d1 8d79e291
0 09 16 0 00 00000000 47902c79 78d33d76
0 0a 15 0 00 00000000 4175d346 0000ffff
0 0b 14 0 00 00000000 df3d8bb2 77e7e8da
0 0c 13 0 00 00000000 05032e85 6bcc5c23
0 0d 12 0 00 00000000 00000000 deadbeef
0 0e 11 0 00 00000000 cafebabe 9e87eb43
0 0f 10 0 00 00000000 5d2585c8 3a24e666
0 10 0f 0 00 00000000 3a24e666 5d2585c8
0 11 0e 0 00 00000000 9e87eb43 cafebabe
0 12 0d 0 00 00000000 deadbeef 00000000
0 13 0c 0 00 00000000 6bcc5c23 05032e85
0 14 0b 0 00 00000000 77e7e8da df3d8bb2
0 15 0a 0 00 00000000 0000ffff 4175d346
0 16 09 0 00 00000000 78d33d76 47902c79
0 17 08 0 00 00000000 8d79e291 198ec1d1
0 18 07 0 00 00000000 1f5af8d3 844bf08a
0 19 06 0 00 00000000 723b4862 6360650a
0 1a 05 0 00 00000000 73465904 c428c5c7
0 1b 04 0 00 00000000 965453b3 aaaaaaaa
0 1c 03 0 00 00000000 e7247cf1 d65a6e4c
0 1d 02 0 00 00000000 b7c4c208 0a3537b2
0 1e 01 0 00 00000000 224384a3 7217b494
0 1f 00 0 00 00000000 cafebabe 00000000
0 17 17 0 17 72812446 8d79e291 8d79e291
0 17 17 0 00 00000000 8d79e291 8d79e291
0 1c 1a 1 1c 00000000 00000000 73465904
0 1a 08 1 10 c5672df7 73465904 198ec1d1
0 12 04 1 04 4dc2528e deadbeef 4dc2528e
0 1a 1a 0 1a 1d44a0e0 73465904 73465904
0 1a 1a 0 00 00000000 73465904 73465904
0 13 19 0 0e bc008d9a 6bcc5c23 723b4862
0 08 18 1 0f 502a3522 198ec1d1 1f5af8d3
0 1d 0a 1 18 e6172887 b7c4c208 4175d346
0 00 05 1 09 ffffffff 00000000 c428c5c7
0 05 05 0 05 f094a289 c428c5c7 c428c5c7
0 05 05 0 00 00000000 c428c5c7 c428c5c7
0 10 08 1 18 923397b9 c5672df7 198ec1d1
0 14 14 1 14 0000ffff 0000ffff 0000ffff
0 09 14 1 12 288972e8 ffffffff 0000ffff
0 09 1e 1 1c e1ed4bf6 ffffffff 224384a3
0 02 18 1 15 01945832 0a3537b2 923397b9
0 00 13 0 14 9ca68a04 00000000 6bcc5c23
0 1b 1c 0 07 ff4de125 965453b3 e1ed4bf6
0 18 1c 0 05 deadbeef 923397b9 e1ed4bf6
0 0e 1c 1 1d 9f0df9d2 cafebabe e1ed4bf6
0 19 06 1 0e 7fffffff 723b4862 6360650a
0 04 14 0 07 8c06e9e8 4dc2528e 0000ffff
0 1a 1a 1 1a 55555555 55555555 55555555
0 09 0e 1 0e 7fffffff ffffffff 7fffffff
0 1c 0e 1 08 798127c3 e1ed4bf6 7fffffff
0 14 14 1 14 a597340c a597340c a597340c
0 0a 01 1 0c a5665d1f 4175d346 7217b494
0 0c 0c 0 00 00000000 a5665d1f a5665d1f
0 12 1d 1 04 bed72630 288972e8 9f0df9d2
0 0d 0c 1 1b ffffffff 00000000 a5665d1f
0 11 01 1 1c 55555555 9e87eb43 7217b494
0 04 1d 1 1d 80000000 bed72630 80000000
0 1f 09 1 0c 287e22cd cafebabe ffffffff
0 1d 09 1 0c 00000000 80000000 ffffffff
0 0e 06 0 1d 41254e37 7fffffff 6360650a
0 17 0b 0 15 4e0c2c16 8d79e291 df3d8bb2
0 16 01 0 12 06212c59 78d33d76 7217b494
0 15 11 1 07 185ec0fe 01945832 9e87eb43
0 08 0b 1 1f 591f7c18 798127c3 df3d8bb2
0 0c 14 0 18 5c340efd 00000000 a597340c
0 0e 07 1 0d 852aa872 7fffffff 185ec0fe
0 0d 0d 0 00 00000000 852aa872 852aa872
0 00 18 1 1c 221854dc 00000000 923397b9
0 03 03 1 03 ae62bb84 ae62bb84 ae62bb84
0 07 06 1 13 b46321fe 185ec0fe 6360650a
0 1f 04 1 11 59d82e5f 591f7c18 bed72630
0 14 1e 1 1c 36606553 a597340c 224384a3
0 01 13 0 12 52a53d10 7217b494 b46321fe
0 00 00 1 00 3210f4c1 00000000 00000000
# --- read-back sweep ---
# i_rst i_rs1_raddr i_rs2_raddr i_rd_wen i_rd_waddr i_rd_wdata | o_rs1_rdata
#     o_rs2_rdata
0 00 1f 0 00 00000000 00000000 591f7c18
0 01 1e 0 00 00000000 7217b494 224384a3
0 02 1d 0 00 00000000 0a3537b2 80000000
0 03 1c 0 00 00000000 ae62bb84 36606553
0 04 1b 0 00 00000000 bed72630 ffffffff
0 05 1a 0 00 00000000 c428c5c7 55555555
0 06 19 0 00 00000000 6360650a 723b4862
0 07 18 0 00 00000000 185ec0fe 923397b9
0 08 17 0 00 00000000 798127c3 8d79e291
0 09 16 0 00 00000000 ffffffff 78d33d76
0 0a 15 0 00 00000000 4175d346 01945832
0 0b 14 0 00 00000000 df3d8bb2 a597340c
0 0c 13 0 00 00000000 00000000 b46321fe
0 0d 12 0 00 00000000 852aa872 288972e8
0 0e 11 0 00 00000000 7fffffff 59d82e5f
0 0f 10 0 00 00000000 502a3522 c5672df7
0 10 0f 0 00 00000000 c5672df7 502a3522
0 11 0e 0 00 00000000 59d82e5f 7fffffff
0 12 0d 0 00 00000000 288972e8 852aa872
0 13 0c 0 00 00000000 b46321fe 00000000
0 14 0b 0 00 00000000 a597340c df3d8bb2
0 15 0a 0 00 00000000 01945832 4175d346
0 16 09 0 00 00000000 78d33d76 ffffffff
0 17 08 0 00 00000000 8d79e291 798127c3
0 18 07 0 00 00000000 923397b9 185ec0fe
0 19 06 0 00 00000000 723b4862 6360650a
0 1a 05 0 00 00000000 55555555 c428c5c7
0 1b 04 0 00 00000000 ffffffff bed72630
0 1c 03 0 00 00000000 36606553 ae62bb84
0 1d 02 0 00 00000000 80000000 0a3537b2
0 1e 01 0 00 00000000 224384a3 7217b494
0 1f 00 0 00 00000000 591f7c18 00000000
0 14 1a 1 09 80000000 a597340c 55555555
0 04 04 1 10 e78db5d6 bed72630 bed72630
0 00 17 1 18 9ba25a25 00000000 8d79e291
0 0e 0d 1 19 0b69a2d7 7fffffff 852aa872
0 1c 03 1 0c ea68bbd7 36606553 ae62bb84
0 1a 00 1 00 cafebabe 55555555 00000000
0 00 0b 1 03 4cdd9d6d 00000000 df3d8bb2
0 03 03 0 00 00000000 4cdd9d6d 4cdd9d6d
0 16 06 0 01 7fffffff 78d33d76 6360650a
0 14 15 1 05 ffffffff a597340c 01945832
0 06 10 0 0f 0d2119ba 6360650a e78db5d6
0 10 00 0 04 256a082b e78db5d6 00000000
0 0f 1f 0 0c aaaaaaaa 502a3522 591f7c18
0 0f 15 0 12 26ed8fa4 502a3522 01945832
0 17 00 1 17 cda9d1e2 cda9d1e2 00000000
0 14 18 0 05 05e5e986 a597340c 9ba25a25
0 18 03 1 18 9da0ee02 9da0ee02 4cdd9d6d
0 0e 14 1 06 cafebabe 7fffffff a597340c
0 00 03 1 13 11cfe2cc 00000000 4cdd9d6d
0 05 17 1 1a 8f717801 ffffffff cda9d1e2
0 19 0d 1 15 c7681215 0b69a2d7 852aa872
0 14 14 1 14 c20bd214 c20bd214 c20bd214
0 0b 09 0 18 139f1cd6 df3d8bb2 80000000
0 1d 1d 1 1d 80000000 80000000 80000000
0 06 11 1 0f b66f12a3 cafebabe 59d82e5f
0 1c 16 1 0a e4407c25 36606553 78d33d76
# --- read-back sweep ---
# i_rst i_rs1_raddr i_rs2_raddr i_rd_wen i_rd_waddr i_rd_wdata | o_rs1_rdata
#     o_rs2_rdata
0 00 1f 0 00 00000000 00000000 591f7c18
0 01 1e 0 00 00000000 7217b494 224384a3
0 02 1d 0 00 00000000 0a3537b2 80000000
0 03 1c 0 00 00000000 4cdd9d6d 36606553
0 04 1b 0 00 00000000 bed72630 ffffffff
0 05 1a 0 00 00000000 ffffffff 8f717801
0 06 19 0 00 00000000 cafebabe 0b69a2d7
0 07 18 0 00 00000000 185ec0fe 9da0ee02
0 08 17 0 00 00000000 798127c3 cda9d1e2
0 09 16 0 00 00000000 80000000 78d33d76
0 0a 15 0 00 00000000 e4407c25 c7681215
0 0b 14 0 00 00000000 df3d8bb2 c20bd214
0 0c 13 0 00 00000000 ea68bbd7 11cfe2cc
0 0d 12 0 00 00000000 852aa872 288972e8
0 0e 11 0 00 00000000 7fffffff 59d82e5f
0 0f 10 0 00 00000000 b66f12a3 e78db5d6
0 10 0f 0 00 00000000 e78db5d6 b66f12a3
0 11 0e 0 00 00000000 59d82e5f 7fffffff
0 12 0d 0 00 00000000 288972e8 852aa872
0 13 0c 0 00 00000000 11cfe2cc ea68bbd7
0 14 0b 0 00 00000000 c20bd214 df3d8bb2
0 15 0a 0 00 00000000 c7681215 e4407c25
0 16 09 0 00 00000000 78d33d76 80000000
0 17 08 0 00 00000000 cda9d1e2 798127c3
0 18 07 0 00 00000000 9da0ee02 185ec0fe
0 19 06 0 00 00000000 0b69a2d7 cafebabe
0 1a 05 0 00 00000000 8f717801 ffffffff
0 1b 04 0 00 00000000 ffffffff bed72630
0 1c 03 0 00 00000000 36606553 4cdd9d6d
0 1d 02 0 00 00000000 80000000 0a3537b2
0 1e 01 0 00 00000000 224384a3 7217b494
0 1f 00 0 00 00000000 591f7c18 00000000
0 00 1d 0 06 c339a565 00000000 80000000
0 11 16 0 0d db14c4cc 59d82e5f 78d33d76
0 13 14 1 1a 0e401381 11cfe2cc c20bd214
0 0a 03 1 14 aaaaaaaa e4407c25 4cdd9d6d
0 15 00 1 11 155c5c95 c7681215 00000000
0 1d 08 1 14 00000000 80000000 798127c3
0 01 1a 0 02 80000000 7217b494 0e401381
0 1b 1b 1 1b fb6916ad fb6916ad fb6916ad
0 0c 07 1 1b 7c12c864 ea68bbd7 185ec0fe
0 1b 1b 0 00 00000000 7c12c864 7c12c864
0 15 0e 1 11 a2eb7e29 c7681215 7fffffff
0 00 1f 0 08 55555555 00000000 591f7c18
0 1f 00 1 04 d9c8bbb5 591f7c18 00000000
0 04 01 1 12 d8b782fb d9c8bbb5 7217b494
0 12 12 0 00 00000000 d8b782fb d8b782fb
0 05 18 1 05 172998fa 172998fa 9da0ee02
0 1b 0a 0 06 ffffffff 7c12c864 e4407c25
0 1a 01 1 07 9bd42ac1 0e401381 7217b494
0 0f 0f 1 0f fc62c0c5 fc62c0c5 fc62c0c5
0 11 11 1 11 7c21dafb 7c21dafb 7c21dafb
0 06 13 0 12 66b02fe4 cafebabe 11cfe2cc
0 0c 01 1 08 00000000 ea68bbd7 7217b494
0 15 0d 0 06 80000000 c7681215 852aa872
0 1c 16 1 17 45f2427c 36606553 78d33d76
0 13 03 1 00 5860af32 11cfe2cc 4cdd9d6d
0 0e 0e 0 07 d712606a 7fffffff 7fffffff
0 1e 10 1 16 75140f13 224384a3 e78db5d6
0 0a 0a 1 0a 324ce37a 324ce37a 324ce37a
0 08 05 1 07 7fffffff 00000000 172998fa
0 1d 18 1 0f aaaaaaaa 80000000 9da0ee02
0 00 09 1 17 ffffffff 00000000 80000000
0 0e 05 1 03 f19454c5 7fffffff 172998fa
0 03 03 0 00 00000000 f19454c5 f19454c5
0 16 00 1 12 8e99e40c 75140f13 00000000
0 03 03 1 03 f2d39ef8 f2d39ef8 f2d39ef8
0 17 1c 1 1d 80000000 ffffffff 36606553
0 1e 1f 1 01 5f484a1b 224384a3 591f7c18
0 18 18 0 18 91793a4f 9da0ee02 9da0ee02
0 18 18 0 00 00000000 9da0ee02 9da0ee02
0 09 09 0 18 21aa68be 80000000 80000000
0 1c 14 1 08 7ea7ae0a 36606553 00000000
0 05 1a 1 05 21f27537 21f27537 0e401381
0 0c 1e 0 06 c0307cb8 ea68bbd7 224384a3
0 16 07 0 02 32a3de1b 75140f13 7fffffff
0 04 10 1 17 00000000 d9c8bbb5 e78db5d6
0 12 1b 1 08 aa83a6a6 8e99e40c 7c12c864
0 08 08 0 00 00000000 aa83a6a6 aa83a6a6
0 14 0e 1 14 00000001 00000001 7fffffff
0 0a 05 1 11 aaaaaaaa 324ce37a 21f27537
0 1d 1d 0 1d c74e47f8 80000000 80000000
0 1d 1d 0 00 00000000 80000000 80000000
# --- read-back sweep ---
# i_rst i_rs1_raddr i_rs2_raddr i_rd_wen i_rd_waddr i_rd_wdata | o_rs1_rdata
#     o_rs2_rdata
0 00 1f 0 00 00000000 00000000 591f7c18
0 01 1e 0 00 00000000 5f484a1b 224384a3
0 02 1d 0 00 00000000 0a3537b2 80000000
0 03 1c 0 00 00000000 f2d39ef8 36606553
0 04 1b 0 00 00000000 d9c8bbb5 7c12c864
0 05 1a 0 00 00000000 21f27537 0e401381
0 06 19 0 00 00000000 cafebabe 0b69a2d7
0 07 18 0 00 00000000 7fffffff 9da0ee02
0 08 17 0 00 00000000 aa83a6a6 00000000
0 09 16 0 00 00000000 80000000 75140f13
0 0a 15 0 00 00000000 324ce37a c7681215
0 0b 14 0 00 00000000 df3d8bb2 00000001
0 0c 13 0 00 00000000 ea68bbd7 11cfe2cc
0 0d 12 0 00 00000000 852aa872 8e99e40c
0 0e 11 0 00 00000000 7fffffff aaaaaaaa
0 0f 10 0 00 00000000 aaaaaaaa e78db5d6
0 10 0f 0 00 00000000 e78db5d6 aaaaaaaa
0 11 0e 0 00 00000000 aaaaaaaa 7fffffff
0 12 0d 0 00 00000000 8e99e40c 852aa872
0 13 0c 0 00 00000000 11cfe2cc ea68bbd7
0 14 0b 0 00 00000000 00000001 df3d8bb2
0 15 0a 0 00 00000000 c7681215 324ce37a
0 16 09 0 00 00000000 75140f13 80000000
0 17 08 0 00 00000000 00000000 aa83a6a6
0 18 07 0 00 00000000 9da0ee02 7fffffff
0 19 06 0 00 00000000 0b69a2d7 cafebabe
0 1a 05 0 00 00000000 0e401381 21f27537
0 1b 04 0 00 00000000 7c12c864 d9c8bbb5
0 1c 03 0 00 00000000 36606553 f2d39ef8
0 1d 02 0 00 00000000 80000000 0a3537b2
0 1e 01 0 00 00000000 224384a3 5f484a1b
0 1f 00 0 00 00000000 591f7c18 00000000
0 01 10 1 00 be3e0814 5f484a1b e78db5d6
0 10 00 0 0a a9ae02dc e78db5d6 00000000
0 19 19 1 0d 636e0e77 0b69a2d7 0b69a2d7
0 17 13 1 0f dc2e7f5b 00000000 11cfe2cc
# --- read-back sweep ---
# i_rst i_rs1_raddr i_rs2_raddr i_rd_wen i_rd_waddr i_rd_wdata | o_rs1_rdata
#     o_rs2_rdata
0 00 1f 0 00 00000000 00000000 591f7c18
0 01 1e 0 00 00000000 5f484a1b 224384a3
0 02 1d 0 00 00000000 0a3537b2 80000000
0 03 1c 0 00 00000000 f2d39ef8 36606553
0 04 1b 0 00 00000000 d9c8bbb5 7c12c864
0 05 1a 0 00 00000000 21f27537 0e401381
0 06 19 0 00 00000000 cafebabe 0b69a2d7
0 07 18 0 00 00000000 7fffffff 9da0ee02
0 08 17 0 00 00000000 aa83a6a6 00000000
0 09 16 0 00 00000000 80000000 75140f13
0 0a 15 0 00 00000000 324ce37a c7681215
0 0b 14 0 00 00000000 df3d8bb2 00000001
0 0c 13 0 00 00000000 ea68bbd7 11cfe2cc
0 0d 12 0 00 00000000 636e0e77 8e99e40c
0 0e 11 0 00 00000000 7fffffff aaaaaaaa
0 0f 10 0 00 00000000 dc2e7f5b e78db5d6
0 10 0f 0 00 00000000 e78db5d6 dc2e7f5b
0 11 0e 0 00 00000000 aaaaaaaa 7fffffff
0 12 0d 0 00 00000000 8e99e40c 636e0e77
0 13 0c 0 00 00000000 11cfe2cc ea68bbd7
0 14 0b 0 00 00000000 00000001 df3d8bb2
0 15 0a 0 00 00000000 c7681215 324ce37a
0 16 09 0 00 00000000 75140f13 80000000
0 17 08 0 00 00000000 00000000 aa83a6a6
0 18 07 0 00 00000000 9da0ee02 7fffffff
0 19 06 0 00 00000000 0b69a2d7 cafebabe
0 1a 05 0 00 00000000 0e401381 21f27537
0 1b 04 0 00 00000000 7c12c864 d9c8bbb5
0 1c 03 0 00 00000000 36606553 f2d39ef8
0 1d 02 0 00 00000000 80000000 0a3537b2
0 1e 01 0 00 00000000 224384a3 5f484a1b
0 1f 00 0 00 00000000 591f7c18 00000000
0 0c 1c 0 12 436152aa ea68bbd7 36606553
0 04 04 1 04 9ff3d11c 9ff3d11c 9ff3d11c
0 11 08 0 13 51d2c2e9 aaaaaaaa aa83a6a6
0 0d 00 1 16 04a12c3c 636e0e77 00000000
0 11 02 0 08 cafebabe aaaaaaaa 0a3537b2
0 00 05 1 00 3e69c183 00000000 21f27537
0 0c 15 1 12 650872cb ea68bbd7 c7681215
0 1c 07 1 0f 791c22c4 36606553 7fffffff
0 10 0b 1 04 80000000 e78db5d6 df3d8bb2
0 10 1a 0 1d 041b3221 e78db5d6 0e401381
0 10 12 1 0c d687e7b1 e78db5d6 650872cb
0 13 15 1 13 40be0af2 40be0af2 c7681215
0 07 13 0 0e 2b7cc783 7fffffff 40be0af2
0 05 02 1 00 00000000 21f27537 0a3537b2
0 10 0a 1 0a 90369933 e78db5d6 90369933
0 16 1b 1 16 485d2e36 485d2e36 7c12c864
0 03 13 1 0a 00000001 f2d39ef8 40be0af2
0 0a 1d 1 0a 4b86ebfd 4b86ebfd 80000000
0 08 0d 1 18 62433235 aa83a6a6 636e0e77
0 02 1e 1 16 00000001 0a3537b2 224384a3
0 12 16 1 0a efa7fb57 650872cb 00000001
0 02 0e 0 00 7fffffff 0a3537b2 7fffffff
0 0f 0f 1 0f 3978a59a 3978a59a 3978a59a
0 11 05 1 05 80000000 aaaaaaaa 80000000
0 19 19 1 19 f2aa6cc6 f2aa6cc6 f2aa6cc6
# --- read-back sweep ---
# i_rst i_rs1_raddr i_rs2_raddr i_rd_wen i_rd_waddr i_rd_wdata | o_rs1_rdata
#     o_rs2_rdata
0 00 1f 0 00 00000000 00000000 591f7c18
0 01 1e 0 00 00000000 5f484a1b 224384a3
0 02 1d 0 00 00000000 0a3537b2 80000000
0 03 1c 0 00 00000000 f2d39ef8 36606553
0 04 1b 0 00 00000000 80000000 7c12c864
0 05 1a 0 00 00000000 80000000 0e401381
0 06 19 0 00 00000000 cafebabe f2aa6cc6
0 07 18 0 00 00000000 7fffffff 62433235
0 08 17 0 00 00000000 aa83a6a6 00000000
0 09 16 0 00 00000000 80000000 00000001
0 0a 15 0 00 00000000 efa7fb57 c7681215
0 0b 14 0 00 00000000 df3d8bb2 00000001
0 0c 13 0 00 00000000 d687e7b1 40be0af2
0 0d 12 0 00 00000000 636e0e77 650872cb
0 0e 11 0 00 00000000 7fffffff aaaaaaaa
0 0f 10 0 00 00000000 3978a59a e78db5d6
0 10 0f 0 00 00000000 e78db5d6 3978a59a
0 11 0e 0 00 00000000 aaaaaaaa 7fffffff
0 12 0d 0 00 00000000 650872cb 636e0e77
0 13 0c 0 00 00000000 40be0af2 d687e7b1
0 14 0b 0 00 00000000 00000001 df3d8bb2
0 15 0a 0 00 00000000 c7681215 efa7fb57
0 16 09 0 00 00000000 00000001 80000000
0 17 08 0 00 00000000 00000000 aa83a6a6
0 18 07 0 00 00000000 62433235 7fffffff
0 19 06 0 00 00000000 f2aa6cc6 cafebabe
0 1a 05 0 00 00000000 0e401381 80000000
0 1b 04 0 00 00000000 7c12c864 80000000
0 1c 03 0 00 00000000 36606553 f2d39ef8
0 1d 02 0 00 00000000 80000000 0a3537b2
0 1e 01 0 00 00000000 224384a3 5f484a1b
0 1f 00 0 00 00000000 591f7c18 00000000
# --- read-back sweep ---
# i_rst i_rs1_raddr i_rs2_raddr i_rd_wen i_rd_waddr i_rd_wdata | o_rs1_rdata
#     o_rs2_rdata
0 00 1f 0 00 00000000 00000000 591f7c18
0 01 1e 0 00 00000000 5f484a1b 224384a3
0 02 1d 0 00 00000000 0a3537b2 80000000
0 03 1c 0 00 00000000 f2d39ef8 36606553
0 04 1b 0 00 00000000 80000000 7c12c864
0 05 1a 0 00 00000000 80000000 0e401381
0 06 19 0 00 00000000 cafebabe f2aa6cc6
0 07 18 0 00 00000000 7fffffff 62433235
0 08 17 0 00 00000000 aa83a6a6 00000000
0 09 16 0 00 00000000 80000000 00000001
0 0a 15 0 00 00000000 efa7fb57 c7681215
0 0b 14 0 00 00000000 df3d8bb2 00000001
0 0c 13 0 00 00000000 d687e7b1 40be0af2
0 0d 12 0 00 00000000 636e0e77 650872cb
0 0e 11 0 00 00000000 7fffffff aaaaaaaa
0 0f 10 0 00 00000000 3978a59a e78db5d6
0 10 0f 0 00 00000000 e78db5d6 3978a59a
0 11 0e 0 00 00000000 aaaaaaaa 7fffffff
0 12 0d 0 00 00000000 650872cb 636e0e77
0 13 0c 0 00 00000000 40be0af2 d687e7b1
0 14 0b 0 00 00000000 00000001 df3d8bb2
0 15 0a 0 00 00000000 c7681215 efa7fb57
0 16 09 0 00 00000000 00000001 80000000
0 17 08 0 00 00000000 00000000 aa83a6a6
0 18 07 0 00 00000000 62433235 7fffffff
0 19 06 0 00 00000000 f2aa6cc6 cafebabe
0 1a 05 0 00 00000000 0e401381 80000000
0 1b 04 0 00 00000000 7c12c864 80000000
0 1c 03 0 00 00000000 36606553 f2d39ef8
0 1d 02 0 00 00000000 80000000 0a3537b2
0 1e 01 0 00 00000000 224384a3 5f484a1b
0 1f 00 0 00 00000000 591f7c18 00000000
0 0a 0f 1 0a 524670fa 524670fa 3978a59a
0 00 00 1 00 7cb55507 00000000 00000000
0 00 0a 1 0a 48e55f3d 00000000 48e55f3d
0 1b 11 0 10 7b44dae5 7c12c864 aaaaaaaa
0 1c 08 0 1c 9135faf3 36606553 aa83a6a6
0 1f 18 1 03 55555555 591f7c18 62433235
0 00 03 1 07 e59793f0 00000000 55555555
0 07 07 0 00 00000000 e59793f0 e59793f0
0 1b 0d 0 11 085b4148 7c12c864 636e0e77
0 09 13 1 0c 3a45a7d1 80000000 40be0af2
0 1b 17 1 15 fc118127 7c12c864 00000000
0 0d 0f 1 0f 3c39019b 636e0e77 3c39019b
0 0f 0a 0 18 49fe7907 3c39019b 48e55f3d
0 0a 1e 0 00 9e61570a 48e55f3d 224384a3
0 09 19 0 12 48b838c5 80000000 f2aa6cc6
0 1a 05 1 05 eb1290d0 0e401381 eb1290d0
0 1f 09 1 00 af8ed74d 591f7c18 80000000
0 1c 11 0 10 617ab1c6 36606553 aaaaaaaa
0 14 14 1 14 80000000 80000000 80000000
0 00 0a 0 02 0f4af354 00000000 48e55f3d
0 12 12 1 12 aaaaaaaa aaaaaaaa aaaaaaaa
0 1d 16 0 13 ffffffff 80000000 00000001
0 1d 0c 1 1d 55555555 55555555 3a45a7d1
0 12 10 1 00 deadbeef aaaaaaaa e78db5d6
0 11 00 1 1f 55555555 aaaaaaaa 00000000
0 1b 1b 1 1b c0677eca c0677eca c0677eca
0 05 00 1 00 2fb3a698 eb1290d0 00000000
0 00 00 1 00 45b3ad60 00000000 00000000
0 02 0a 0 1f b6df1907 0a3537b2 48e55f3d
0 11 10 1 1e 0699ada0 aaaaaaaa e78db5d6
0 10 07 1 02 3f2b9652 e78db5d6 e59793f0
0 0c 0c 0 12 973390e8 3a45a7d1 3a45a7d1
0 18 01 0 15 54813cc1 62433235 5f484a1b
0 1d 17 0 06 49fb0c7d 55555555 00000000
0 07 12 0 0c 19be99f5 e59793f0 aaaaaaaa
0 1d 00 1 1d 00000001 00000001 00000000
0 06 1a 0 1f c80386ba cafebabe 0e401381
0 16 16 1 16 3fa8508a 3fa8508a 3fa8508a
0 1f 1f 1 1f 2dd026e4 2dd026e4 2dd026e4
0 02 19 1 1f ffffffff 3f2b9652 f2aa6cc6
0 0f 00 0 1a 7e06f01f 3c39019b 00000000
0 00 09 0 0d ffffffff 00000000 80000000
0 19 03 0 03 58ad08ab f2aa6cc6 55555555
0 1f 16 1 1f fbc9a4c5 fbc9a4c5 3fa8508a
0 1e 06 0 01 46fb4676 0699ada0 cafebabe
0 00 14 1 00 0bef442f 00000000 80000000
0 02 06 0 16 66f050b1 3f2b9652 cafebabe
0 1a 16 0 17 37d0d69b 0e401381 3fa8508a
0 05 1e 1 19 4ddf8715 eb1290d0 0699ada0
0 14 0a 1 18 0000ffff 80000000 48e55f3d
0 00 1a 0 15 e647c70f 00000000 0e401381
0 0f 0e 1 03 0daee543 3c39019b 7fffffff
0 16 07 0 05 7e3dba1b 3fa8508a e59793f0
0 02 0c 1 00 150509ba 3f2b9652 3a45a7d1
0 13 17 0 08 84d50ddf 40be0af2 00000000
0 0b 0b 1 0b 4b78ee1f 4b78ee1f 4b78ee1f
0 00 17 1 00 2ab53683 00000000 00000000
0 15 1f 0 00 80000000 fc118127 fbc9a4c5
0 00 18 1 13 233dc898 00000000 0000ffff
0 14 15 0 1c cafebabe 80000000 fc118127
0 13 06 0 0e 7a5914aa 233dc898 cafebabe
0 0a 0c 1 19 5ca37fe1 48e55f3d 3a45a7d1
0 0b 07 0 00 ffffffff 4b78ee1f e59793f0
0 06 05 1 07 ce4a7c56 cafebabe eb1290d0
0 15 07 1 09 0d921d8a fc118127 ce4a7c56
0 09 05 1 12 0000ffff 0d921d8a eb1290d0
0 08 14 1 19 4d0eb3d5 aa83a6a6 80000000
0 1d 04 1 1f 27ad175b 00000001 80000000
0 18 0e 1 18 24ccd3cd 24ccd3cd 7fffffff
0 00 1d 1 1d a70881f0 00000000 a70881f0
0 0b 15 1 0b b9c59d11 b9c59d11 fc118127
0 13 15 0 0f 09a5e053 233dc898 fc118127
0 00 03 1 0c 157ef6b4 00000000 0daee543
0 0e 01 1 0c ffffffff 7fffffff 5f484a1b
0 05 12 0 00 beaec54c eb1290d0 0000ffff
0 03 1d 1 17 7f6ef063 0daee543 a70881f0
0 1b 0f 1 0f 92d831ec c0677eca 92d831ec
0 01 14 1 0a bfefeb3e 5f484a1b 80000000
0 1f 00 0 0a d8aa9f37 27ad175b 00000000
0 03 04 0 07 596205ff 0daee543 80000000
0 01 0f 0 1e ca7ec27a 5f484a1b 92d831ec
0 01 01 1 01 0fb09431 0fb09431 0fb09431
0 0e 11 1 0a cb28daa3 7fffffff aaaaaaaa
0 0c 0a 1 1c f55d9fd6 ffffffff cb28daa3
0 1f 07 0 1e ecb5706e 27ad175b ce4a7c56
0 0f 05 0 0d 0ea5040f 92d831ec eb1290d0
0 1d 14 1 10 4658f7fd a70881f0 80000000
0 07 0d 0 07 061582c8 ce4a7c56 636e0e77
0 04 02 0 0a 0000ffff 80000000 3f2b9652
0 03 15 1 19 7353f03c 0daee543 fc118127
0 15 1a 1 16 be5e4d0f fc118127 0e401381
0 1f 00 0 08 ed2df896 27ad175b 00000000
0 0f 02 1 08 df8dcc24 92d831ec 3f2b9652
0 1c 00 1 14 27b8bf82 f55d9fd6 00000000
0 1e 00 0 0a 6b769cee 0699ada0 00000000
0 06 1f 0 10 ffffffff cafebabe 27ad175b
0 0a 1b 1 0e 0a0360a1 cb28daa3 c0677eca
0 1e 1e 1 00 c98191cb 0699ada0 0699ada0
0 14 04 1 14 cb62118c cb62118c 80000000
0 1f 15 0 1d 1694ed58 27ad175b fc118127
0 1d 00 1 12 7c92dcb8 a70881f0 00000000
0 08 08 1 08 e932d45b e932d45b e932d45b
0 00 1d 1 00 0000ffff 00000000 a70881f0
0 03 1d 1 03 6d21ca9e 6d21ca9e a70881f0
0 19 02 0 15 0b7d1715 7353f03c 3f2b9652
0 0f 19 0 00 33c1f825 92d831ec 7353f03c
0 05 05 0 05 fc042cca eb1290d0 eb1290d0
0 05 05 0 00 00000000 eb1290d0 eb1290d0
0 14 1b 1 01 9da9c943 cb62118c c0677eca
0 1a 1d 1 1a 6d3c4d31 6d3c4d31 a70881f0
0 0a 0b 0 07 e6c66d8a cb28daa3 b9c59d11
0 1b 02 1 1b 39d32158 39d32158 3f2b9652
0 14 14 1 14 a9259c41 a9259c41 a9259c41
0 1c 00 1 1c b98c50a4 b98c50a4 00000000
0 1b 1b 0 1b 1439a426 39d32158 39d32158
0 1b 1b 0 00 00000000 39d32158 39d32158
0 04 11 0 0a e41579f4 80000000 aaaaaaaa
0 15 15 1 15 43fbd93b 43fbd93b 43fbd93b
0 03 18 1 03 6d279c79 6d279c79 24ccd3cd
0 1e 1b 1 0a 694ab249 0699ada0 39d32158
0 0a 0a 0 00 00000000 694ab249 694ab249
0 17 15 1 07 c283a0fe 7f6ef063 43fbd93b
0 17 17 0 17 9a0acf53 7f6ef063 7f6ef063
0 17 17 0 00 00000000 7f6ef063 7f6ef063
0 00 09 1 15 bd4e4ac0 00000000 0d921d8a
0 00 11 1 1f 2b351d21 00000000 aaaaaaaa
# --- read-back sweep ---
# i_rst i_rs1_raddr i_rs2_raddr i_rd_wen i_rd_waddr i_rd_wdata | o_rs1_rdata
#     o_rs2_rdata
0 00 1f 0 00 00000000 00000000 2b351d21
0 01 1e 0 00 00000000 9da9c943 0699ada0
0 02 1d 0 00 00000000 3f2b9652 a70881f0
0 03 1c 0 00 00000000 6d279c79 b98c50a4
0 04 1b 0 00 00000000 80000000 39d32158
0 05 1a 0 00 00000000 eb1290d0 6d3c4d31
0 06 19 0 00 00000000 cafebabe 7353f03c
0 07 18 0 00 00000000 c283a0fe 24ccd3cd
0 08 17 0 00 00000000 e932d45b 7f6ef063
0 09 16 0 00 00000000 0d921d8a be5e4d0f
0 0a 15 0 00 00000000 694ab249 bd4e4ac0
0 0b 14 0 00 00000000 b9c59d11 a9259c41
0 0c 13 0 00 00000000 ffffffff 233dc898
0 0d 12 0 00 00000000 636e0e77 7c92dcb8
0 0e 11 0 00 00000000 0a0360a1 aaaaaaaa
0 0f 10 0 00 00000000 92d831ec 4658f7fd
0 10 0f 0 00 00000000 4658f7fd 92d831ec
0 11 0e 0 00 00000000 aaaaaaaa 0a0360a1
0 12 0d 0 00 00000000 7c92dcb8 636e0e77
0 13 0c 0 00 00000000 233dc898 ffffffff
0 14 0b 0 00 00000000 a9259c41 b9c59d11
0 15 0a 0 00 00000000 bd4e4ac0 694ab249
0 16 09 0 00 00000000 be5e4d0f 0d921d8a
0 17 08 0 00 00000000 7f6ef063 e932d45b
0 18 07 0 00 00000000 24ccd3cd c283a0fe
0 19 06 0 00 00000000 7353f03c cafebabe
0 1a 05 0 00 00000000 6d3c4d31 eb1290d0
0 1b 04 0 00 00000000 39d32158 80000000
0 1c 03 0 00 00000000 b98c50a4 6d279c79
0 1d 02 0 00 00000000 a70881f0 3f2b9652
0 1e 01 0 00 00000000 0699ada0 9da9c943
0 1f 00 0 00 00000000 2b351d21 00000000
0 03 1e 1 00 9361715d 6d279c79 0699ada0
0 1c 03 1 1c 874e5bac 874e5bac 6d279c79
0 01 01 1 01 73dd6085 73dd6085 73dd6085
0 0c 1e 0 1d fd10cfab ffffffff 0699ada0
0 1f 08 1 1f 936e6821 936e6821 e932d45b
0 01 14 1 19 7719b158 73dd6085 a9259c41
0 18 18 1 18 7235cdc9 7235cdc9 7235cdc9
0 00 1d 1 04 4a3faec0 00000000 a70881f0
0 01 1a 0 11 214d0d5a 73dd6085 6d3c4d31
0 11 01 1 11 00000001 00000001 73dd6085
0 08 15 1 08 3c2d22c3 3c2d22c3 bd4e4ac0
0 01 1f 0 09 ffffffff 73dd6085 936e6821
0 0c 16 1 00 55555555 ffffffff be5e4d0f
# --- read-back sweep ---
# i_rst i_rs1_raddr i_rs2_raddr i_rd_wen i_rd_waddr i_rd_wdata | o_rs1_rdata
#     o_rs2_rdata
0 00 1f 0 00 00000000 00000000 936e6821
0 01 1e 0 00 00000000 73dd6085 0699ada0
0 02 1d 0 00 00000000 3f2b9652 a70881f0
0 03 1c 0 00 00000000 6d279c79 874e5bac
0 04 1b 0 00 00000000 4a3faec0 39d32158
0 05 1a 0 00 00000000 eb1290d0 6d3c4d31
0 06 19 0 00 00000000 cafebabe 7719b158
0 07 18 0 00 00000000 c283a0fe 7235cdc9
0 08 17 0 00 00000000 3c2d22c3 7f6ef063
0 09 16 0 00 00000000 0d921d8a be5e4d0f
0 0a 15 0 00 00000000 694ab249 bd4e4ac0
0 0b 14 0 00 00000000 b9c59d11 a9259c41
0 0c 13 0 00 00000000 ffffffff 233dc898
0 0d 12 0 00 00000000 636e0e77 7c92dcb8
0 0e 11 0 00 00000000 0a0360a1 00000001
0 0f 10 0 00 00000000 92d831ec 4658f7fd
0 10 0f 0 00 00000000 4658f7fd 92d831ec
0 11 0e 0 00 00000000 00000001 0a0360a1
0 12 0d 0 00 00000000 7c92dcb8 636e0e77
0 13 0c 0 00 00000000 233dc898 ffffffff
0 14 0b 0 00 00000000 a9259c41 b9c59d11
0 15 0a 0 00 00000000 bd4e4ac0 694ab249
0 16 09 0 00 00000000 be5e4d0f 0d921d8a
0 17 08 0 00 00000000 7f6ef063 3c2d22c3
0 18 07 0 00 00000000 7235cdc9 c283a0fe
0 19 06 0 00 00000000 7719b158 cafebabe
0 1a 05 0 00 00000000 6d3c4d31 eb1290d0
0 1b 04 0 00 00000000 39d32158 4a3faec0
0 1c 03 0 00 00000000 874e5bac 6d279c79
0 1d 02 0 00 00000000 a70881f0 3f2b9652
0 1e 01 0 00 00000000 0699ada0 73dd6085
0 1f 00 0 00 00000000 936e6821 00000000
0 1c 1a 1 17 0000ffff 874e5bac 6d3c4d31
0 00 1b 1 1b 80000000 00000000 80000000
0 0e 15 1 00 7bf28f6e 0a0360a1 bd4e4ac0
0 16 0b 1 03 1a652fcb be5e4d0f b9c59d11
0 06 01 1 06 eef1aa28 eef1aa28 73dd6085
0 0e 1d 1 10 f5745a79 0a0360a1 a70881f0
0 07 19 0 16 6ad0751f c283a0fe 7719b158
0 15 15 1 15 4cc9bb0b 4cc9bb0b 4cc9bb0b
0 0e 00 1 14 cafebabe 0a0360a1 00000000
0 00 00 1 00 c5d7df5c 00000000 00000000
0 12 12 1 12 be13f03b be13f03b be13f03b
0 1b 16 1 0e dde75642 80000000 be5e4d0f
0 0b 05 1 00 00000001 b9c59d11 eb1290d0
0 02 00 0 11 629cd008 3f2b9652 00000000
0 1b 08 1 01 58ec9a80 80000000 3c2d22c3
0 13 07 1 1c 00000000 233dc898 c283a0fe
0 11 11 1 02 989340d5 00000001 00000001
0 1f 09 1 1f 304ef07b 304ef07b 0d921d8a
0 0c 0c 1 0c ff3e7dc4 ff3e7dc4 ff3e7dc4
0 1d 13 1 0e 25aa7ebd a70881f0 233dc898
0 02 15 1 15 feda792e 989340d5 feda792e
0 1d 08 1 05 b64571ea a70881f0 3c2d22c3
0 05 05 0 00 00000000 b64571ea b64571ea
0 1c 1c 0 1c 0a813512 00000000 00000000
0 1c 1c 0 00 00000000 00000000 00000000
0 00 1c 1 1c b8d5abf4 00000000 b8d5abf4
0 12 02 1 1a cafebabe be13f03b 989340d5
0 00 00 0 06 55555555 00000000 00000000
0 1f 15 1 00 8c3d331f 304ef07b feda792e
0 0e 00 1 0e 8020129d 8020129d 00000000
0 16 0f 1 16 ffffffff ffffffff 92d831ec
0 0c 07 1 14 cafebabe ff3e7dc4 c283a0fe
0 14 11 1 16 497d6a45 cafebabe 00000001
0 05 00 1 05 2574d591 2574d591 00000000
0 02 02 1 1b fe6c2e9c 989340d5 989340d5
0 00 03 1 13 89d7ada8 00000000 1a652fcb
0 1e 1e 0 0d 548efe66 0699ada0 0699ada0
0 03 19 0 0d 9c14fb67 1a652fcb 7719b158
0 00 09 1 08 393821f9 00000000 0d921d8a
0 0b 13 1 08 e1b02c3b b9c59d11 89d7ada8
0 04 08 0 0a 00000000 4a3faec0 e1b02c3b
0 14 05 1 01 2158e0d4 cafebabe 2574d591
0 1e 0e 0 07 cafebabe 0699ada0 8020129d
0 07 00 1 19 2d6b053e c283a0fe 00000000
0 00 09 0 09 ffffffff 00000000 0d921d8a
0 18 07 0 00 8fab4735 7235cdc9 c283a0fe
0 17 11 0 00 1d1e0b0e 0000ffff 00000001
0 1a 0d 0 0b 48e9e4ab cafebabe 636e0e77
0 04 1c 1 15 55555555 4a3faec0 b8d5abf4
0 08 1c 0 0b aaaaaaaa e1b02c3b b8d5abf4
0 1d 19 1 14 7cd07e20 a70881f0 2d6b053e
0 14 14 0 00 00000000 7cd07e20 7cd07e20
0 0e 07 1 02 1ec8c6ab 8020129d c283a0fe
0 17 1b 1 1b 4080929b 0000ffff 4080929b
0 1e 1e 1 1e eec609ef eec609ef eec609ef
0 16 16 1 16 b62b82a1 b62b82a1 b62b82a1
0 1a 08 1 06 3b1b11c7 cafebabe e1b02c3b
0 05 05 1 05 00000001 00000001 00000001
0 00 18 1 0a e05cc3a0 00000000 7235cdc9
0 0d 09 1 07 8892e9e5 636e0e77 0d921d8a
0 00 15 1 00 c3972ad4 00000000 55555555
0 02 02 1 02 702f2af4 702f2af4 702f2af4
0 0c 1a 1 1a 0000ffff ff3e7dc4 0000ffff
0 19 16 0 18 d26ee9ee 2d6b053e b62b82a1
0 10 0d 0 0f 9711aaed f5745a79 636e0e77
0 01 0a 0 11 80000000 2158e0d4 e05cc3a0
0 1a 1a 1 1a b959dd36 b959dd36 b959dd36
0 1f 13 1 13 deadbeef 304ef07b deadbeef
0 00 1a 0 09 aaaaaaaa 00000000 b959dd36
0 17 05 0 04 a46f1735 0000ffff 00000001
0 17 00 0 0e 70541b7d 0000ffff 00000000
0 0b 0b 1 0b 7fd705b0 7fd705b0 7fd705b0
0 1a 06 1 06 fa7ccda1 b959dd36 fa7ccda1
0 1b 12 1 10 6f91ccc9 4080929b be13f03b
# --- read-back sweep ---
# i_rst i_rs1_raddr i_rs2_raddr i_rd_wen i_rd_waddr i_rd_wdata | o_rs1_rdata
#     o_rs2_rdata
0 00 1f 0 00 00000000 00000000 304ef07b
0 01 1e 0 00 00000000 2158e0d4 eec609ef
0 02 1d 0 00 00000000 702f2af4 a70881f0
0 03 1c 0 00 00000000 1a652fcb b8d5abf4
0 04 1b 0 00 00000000 4a3faec0 4080929b
0 05 1a 0 00 00000000 00000001 b959dd36
0 06 19 0 00 00000000 fa7ccda1 2d6b053e
0 07 18 0 00 00000000 8892e9e5 7235cdc9
0 08 17 0 00 00000000 e1b02c3b 0000ffff
0 09 16 0 00 00000000 0d921d8a b62b82a1
0 0a 15 0 00 00000000 e05cc3a0 55555555
0 0b 14 0 00 00000000 7fd705b0 7cd07e20
0 0c 13 0 00 00000000 ff3e7dc4 deadbeef
0 0d 12 0 00 00000000 636e0e77 be13f03b
0 0e 11 0 00 00000000 8020129d 00000001
0 0f 10 0 00 00000000 92d831ec 6f91ccc9
0 10 0f 0 00 00000000 6f91ccc9 92d831ec
0 11 0e 0 00 00000000 00000001 8020129d
0 12 0d 0 00 00000000 be13f03b 636e0e77
0 13 0c 0 00 00000000 deadbeef ff3e7dc4
0 14 0b 0 00 00000000 7cd07e20 7fd705b0
0 15 0a 0 00 00000000 55555555 e05cc3a0
0 16 09 0 00 00000000 b62b82a1 0d921d8a
0 17 08 0 00 00000000 0000ffff e1b02c3b
0 18 07 0 00 00000000 7235cdc9 8892e9e5
0 19 06 0 00 00000000 2d6b053e fa7ccda1
0 1a 05 0 00 00000000 b959dd36 00000001
0 1b 04 0 00 00000000 4080929b 4a3faec0
0 1c 03 0 00 00000000 b8d5abf4 1a652fcb
0 1d 02 0 00 00000000 a70881f0 702f2af4
0 1e 01 0 00 00000000 eec609ef 2158e0d4
0 1f 00 0 00 00000000 304ef07b 00000000
0 00 0b 1 06 169d4dff 00000000 7fd705b0
0 09 0f 1 01 aaaaaaaa 0d921d8a 92d831ec
0 0f 12 1 0f 64a862a0 64a862a0 be13f03b
0 00 0a 1 15 b9bd5031 00000000 e05cc3a0
0 00 00 1 00 4b17f199 00000000 00000000
0 09 1a 1 1a ca0db5b0 0d921d8a ca0db5b0
0 07 04 0 07 ac3fdb8c 8892e9e5 4a3faec0
0 04 1f 0 14 06435335 4a3faec0 304ef07b
0 17 17 1 17 0000ffff 0000ffff 0000ffff
0 11 17 1 01 4d7e5470 00000001 0000ffff
0 01 01 0 00 00000000 4d7e5470 4d7e5470
0 05 0a 1 0d e0bd337b 00000001 e05cc3a0
0 1c 07 0 11 7fffffff b8d5abf4 8892e9e5
0 09 00 1 16 deadbeef 0d921d8a 00000000
0 08 01 1 08 771351b0 771351b0 4d7e5470
0 0a 0b 0 04 deadbeef e05cc3a0 7fd705b0
0 0f 06 1 0f ec2afd75 ec2afd75 169d4dff
0 00 00 1 00 00000000 00000000 00000000
0 05 05 1 05 20a72412 20a72412 20a72412
0 13 0e 1 1a 81f0db94 deadbeef 8020129d
0 09 10 1 10 8ae39dd2 0d921d8a 8ae39dd2
0 08 11 1 15 cdba53d9 771351b0 00000001
0 15 15 0 00 00000000 cdba53d9 cdba53d9
0 18 00 1 18 deadbeef deadbeef 00000000
0 1c 05 1 1c 99bab206 99bab206 20a72412
0 00 0c 1 05 466dba5b 00000000 ff3e7dc4
0 12 0b 0 01 a5880aee be13f03b 7fd705b0
0 14 0f 0 03 8884719a 7cd07e20 ec2afd75
0 1a 1f 1 1d ffffffff 81f0db94 304ef07b
0 19 10 0 1e 89afa36c 2d6b053e 8ae39dd2
0 16 02 1 16 253d9ae4 253d9ae4 702f2af4
0 14 08 1 11 fb7d8444 7cd07e20 771351b0
0 15 18 1 1b 823f55e7 cdba53d9 deadbeef
0 1b 1b 0 00 00000000 823f55e7 823f55e7
0 0b 17 0 15 6afd773b 7fd705b0 0000ffff
0 0c 0c 1 1a 864a2f44 ff3e7dc4 ff3e7dc4
0 17 16 0 14 cafebabe 0000ffff 253d9ae4
0 01 0d 1 16 77f3c434 4d7e5470 e0bd337b
0 1c 02 0 12 0cb8cf8e 99bab206 702f2af4
0 12 12 1 12 c1df7b61 c1df7b61 c1df7b61
0 17 17 0 17 5494a58b 0000ffff 0000ffff
0 17 17 0 00 00000000 0000ffff 0000ffff
0 15 10 1 17 0000ffff cdba53d9 8ae39dd2
0 0a 0a 0 0a e6ad8ae5 e05cc3a0 e05cc3a0
0 0a 0a 0 00 00000000 e05cc3a0 e05cc3a0
0 0e 01 1 01 547a3452 8020129d 547a3452
0 0d 1a 1 0d c3ee90fa c3ee90fa 864a2f44
0 00 1f 1 03 d8af9bb4 00000000 304ef07b
0 00 15 0 1d 6007ff4a 00000000 cdba53d9
0 0a 04 1 0a ffffffff ffffffff 4a3faec0
# --- read-back sweep ---
# i_rst i_rs1_raddr i_rs2_raddr i_rd_wen i_rd_waddr i_rd_wdata | o_rs1_rdata
#     o_rs2_rdata
0 00 1f 0 00 00000000 00000000 304ef07b
0 01 1e 0 00 00000000 547a3452 eec609ef
0 02 1d 0 00 00000000 702f2af4 ffffffff
0 03 1c 0 00 00000000 d8af9bb4 99bab206
0 04 1b 0 00 00000000 4a3faec0 823f55e7
0 05 1a 0 00 00000000 466dba5b 864a2f44
0 06 19 0 00 00000000 169d4dff 2d6b053e
0 07 18 0 00 00000000 8892e9e5 deadbeef
0 08 17 0 00 00000000 771351b0 0000ffff
0 09 16 0 00 00000000 0d921d8a 77f3c434
0 0a 15 0 00 00000000 ffffffff cdba53d9
0 0b 14 0 00 00000000 7fd705b0 7cd07e20
0 0c 13 0 00 00000000 ff3e7dc4 deadbeef
0 0d 12 0 00 00000000 c3ee90fa c1df7b61
0 0e 11 0 00 00000000 8020129d fb7d8444
0 0f 10 0 00 00000000 ec2afd75 8ae39dd2
0 10 0f 0 00 00000000 8ae39dd2 ec2afd75
0 11 0e 0 00 00000000 fb7d8444 8020129d
0 12 0d 0 00 00000000 c1df7b61 c3ee90fa
0 13 0c 0 00 00000000 deadbeef ff3e7dc4
0 14 0b 0 00 00000000 7cd07e20 7fd705b0
0 15 0a 0 00 00000000 cdba53d9 ffffffff
0 16 09 0 00 00000000 77f3c434 0d921d8a
0 17 08 0 00 00000000 0000ffff 771351b0
0 18 07 0 00 00000000 deadbeef 8892e9e5
0 19 06 0 00 00000000 2d6b053e 169d4dff
0 1a 05 0 00 00000000 864a2f44 466dba5b
0 1b 04 0 00 00000000 823f55e7 4a3faec0
0 1c 03 0 00 00000000 99bab206 d8af9bb4
0 1d 02 0 00 00000000 ffffffff 702f2af4
0 1e 01 0 00 00000000 eec609ef 547a3452
0 1f 00 0 00 00000000 304ef07b 00000000
# --- read-back sweep ---
# i_rst i_rs1_raddr i_rs2_raddr i_rd_wen i_rd_waddr i_rd_wdata | o_rs1_rdata
#     o_rs2_rdata
0 00 1f 0 00 00000000 00000000 304ef07b
0 01 1e 0 00 00000000 547a3452 eec609ef
0 02 1d 0 00 00000000 702f2af4 ffffffff
0 03 1c 0 00 00000000 d8af9bb4 99bab206
0 04 1b 0 00 00000000 4a3faec0 823f55e7
0 05 1a 0 00 00000000 466dba5b 864a2f44
0 06 19 0 00 00000000 169d4dff 2d6b053e
0 07 18 0 00 00000000 8892e9e5 deadbeef
0 08 17 0 00 00000000 771351b0 0000ffff
0 09 16 0 00 00000000 0d921d8a 77f3c434
0 0a 15 0 00 00000000 ffffffff cdba53d9
0 0b 14 0 00 00000000 7fd705b0 7cd07e20
0 0c 13 0 00 00000000 ff3e7dc4 deadbeef
0 0d 12 0 00 00000000 c3ee90fa c1df7b61
0 0e 11 0 00 00000000 8020129d fb7d8444
0 0f 10 0 00 00000000 ec2afd75 8ae39dd2
0 10 0f 0 00 00000000 8ae39dd2 ec2afd75
0 11 0e 0 00 00000000 fb7d8444 8020129d
0 12 0d 0 00 00000000 c1df7b61 c3ee90fa
0 13 0c 0 00 00000000 deadbeef ff3e7dc4
0 14 0b 0 00 00000000 7cd07e20 7fd705b0
0 15 0a 0 00 00000000 cdba53d9 ffffffff
0 16 09 0 00 00000000 77f3c434 0d921d8a
0 17 08 0 00 00000000 0000ffff 771351b0
0 18 07 0 00 00000000 deadbeef 8892e9e5
0 19 06 0 00 00000000 2d6b053e 169d4dff
0 1a 05 0 00 00000000 864a2f44 466dba5b
0 1b 04 0 00 00000000 823f55e7 4a3faec0
0 1c 03 0 00 00000000 99bab206 d8af9bb4
0 1d 02 0 00 00000000 ffffffff 702f2af4
0 1e 01 0 00 00000000 eec609ef 547a3452
0 1f 00 0 00 00000000 304ef07b 00000000
0 1a 0c 1 0c 69a25f17 864a2f44 69a25f17
0 15 17 1 00 60033d8a cdba53d9 0000ffff
0 1c 07 0 16 c3fa327e 99bab206 8892e9e5
0 05 1c 0 0f db9b3edf 466dba5b 99bab206
0 16 00 0 02 14260626 77f3c434 00000000
0 04 00 1 04 ea3e12ee ea3e12ee 00000000
0 00 00 1 00 24f466e7 00000000 00000000
0 12 12 1 12 99f22dbd 99f22dbd 99f22dbd
0 00 04 0 05 55555555 00000000 ea3e12ee
# --- read-back sweep ---
# i_rst i_rs1_raddr i_rs2_raddr i_rd_wen i_rd_waddr i_rd_wdata | o_rs1_rdata
#     o_rs2_rdata
0 00 1f 0 00 00000000 00000000 304ef07b
0 01 1e 0 00 00000000 547a3452 eec609ef
0 02 1d 0 00 00000000 702f2af4 ffffffff
0 03 1c 0 00 00000000 d8af9bb4 99bab206
0 04 1b 0 00 00000000 ea3e12ee 823f55e7
0 05 1a 0 00 00000000 466dba5b 864a2f44
0 06 19 0 00 00000000 169d4dff 2d6b053e
0 07 18 0 00 00000000 8892e9e5 deadbeef
0 08 17 0 00 00000000 771351b0 0000ffff
0 09 16 0 00 00000000 0d921d8a 77f3c434
0 0a 15 0 00 00000000 ffffffff cdba53d9
0 0b 14 0 00 00000000 7fd705b0 7cd07e20
0 0c 13 0 00 00000000 69a25f17 deadbeef
0 0d 12 0 00 00000000 c3ee90fa 99f22dbd
0 0e 11 0 00 00000000 8020129d fb7d8444
0 0f 10 0 00 00000000 ec2afd75 8ae39dd2
0 10 0f 0 00 00000000 8ae39dd2 ec2afd75
0 11 0e 0 00 00000000 fb7d8444 8020129d
0 12 0d 0 00 00000000 99f22dbd c3ee90fa
0 13 0c 0 00 00000000 deadbeef 69a25f17
0 14 0b 0 00 00000000 7cd07e20 7fd705b0
0 15 0a 0 00 00000000 cdba53d9 ffffffff
0 16 09 0 00 00000000 77f3c434 0d921d8a
0 17 08 0 00 00000000 0000ffff 771351b0
0 18 07 0 00 00000000 deadbeef 8892e9e5
0 19 06 0 00 00000000 2d6b053e 169d4dff
0 1a 05 0 00 00000000 864a2f44 466dba5b
0 1b 04 0 00 00000000 823f55e7 ea3e12ee
0 1c 03 0 00 00000000 99bab206 d8af9bb4
0 1d 02 0 00 00000000 ffffffff 702f2af4
0 1e 01 0 00 00000000 eec609ef 547a3452
0 1f 00 0 00 00000000 304ef07b 00000000
0 02 00 1 1d 4b559d8a 702f2af4 00000000
0 00 0a 1 17 2691ab0f 00000000 ffffffff
0 1b 18 0 00 6edd8743 823f55e7 deadbeef
0 1c 00 1 0c 9dd1cc89 99bab206 00000000
0 0e 09 1 0a 69ad285f 8020129d 0d921d8a
0 06 00 1 0b 59b602cf 169d4dff 00000000
0 1d 1d 1 1d 52af5f63 52af5f63 52af5f63
0 08 09 0 19 5c856785 771351b0 0d921d8a
0 13 18 0 12 4b0acea3 deadbeef deadbeef
0 01 01 0 0f 556ba4a2 547a3452 547a3452
0 00 00 1 00 cb87ee64 00000000 00000000
0 1c 0a 1 0d e7ec975a 99bab206 69ad285f
0 08 0d 0 15 7fffffff 771351b0 e7ec975a
0 09 04 1 07 195e7020 0d921d8a ea3e12ee
0 1f 07 1 0e 5c5a427b 304ef07b 195e7020
0 12 12 1 00 09ae8462 99f22dbd 99f22dbd
0 0c 0e 0 00 dd911240 9dd1cc89 5c5a427b
# --- read-back sweep ---
# i_rst i_rs1_raddr i_rs2_raddr i_rd_wen i_rd_waddr i_rd_wdata | o_rs1_rdata
#     o_rs2_rdata
0 00 1f 0 00 00000000 00000000 304ef07b
0 01 1e 0 00 00000000 547a3452 eec609ef
0 02 1d 0 00 00000000 702f2af4 52af5f63
0 03 1c 0 00 00000000 d8af9bb4 99bab206
0 04 1b 0 00 00000000 ea3e12ee 823f55e7
0 05 1a 0 00 00000000 466dba5b 864a2f44
0 06 19 0 00 00000000 169d4dff 2d6b053e
0 07 18 0 00 00000000 195e7020 deadbeef
0 08 17 0 00 00000000 771351b0 2691ab0f
0 09 16 0 00 00000000 0d921d8a 77f3c434
0 0a 15 0 00 00000000 69ad285f cdba53d9
0 0b 14 0 00 00000000 59b602cf 7cd07e20
0 0c 13 0 00 00000000 9dd1cc89 deadbeef
0 0d 12 0 00 00000000 e7ec975a 99f22dbd
0 0e 11 0 00 00000000 5c5a427b fb7d8444
0 0f 10 0 00 00000000 ec2afd75 8ae39dd2
0 10 0f 0 00 00000000 8ae39dd2 ec2afd75
0 11 0e 0 00 00000000 fb7d8444 5c5a427b
0 12 0d 0 00 00000000 99f22dbd e7ec975a
0 13 0c 0 00 00000000 deadbeef 9dd1cc89
0 14 0b 0 00 00000000 7cd07e20 59b602cf
0 15 0a 0 00 00000000 cdba53d9 69ad285f
0 16 09 0 00 00000000 77f3c434 0d921d8a
0 17 08 0 00 00000000 2691ab0f 771351b0
0 18 07 0 00 00000000 deadbeef 195e7020
0 19 06 0 00 00000000 2d6b053e 169d4dff
0 1a 05 0 00 00000000 864a2f44 466dba5b
0 1b 04 0 00 00000000 823f55e7 ea3e12ee
0 1c 03 0 00 00000000 99bab206 d8af9bb4
0 1d 02 0 00 00000000 52af5f63 702f2af4
0 1e 01 0 00 00000000 eec609ef 547a3452
0 1f 00 0 00 00000000 304ef07b 00000000
0 0c 1b 0 0c cafebabe 9dd1cc89 823f55e7
0 04 09 0 1e 00000000 ea3e12ee 0d921d8a
0 10 02 0 0c 554a169f 8ae39dd2 702f2af4
0 0c 01 1 0b e9ae8ec3 9dd1cc89 547a3452
0 1b 0d 1 12 cfe8d718 823f55e7 e7ec975a
0 12 12 0 00 00000000 cfe8d718 cfe8d718
0 1a 06 1 1a 7fffffff 7fffffff 169d4dff
0 0d 07 1 08 80004fec e7ec975a 195e7020
0 19 0c 0 03 aaaaaaaa 2d6b053e 9dd1cc89
0 1a 0f 1 0b d7477907 7fffffff ec2afd75
0 1b 06 1 00 3dba8d52 823f55e7 169d4dff
0 1d 00 1 16 aad7854a 52af5f63 00000000
0 16 16 0 00 00000000 aad7854a aad7854a
0 1b 0f 1 11 57b0c9b0 823f55e7 ec2afd75
0 00 00 1 00 b77125b5 00000000 00000000
0 04 00 1 1c 75921230 ea3e12ee 00000000
0 1c 12 1 16 00000000 75921230 cfe8d718
0 0b 0a 1 0b 518c31a2 518c31a2 69ad285f
0 0a 00 1 00 b7fd9434 69ad285f 00000000
0 12 14 0 0a 105753f2 cfe8d718 7cd07e20
0 14 13 1 06 8e0964bc 7cd07e20 deadbeef
0 11 16 1 0b 001b176b 57b0c9b0 00000000
0 12 17 0 10 b553332e cfe8d718 2691ab0f
0 03 03 1 03 a82ad766 a82ad766 a82ad766
0 0f 03 1 00 9dd72f57 ec2afd75 a82ad766
0 1d 05 1 17 55555555 52af5f63 466dba5b
0 04 04 1 04 cafebabe cafebabe cafebabe
0 00 00 1 00 2439b06f 00000000 00000000
0 0e 12 0 18 7fffffff 5c5a427b cfe8d718
0 13 13 1 13 8cbe1a60 8cbe1a60 8cbe1a60
0 02 00 1 0c 530de0e6 702f2af4 00000000
0 11 02 1 09 8970a81d 57b0c9b0 702f2af4
0 0b 18 1 0c ffffffff 001b176b deadbeef
0 19 04 0 00 c62dc920 2d6b053e cafebabe
0 16 16 1 16 5fbf9315 5fbf9315 5fbf9315
0 0b 00 0 11 b43d4c40 001b176b 00000000
0 12 05 0 0d 1ab6bac9 cfe8d718 466dba5b
0 0f 08 1 14 00000001 ec2afd75 80004fec
0 0a 0a 1 0a aaaaaaaa aaaaaaaa aaaaaaaa
# --- read-back sweep ---
# i_rst i_rs1_raddr i_rs2_raddr i_rd_wen i_rd_waddr i_rd_wdata | o_rs1_rdata
#     o_rs2_rdata
0 00 1f 0 00 00000000 00000000 304ef07b
0 01 1e 0 00 00000000 547a3452 eec609ef
0 02 1d 0 00 00000000 702f2af4 52af5f63
0 03 1c 0 00 00000000 a82ad766 75921230
0 04 1b 0 00 00000000 cafebabe 823f55e7
0 05 1a 0 00 00000000 466dba5b 7fffffff
0 06 19 0 00 00000000 8e0964bc 2d6b053e
0 07 18 0 00 00000000 195e7020 deadbeef
0 08 17 0 00 00000000 80004fec 55555555
0 09 16 0 00 00000000 8970a81d 5fbf9315
0 0a 15 0 00 00000000 aaaaaaaa cdba53d9
0 0b 14 0 00 00000000 001b176b 00000001
0 0c 13 0 00 00000000 ffffffff 8cbe1a60
0 0d 12 0 00 00000000 e7ec975a cfe8d718
0 0e 11 0 00 00000000 5c5a427b 57b0c9b0
0 0f 10 0 00 00000000 ec2afd75 8ae39dd2
0 10 0f 0 00 00000000 8ae39dd2 ec2afd75
0 11 0e 0 00 00000000 57b0c9b0 5c5a427b
0 12 0d 0 00 00000000 cfe8d718 e7ec975a
0 13 0c 0 00 00000000 8cbe1a60 ffffffff
0 14 0b 0 00 00000000 00000001 001b176b
0 15 0a 0 00 00000000 cdba53d9 aaaaaaaa
0 16 09 0 00 00000000 5fbf9315 8970a81d
0 17 08 0 00 00000000 55555555 80004fec
0 18 07 0 00 00000000 deadbeef 195e7020
0 19 06 0 00 00000000 2d6b053e 8e0964bc
0 1a 05 0 00 00000000 7fffffff 466dba5b
0 1b 04 0 00 00000000 823f55e7 cafebabe
0 1c 03 0 00 00000000 75921230 a82ad766
0 1d 02 0 00 00000000 52af5f63 702f2af4
0 1e 01 0 00 00000000 eec609ef 547a3452
0 1f 00 0 00 00000000 304ef07b 00000000
0 1d 04 1 1c 1df052f8 52af5f63 cafebabe
0 16 16 1 16 93647a13 93647a13 93647a13
0 0f 10 0 0b 7fffffff ec2afd75 8ae39dd2
0 16 00 1 1b cafebabe 93647a13 00000000
0 01 1e 1 1f 790c38d1 547a3452 eec609ef
0 1d 1a 1 09 6ae2222c 52af5f63 7fffffff
0 0e 14 0 1d 00000000 5c5a427b 00000001
0 14 14 1 14 1cb5dce7 1cb5dce7 1cb5dce7
0 02 0f 0 18 e7e0264f 702f2af4 ec2afd75
0 08 1c 1 1d b47a2ded 80004fec 1df052f8
0 06 0a 1 01 205890d5 8e0964bc aaaaaaaa
0 05 0c 0 03 5cc29568 466dba5b ffffffff
0 02 06 1 10 ebbd85e8 702f2af4 8e0964bc
0 09 19 1 13 00000001 6ae2222c 2d6b053e
0 06 0d 1 0b 02aeae2e 8e0964bc e7ec975a
0 1d 1d 0 1d 5a8b2215 b47a2ded b47a2ded
0 1d 1d 0 00 00000000 b47a2ded b47a2ded
0 0c 11 0 16 fbe73681 ffffffff 57b0c9b0
0 02 03 1 02 c7607ab9 c7607ab9 a82ad766
0 1d 1a 1 10 a35b2ec1 b47a2ded 7fffffff
0 0e 0e 1 0e 10493594 10493594 10493594
0 0e 12 1 08 c9f0a717 10493594 cfe8d718
0 07 07 0 07 64ff0fa4 195e7020 195e7020
0 07 07 0 00 00000000 195e7020 195e7020
0 0d 02 0 0a cafebabe e7ec975a c7607ab9
0 1b 09 1 1c 55555555 cafebabe 6ae2222c
0 06 01 0 00 d508a97c 8e0964bc 205890d5
0 0a 11 1 1b 7ae9ee83 aaaaaaaa 57b0c9b0
0 03 06 1 14 dc9cbc6f a82ad766 8e0964bc
0 1a 1d 1 1a fdaa0809 fdaa0809 b47a2ded
0 19 10 1 00 6a91f146 2d6b053e a35b2ec1
0 06 18 1 17 aaaaaaaa 8e0964bc deadbeef
0 15 02 1 15 1715c345 1715c345 c7607ab9
0 1a 0d 1 07 00000000 fdaa0809 e7ec975a
0 0d 15 0 0a 00000001 e7ec975a 1715c345
# --- read-back sweep ---
# i_rst i_rs1_raddr i_rs2_raddr i_rd_wen i_rd_waddr i_rd_wdata | o_rs1_rdata
#     o_rs2_rdata
0 00 1f 0 00 00000000 00000000 790c38d1
0 01 1e 0 00 00000000 205890d5 eec609ef
0 02 1d 0 00 00000000 c7607ab9 b47a2ded
0 03 1c 0 00 00000000 a82ad766 55555555
0 04 1b 0 00 00000000 cafebabe 7ae9ee83
0 05 1a 0 00 00000000 466dba5b fdaa0809
0 06 19 0 00 00000000 8e0964bc 2d6b053e
0 07 18 0 00 00000000 00000000 deadbeef
0 08 17 0 00 00000000 c9f0a717 aaaaaaaa
0 09 16 0 00 00000000 6ae2222c 93647a13
0 0a 15 0 00 00000000 aaaaaaaa 1715c345
0 0b 14 0 00 00000000 02aeae2e dc9cbc6f
0 0c 13 0 00 00000000 ffffffff 00000001
0 0d 12 0 00 00000000 e7ec975a cfe8d718
0 0e 11 0 00 00000000 10493594 57b0c9b0
0 0f 10 0 00 00000000 ec2afd75 a35b2ec1
0 10 0f 0 00 00000000 a35b2ec1 ec2afd75
0 11 0e 0 00 00000000 57b0c9b0 10493594
0 12 0d 0 00 00000000 cfe8d718 e7ec975a
0 13 0c 0 00 00000000 00000001 ffffffff
0 14 0b 0 00 00000000 dc9cbc6f 02aeae2e
0 15 0a 0 00 00000000 1715c345 aaaaaaaa
0 16 09 0 00 00000000 93647a13 6ae2222c
0 17 08 0 00 00000000 aaaaaaaa c9f0a717
0 18 07 0 00 00000000 deadbeef 00000000
0 19 06 0 00 00000000 2d6b053e 8e0964bc
0 1a 05 0 00 00000000 fdaa0809 466dba5b
0 1b 04 0 00 00000000 7ae9ee83 cafebabe
0 1c 03 0 00 00000000 55555555 a82ad766
0 1d 02 0 00 00000000 b47a2ded c7607ab9
0 1e 01 0 00 00000000 eec609ef 205890d5
0 1f 00 0 00 00000000 790c38d1 00000000
0 1b 04 1 1a 55555555 7ae9ee83 cafebabe
0 07 19 0 00 18cd12cb 00000000 2d6b053e
0 09 0b 1 02 bd71686e 6ae2222c 02aeae2e
0 1c 0d 0 16 778e149d 55555555 e7ec975a
0 12 14 1 12 8ebfdbf4 8ebfdbf4 dc9cbc6f
0 00 07 1 00 58b49347 00000000 00000000
0 07 01 1 07 641951ca 641951ca 205890d5
0 0b 14 0 15 c494eea5 02aeae2e dc9cbc6f
0 05 0e 1 1d fa441b55 466dba5b 10493594
0 0b 0e 1 1b 2b42cb34 02aeae2e 10493594
0 1b 18 1 1d 3c83b6ed 2b42cb34 deadbeef
0 0e 1a 1 05 b516ef2f 10493594 55555555
0 15 0f 1 1d ccaff3b7 1715c345 ec2afd75
0 1d 1d 0 00 00000000 ccaff3b7 ccaff3b7
0 08 17 1 01 de75e487 c9f0a717 aaaaaaaa
0 14 14 1 14 cafebabe cafebabe cafebabe
0 1d 12 0 09 fea46d48 ccaff3b7 8ebfdbf4
0 0a 1c 0 08 c023199d aaaaaaaa 55555555
0 00 05 1 10 7459a398 00000000 b516ef2f
0 14 14 1 04 00000001 cafebabe cafebabe
0 0f 10 0 16 7fffffff ec2afd75 7459a398
0 12 0b 0 1c c2e71cef 8ebfdbf4 02aeae2e
0 1c 1e 0 1c 0000ffff 55555555 eec609ef
0 12 12 0 0c c8ca94b7 8ebfdbf4 8ebfdbf4
0 16 17 0 09 493a55e8 93647a13 aaaaaaaa
0 18 18 0 18 15d2fb04 deadbeef deadbeef
0 18 18 0 00 00000000 deadbeef deadbeef
0 1e 18 1 0e 8b535012 eec609ef deadbeef
0 06 06 1 06 d210a2e9 d210a2e9 d210a2e9
0 0a 0c 0 05 ece0e625 aaaaaaaa ffffffff
0 04 04 1 04 00000001 00000001 00000001
0 08 0a 1 13 3ecb1949 c9f0a717 aaaaaaaa
0 15 19 1 0d 77114430 1715c345 2d6b053e
0 0d 0d 0 00 00000000 77114430 77114430
0 02 11 1 11 cd501424 bd71686e cd501424
0 0e 12 1 03 00000000 8b535012 8ebfdbf4
0 0f 0f 1 0f aaaaaaaa aaaaaaaa aaaaaaaa
0 15 1b 1 19 aaaaaaaa 1715c345 2b42cb34
0 0d 12 0 1f 90adc6f1 77114430 8ebfdbf4
0 00 1d 1 05 45382cb6 00000000 ccaff3b7
0 00 02 1 00 c71807c0 00000000 bd71686e
0 16 1f 0 09 b0660162 93647a13 790c38d1
0 09 01 1 1e 6d8044e5 6ae2222c de75e487
0 0d 1d 1 1d deadbeef 77114430 deadbeef
0 14 0c 1 14 0000ffff 0000ffff ffffffff
0 01 01 1 01 03e2a51c 03e2a51c 03e2a51c
0 18 18 0 18 242de6ff deadbeef deadbeef
0 18 18 0 00 00000000 deadbeef deadbeef
0 0b 17 0 1f cafebabe 02aeae2e aaaaaaaa
0 16 08 1 01 a16c09dd 93647a13 c9f0a717
0 03 1d 1 00 ef918e3f 00000000 deadbeef
0 0a 14 1 19 f003de87 aaaaaaaa 0000ffff
0 00 01 1 00 0000ffff 00000000 a16c09dd
0 17 08 0 1f 0aa5b9b7 aaaaaaaa c9f0a717
0 0b 01 0 19 0e243e8f 02aeae2e a16c09dd
0 17 18 1 17 0000ffff 0000ffff deadbeef
0 15 10 1 13 51994ebd 1715c345 7459a398
0 18 08 1 00 c1fc70e9 deadbeef c9f0a717
0 18 12 1 12 c020a155 deadbeef c020a155
0 13 11 0 0f 92f3dd26 51994ebd cd501424
0 08 15 1 1c 7fffffff c9f0a717 1715c345
0 12 04 1 1c fa0501f6 c020a155 00000001
0 1c 1c 0 00 00000000 fa0501f6 fa0501f6
0 04 04 1 04 7fffffff 7fffffff 7fffffff
0 10 1d 1 1e ef4b4727 7459a398 deadbeef
0 1e 1e 0 00 00000000 ef4b4727 ef4b4727
0 0c 00 1 17 4e143371 ffffffff 00000000
0 0b 0b 1 0b 00000001 00000001 00000001
0 00 08 1 1a ffffffff 00000000 c9f0a717
0 00 1e 1 0f ad43babc 00000000 ef4b4727
0 1b 1d 0 05 d2688cfd 2b42cb34 deadbeef
0 07 16 0 00 4c252a22 641951ca 93647a13
0 0f 0f 1 0f 0acb95fa 0acb95fa 0acb95fa
0 03 0e 1 00 c91a90cb 00000000 8b535012
0 0a 0f 0 05 a1b2c528 aaaaaaaa 0acb95fa
0 1f 0c 1 04 2db9de89 790c38d1 ffffffff
0 05 11 1 0f e9b2b39b 45382cb6 cd501424
0 0b 1c 0 1d 19f39964 00000001 fa0501f6
0 16 09 1 02 3e3de1c7 93647a13 6ae2222c
0 13 19 1 00 df275e5a 51994ebd f003de87
0 19 19 0 19 ae2559ef f003de87 f003de87
0 19 19 0 00 00000000 f003de87 f003de87
0 07 00 1 0b 47be43ef 641951ca 00000000
0 0b 0b 0 00 00000000 47be43ef 47be43ef
0 1e 1e 0 0f cb4f1eaf ef4b4727 ef4b4727
0 14 0a 0 0e c625a341 0000ffff aaaaaaaa
0 1f 00 0 1b 80000000 790c38d1 00000000
0 02 00 1 0a d86c9eff 3e3de1c7 00000000
0 02 02 1 02 cafebabe cafebabe cafebabe
0 1d 03 0 08 09c45717 deadbeef 00000000
0 1a 1a 0 1a 4750d9b1 ffffffff ffffffff
0 1a 1a 0 00 00000000 ffffffff ffffffff
0 0e 0e 0 0e b9b61b55 8b535012 8b535012
0 0e 0e 0 00 00000000 8b535012 8b535012
0 16 15 1 15 8ab443e3 93647a13 8ab443e3
0 0b 1d 0 16 2bf4ee2c 47be43ef deadbeef
0 01 1a 1 03 7c692a4b a16c09dd ffffffff
0 1f 0e 0 17 cafebabe 790c38d1 8b535012
0 11 00 1 17 1b3f5053 cd501424 00000000
0 0e 17 0 00 9a1ec30b 8b535012 1b3f5053
0 0b 0b 0 0b e87f952d 47be43ef 47be43ef
0 0b 0b 0 00 00000000 47be43ef 47be43ef
0 0c 07 0 15 00000001 ffffffff 641951ca
0 01 0b 0 12 5d189eaf a16c09dd 47be43ef
0 06 10 1 19 dc213783 d210a2e9 7459a398
0 1a 01 1 0f 8a30fc64 ffffffff a16c09dd
0 0f 0f 0 00 00000000 8a30fc64 8a30fc64
0 14 15 0 05 00000000 0000ffff 8ab443e3
0 07 10 0 11 00000001 641951ca 7459a398
0 01 01 1 01 89f719ce 89f719ce 89f719ce
0 10 11 0 00 ecf951f9 7459a398 cd501424
0 05 08 1 02 b288fc24 45382cb6 c9f0a717
0 00 1a 1 02 84148ba3 00000000 ffffffff
0 10 03 0 11 717ca621 7459a398 7c692a4b
0 01 01 1 01 deadbeef deadbeef deadbeef
0 08 08 0 08 e70a61b1 c9f0a717 c9f0a717
0 08 08 0 00 00000000 c9f0a717 c9f0a717
0 19 19 1 19 2832024f 2832024f 2832024f
0 16 11 1 01 80000000 93647a13 cd501424
0 1e 1b 0 09 bc1d1f97 ef4b4727 2b42cb34
0 05 0e 1 1f 00000000 45382cb6 8b535012
0 15 15 1 12 00000000 8ab443e3 8ab443e3
0 17 1c 1 17 aaaaaaaa aaaaaaaa fa0501f6
0 07 03 0 05 aabf16f9 641951ca 7c692a4b
0 00 11 1 0e 5ef8a4fa 00000000 cd501424
0 11 17 1 09 ffffffff cd501424 aaaaaaaa
0 03 03 1 0d 177680e5 7c692a4b 7c692a4b
0 01 01 1 01 65f15297 65f15297 65f15297
0 0c 1f 1 0d cafebabe ffffffff 00000000
0 1f 0e 1 0e 306b378b 00000000 306b378b
0 00 00 1 00 5d513b78 00000000 00000000
0 01 1f 1 11 626be7dc 65f15297 00000000
0 17 1a 0 10 96f899c7 aaaaaaaa ffffffff
0 00 1b 1 0a 3669b04a 00000000 2b42cb34
0 0e 15 1 06 f51dc28c 306b378b 8ab443e3
0 06 06 0 00 00000000 f51dc28c f51dc28c
0 14 14 1 09 a7729e7a 0000ffff 0000ffff
0 0b 1d 1 1a 627b019c 47be43ef deadbeef
0 02 16 1 00 1a90ff2f 84148ba3 93647a13
0 0d 1f 1 1a dd614ed9 cafebabe 00000000
0 11 14 0 1e 9bcc50ec 626be7dc 0000ffff
0 1e 08 1 10 cbac19db ef4b4727 c9f0a717
0 14 00 0 0c 39f3011c 0000ffff 00000000
0 12 1b 1 00 8a0f29e2 00000000 2b42cb34
0 02 00 1 00 cc38998b 84148ba3 00000000
0 0e 08 1 14 3be2f879 306b378b c9f0a717
0 14 14 0 00 00000000 3be2f879 3be2f879
0 05 16 1 0d ce88ee2a 45382cb6 93647a13
0 1c 10 1 13 e35f753b fa0501f6 cbac19db
0 18 1a 0 15 f114a775 deadbeef dd614ed9
0 16 04 0 07 2b8eeef5 93647a13 2db9de89
0 11 0c 1 13 9c8df0ec 626be7dc ffffffff
0 0d 07 1 07 55555555 ce88ee2a 55555555
0 14 1e 1 1e fd6e7230 3be2f879 fd6e7230
0 15 06 1 02 00000001 8ab443e3 f51dc28c
0 1f 07 1 1f d6c5d78d d6c5d78d 55555555
0 00 12 0 1b 886f0c5a 00000000 00000000
0 0f 0b 1 14 1b27c449 8a30fc64 47be43ef
0 1e 1b 1 08 4ac18cb6 fd6e7230 2b42cb34
0 08 08 0 00 00000000 4ac18cb6 4ac18cb6
0 07 03 1 10 ff488a9b 55555555 7c692a4b
0 15 05 1 12 94bc9fe8 8ab443e3 45382cb6
0 00 00 1 00 bbed5c90 00000000 00000000
0 03 19 0 02 7fffffff 7c692a4b 2832024f
0 14 0e 1 00 fe63a958 1b27c449 306b378b
0 05 04 1 04 8e9969e9 45382cb6 8e9969e9
0 01 00 1 01 13779cc4 13779cc4 00000000
0 1d 05 0 0a fb93645f deadbeef 45382cb6
0 17 05 1 1c 0568170c aaaaaaaa 45382cb6
0 1f 05 1 1f 0000ffff 0000ffff 45382cb6
# --- read-back sweep ---
# i_rst i_rs1_raddr i_rs2_raddr i_rd_wen i_rd_waddr i_rd_wdata | o_rs1_rdata
#     o_rs2_rdata
0 00 1f 0 00 00000000 00000000 0000ffff
0 01 1e 0 00 00000000 13779cc4 fd6e7230
0 02 1d 0 00 00000000 00000001 deadbeef
0 03 1c 0 00 00000000 7c692a4b 0568170c
0 04 1b 0 00 00000000 8e9969e9 2b42cb34
0 05 1a 0 00 00000000 45382cb6 dd614ed9
0 06 19 0 00 00000000 f51dc28c 2832024f
0 07 18 0 00 00000000 55555555 deadbeef
0 08 17 0 00 00000000 4ac18cb6 aaaaaaaa
0 09 16 0 00 00000000 a7729e7a 93647a13
0 0a 15 0 00 00000000 3669b04a 8ab443e3
0 0b 14 0 00 00000000 47be43ef 1b27c449
0 0c 13 0 00 00000000 ffffffff 9c8df0ec
0 0d 12 0 00 00000000 ce88ee2a 94bc9fe8
0 0e 11 0 00 00000000 306b378b 626be7dc
0 0f 10 0 00 00000000 8a30fc64 ff488a9b
0 10 0f 0 00 00000000 ff488a9b 8a30fc64
0 11 0e 0 00 00000000 626be7dc 306b378b
0 12 0d 0 00 00000000 94bc9fe8 ce88ee2a
0 13 0c 0 00 00000000 9c8df0ec ffffffff
0 14 0b 0 00 00000000 1b27c449 47be43ef
0 15 0a 0 00 00000000 8ab443e3 3669b04a
0 16 09 0 00 00000000 93647a13 a7729e7a
0 17 08 0 00 00000000 aaaaaaaa 4ac18cb6
0 18 07 0 00 00000000 deadbeef 55555555
0 19 06 0 00 00000000 2832024f f51dc28c
0 1a 05 0 00 00000000 dd614ed9 45382cb6
0 1b 04 0 00 00000000 2b42cb34 8e9969e9
0 1c 03 0 00 00000000 0568170c 7c692a4b
0 1d 02 0 00 00000000 deadbeef 00000001
0 1e 01 0 00 00000000 fd6e7230 13779cc4
0 1f 00 0 00 00000000 0000ffff 00000000
0 1d 1d 1 1d f1923bd1 f1923bd1 f1923bd1
0 1e 10 1 04 2cc5dafe fd6e7230 ff488a9b
0 06 16 1 08 98a39b00 f51dc28c 93647a13
0 08 08 0 00 00000000 98a39b00 98a39b00
0 14 0d 1 06 7fffffff 1b27c449 ce88ee2a
0 02 1b 0 1d c6745dbf 00000001 2b42cb34
0 03 14 0 1e 80000000 7c692a4b 1b27c449
0 1f 18 1 0d c9df3ba0 0000ffff deadbeef
0 0e 0e 1 0e 169a0f85 169a0f85 169a0f85
0 0d 07 1 18 00841f62 c9df3ba0 55555555
0 04 19 1 0d acae17fc 2cc5dafe 2832024f
0 13 1d 1 10 9ae8b088 9c8df0ec f1923bd1
0 07 0c 1 0f 1973cc60 55555555 ffffffff
0 05 12 0 08 55555555 45382cb6 94bc9fe8
0 08 1a 0 00 82781f3e 98a39b00 dd614ed9
0 00 00 1 00 31fe5b49 00000000 00000000
0 09 06 1 09 205cadd4 205cadd4 7fffffff
0 0e 11 1 17 b2feb990 169a0f85 626be7dc
0 0a 02 1 16 74a9103f 3669b04a 00000001
0 00 05 0 1e e9acb06b 00000000 45382cb6
0 07 0b 1 0b 5d5cc074 55555555 5d5cc074
# --- read-back sweep ---
# i_rst i_rs1_raddr i_rs2_raddr i_rd_wen i_rd_waddr i_rd_wdata | o_rs1_rdata
#     o_rs2_rdata
0 00 1f 0 00 00000000 00000000 0000ffff
0 01 1e 0 00 00000000 13779cc4 fd6e7230
0 02 1d 0 00 00000000 00000001 f1923bd1
0 03 1c 0 00 00000000 7c692a4b 0568170c
0 04 1b 0 00 00000000 2cc5dafe 2b42cb34
0 05 1a 0 00 00000000 45382cb6 dd614ed9
0 06 19 0 00 00000000 7fffffff 2832024f
0 07 18 0 00 00000000 55555555 00841f62
0 08 17 0 00 00000000 98a39b00 b2feb990
0 09 16 0 00 00000000 205cadd4 74a9103f
0 0a 15 0 00 00000000 3669b04a 8ab443e3
0 0b 14 0 00 00000000 5d5cc074 1b27c449
0 0c 13 0 00 00000000 ffffffff 9c8df0ec
0 0d 12 0 00 00000000 acae17fc 94bc9fe8
0 0e 11 0 00 00000000 169a0f85 626be7dc
0 0f 10 0 00 00000000 1973cc60 9ae8b088
0 10 0f 0 00 00000000 9ae8b088 1973cc60
0 11 0e 0 00 00000000 626be7dc 169a0f85
0 12 0d 0 00 00000000 94bc9fe8 acae17fc
0 13 0c 0 00 00000000 9c8df0ec ffffffff
0 14 0b 0 00 00000000 1b27c449 5d5cc074
0 15 0a 0 00 00000000 8ab443e3 3669b04a
0 16 09 0 00 00000000 74a9103f 205cadd4
0 17 08 0 00 00000000 b2feb990 98a39b00
0 18 07 0 00 00000000 00841f62 55555555
0 19 06 0 00 00000000 2832024f 7fffffff
0 1a 05 0 00 00000000 dd614ed9 45382cb6
0 1b 04 0 00 00000000 2b42cb34 2cc5dafe
0 1c 03 0 00 00000000 0568170c 7c692a4b
0 1d 02 0 00 00000000 f1923bd1 00000001
0 1e 01 0 00 00000000 fd6e7230 13779cc4
0 1f 00 0 00 00000000 0000ffff 00000000
0 12 12 1 12 00000001 00000001 00000001
0 1a 14 1 10 d6810b54 dd614ed9 1b27c449
0 13 00 1 00 c33d83b9 9c8df0ec 00000000
0 15 00 1 18 1ae7d091 8ab443e3 00000000
0 17 1a 0 00 0000ffff b2feb990 dd614ed9
0 09 01 0 0e cafebabe 205cadd4 13779cc4
0 09 18 1 0b 0000ffff 205cadd4 1ae7d091
0 05 17 0 05 ffffffff 45382cb6 b2feb990
0 1d 1d 1 1d df7074e4 df7074e4 df7074e4
0 17 1a 0 12 cd59a516 b2feb990 dd614ed9
0 10 0b 1 09 11baf489 d6810b54 0000ffff
0 1b 03 1 03 e69dd0f6 2b42cb34 e69dd0f6
0 16 16 1 0f 1b0e0658 74a9103f 74a9103f
0 0f 0f 0 00 00000000 1b0e0658 1b0e0658
0 10 00 1 10 a7449cad a7449cad 00000000
0 03 07 0 0e fe13fc86 e69dd0f6 55555555
0 00 0f 1 0f 80000000 00000000 80000000
0 08 12 1 09 55555555 98a39b00 00000001
0 00 00 0 00 5e2ce5bf 00000000 00000000
0 04 04 1 04 48918d77 48918d77 48918d77
0 1e 19 1 09 e7dcb0d9 fd6e7230 2832024f
0 1f 11 1 19 ffc23b73 0000ffff 626be7dc
0 00 07 0 0b 00000001 00000000 55555555
0 14 05 1 14 875d3da4 875d3da4 45382cb6
0 0d 01 1 04 1cd88e36 acae17fc 13779cc4
0 0e 0e 1 0e 0c35ee65 0c35ee65 0c35ee65
0 09 1e 1 13 2c02e28f e7dcb0d9 fd6e7230
0 19 15 1 1a 5dec4da7 ffc23b73 8ab443e3
0 00 16 1 11 6e757ed2 00000000 74a9103f
0 1e 06 0 10 ffffffff fd6e7230 7fffffff
0 0a 0a 0 0a 9ebd7978 3669b04a 3669b04a
0 0a 0a 0 00 00000000 3669b04a 3669b04a
0 00 1c 0 10 deadbeef 00000000 0568170c
0 13 12 1 12 e8a383bf 2c02e28f e8a383bf
0 06 15 1 0d 5d8c69bd 7fffffff 8ab443e3
0 1c 10 1 1c 5566d345 5566d345 a7449cad
0 0d 0d 0 0d 78f31420 5d8c69bd 5d8c69bd
0 0d 0d 0 00 00000000 5d8c69bd 5d8c69bd
0 0e 0e 1 1c 1cef9e83 0c35ee65 0c35ee65
0 06 00 1 06 7e1b10a6 7e1b10a6 00000000
0 00 04 1 00 43e2ccb5 00000000 1cd88e36
0 1e 18 1 13 ec1cf825 fd6e7230 1ae7d091
0 19 00 0 1c 55555555 ffc23b73 00000000
0 0e 03 1 12 70edf3ae 0c35ee65 e69dd0f6
0 03 00 0 11 ffffffff e69dd0f6 00000000
0 11 0c 0 19 00000000 6e757ed2 ffffffff
0 07 14 1 1a bd54cdae 55555555 875d3da4
0 12 00 0 0d 00000001 70edf3ae 00000000
0 14 09 0 1d 00000000 875d3da4 e7dcb0d9
0 09 18 0 1a cb1155d7 e7dcb0d9 1ae7d091
0 05 0c 1 01 7556ada1 45382cb6 ffffffff
0 17 14 1 10 6b4a8be1 b2feb990 875d3da4
0 1c 01 1 1f 4980c8e2 1cef9e83 7556ada1
0 10 1c 0 1d 16b7dbcb 6b4a8be1 1cef9e83
0 0c 0b 1 0b 7aea9c38 ffffffff 7aea9c38
0 00 19 0 16 00000001 00000000 ffc23b73
0 08 0c 0 00 bbae2e56 98a39b00 ffffffff
0 1f 12 1 1f 45226cdc 45226cdc 70edf3ae
0 19 1e 0 1a bc634b8b ffc23b73 fd6e7230
0 05 1f 1 08 05e69a2c 45382cb6 45226cdc
0 06 1f 1 08 00000000 7e1b10a6 45226cdc
0 02 10 0 0a 7fffffff 00000001 6b4a8be1
0 10 12 0 0d 5cef98cc 6b4a8be1 70edf3ae
0 13 13 1 13 ef943ab0 ef943ab0 ef943ab0
0 0f 0b 0 1d eb48bcb0 80000000 7aea9c38
0 00 0f 1 19 244134bb 00000000 80000000
0 19 19 0 00 00000000 244134bb 244134bb
0 00 13 1 00 f152e691 00000000 ef943ab0
0 16 16 0 16 0996828f 74a9103f 74a9103f
0 16 16 0 00 00000000 74a9103f 74a9103f
0 0b 0b 1 0b cafebabe cafebabe cafebabe
0 0b 11 0 04 94504f27 cafebabe 6e757ed2
0 11 11 1 11 773006f6 773006f6 773006f6
0 06 07 0 00 93818c61 7e1b10a6 55555555
0 1b 01 0 1a 0eba3aa8 2b42cb34 7556ada1
0 16 12 1 0c e36a1964 74a9103f 70edf3ae
0 0b 1d 1 17 7fffffff cafebabe df7074e4
0 0e 0d 1 14 cafebabe 0c35ee65 5d8c69bd
0 12 1b 1 1b bf1424c7 70edf3ae bf1424c7
0 1b 1b 0 00 00000000 bf1424c7 bf1424c7
0 09 02 1 07 781d81ee e7dcb0d9 00000001
0 0b 03 0 18 4a858b81 cafebabe e69dd0f6
0 0c 04 1 09 37b83a24 e36a1964 1cd88e36
0 05 0f 1 1c 2528fcce 45382cb6 80000000
0 02 17 0 15 3ce4ebef 00000001 7fffffff
0 05 05 1 05 c72185c6 c72185c6 c72185c6
0 06 1b 1 14 155d5bff 7e1b10a6 bf1424c7
0 18 00 1 00 cafebabe 1ae7d091 00000000
0 16 1c 1 16 24989e3a 24989e3a 2528fcce
0 1d 01 1 01 3d8efdc9 df7074e4 3d8efdc9
0 0b 0b 0 0b 9b0b9fe5 cafebabe cafebabe
0 0b 0b 0 00 00000000 cafebabe cafebabe
0 0c 0d 1 0c 00000001 00000001 5d8c69bd
0 03 18 1 05 65f79293 e69dd0f6 1ae7d091
0 1c 1f 1 06 af09d18b 2528fcce 45226cdc
0 11 0f 1 00 ce3dee94 773006f6 80000000
0 14 17 1 01 91d2fe9a 155d5bff 7fffffff
0 15 12 1 1a 80000000 8ab443e3 70edf3ae
0 14 0d 1 0a 8ec43d03 155d5bff 5d8c69bd
# --- read-back sweep ---
# i_rst i_rs1_raddr i_rs2_raddr i_rd_wen i_rd_waddr i_rd_wdata | o_rs1_rdata
#     o_rs2_rdata
0 00 1f 0 00 00000000 00000000 45226cdc
0 01 1e 0 00 00000000 91d2fe9a fd6e7230
0 02 1d 0 00 00000000 00000001 df7074e4
0 03 1c 0 00 00000000 e69dd0f6 2528fcce
0 04 1b 0 00 00000000 1cd88e36 bf1424c7
0 05 1a 0 00 00000000 65f79293 80000000
0 06 19 0 00 00000000 af09d18b 244134bb
0 07 18 0 00 00000000 781d81ee 1ae7d091
0 08 17 0 00 00000000 00000000 7fffffff
0 09 16 0 00 00000000 37b83a24 24989e3a
0 0a 15 0 00 00000000 8ec43d03 8ab443e3
0 0b 14 0 00 00000000 cafebabe 155d5bff
0 0c 13 0 00 00000000 00000001 ef943ab0
0 0d 12 0 00 00000000 5d8c69bd 70edf3ae
0 0e 11 0 00 00000000 0c35ee65 773006f6
0 0f 10 0 00 00000000 80000000 6b4a8be1
0 10 0f 0 00 00000000 6b4a8be1 80000000
0 11 0e 0 00 00000000 773006f6 0c35ee65
0 12 0d 0 00 00000000 70edf3ae 5d8c69bd
0 13 0c 0 00 00000000 ef943ab0 00000001
0 14 0b 0 00 00000000 155d5bff cafebabe
0 15 0a 0 00 00000000 8ab443e3 8ec43d03
0 16 09 0 00 00000000 24989e3a 37b83a24
0 17 08 0 00 00000000 7fffffff 00000000
0 18 07 0 00 00000000 1ae7d091 781d81ee
0 19 06 0 00 00000000 244134bb af09d18b
0 1a 05 0 00 00000000 80000000 65f79293
0 1b 04 0 00 00000000 bf1424c7 1cd88e36
0 1c 03 0 00 00000000 2528fcce e69dd0f6
0 1d 02 0 00 00000000 df7074e4 00000001
0 1e 01 0 00 00000000 fd6e7230 91d2fe9a
0 1f 00 0 00 00000000 45226cdc 00000000
0 12 12 1 12 631b7d9e 631b7d9e 631b7d9e
0 1a 14 1 10 01af3ecf 80000000 155d5bff
0 1e 01 0 02 baf34706 fd6e7230 91d2fe9a
0 1f 1e 1 01 363d6579 45226cdc fd6e7230
0 1c 01 1 1c 654f4970 654f4970 363d6579
0 05 00 1 00 aaaaaaaa 65f79293 00000000
0 0f 0e 1 00 61f9a7b2 80000000 0c35ee65
0 16 0f 1 0e fbff5959 24989e3a 80000000
0 06 06 1 06 eada01f7 eada01f7 eada01f7
0 0d 1c 1 06 55555555 5d8c69bd 654f4970
0 1e 1e 1 16 609cbfdc fd6e7230 fd6e7230
0 16 16 0 00 00000000 609cbfdc 609cbfdc
0 1f 1f 1 1f 8eba8858 8eba8858 8eba8858
0 00 09 1 11 a3c7fbe6 00000000 37b83a24
0 13 0c 1 03 4bc0db53 ef943ab0 00000001
0 19 03 1 1b 86680d51 244134bb 4bc0db53
0 01 0c 1 12 cafebabe 363d6579 00000001
0 00 0c 0 00 cef983fd 00000000 00000001
0 05 19 1 04 fddc1897 65f79293 244134bb
0 13 0d 0 1f b636dbc9 ef943ab0 5d8c69bd
0 13 19 1 0e 46b6f0f4 ef943ab0 244134bb
0 0b 0b 1 0b deadbeef deadbeef deadbeef
0 0d 03 0 04 cb7cacc5 5d8c69bd 4bc0db53
0 15 15 1 15 8c31aa4e 8c31aa4e 8c31aa4e
0 1e 09 0 00 ec144659 fd6e7230 37b83a24
0 1f 0d 1 1f 16b509a2 16b509a2 5d8c69bd
0 00 02 0 09 13831fa6 00000000 00000001
0 00 1b 1 00 876b7fc3 00000000 86680d51
0 0e 1e 0 02 319386bc 46b6f0f4 fd6e7230
0 03 06 1 06 deadbeef 4bc0db53 deadbeef
0 06 0f 0 19 7262e018 deadbeef 80000000
0 02 02 1 02 cafebabe cafebabe cafebabe
0 0c 06 1 09 00000000 00000001 deadbeef
0 12 0e 1 0c 6aae8b02 cafebabe 46b6f0f4
0 13 1b 0 09 d62f31e9 ef943ab0 86680d51
0 00 1b 1 17 6bd3c77b 00000000 86680d51
0 01 18 1 11 a94c7799 363d6579 1ae7d091
0 00 13 1 13 56c1b51c 00000000 56c1b51c
0 10 00 0 16 a80c6caf 01af3ecf 00000000
0 00 11 1 0e 2a3da3d4 00000000 a94c7799
# --- read-back sweep ---
# i_rst i_rs1_raddr i_rs2_raddr i_rd_wen i_rd_waddr i_rd_wdata | o_rs1_rdata
#     o_rs2_rdata
0 00 1f 0 00 00000000 00000000 16b509a2
0 01 1e 0 00 00000000 363d6579 fd6e7230
0 02 1d 0 00 00000000 cafebabe df7074e4
0 03 1c 0 00 00000000 4bc0db53 654f4970
0 04 1b 0 00 00000000 fddc1897 86680d51
0 05 1a 0 00 00000000 65f79293 80000000
0 06 19 0 00 00000000 deadbeef 244134bb
0 07 18 0 00 00000000 781d81ee 1ae7d091
0 08 17 0 00 00000000 00000000 6bd3c77b
0 09 16 0 00 00000000 00000000 609cbfdc
0 0a 15 0 00 00000000 8ec43d03 8c31aa4e
0 0b 14 0 00 00000000 deadbeef 155d5bff
0 0c 13 0 00 00000000 6aae8b02 56c1b51c
0 0d 12 0 00 00000000 5d8c69bd cafebabe
0 0e 11 0 00 00000000 2a3da3d4 a94c7799
0 0f 10 0 00 00000000 80000000 01af3ecf
0 10 0f 0 00 00000000 01af3ecf 80000000
0 11 0e 0 00 00000000 a94c7799 2a3da3d4
0 12 0d 0 00 00000000 cafebabe 5d8c69bd
0 13 0c 0 00 00000000 56c1b51c 6aae8b02
0 14 0b 0 00 00000000 155d5bff deadbeef
0 15 0a 0 00 00000000 8c31aa4e 8ec43d03
0 16 09 0 00 00000000 609cbfdc 00000000
0 17 08 0 00 00000000 6bd3c77b 00000000
0 18 07 0 00 00000000 1ae7d091 781d81ee
0 19 06 0 00 00000000 244134bb deadbeef
0 1a 05 0 00 00000000 80000000 65f79293
0 1b 04 0 00 00000000 86680d51 fddc1897
0 1c 03 0 00 00000000 654f4970 4bc0db53
0 1d 02 0 00 00000000 df7074e4 cafebabe
0 1e 01 0 00 00000000 fd6e7230 363d6579
0 1f 00 0 00 00000000 16b509a2 00000000
0 04 01 0 14 eb2d472d fddc1897 363d6579
0 1b 1b 1 12 606c7d4a 86680d51 86680d51
0 03 1a 1 10 cafebabe 4bc0db53 80000000
0 13 0b 1 17 217c4f81 56c1b51c deadbeef
# --- read-back sweep ---
# i_rst i_rs1_raddr i_rs2_raddr i_rd_wen i_rd_waddr i_rd_wdata | o_rs1_rdata
#     o_rs2_rdata
0 00 1f 0 00 00000000 00000000 16b509a2
0 01 1e 0 00 00000000 363d6579 fd6e7230
0 02 1d 0 00 00000000 cafebabe df7074e4
0 03 1c 0 00 00000000 4bc0db53 654f4970
0 04 1b 0 00 00000000 fddc1897 86680d51
0 05 1a 0 00 00000000 65f79293 80000000
0 06 19 0 00 00000000 deadbeef 244134bb
0 07 18 0 00 00000000 781d81ee 1ae7d091
0 08 17 0 00 00000000 00000000 217c4f81
0 09 16 0 00 00000000 00000000 609cbfdc
0 0a 15 0 00 00000000 8ec43d03 8c31aa4e
0 0b 14 0 00 00000000 deadbeef 155d5bff
0 0c 13 0 00 00000000 6aae8b02 56c1b51c
0 0d 12 0 00 00000000 5d8c69bd 606c7d4a
0 0e 11 0 00 00000000 2a3da3d4 a94c7799
0 0f 10 0 00 00000000 80000000 cafebabe
0 10 0f 0 00 00000000 cafebabe 80000000
0 11 0e 0 00 00000000 a94c7799 2a3da3d4
0 12 0d 0 00 00000000 606c7d4a 5d8c69bd
0 13 0c 0 00 00000000 56c1b51c 6aae8b02
0 14 0b 0 00 00000000 155d5bff deadbeef
0 15 0a 0 00 00000000 8c31aa4e 8ec43d03
0 16 09 0 00 00000000 609cbfdc 00000000
0 17 08 0 00 00000000 217c4f81 00000000
0 18 07 0 00 00000000 1ae7d091 781d81ee
0 19 06 0 00 00000000 244134bb deadbeef
0 1a 05 0 00 00000000 80000000 65f79293
0 1b 04 0 00 00000000 86680d51 fddc1897
0 1c 03 0 00 00000000 654f4970 4bc0db53
0 1d 02 0 00 00000000 df7074e4 cafebabe
0 1e 01 0 00 00000000 fd6e7230 363d6579
0 1f 00 0 00 00000000 16b509a2 00000000
0 00 16 1 16 3b9a70dc 00000000 3b9a70dc
0 17 17 1 17 5741b795 5741b795 5741b795
0 12 1d 0 15 a3aa260a 606c7d4a df7074e4
0 03 10 1 03 4c8dd747 4c8dd747 cafebabe
0 11 11 1 00 80000000 a94c7799 a94c7799
0 1f 04 1 00 0174fb77 16b509a2 fddc1897
0 0f 12 1 17 5b8c9fec 80000000 606c7d4a
0 1c 0b 1 1d 66d1b43b 654f4970 deadbeef
0 0f 00 0 0b b909d6a6 80000000 00000000
0 1f 1a 1 09 215e167d 16b509a2 80000000
0 0b 0a 0 0f 55555555 deadbeef 8ec43d03
0 00 15 1 00 9b779baa 00000000 8c31aa4e
# --- read-back sweep ---
# i_rst i_rs1_raddr i_rs2_raddr i_rd_wen i_rd_waddr i_rd_wdata | o_rs1_rdata
#     o_rs2_rdata
0 00 1f 0 00 00000000 00000000 16b509a2
0 01 1e 0 00 00000000 363d6579 fd6e7230
0 02 1d 0 00 00000000 cafebabe 66d1b43b
0 03 1c 0 00 00000000 4c8dd747 654f4970
0 04 1b 0 00 00000000 fddc1897 86680d51
0 05 1a 0 00 00000000 65f79293 80000000
0 06 19 0 00 00000000 deadbeef 244134bb
0 07 18 0 00 00000000 781d81ee 1ae7d091
0 08 17 0 00 00000000 00000000 5b8c9fec
0 09 16 0 00 00000000 215e167d 3b9a70dc
0 0a 15 0 00 00000000 8ec43d03 8c31aa4e
0 0b 14 0 00 00000000 deadbeef 155d5bff
0 0c 13 0 00 00000000 6aae8b02 56c1b51c
0 0d 12 0 00 00000000 5d8c69bd 606c7d4a
0 0e 11 0 00 00000000 2a3da3d4 a94c7799
0 0f 10 0 00 00000000 80000000 cafebabe
0 10 0f 0 00 00000000 cafebabe 80000000
0 11 0e 0 00 00000000 a94c7799 2a3da3d4
0 12 0d 0 00 00000000 606c7d4a 5d8c69bd
0 13 0c 0 00 00000000 56c1b51c 6aae8b02
0 14 0b 0 00 00000000 155d5bff deadbeef
0 15 0a 0 00 00000000 8c31aa4e 8ec43d03
0 16 09 0 00 00000000 3b9a70dc 215e167d
0 17 08 0 00 00000000 5b8c9fec 00000000
0 18 07 0 00 00000000 1ae7d091 781d81ee
0 19 06 0 00 00000000 244134bb deadbeef
0 1a 05 0 00 00000000 80000000 65f79293
0 1b 04 0 00 00000000 86680d51 fddc1897
0 1c 03 0 00 00000000 654f4970 4c8dd747
0 1d 02 0 00 00000000 66d1b43b cafebabe
0 1e 01 0 00 00000000 fd6e7230 363d6579
0 1f 00 0 00 00000000 16b509a2 00000000
0 1e 10 0 03 09c5828d fd6e7230 cafebabe
0 19 15 1 0c 3a4e6610 244134bb 8c31aa4e
0 10 1a 1 10 b9c4b423 b9c4b423 80000000
0 04 13 1 04 00000000 00000000 56c1b51c
0 17 1c 1 17 00000000 00000000 654f4970
0 12 03 0 1c deadbeef 606c7d4a 4c8dd747
0 08 13 0 0b aaaaaaaa 00000000 56c1b51c
# --- read-back sweep ---
# i_rst i_rs1_raddr i_rs2_raddr i_rd_wen i_rd_waddr i_rd_wdata | o_rs1_rdata
#     o_rs2_rdata
0 00 1f 0 00 00000000 00000000 16b509a2
0 01 1e 0 00 00000000 363d6579 fd6e7230
0 02 1d 0 00 00000000 cafebabe 66d1b43b
0 03 1c 0 00 00000000 4c8dd747 654f4970
0 04 1b 0 00 00000000 00000000 86680d51
0 05 1a 0 00 00000000 65f79293 80000000
0 06 19 0 00 00000000 deadbeef 244134bb
0 07 18 0 00 00000000 781d81ee 1ae7d091
0 08 17 0 00 00000000 00000000 00000000
0 09 16 0 00 00000000 215e167d 3b9a70dc
0 0a 15 0 00 00000000 8ec43d03 8c31aa4e
0 0b 14 0 00 00000000 deadbeef 155d5bff
0 0c 13 0 00 00000000 3a4e6610 56c1b51c
0 0d 12 0 00 00000000 5d8c69bd 606c7d4a
0 0e 11 0 00 00000000 2a3da3d4 a94c7799
0 0f 10 0 00 00000000 80000000 b9c4b423
0 10 0f 0 00 00000000 b9c4b423 80000000
0 11 0e 0 00 00000000 a94c7799 2a3da3d4
0 12 0d 0 00 00000000 606c7d4a 5d8c69bd
0 13 0c 0 00 00000000 56c1b51c 3a4e6610
0 14 0b 0 00 00000000 155d5bff deadbeef
0 15 0a 0 00 00000000 8c31aa4e 8ec43d03
0 16 09 0 00 00000000 3b9a70dc 215e167d
0 17 08 0 00 00000000 00000000 00000000
0 18 07 0 00 00000000 1ae7d091 781d81ee
0 19 06 0 00 00000000 244134bb deadbeef
0 1a 05 0 00 00000000 80000000 65f79293
0 1b 04 0 00 00000000 86680d51 00000000
0 1c 03 0 00 00000000 654f4970 4c8dd747
0 1d 02 0 00 00000000 66d1b43b cafebabe
0 1e 01 0 00 00000000 fd6e7230 363d6579
0 1f 00 0 00 00000000 16b509a2 00000000
0 1f 17 1 00 ece9bcbb 16b509a2 00000000
0 16 1d 1 09 aaaaaaaa 3b9a70dc 66d1b43b
0 07 0d 1 07 2602b9fb 2602b9fb 5d8c69bd
0 03 02 1 06 6bc57eb6 4c8dd747 cafebabe
0 06 06 0 00 00000000 6bc57eb6 6bc57eb6
0 03 03 0 03 4dcbb707 4c8dd747 4c8dd747
0 03 03 0 00 00000000 4c8dd747 4c8dd747
0 1a 1e 1 17 aaaaaaaa 80000000 fd6e7230
0 0c 0c 1 0c b21f86d3 b21f86d3 b21f86d3
0 1e 00 1 02 52d8f56e fd6e7230 00000000
0 14 14 1 14 96cb79c7 96cb79c7 96cb79c7
0 10 07 1 1f aaaaaaaa b9c4b423 2602b9fb
0 19 09 0 14 aaaaaaaa 244134bb aaaaaaaa
0 0a 0a 0 0a 31a4ee7e 8ec43d03 8ec43d03
0 0a 0a 0 00 00000000 8ec43d03 8ec43d03
0 00 1d 1 13 2057f7a7 00000000 66d1b43b
0 19 1d 1 01 99740904 244134bb 66d1b43b
0 1e 1e 1 1e 37cfeabb 37cfeabb 37cfeabb
0 06 00 1 05 3a1816c0 6bc57eb6 00000000
0 1a 1a 1 1a cc5effc3 cc5effc3 cc5effc3
0 01 1e 0 11 5fd2799c 99740904 37cfeabb
0 17 1b 0 18 802daef5 aaaaaaaa 86680d51
0 03 18 1 01 ffffffff 4c8dd747 1ae7d091
0 0e 17 1 1c deadbeef 2a3da3d4 aaaaaaaa
0 04 16 0 12 ee411319 00000000 3b9a70dc
0 1e 0e 1 1e e5442a4c e5442a4c 2a3da3d4
0 08 13 0 0a 98dbd7e2 00000000 2057f7a7
0 14 14 1 14 924aafb7 924aafb7 924aafb7
0 1a 19 1 0b c02baf9a cc5effc3 244134bb
0 07 04 0 0b 858c92ab 2602b9fb 00000000
0 1c 1b 1 05 00000001 deadbeef 86680d51
0 0f 0f 1 0f 81e45d4a 81e45d4a 81e45d4a
0 1e 15 1 1e a047b6ed a047b6ed 8c31aa4e
0 03 12 1 12 00000000 4c8dd747 00000000
0 04 15 1 06 aaaaaaaa 00000000 8c31aa4e
0 0f 05 1 10 ac7c329d 81e45d4a 00000001
0 0e 0f 1 0e cd27b541 cd27b541 81e45d4a
0 15 12 1 15 215bb61b 215bb61b 00000000
0 07 10 1 07 37d76b05 37d76b05 ac7c329d
0 10 00 1 00 005d292d ac7c329d 00000000
0 1d 12 1 10 4aa28707 66d1b43b 00000000
0 17 0c 1 0c 80000000 aaaaaaaa 80000000
0 06 15 1 1a 00000001 aaaaaaaa 215bb61b
0 16 05 0 10 16a211a9 3b9a70dc 00000001
0 00 07 0 08 f81f7294 00000000 37d76b05
0 12 0f 0 05 0c20832c 00000000 81e45d4a
0 09 06 1 09 0000ffff 0000ffff aaaaaaaa
0 16 0e 1 08 065f5b06 3b9a70dc cd27b541
0 03 18 1 13 dac7bc9e 4c8dd747 1ae7d091
0 10 0c 1 0b fc4c749f 4aa28707 80000000
0 0c 1c 1 19 e3a8387c 80000000 deadbeef
0 16 16 1 16 e55e375a e55e375a e55e375a
0 13 05 1 13 80000000 80000000 00000001
0 18 0a 0 10 11aaa5e7 1ae7d091 8ec43d03
0 09 05 0 1c a524583a 0000ffff 00000001
0 00 04 1 0a 69d0e883 00000000 00000000
# --- read-back sweep ---
# i_rst i_rs1_raddr i_rs2_raddr i_rd_wen i_rd_waddr i_rd_wdata | o_rs1_rdata
#     o_rs2_rdata
0 00 1f 0 00 00000000 00000000 aaaaaaaa
0 01 1e 0 00 00000000 ffffffff a047b6ed
0 02 1d 0 00 00000000 52d8f56e 66d1b43b
0 03 1c 0 00 00000000 4c8dd747 deadbeef
0 04 1b 0 00 00000000 00000000 86680d51
0 05 1a 0 00 00000000 00000001 00000001
0 06 19 0 00 00000000 aaaaaaaa e3a8387c
0 07 18 0 00 00000000 37d76b05 1ae7d091
0 08 17 0 00 00000000 065f5b06 aaaaaaaa
0 09 16 0 00 00000000 0000ffff e55e375a
0 0a 15 0 00 00000000 69d0e883 215bb61b
0 0b 14 0 00 00000000 fc4c749f 924aafb7
0 0c 13 0 00 00000000 80000000 80000000
0 0d 12 0 00 00000000 5d8c69bd 00000000
0 0e 11 0 00 00000000 cd27b541 a94c7799
0 0f 10 0 00 00000000 81e45d4a 4aa28707
0 10 0f 0 00 00000000 4aa28707 81e45d4a
0 11 0e 0 00 00000000 a94c7799 cd27b541
0 12 0d 0 00 00000000 00000000 5d8c69bd
0 13 0c 0 00 00000000 80000000 80000000
0 14 0b 0 00 00000000 924aafb7 fc4c749f
0 15 0a 0 00 00000000 215bb61b 69d0e883
0 16 09 0 00 00000000 e55e375a 0000ffff
0 17 08 0 00 00000000 aaaaaaaa 065f5b06
0 18 07 0 00 00000000 1ae7d091 37d76b05
0 19 06 0 00 00000000 e3a8387c aaaaaaaa
0 1a 05 0 00 00000000 00000001 00000001
0 1b 04 0 00 00000000 86680d51 00000000
0 1c 03 0 00 00000000 deadbeef 4c8dd747
0 1d 02 0 00 00000000 66d1b43b 52d8f56e
0 1e 01 0 00 00000000 a047b6ed ffffffff
0 1f 00 0 00 00000000 aaaaaaaa 00000000
0 13 10 1 0c aaaaaaaa 80000000 4aa28707
0 0a 16 1 01 ccf86f6d 69d0e883 e55e375a
0 01 01 0 00 00000000 ccf86f6d ccf86f6d
0 08 00 1 08 00000001 00000001 00000000
0 0d 00 1 00 00000000 5d8c69bd 00000000
0 1d 1b 1 01 d22f0422 66d1b43b 86680d51
0 0f 1c 1 05 8ae16de1 81e45d4a deadbeef
0 17 09 0 17 79d5d3c7 aaaaaaaa 0000ffff
0 07 05 1 1d 8401ccd3 37d76b05 8ae16de1
0 09 11 1 1a 43515c87 0000ffff a94c7799
0 09 04 1 03 21d826d3 0000ffff 00000000
0 04 04 1 04 cafebabe cafebabe cafebabe
0 03 0b 0 05 55555555 21d826d3 fc4c749f
0 01 01 0 01 d31e3529 d22f0422 d22f0422
0 01 01 0 00 00000000 d22f0422 d22f0422
0 09 14 1 1a 1dea73b6 0000ffff 924aafb7
0 01 1e 1 01 cafebabe cafebabe a047b6ed
0 19 19 0 19 5e3289fc e3a8387c e3a8387c
0 19 19 0 00 00000000 e3a8387c e3a8387c
0 12 13 1 12 9ac0bd46 9ac0bd46 80000000
0 0a 02 1 00 e24743cc 69d0e883 52d8f56e
0 02 02 1 02 7fffffff 7fffffff 7fffffff
# --- read-back sweep ---
# i_rst i_rs1_raddr i_rs2_raddr i_rd_wen i_rd_waddr i_rd_wdata | o_rs1_rdata
#     o_rs2_rdata
0 00 1f 0 00 00000000 00000000 aaaaaaaa
0 01 1e 0 00 00000000 cafebabe a047b6ed
0 02 1d 0 00 00000000 7fffffff 8401ccd3
0 03 1c 0 00 00000000 21d826d3 deadbeef
0 04 1b 0 00 00000000 cafebabe 86680d51
0 05 1a 0 00 00000000 8ae16de1 1dea73b6
0 06 19 0 00 00000000 aaaaaaaa e3a8387c
0 07 18 0 00 00000000 37d76b05 1ae7d091
0 08 17 0 00 00000000 00000001 aaaaaaaa
0 09 16 0 00 00000000 0000ffff e55e375a
0 0a 15 0 00 00000000 69d0e883 215bb61b
0 0b 14 0 00 00000000 fc4c749f 924aafb7
0 0c 13 0 00 00000000 aaaaaaaa 80000000
0 0d 12 0 00 00000000 5d8c69bd 9ac0bd46
0 0e 11 0 00 00000000 cd27b541 a94c7799
0 0f 10 0 00 00000000 81e45d4a 4aa28707
0 10 0f 0 00 00000000 4aa28707 81e45d4a
0 11 0e 0 00 00000000 a94c7799 cd27b541
0 12 0d 0 00 00000000 9ac0bd46 5d8c69bd
0 13 0c 0 00 00000000 80000000 aaaaaaaa
0 14 0b 0 00 00000000 924aafb7 fc4c749f
0 15 0a 0 00 00000000 215bb61b 69d0e883
0 16 09 0 00 00000000 e55e375a 0000ffff
0 17 08 0 00 00000000 aaaaaaaa 00000001
0 18 07 0 00 00000000 1ae7d091 37d76b05
0 19 06 0 00 00000000 e3a8387c aaaaaaaa
0 1a 05 0 00 00000000 1dea73b6 8ae16de1
0 1b 04 0 00 00000000 86680d51 cafebabe
0 1c 03 0 00 00000000 deadbeef 21d826d3
0 1d 02 0 00 00000000 8401ccd3 7fffffff
0 1e 01 0 00 00000000 a047b6ed cafebabe
0 1f 00 0 00 00000000 aaaaaaaa 00000000
# --- read-back sweep ---
# i_rst i_rs1_raddr i_rs2_raddr i_rd_wen i_rd_waddr i_rd_wdata | o_rs1_rdata
#     o_rs2_rdata
0 00 1f 0 00 00000000 00000000 aaaaaaaa
0 01 1e 0 00 00000000 cafebabe a047b6ed
0 02 1d 0 00 00000000 7fffffff 8401ccd3
0 03 1c 0 00 00000000 21d826d3 deadbeef
0 04 1b 0 00 00000000 cafebabe 86680d51
0 05 1a 0 00 00000000 8ae16de1 1dea73b6
0 06 19 0 00 00000000 aaaaaaaa e3a8387c
0 07 18 0 00 00000000 37d76b05 1ae7d091
0 08 17 0 00 00000000 00000001 aaaaaaaa
0 09 16 0 00 00000000 0000ffff e55e375a
0 0a 15 0 00 00000000 69d0e883 215bb61b
0 0b 14 0 00 00000000 fc4c749f 924aafb7
0 0c 13 0 00 00000000 aaaaaaaa 80000000
0 0d 12 0 00 00000000 5d8c69bd 9ac0bd46
0 0e 11 0 00 00000000 cd27b541 a94c7799
0 0f 10 0 00 00000000 81e45d4a 4aa28707
0 10 0f 0 00 00000000 4aa28707 81e45d4a
0 11 0e 0 00 00000000 a94c7799 cd27b541
0 12 0d 0 00 00000000 9ac0bd46 5d8c69bd
0 13 0c 0 00 00000000 80000000 aaaaaaaa
0 14 0b 0 00 00000000 924aafb7 fc4c749f
0 15 0a 0 00 00000000 215bb61b 69d0e883
0 16 09 0 00 00000000 e55e375a 0000ffff
0 17 08 0 00 00000000 aaaaaaaa 00000001
0 18 07 0 00 00000000 1ae7d091 37d76b05
0 19 06 0 00 00000000 e3a8387c aaaaaaaa
0 1a 05 0 00 00000000 1dea73b6 8ae16de1
0 1b 04 0 00 00000000 86680d51 cafebabe
0 1c 03 0 00 00000000 deadbeef 21d826d3
0 1d 02 0 00 00000000 8401ccd3 7fffffff
0 1e 01 0 00 00000000 a047b6ed cafebabe
0 1f 00 0 00 00000000 aaaaaaaa 00000000
0 12 1b 0 1b 6487cceb 9ac0bd46 86680d51
0 01 01 0 01 59aebaa7 cafebabe cafebabe
0 01 01 0 00 00000000 cafebabe cafebabe
0 14 02 0 05 00000001 924aafb7 7fffffff
0 0d 1c 1 0d d5d4db11 d5d4db11 deadbeef
0 0d 0d 0 00 00000000 d5d4db11 d5d4db11
0 0b 11 1 18 4c81ebc0 fc4c749f a94c7799
0 18 18 0 00 00000000 4c81ebc0 4c81ebc0
0 01 05 1 0f 44b88fba cafebabe 8ae16de1
0 14 19 1 1b 53ca99d0 924aafb7 e3a8387c
0 03 19 0 05 64c422f7 21d826d3 e3a8387c
0 10 10 1 10 1aa7625a 1aa7625a 1aa7625a
0 1e 18 1 18 cafebabe a047b6ed cafebabe
0 05 0e 0 02 fed616bc 8ae16de1 cd27b541
0 08 08 1 08 aaaaaaaa aaaaaaaa aaaaaaaa
0 0d 08 1 0d d872eac8 d872eac8 aaaaaaaa
0 0d 0d 0 00 00000000 d872eac8 d872eac8
0 05 05 1 05 78e2a2af 78e2a2af 78e2a2af
0 18 1b 1 0e 4d3732d6 cafebabe 53ca99d0
0 02 09 0 0c a4bc2c98 7fffffff 0000ffff
0 07 1f 1 14 dba385fa 37d76b05 aaaaaaaa
0 14 14 0 00 00000000 dba385fa dba385fa
0 02 19 1 02 b1fda7e6 b1fda7e6 e3a8387c
0 0c 09 0 01 cafebabe aaaaaaaa 0000ffff
0 06 08 0 0f fde455aa aaaaaaaa aaaaaaaa
0 10 1b 1 02 deadbeef 1aa7625a 53ca99d0
0 00 1f 1 0e ef8f1dae 00000000 aaaaaaaa
0 0e 0e 0 00 00000000 ef8f1dae ef8f1dae
0 05 15 1 0d 3bb8340c 78e2a2af 215bb61b
0 0d 0d 0 00 00000000 3bb8340c 3bb8340c
0 00 05 0 06 ffffffff 00000000 78e2a2af
0 0d 11 1 11 55555555 3bb8340c 55555555
0 0e 0b 0 0b 5b3729b7 ef8f1dae fc4c749f
0 08 0f 1 12 a4537d14 aaaaaaaa 44b88fba
0 06 0a 1 06 593e8253 593e8253 69d0e883
0 10 00 1 10 4a8b820f 4a8b820f 00000000
0 1f 13 0 00 cd95b166 aaaaaaaa 80000000
0 0b 0f 1 0b 9ded9d41 9ded9d41 44b88fba
0 05 04 0 00 0b643ca7 78e2a2af cafebabe
0 0f 1b 1 0f bbd0f07d bbd0f07d 53ca99d0
0 0d 03 1 03 ec42810b 3bb8340c ec42810b
0 14 14 1 14 24f5f66b 24f5f66b 24f5f66b
0 04 04 1 04 0604d3e4 0604d3e4 0604d3e4
0 11 14 1 11 00000001 00000001 24f5f66b
0 14 09 1 05 f1fe1556 24f5f66b 0000ffff
0 05 11 1 00 ca79cf4f f1fe1556 00000001
0 12 16 0 0e ffffffff a4537d14 e55e375a
0 00 02 1 02 49573d56 00000000 49573d56
0 09 1a 1 14 9d0a59da 0000ffff 1dea73b6
0 1b 1b 0 1b 7737b234 53ca99d0 53ca99d0
0 1b 1b 0 00 00000000 53ca99d0 53ca99d0
0 06 15 1 06 7a043a84 7a043a84 215bb61b
0 12 12 1 12 00000001 00000001 00000001
0 02 10 1 1c 82bfd808 49573d56 4a8b820f
0 1c 1c 0 00 00000000 82bfd808 82bfd808
0 07 1f 0 15 5b879661 37d76b05 aaaaaaaa
0 0d 03 1 09 a2ca2805 3bb8340c ec42810b
0 09 09 0 00 00000000 a2ca2805 a2ca2805
0 17 0c 1 17 0000ffff 0000ffff aaaaaaaa
0 00 1a 0 00 ac6f0de4 00000000 1dea73b6
0 02 1b 0 00 2c9a5e31 49573d56 53ca99d0
0 0d 0d 1 0d 55555555 55555555 55555555
0 1e 01 0 17 36ae6b65 a047b6ed cafebabe
0 10 13 0 09 5a43e745 4a8b820f 80000000
0 04 13 1 1b b6a7d5aa 0604d3e4 80000000
0 1b 1b 0 00 00000000 b6a7d5aa b6a7d5aa
0 17 07 0 02 0000ffff 0000ffff 37d76b05
0 00 06 1 12 bdb8bdf2 00000000 7a043a84
0 06 06 1 06 8bf3920c 8bf3920c 8bf3920c
0 14 19 1 07 57c5b2c4 9d0a59da e3a8387c
0 12 13 0 16 c2f03a16 bdb8bdf2 80000000
0 00 12 1 19 cafebabe 00000000 bdb8bdf2
0 1f 10 1 0e 96e05a24 aaaaaaaa 4a8b820f
0 08 11 1 0c d5076770 aaaaaaaa 00000001
0 08 11 1 03 482efe7d aaaaaaaa 00000001
0 08 03 1 04 fc3b705f aaaaaaaa 482efe7d
# --- read-back sweep ---
# i_rst i_rs1_raddr i_rs2_raddr i_rd_wen i_rd_waddr i_rd_wdata | o_rs1_rdata
#     o_rs2_rdata
0 00 1f 0 00 00000000 00000000 aaaaaaaa
0 01 1e 0 00 00000000 cafebabe a047b6ed
0 02 1d 0 00 00000000 49573d56 8401ccd3
0 03 1c 0 00 00000000 482efe7d 82bfd808
0 04 1b 0 00 00000000 fc3b705f b6a7d5aa
0 05 1a 0 00 00000000 f1fe1556 1dea73b6
0 06 19 0 00 00000000 8bf3920c cafebabe
0 07 18 0 00 00000000 57c5b2c4 cafebabe
0 08 17 0 00 00000000 aaaaaaaa 0000ffff
0 09 16 0 00 00000000 a2ca2805 e55e375a
0 0a 15 0 00 00000000 69d0e883 215bb61b
0 0b 14 0 00 00000000 9ded9d41 9d0a59da
0 0c 13 0 00 00000000 d5076770 80000000
0 0d 12 0 00 00000000 55555555 bdb8bdf2
0 0e 11 0 00 00000000 96e05a24 00000001
0 0f 10 0 00 00000000 bbd0f07d 4a8b820f
0 10 0f 0 00 00000000 4a8b820f bbd0f07d
0 11 0e 0 00 00000000 00000001 96e05a24
0 12 0d 0 00 00000000 bdb8bdf2 55555555
0 13 0c 0 00 00000000 80000000 d5076770
0 14 0b 0 00 00000000 9d0a59da 9ded9d41
0 15 0a 0 00 00000000 215bb61b 69d0e883
0 16 09 0 00 00000000 e55e375a a2ca2805
0 17 08 0 00 00000000 0000ffff aaaaaaaa
0 18 07 0 00 00000000 cafebabe 57c5b2c4
0 19 06 0 00 00000000 cafebabe 8bf3920c
0 1a 05 0 00 00000000 1dea73b6 f1fe1556
0 1b 04 0 00 00000000 b6a7d5aa fc3b705f
0 1c 03 0 00 00000000 82bfd808 482efe7d
0 1d 02 0 00 00000000 8401ccd3 49573d56
0 1e 01 0 00 00000000 a047b6ed cafebabe
0 1f 00 0 00 00000000 aaaaaaaa 00000000
0 1d 15 1 15 d49add66 8401ccd3 d49add66
0 04 0c 0 1c cafebabe fc3b705f d5076770
0 16 07 1 1c cafebabe e55e375a 57c5b2c4
0 00 0d 1 00 0f29724b 00000000 55555555
0 18 18 0 18 c1e6c781 cafebabe cafebabe
0 18 18 0 00 00000000 cafebabe cafebabe
0 06 00 1 06 af5110ee af5110ee 00000000
0 1d 1f 1 13 948ed6ea 8401ccd3 aaaaaaaa
0 1c 17 1 19 2a8cd86e cafebabe 0000ffff
0 00 0c 0 00 6a45de4b 00000000 d5076770
0 05 1b 1 1b 53e5e021 f1fe1556 53e5e021
0 03 0a 1 0a d83792e8 482efe7d d83792e8
0 1d 0a 1 0a f9abc2dd 8401ccd3 f9abc2dd
0 01 06 1 13 6259c8fe cafebabe af5110ee
0 13 13 0 00 00000000 6259c8fe 6259c8fe
0 1d 1c 1 1d aaaaaaaa aaaaaaaa cafebabe
0 09 09 1 09 b6a7eeb5 b6a7eeb5 b6a7eeb5
0 1e 0e 1 0d 8e750d7a a047b6ed 96e05a24
0 1d 08 1 0a bae2dad1 aaaaaaaa aaaaaaaa
0 18 18 0 18 3895f937 cafebabe cafebabe
0 18 18 0 00 00000000 cafebabe cafebabe
0 1f 0f 0 14 af85c183 aaaaaaaa bbd0f07d
0 10 15 1 10 5e1b8d31 5e1b8d31 d49add66
0 02 02 1 02 b30a9a15 b30a9a15 b30a9a15
0 02 0f 1 02 1133ddc7 1133ddc7 bbd0f07d
0 12 0a 1 17 d2cb2641 bdb8bdf2 bae2dad1
0 03 06 0 02 aaaaaaaa 482efe7d af5110ee
0 0c 00 1 15 00000001 d5076770 00000000
0 1d 11 1 06 55555555 aaaaaaaa 00000001
0 19 00 0 1b 17ee9b54 2a8cd86e 00000000
0 0a 00 0 11 cb7b22fe bae2dad1 00000000
0 08 00 0 19 00000000 aaaaaaaa 00000000
0 15 07 1 02 00000001 00000001 57c5b2c4
0 0f 15 1 0f 06c9f682 06c9f682 00000001
0 02 0d 0 08 21792eb2 00000001 8e750d7a
# --- read-back sweep ---
# i_rst i_rs1_raddr i_rs2_raddr i_rd_wen i_rd_waddr i_rd_wdata | o_rs1_rdata
#     o_rs2_rdata
0 00 1f 0 00 00000000 00000000 aaaaaaaa
0 01 1e 0 00 00000000 cafebabe a047b6ed
0 02 1d 0 00 00000000 00000001 aaaaaaaa
0 03 1c 0 00 00000000 482efe7d cafebabe
0 04 1b 0 00 00000000 fc3b705f 53e5e021
0 05 1a 0 00 00000000 f1fe1556 1dea73b6
0 06 19 0 00 00000000 55555555 2a8cd86e
0 07 18 0 00 00000000 57c5b2c4 cafebabe
0 08 17 0 00 00000000 aaaaaaaa d2cb2641
0 09 16 0 00 00000000 b6a7eeb5 e55e375a
0 0a 15 0 00 00000000 bae2dad1 00000001
0 0b 14 0 00 00000000 9ded9d41 9d0a59da
0 0c 13 0 00 00000000 d5076770 6259c8fe
0 0d 12 0 00 00000000 8e750d7a bdb8bdf2
0 0e 11 0 00 00000000 96e05a24 00000001
0 0f 10 0 00 00000000 06c9f682 5e1b8d31
0 10 0f 0 00 00000000 5e1b8d31 06c9f682
0 11 0e 0 00 00000000 00000001 96e05a24
0 12 0d 0 00 00000000 bdb8bdf2 8e750d7a
0 13 0c 0 00 00000000 6259c8fe d5076770
0 14 0b 0 00 00000000 9d0a59da 9ded9d41
0 15 0a 0 00 00000000 00000001 bae2dad1
0 16 09 0 00 00000000 e55e375a b6a7eeb5
0 17 08 0 00 00000000 d2cb2641 aaaaaaaa
0 18 07 0 00 00000000 cafebabe 57c5b2c4
0 19 06 0 00 00000000 2a8cd86e 55555555
0 1a 05 0 00 00000000 1dea73b6 f1fe1556
0 1b 04 0 00 00000000 53e5e021 fc3b705f
0 1c 03 0 00 00000000 cafebabe 482efe7d
0 1d 02 0 00 00000000 aaaaaaaa 00000001
0 1e 01 0 00 00000000 a047b6ed cafebabe
0 1f 00 0 00 00000000 aaaaaaaa 00000000
0 18 17 1 00 d6fe138b cafebabe d2cb2641
0 1c 12 1 00 00000001 cafebabe bdb8bdf2
0 1f 1f 1 1f dcad034e dcad034e dcad034e
0 0b 00 0 00 a96b8bcf 9ded9d41 00000000
0 0c 02 1 00 64b9cf0d d5076770 00000001
0 1f 10 0 0c c8314d29 dcad034e 5e1b8d31
0 12 0e 0 00 ac430ff5 bdb8bdf2 96e05a24
0 11 0c 0 13 bdd671e5 00000001 d5076770
0 0e 13 1 1d 3d7387f6 96e05a24 6259c8fe
0 1c 00 1 18 ca7edc6a cafebabe 00000000
0 09 1a 0 16 76ac263a b6a7eeb5 1dea73b6
0 18 05 1 00 00000001 ca7edc6a f1fe1556
0 1d 1b 1 1d cf78e987 cf78e987 53e5e021
0 1d 1a 1 18 5734f048 cf78e987 1dea73b6
0 15 15 0 15 3e2c31b4 00000001 00000001
0 15 15 0 00 00000000 00000001 00000001
0 14 00 0 17 ed1ca47a 9d0a59da 00000000
0 1f 00 1 00 a1d399d0 dcad034e 00000000
0 06 06 1 06 cafebabe cafebabe cafebabe
# --- read-back sweep ---
# i_rst i_rs1_raddr i_rs2_raddr i_rd_wen i_rd_waddr i_rd_wdata | o_rs1_rdata
#     o_rs2_rdata
0 00 1f 0 00 00000000 00000000 dcad034e
0 01 1e 0 00 00000000 cafebabe a047b6ed
0 02 1d 0 00 00000000 00000001 cf78e987
0 03 1c 0 00 00000000 482efe7d cafebabe
0 04 1b 0 00 00000000 fc3b705f 53e5e021
0 05 1a 0 00 00000000 f1fe1556 1dea73b6
0 06 19 0 00 00000000 cafebabe 2a8cd86e
0 07 18 0 00 00000000 57c5b2c4 5734f048
0 08 17 0 00 00000000 aaaaaaaa d2cb2641
0 09 16 0 00 00000000 b6a7eeb5 e55e375a
0 0a 15 0 00 00000000 bae2dad1 00000001
0 0b 14 0 00 00000000 9ded9d41 9d0a59da
0 0c 13 0 00 00000000 d5076770 6259c8fe
0 0d 12 0 00 00000000 8e750d7a bdb8bdf2
0 0e 11 0 00 00000000 96e05a24 00000001
0 0f 10 0 00 00000000 06c9f682 5e1b8d31
0 10 0f 0 00 00000000 5e1b8d31 06c9f682
0 11 0e 0 00 00000000 00000001 96e05a24
0 12 0d 0 00 00000000 bdb8bdf2 8e750d7a
0 13 0c 0 00 00000000 6259c8fe d5076770
0 14 0b 0 00 00000000 9d0a59da 9ded9d41
0 15 0a 0 00 00000000 00000001 bae2dad1
0 16 09 0 00 00000000 e55e375a b6a7eeb5
0 17 08 0 00 00000000 d2cb2641 aaaaaaaa
0 18 07 0 00 00000000 5734f048 57c5b2c4
0 19 06 0 00 00000000 2a8cd86e cafebabe
0 1a 05 0 00 00000000 1dea73b6 f1fe1556
0 1b 04 0 00 00000000 53e5e021 fc3b705f
0 1c 03 0 00 00000000 cafebabe 482efe7d
0 1d 02 0 00 00000000 cf78e987 00000001
0 1e 01 0 00 00000000 a047b6ed cafebabe
0 1f 00 0 00 00000000 dcad034e 00000000
0 13 15 1 13 bfa13ce0 bfa13ce0 00000001
0 0e 0d 1 11 040ae1db 96e05a24 8e750d7a
0 11 11 0 00 00000000 040ae1db 040ae1db
0 00 19 0 13 5d007b3a 00000000 2a8cd86e
0 1e 0e 1 03 cafebabe a047b6ed 96e05a24
0 0f 14 0 09 429904e9 06c9f682 9d0a59da
0 1a 05 1 00 ffffffff 1dea73b6 f1fe1556
0 1e 08 1 05 aaaaaaaa a047b6ed aaaaaaaa
0 0e 04 1 01 553aa260 96e05a24 fc3b705f
0 09 1d 0 1b 6eed45dc b6a7eeb5 cf78e987
0 10 0e 1 04 723d3451 5e1b8d31 96e05a24
0 0b 0f 0 13 d3064c91 9ded9d41 06c9f682
0 1f 00 0 19 70ec5cbd dcad034e 00000000
0 04 15 1 0d 80000000 723d3451 00000001
0 07 18 0 09 97f8b269 57c5b2c4 5734f048
0 13 0e 1 14 8fb93722 bfa13ce0 96e05a24
0 12 00 0 1a 4d33a9e8 bdb8bdf2 00000000
0 00 00 1 00 c9628087 00000000 00000000
0 1a 17 0 00 30e462cc 1dea73b6 d2cb2641
0 1d 15 1 0a ac4caf11 cf78e987 00000001
0 0e 09 0 05 a901e225 96e05a24 b6a7eeb5
0 1d 1d 1 1d d7313f34 d7313f34 d7313f34
0 1d 15 1 1a 0ff00e32 d7313f34 00000001
0 1a 1a 0 00 00000000 0ff00e32 0ff00e32
0 01 1b 0 1a 00000000 553aa260 53e5e021
0 00 1b 0 0f b9436bd0 00000000 53e5e021
0 18 00 1 0e 30cff91c 5734f048 00000000
0 0c 0c 0 0c ef054733 d5076770 d5076770
0 0c 0c 0 00 00000000 d5076770 d5076770
0 0c 00 0 0c 514824e8 d5076770 00000000
0 04 00 1 15 3fe75630 723d3451 00000000
0 15 15 0 00 00000000 3fe75630 3fe75630
0 1a 14 1 1b 763dc623 0ff00e32 8fb93722
0 16 11 0 00 a3c88563 e55e375a 040ae1db
0 05 00 0 01 57b38da6 aaaaaaaa 00000000
0 0c 0a 0 08 af90c0a9 d5076770 ac4caf11
0 17 12 0 1c 77e76ce8 d2cb2641 bdb8bdf2
0 14 1d 1 14 93c7dea9 93c7dea9 d7313f34
0 02 1d 0 04 9e7eeba5 00000001 d7313f34
0 1f 1a 0 19 ffffffff dcad034e 0ff00e32
0 14 0e 0 07 13028768 93c7dea9 30cff91c
0 00 08 1 06 80000000 00000000 aaaaaaaa
0 0d 0d 1 0d fbdb907f fbdb907f fbdb907f
0 15 00 0 1e 32f5f923 3fe75630 00000000
0 1f 03 1 03 d627c0ff dcad034e d627c0ff
0 19 05 0 0c 275fa4ba 2a8cd86e aaaaaaaa
0 1d 1c 0 13 92ae9cf0 d7313f34 cafebabe
0 19 19 1 19 aaaaaaaa aaaaaaaa aaaaaaaa
0 0a 13 1 11 b9703922 ac4caf11 bfa13ce0
0 11 11 0 00 00000000 b9703922 b9703922
0 06 11 1 11 0000ffff 80000000 0000ffff
0 03 19 0 0d bdb1536a d627c0ff aaaaaaaa
0 1a 03 1 03 80000000 0ff00e32 80000000
0 1e 12 0 14 d72f0c21 a047b6ed bdb8bdf2
0 01 0e 0 0e 5e2b60e6 553aa260 30cff91c
0 1f 06 1 18 dd644a5e dcad034e 80000000
0 1e 0c 1 08 cafebabe a047b6ed d5076770
0 08 08 0 08 353ea9d8 cafebabe cafebabe
0 08 08 0 00 00000000 cafebabe cafebabe
0 1e 1e 1 1e 00000000 00000000 00000000
0 18 11 1 0a 16b6a404 dd644a5e 0000ffff
0 0a 0a 0 00 00000000 16b6a404 16b6a404
0 15 0b 1 02 8c5c4d90 3fe75630 9ded9d41
0 11 11 0 11 e288b976 0000ffff 0000ffff
0 11 11 0 00 00000000 0000ffff 0000ffff
0 0b 0f 0 1b d1ca5a9c 9ded9d41 06c9f682
0 10 19 1 00 06236778 5e1b8d31 aaaaaaaa
0 1d 1d 1 1d 2bb9cd9f 2bb9cd9f 2bb9cd9f
0 1d 00 0 1d a81331a0 2bb9cd9f 00000000
0 0f 0e 1 07 c9adad1a 06c9f682 30cff91c
0 07 07 0 00 00000000 c9adad1a c9adad1a
0 12 12 1 12 19497774 19497774 19497774
0 0c 18 0 00 00000000 d5076770 dd644a5e
0 19 0f 0 0a 55555555 aaaaaaaa 06c9f682
0 16 18 1 0f 8570f1d4 e55e375a dd644a5e
0 19 19 1 19 2d024c81 2d024c81 2d024c81
0 0d 18 1 10 55555555 fbdb907f dd644a5e
0 06 06 1 06 7da936fc 7da936fc 7da936fc
0 19 12 0 01 00000000 2d024c81 19497774
0 08 0e 1 08 d251a5b3 d251a5b3 30cff91c
0 13 13 1 13 da891a09 da891a09 da891a09
0 1e 03 0 12 dc912471 00000000 80000000
0 03 05 0 07 22e973bc 80000000 aaaaaaaa
0 06 19 0 00 e554075e 7da936fc 2d024c81
0 18 01 1 01 deadbeef dd644a5e deadbeef
0 18 05 1 0f 4d65ff85 dd644a5e aaaaaaaa
0 0f 0a 1 0d a78147a9 4d65ff85 16b6a404
0 18 0b 1 19 e8ee8d20 dd644a5e 9ded9d41
0 19 19 0 00 00000000 e8ee8d20 e8ee8d20
0 04 07 0 1f 4a7cfe9f 723d3451 c9adad1a
0 18 0a 0 03 e908bcab dd644a5e 16b6a404
0 18 0a 1 14 ea45d765 dd644a5e 16b6a404
0 14 0e 0 0a 55555555 ea45d765 30cff91c
0 0a 0a 0 0a f63164c3 16b6a404 16b6a404
0 0a 0a 0 00 00000000 16b6a404 16b6a404
0 17 0f 1 1f 2f5a80ab d2cb2641 4d65ff85
0 19 00 1 14 87491d05 e8ee8d20 00000000
0 19 19 1 19 00000000 00000000 00000000
0 0b 1c 1 09 6c8ab0e4 9ded9d41 cafebabe
0 09 09 0 00 00000000 6c8ab0e4 6c8ab0e4
0 03 12 1 03 5cb16305 5cb16305 19497774
0 03 05 0 0b 8d71656f 5cb16305 aaaaaaaa
0 07 1c 1 16 e401e681 c9adad1a cafebabe
0 17 17 0 17 00cb0af7 d2cb2641 d2cb2641
0 17 17 0 00 00000000 d2cb2641 d2cb2641
0 12 00 0 11 00000001 19497774 00000000
0 00 1c 0 00 ffffffff 00000000 cafebabe
0 19 19 1 19 55555555 55555555 55555555
0 04 00 1 06 80000000 723d3451 00000000
0 10 16 0 1b 16fb73b9 55555555 e401e681
0 15 05 1 02 0eaaa7c5 3fe75630 aaaaaaaa
# --- read-back sweep ---
# i_rst i_rs1_raddr i_rs2_raddr i_rd_wen i_rd_waddr i_rd_wdata | o_rs1_rdata
#     o_rs2_rdata
0 00 1f 0 00 00000000 00000000 2f5a80ab
0 01 1e 0 00 00000000 deadbeef 00000000
0 02 1d 0 00 00000000 0eaaa7c5 2bb9cd9f
0 03 1c 0 00 00000000 5cb16305 cafebabe
0 04 1b 0 00 00000000 723d3451 763dc623
0 05 1a 0 00 00000000 aaaaaaaa 0ff00e32
0 06 19 0 00 00000000 80000000 55555555
0 07 18 0 00 00000000 c9adad1a dd644a5e
0 08 17 0 00 00000000 d251a5b3 d2cb2641
0 09 16 0 00 00000000 6c8ab0e4 e401e681
0 0a 15 0 00 00000000 16b6a404 3fe75630
0 0b 14 0 00 00000000 9ded9d41 87491d05
0 0c 13 0 00 00000000 d5076770 da891a09
0 0d 12 0 00 00000000 a78147a9 19497774
0 0e 11 0 00 00000000 30cff91c 0000ffff
0 0f 10 0 00 00000000 4d65ff85 55555555
0 10 0f 0 00 00000000 55555555 4d65ff85
0 11 0e 0 00 00000000 0000ffff 30cff91c
0 12 0d 0 00 00000000 19497774 a78147a9
0 13 0c 0 00 00000000 da891a09 d5076770
0 14 0b 0 00 00000000 87491d05 9ded9d41
0 15 0a 0 00 00000000 3fe75630 16b6a404
0 16 09 0 00 00000000 e401e681 6c8ab0e4
0 17 08 0 00 00000000 d2cb2641 d251a5b3
0 18 07 0 00 00000000 dd644a5e c9adad1a
0 19 06 0 00 00000000 55555555 80000000
0 1a 05 0 00 00000000 0ff00e32 aaaaaaaa
0 1b 04 0 00 00000000 763dc623 723d3451
0 1c 03 0 00 00000000 cafebabe 5cb16305
0 1d 02 0 00 00000000 2bb9cd9f 0eaaa7c5
0 1e 01 0 00 00000000 00000000 deadbeef
0 1f 00 0 00 00000000 2f5a80ab 00000000
0 1d 1c 1 11 89ffaa97 2bb9cd9f cafebabe
0 05 05 1 05 4fa14716 4fa14716 4fa14716
0 1c 19 1 17 4de73df2 cafebabe 55555555
0 1b 00 1 02 3e0eb202 763dc623 00000000
0 07 07 1 07 55555555 55555555 55555555
0 18 0e 0 03 cafebabe dd644a5e 30cff91c
0 00 0f 1 13 55555555 00000000 4d65ff85
0 03 1a 0 0d 7fffffff 5cb16305 0ff00e32
0 04 0e 1 15 f7a0aceb 723d3451 30cff91c
0 07 0c 1 13 f329ad36 55555555 d5076770
0 16 10 1 13 defbbf92 e401e681 55555555
0 0a 0f 1 09 aaaaaaaa 16b6a404 4d65ff85
0 1f 01 0 00 06dd9f78 2f5a80ab deadbeef
0 00 1d 1 07 6b3503c0 00000000 2bb9cd9f
0 16 02 0 07 05ae323f e401e681 3e0eb202
0 1f 0c 1 03 d2e025a7 2f5a80ab d5076770
# --- read-back sweep ---
# i_rst i_rs1_raddr i_rs2_raddr i_rd_wen i_rd_waddr i_rd_wdata | o_rs1_rdata
#     o_rs2_rdata
0 00 1f 0 00 00000000 00000000 2f5a80ab
0 01 1e 0 00 00000000 deadbeef 00000000
0 02 1d 0 00 00000000 3e0eb202 2bb9cd9f
0 03 1c 0 00 00000000 d2e025a7 cafebabe
0 04 1b 0 00 00000000 723d3451 763dc623
0 05 1a 0 00 00000000 4fa14716 0ff00e32
0 06 19 0 00 00000000 80000000 55555555
0 07 18 0 00 00000000 6b3503c0 dd644a5e
0 08 17 0 00 00000000 d251a5b3 4de73df2
0 09 16 0 00 00000000 aaaaaaaa e401e681
0 0a 15 0 00 00000000 16b6a404 f7a0aceb
0 0b 14 0 00 00000000 9ded9d41 87491d05
0 0c 13 0 00 00000000 d5076770 defbbf92
0 0d 12 0 00 00000000 a78147a9 19497774
0 0e 11 0 00 00000000 30cff91c 89ffaa97
0 0f 10 0 00 00000000 4d65ff85 55555555
0 10 0f 0 00 00000000 55555555 4d65ff85
0 11 0e 0 00 00000000 89ffaa97 30cff91c
0 12 0d 0 00 00000000 19497774 a78147a9
0 13 0c 0 00 00000000 defbbf92 d5076770
0 14 0b 0 00 00000000 87491d05 9ded9d41
0 15 0a 0 00 00000000 f7a0aceb 16b6a404
0 16 09 0 00 00000000 e401e681 aaaaaaaa
0 17 08 0 00 00000000 4de73df2 d251a5b3
0 18 07 0 00 00000000 dd644a5e 6b3503c0
0 19 06 0 00 00000000 55555555 80000000
0 1a 05 0 00 00000000 0ff00e32 4fa14716
0 1b 04 0 00 00000000 763dc623 723d3451
0 1c 03 0 00 00000000 cafebabe d2e025a7
0 1d 02 0 00 00000000 2bb9cd9f 3e0eb202
0 1e 01 0 00 00000000 00000000 deadbeef
0 1f 00 0 00 00000000 2f5a80ab 00000000
0 0e 1e 1 1f bd163448 30cff91c 00000000
0 0d 00 0 11 fd0a8dec a78147a9 00000000
0 11 06 1 07 6461701c 89ffaa97 80000000
0 08 01 1 08 c014dd7c c014dd7c deadbeef
0 02 14 1 02 deadbeef deadbeef 87491d05
0 1d 10 1 17 d168a64a 2bb9cd9f 55555555
0 1e 06 1 19 aaaaaaaa 00000000 80000000
0 0a 1e 0 11 ff4ed4fd 16b6a404 00000000
0 00 18 1 1e 69fd9e2d 00000000 dd644a5e
0 1f 1c 0 19 1a364dc4 bd163448 cafebabe
0 02 14 1 00 91f4a2eb deadbeef 87491d05
0 05 05 1 05 deadbeef deadbeef deadbeef
0 07 1c 1 0e 82f8a11a 6461701c cafebabe
0 16 17 1 19 ed1c0bd3 e401e681 d168a64a
0 16 1f 1 10 440ad69c e401e681 bd163448
0 0c 14 1 0c 00000000 00000000 87491d05
0 08 0d 1 0f 144d316e c014dd7c a78147a9
0 01 0d 1 06 3b657735 deadbeef a78147a9
0 06 06 0 00 00000000 3b657735 3b657735
0 1e 1e 1 1e f5c05334 f5c05334 f5c05334
0 11 10 1 16 00000001 89ffaa97 440ad69c
0 15 15 1 15 7fffffff 7fffffff 7fffffff
0 14 06 0 06 55555555 87491d05 3b657735
0 15 18 0 1a 49e625d7 7fffffff dd644a5e
0 15 15 0 03 f8eb8352 7fffffff 7fffffff
0 0f 0f 0 0f 639f6fa1 144d316e 144d316e
0 0f 0f 0 00 00000000 144d316e 144d316e
0 05 00 1 18 32249d0f deadbeef 00000000
0 0d 09 0 01 8d3ce979 a78147a9 aaaaaaaa
0 03 0d 1 1b e6a0c36e d2e025a7 a78147a9
0 00 04 1 0e 0000ffff 00000000 723d3451
0 1c 11 0 1c 00000000 cafebabe 89ffaa97
0 1c 05 1 1c 38ca8701 38ca8701 deadbeef
0 06 02 1 02 ccd2ba26 3b657735 ccd2ba26
0 0c 0f 1 00 8d381045 00000000 144d316e
0 1f 09 1 1a 6e73073c bd163448 aaaaaaaa
0 09 1b 0 11 cafebabe aaaaaaaa e6a0c36e
0 05 05 1 05 ffffffff ffffffff ffffffff
0 1f 12 1 16 ef7a396f bd163448 19497774
0 0e 19 0 1c 80000000 0000ffff ed1c0bd3
0 02 17 1 18 5a9438a8 ccd2ba26 d168a64a
0 18 18 0 00 00000000 5a9438a8 5a9438a8
# --- read-back sweep ---
# i_rst i_rs1_raddr i_rs2_raddr i_rd_wen i_rd_waddr i_rd_wdata | o_rs1_rdata
#     o_rs2_rdata
0 00 1f 0 00 00000000 00000000 bd163448
0 01 1e 0 00 00000000 deadbeef f5c05334
0 02 1d 0 00 00000000 ccd2ba26 2bb9cd9f
0 03 1c 0 00 00000000 d2e025a7 38ca8701
0 04 1b 0 00 00000000 723d3451 e6a0c36e
0 05 1a 0 00 00000000 ffffffff 6e73073c
0 06 19 0 00 00000000 3b657735 ed1c0bd3
0 07 18 0 00 00000000 6461701c 5a9438a8
0 08 17 0 00 00000000 c014dd7c d168a64a
0 09 16 0 00 00000000 aaaaaaaa ef7a396f
0 0a 15 0 00 00000000 16b6a404 7fffffff
0 0b 14 0 00 00000000 9ded9d41 87491d05
0 0c 13 0 00 00000000 00000000 defbbf92
0 0d 12 0 00 00000000 a78147a9 19497774
0 0e 11 0 00 00000000 0000ffff 89ffaa97
0 0f 10 0 00 00000000 144d316e 440ad69c
0 10 0f 0 00 00000000 440ad69c 144d316e
0 11 0e 0 00 00000000 89ffaa97 0000ffff
0 12 0d 0 00 00000000 19497774 a78147a9
0 13 0c 0 00 00000000 defbbf92 00000000
0 14 0b 0 00 00000000 87491d05 9ded9d41
0 15 0a 0 00 00000000 7fffffff 16b6a404
0 16 09 0 00 00000000 ef7a396f aaaaaaaa
0 17 08 0 00 00000000 d168a64a c014dd7c
0 18 07 0 00 00000000 5a9438a8 6461701c
0 19 06 0 00 00000000 ed1c0bd3 3b657735
0 1a 05 0 00 00000000 6e73073c ffffffff
0 1b 04 0 00 00000000 e6a0c36e 723d3451
0 1c 03 0 00 00000000 38ca8701 d2e025a7
0 1d 02 0 00 00000000 2bb9cd9f ccd2ba26
0 1e 01 0 00 00000000 f5c05334 deadbeef
0 1f 00 0 00 00000000 bd163448 00000000
0 18 10 1 15 25a9fd78 5a9438a8 440ad69c
0 15 15 0 00 00000000 25a9fd78 25a9fd78
0 01 1d 1 01 613aa792 613aa792 2bb9cd9f
0 0a 10 1 05 cc19850d 16b6a404 440ad69c
0 00 01 1 00 78e9b60d 00000000 613aa792
0 15 1e 1 15 bab51cf3 bab51cf3 f5c05334
0 1b 0f 0 0f e0b7515f e6a0c36e 144d316e
0 18 16 0 0d ed9da46e 5a9438a8 ef7a396f
0 00 00 1 00 7fffffff 00000000 00000000
0 06 08 0 0b 00000000 3b657735 c014dd7c
0 00 17 1 0a baf681a2 00000000 d168a64a
0 1d 1c 1 16 a4f74531 2bb9cd9f 38ca8701
0 12 0e 0 1f 1999c8da 19497774 0000ffff
0 1e 00 1 17 5cfeb276 f5c05334 00000000
0 17 17 0 00 00000000 5cfeb276 5cfeb276
0 0f 14 0 08 9fa44d18 144d316e 87491d05
0 12 08 0 1b 3f45ac50 19497774 c014dd7c
0 0f 0f 0 0f 76192b81 144d316e 144d316e
0 0f 0f 0 00 00000000 144d316e 144d316e
# --- read-back sweep ---
# i_rst i_rs1_raddr i_rs2_raddr i_rd_wen i_rd_waddr i_rd_wdata | o_rs1_rdata
#     o_rs2_rdata
0 00 1f 0 00 00000000 00000000 bd163448
0 01 1e 0 00 00000000 613aa792 f5c05334
0 02 1d 0 00 00000000 ccd2ba26 2bb9cd9f
0 03 1c 0 00 00000000 d2e025a7 38ca8701
0 04 1b 0 00 00000000 723d3451 e6a0c36e
0 05 1a 0 00 00000000 cc19850d 6e73073c
0 06 19 0 00 00000000 3b657735 ed1c0bd3
0 07 18 0 00 00000000 6461701c 5a9438a8
0 08 17 0 00 00000000 c014dd7c 5cfeb276
0 09 16 0 00 00000000 aaaaaaaa a4f74531
0 0a 15 0 00 00000000 baf681a2 bab51cf3
0 0b 14 0 00 00000000 9ded9d41 87491d05
0 0c 13 0 00 00000000 00000000 defbbf92
0 0d 12 0 00 00000000 a78147a9 19497774
0 0e 11 0 00 00000000 0000ffff 89ffaa97
0 0f 10 0 00 00000000 144d316e 440ad69c
0 10 0f 0 00 00000000 440ad69c 144d316e
0 11 0e 0 00 00000000 89ffaa97 0000ffff
0 12 0d 0 00 00000000 19497774 a78147a9
0 13 0c 0 00 00000000 defbbf92 00000000
0 14 0b 0 00 00000000 87491d05 9ded9d41
0 15 0a 0 00 00000000 bab51cf3 baf681a2
0 16 09 0 00 00000000 a4f74531 aaaaaaaa
0 17 08 0 00 00000000 5cfeb276 c014dd7c
0 18 07 0 00 00000000 5a9438a8 6461701c
0 19 06 0 00 00000000 ed1c0bd3 3b657735
0 1a 05 0 00 00000000 6e73073c cc19850d
0 1b 04 0 00 00000000 e6a0c36e 723d3451
0 1c 03 0 00 00000000 38ca8701 d2e025a7
0 1d 02 0 00 00000000 2bb9cd9f ccd2ba26
0 1e 01 0 00 00000000 f5c05334 613aa792
0 1f 00 0 00 00000000 bd163448 00000000
0 11 0d 0 01 15dd1e65 89ffaa97 a78147a9
0 0b 0b 1 0b 8a00ca27 8a00ca27 8a00ca27
0 08 18 1 18 3bec23cb c014dd7c 3bec23cb
0 00 19 1 1c aaaaaaaa 00000000 ed1c0bd3
0 15 04 0 00 9659e293 bab51cf3 723d3451
0 16 19 1 04 d2a14652 a4f74531 ed1c0bd3
0 13 13 1 13 9137995b 9137995b 9137995b
0 1d 1d 1 1d aaaaaaaa aaaaaaaa aaaaaaaa
0 0f 13 1 13 ac2ee6b4 144d316e ac2ee6b4
0 16 1f 0 05 7fffffff a4f74531 bd163448
0 08 07 0 16 0c62dc8a c014dd7c 6461701c
0 11 0e 0 1f ffffffff 89ffaa97 0000ffff
0 01 01 0 01 e9e498b1 613aa792 613aa792
0 01 01 0 00 00000000 613aa792 613aa792
0 00 17 1 17 0000ffff 00000000 0000ffff
0 1f 11 1 01 2f86e736 bd163448 89ffaa97
0 0f 0f 1 0f 5884a3a8 5884a3a8 5884a3a8
0 00 04 1 1d 83a4e1e1 00000000 d2a14652
0 00 1d 0 09 7fffffff 00000000 83a4e1e1
0 09 12 1 12 c6317cba aaaaaaaa c6317cba
0 0a 0b 0 03 cafebabe baf681a2 8a00ca27
0 1b 0f 1 1f ffffffff e6a0c36e 5884a3a8
0 05 19 0 00 cc591cd5 cc19850d ed1c0bd3
0 17 0b 1 17 40f982e9 40f982e9 8a00ca27
0 1d 1d 0 1d 972f495e 83a4e1e1 83a4e1e1
0 1d 1d 0 00 00000000 83a4e1e1 83a4e1e1
0 1e 04 1 04 f1456c38 f5c05334 f1456c38
0 08 1d 1 16 7fffffff c014dd7c 83a4e1e1
0 08 17 1 10 c1290759 c014dd7c 40f982e9
0 0c 05 1 09 68d698b6 00000000 cc19850d
0 09 09 0 00 00000000 68d698b6 68d698b6
0 19 04 1 18 1c6771a4 ed1c0bd3 f1456c38
0 18 18 0 00 00000000 1c6771a4 1c6771a4
0 1b 1b 1 1b a36e2482 a36e2482 a36e2482
0 14 06 0 1f d3e5c57d 87491d05 3b657735
0 12 0e 0 06 e802f1dc c6317cba 0000ffff
0 02 0c 1 19 659e34ef ccd2ba26 00000000
0 1f 1f 1 1f 0bfea2c4 0bfea2c4 0bfea2c4
0 12 1d 1 0d 07ab41d6 c6317cba 83a4e1e1
0 0d 0d 0 00 00000000 07ab41d6 07ab41d6
0 1c 0e 0 0b 00000000 aaaaaaaa 0000ffff
0 1c 00 1 1a 7fffffff aaaaaaaa 00000000
0 00 1f 0 07 ffffffff 00000000 0bfea2c4
0 14 06 1 14 7fffffff 7fffffff 3b657735
0 1a 1a 1 1a e5fec0de e5fec0de e5fec0de
0 01 1c 1 01 b2af3c39 b2af3c39 aaaaaaaa
# --- read-back sweep ---
# i_rst i_rs1_raddr i_rs2_raddr i_rd_wen i_rd_waddr i_rd_wdata | o_rs1_rdata
#     o_rs2_rdata
0 00 1f 0 00 00000000 00000000 0bfea2c4
0 01 1e 0 00 00000000 b2af3c39 f5c05334
0 02 1d 0 00 00000000 ccd2ba26 83a4e1e1
0 03 1c 0 00 00000000 d2e025a7 aaaaaaaa
0 04 1b 0 00 00000000 f1456c38 a36e2482
0 05 1a 0 00 00000000 cc19850d e5fec0de
0 06 19 0 00 00000000 3b657735 659e34ef
0 07 18 0 00 00000000 6461701c 1c6771a4
0 08 17 0 00 00000000 c014dd7c 40f982e9
0 09 16 0 00 00000000 68d698b6 7fffffff
0 0a 15 0 00 00000000 baf681a2 bab51cf3
0 0b 14 0 00 00000000 8a00ca27 7fffffff
0 0c 13 0 00 00000000 00000000 ac2ee6b4
0 0d 12 0 00 00000000 07ab41d6 c6317cba
0 0e 11 0 00 00000000 0000ffff 89ffaa97
0 0f 10 0 00 00000000 5884a3a8 c1290759
0 10 0f 0 00 00000000 c1290759 5884a3a8
0 11 0e 0 00 00000000 89ffaa97 0000ffff
0 12 0d 0 00 00000000 c6317cba 07ab41d6
0 13 0c 0 00 00000000 ac2ee6b4 00000000
0 14 0b 0 00 00000000 7fffffff 8a00ca27
0 15 0a 0 00 00000000 bab51cf3 baf681a2
0 16 09 0 00 00000000 7fffffff 68d698b6
0 17 08 0 00 00000000 40f982e9 c014dd7c
0 18 07 0 00 00000000 1c6771a4 6461701c
0 19 06 0 00 00000000 659e34ef 3b657735
0 1a 05 0 00 00000000 e5fec0de cc19850d
0 1b 04 0 00 00000000 a36e2482 f1456c38
0 1c 03 0 00 00000000 aaaaaaaa d2e025a7
0 1d 02 0 00 00000000 83a4e1e1 ccd2ba26
0 1e 01 0 00 00000000 f5c05334 b2af3c39
0 1f 00 0 00 00000000 0bfea2c4 00000000
0 15 03 0 03 00000000 bab51cf3 d2e025a7
0 0f 0f 1 0f 779ffd2b 779ffd2b 779ffd2b
0 13 1b 0 01 e7acd135 ac2ee6b4 a36e2482
# --- read-back sweep ---
# i_rst i_rs1_raddr i_rs2_raddr i_rd_wen i_rd_waddr i_rd_wdata | o_rs1_rdata
#     o_rs2_rdata
0 00 1f 0 00 00000000 00000000 0bfea2c4
0 01 1e 0 00 00000000 b2af3c39 f5c05334
0 02 1d 0 00 00000000 ccd2ba26 83a4e1e1
0 03 1c 0 00 00000000 d2e025a7 aaaaaaaa
0 04 1b 0 00 00000000 f1456c38 a36e2482
0 05 1a 0 00 00000000 cc19850d e5fec0de
0 06 19 0 00 00000000 3b657735 659e34ef
0 07 18 0 00 00000000 6461701c 1c6771a4
0 08 17 0 00 00000000 c014dd7c 40f982e9
0 09 16 0 00 00000000 68d698b6 7fffffff
0 0a 15 0 00 00000000 baf681a2 bab51cf3
0 0b 14 0 00 00000000 8a00ca27 7fffffff
0 0c 13 0 00 00000000 00000000 ac2ee6b4
0 0d 12 0 00 00000000 07ab41d6 c6317cba
0 0e 11 0 00 00000000 0000ffff 89ffaa97
0 0f 10 0 00 00000000 779ffd2b c1290759
0 10 0f 0 00 00000000 c1290759 779ffd2b
0 11 0e 0 00 00000000 89ffaa97 0000ffff
0 12 0d 0 00 00000000 c6317cba 07ab41d6
0 13 0c 0 00 00000000 ac2ee6b4 00000000
0 14 0b 0 00 00000000 7fffffff 8a00ca27
0 15 0a 0 00 00000000 bab51cf3 baf681a2
0 16 09 0 00 00000000 7fffffff 68d698b6
0 17 08 0 00 00000000 40f982e9 c014dd7c
0 18 07 0 00 00000000 1c6771a4 6461701c
0 19 06 0 00 00000000 659e34ef 3b657735
0 1a 05 0 00 00000000 e5fec0de cc19850d
0 1b 04 0 00 00000000 a36e2482 f1456c38
0 1c 03 0 00 00000000 aaaaaaaa d2e025a7
0 1d 02 0 00 00000000 83a4e1e1 ccd2ba26
0 1e 01 0 00 00000000 f5c05334 b2af3c39
0 1f 00 0 00 00000000 0bfea2c4 00000000
0 05 04 0 01 e89f1f25 cc19850d f1456c38
0 1a 0a 1 09 205919d9 e5fec0de baf681a2
0 1f 1f 1 1f 1dc63807 1dc63807 1dc63807
0 15 00 1 15 0be8ae97 0be8ae97 00000000
0 17 14 1 04 55555555 40f982e9 7fffffff
# --- read-back sweep ---
# i_rst i_rs1_raddr i_rs2_raddr i_rd_wen i_rd_waddr i_rd_wdata | o_rs1_rdata
#     o_rs2_rdata
0 00 1f 0 00 00000000 00000000 1dc63807
0 01 1e 0 00 00000000 b2af3c39 f5c05334
0 02 1d 0 00 00000000 ccd2ba26 83a4e1e1
0 03 1c 0 00 00000000 d2e025a7 aaaaaaaa
0 04 1b 0 00 00000000 55555555 a36e2482
0 05 1a 0 00 00000000 cc19850d e5fec0de
0 06 19 0 00 00000000 3b657735 659e34ef
0 07 18 0 00 00000000 6461701c 1c6771a4
0 08 17 0 00 00000000 c014dd7c 40f982e9
0 09 16 0 00 00000000 205919d9 7fffffff
0 0a 15 0 00 00000000 baf681a2 0be8ae97
0 0b 14 0 00 00000000 8a00ca27 7fffffff
0 0c 13 0 00 00000000 00000000 ac2ee6b4
0 0d 12 0 00 00000000 07ab41d6 c6317cba
0 0e 11 0 00 00000000 0000ffff 89ffaa97
0 0f 10 0 00 00000000 779ffd2b c1290759
0 10 0f 0 00 00000000 c1290759 779ffd2b
0 11 0e 0 00 00000000 89ffaa97 0000ffff
0 12 0d 0 00 00000000 c6317cba 07ab41d6
0 13 0c 0 00 00000000 ac2ee6b4 00000000
0 14 0b 0 00 00000000 7fffffff 8a00ca27
0 15 0a 0 00 00000000 0be8ae97 baf681a2
0 16 09 0 00 00000000 7fffffff 205919d9
0 17 08 0 00 00000000 40f982e9 c014dd7c
0 18 07 0 00 00000000 1c6771a4 6461701c
0 19 06 0 00 00000000 659e34ef 3b657735
0 1a 05 0 00 00000000 e5fec0de cc19850d
0 1b 04 0 00 00000000 a36e2482 55555555
0 1c 03 0 00 00000000 aaaaaaaa d2e025a7
0 1d 02 0 00 00000000 83a4e1e1 ccd2ba26
0 1e 01 0 00 00000000 f5c05334 b2af3c39
0 1f 00 0 00 00000000 1dc63807 00000000
0 01 05 0 1b 8417899a b2af3c39 cc19850d
0 00 00 1 02 f87b02f2 00000000 00000000
0 0c 0c 0 0c acb68510 00000000 00000000
0 0c 0c 0 00 00000000 00000000 00000000
0 0b 19 0 19 0000ffff 8a00ca27 659e34ef
0 03 03 1 03 7fffffff 7fffffff 7fffffff
0 1f 16 1 1f 354da7ce 354da7ce 7fffffff
0 1d 1c 1 02 00000000 83a4e1e1 aaaaaaaa
0 12 15 0 1d cc5d06d8 c6317cba 0be8ae97
0 09 1c 0 00 27ce4edb 205919d9 aaaaaaaa
0 1e 10 0 05 fd5c6ee3 f5c05334 c1290759
0 07 04 1 0f c2c8f0ce 6461701c 55555555
0 0f 0f 0 00 00000000 c2c8f0ce c2c8f0ce
0 14 05 0 0e 1c404bd4 7fffffff cc19850d
0 07 14 1 09 4784a02d 6461701c 7fffffff
0 08 1b 0 00 deadbeef c014dd7c a36e2482
0 16 07 1 1f ffffffff 7fffffff 6461701c
0 0c 0c 1 0c 47defa5e 47defa5e 47defa5e
0 16 00 0 04 adb37733 7fffffff 00000000
0 00 0c 1 1c 0000ffff 00000000 47defa5e
0 14 07 1 14 aaaaaaaa aaaaaaaa 6461701c
0 1e 02 1 1e 74a680e4 74a680e4 00000000
0 1c 01 1 1b 9efc60a4 0000ffff b2af3c39
0 08 1c 1 07 88f960ce c014dd7c 0000ffff
0 0a 0c 1 0b c2dbc104 baf681a2 47defa5e
0 16 0d 1 0b 3cfabb46 7fffffff 07ab41d6
0 12 04 0 19 fdaef225 c6317cba 55555555
0 1c 1c 0 1c b69ef306 0000ffff 0000ffff
0 1c 1c 0 00 00000000 0000ffff 0000ffff
0 1d 00 0 13 bb27f88e 83a4e1e1 00000000
0 08 1b 1 1e 1586a2b3 c014dd7c 9efc60a4
0 01 04 0 1e 15be0b6e b2af3c39 55555555
0 1d 0b 0 1a 337cd75c 83a4e1e1 3cfabb46
0 0a 0c 1 19 80000000 baf681a2 47defa5e
0 07 07 0 07 d4cc585b 88f960ce 88f960ce
0 07 07 0 00 00000000 88f960ce 88f960ce
0 08 12 1 08 83e2c33c 83e2c33c c6317cba
0 09 1a 1 01 7fffffff 4784a02d e5fec0de
0 00 14 0 0c b0c34b86 00000000 aaaaaaaa
0 0a 13 0 04 4b01c433 baf681a2 ac2ee6b4
0 0f 16 0 1d 3af5ee91 c2c8f0ce 7fffffff
0 00 03 0 00 1643aaf1 00000000 7fffffff
0 07 07 1 07 00000000 00000000 00000000
0 00 01 1 10 95caeedc 00000000 7fffffff
0 01 0a 1 01 1bae3e3f 1bae3e3f baf681a2
0 17 08 1 00 7fffffff 40f982e9 83e2c33c
0 05 00 0 1a e8198427 cc19850d 00000000
0 16 00 1 0a f20bacdb 7fffffff 00000000
0 05 1d 1 05 9aebf0d7 9aebf0d7 83a4e1e1
0 19 04 1 18 90b2ac11 80000000 55555555
0 18 18 0 00 00000000 90b2ac11 90b2ac11
0 17 03 1 19 f1ea367f 40f982e9 7fffffff
0 16 1c 0 01 11456135 7fffffff 0000ffff
0 05 1b 0 19 4814e389 9aebf0d7 9efc60a4
0 04 00 1 0e 41f49d07 55555555 00000000
0 0c 0c 1 0c 9d9647f0 9d9647f0 9d9647f0
0 00 0d 0 16 0aa6f6e4 00000000 07ab41d6
0 06 03 1 1f 9caf5773 3b657735 7fffffff
0 0c 02 1 1e ea28bdc0 9d9647f0 00000000
0 0d 09 1 04 cb29fb39 07ab41d6 4784a02d
0 04 04 0 00 00000000 cb29fb39 cb29fb39
0 14 14 1 14 deadbeef deadbeef deadbeef
0 13 16 1 01 c21b0031 ac2ee6b4 7fffffff
0 1a 00 1 05 deadbeef e5fec0de 00000000
0 09 0d 0 16 f93e152c 4784a02d 07ab41d6
0 1c 1c 1 1c d84b676e d84b676e d84b676e
0 07 09 1 15 c4557076 00000000 4784a02d
0 1f 04 1 0e 0000ffff 9caf5773 cb29fb39
0 08 0b 1 16 e6f025a8 83e2c33c 3cfabb46
0 1a 17 0 1b 111ecca9 e5fec0de 40f982e9
0 19 0e 1 02 327c00cb f1ea367f 0000ffff
0 00 07 1 14 666c6c24 00000000 00000000
0 02 02 1 02 983386bd 983386bd 983386bd
0 16 09 0 08 ffffffff e6f025a8 4784a02d
0 1f 1f 1 13 b679018c 9caf5773 9caf5773
0 0c 0c 0 0c f8960bf8 9d9647f0 9d9647f0
0 0c 0c 0 00 00000000 9d9647f0 9d9647f0
0 19 10 1 1b 12448007 f1ea367f 95caeedc
0 1f 06 0 0c abc4d0f5 9caf5773 3b657735
0 07 0d 1 0d deadbeef 00000000 deadbeef
0 0b 12 1 16 ffae6e1c 3cfabb46 c6317cba
0 00 01 1 10 aaaaaaaa 00000000 c21b0031
0 1b 18 0 16 95e87a66 12448007 90b2ac11
0 10 16 0 02 19a625c9 aaaaaaaa ffae6e1c
0 00 10 1 1f 00000000 00000000 aaaaaaaa
0 15 15 1 03 6662ec8e c4557076 c4557076
0 18 0a 1 18 7d600c41 7d600c41 f20bacdb
0 00 0a 1 08 b92fa438 00000000 f20bacdb
0 11 04 1 05 9c90c5dd 89ffaa97 cb29fb39
0 00 06 0 13 e006750a 00000000 3b657735
0 00 0b 0 1a b824fdb3 00000000 3cfabb46
0 1c 00 0 11 00000000 d84b676e 00000000
0 04 1a 0 1b aa4fc08b cb29fb39 e5fec0de
0 1e 1e 1 1e 0d57705c 0d57705c 0d57705c
0 1d 00 1 1d deadbeef deadbeef 00000000
0 00 00 1 00 deadbeef 00000000 00000000
0 1a 02 1 07 55555555 e5fec0de 983386bd
0 01 01 1 01 319d2cd5 319d2cd5 319d2cd5
0 0c 0c 1 0c 494273b7 494273b7 494273b7
0 1b 1f 1 1d 77b53bc4 12448007 00000000
0 1e 13 1 1c 5166f4c7 0d57705c b679018c
0 00 11 0 00 174733b9 00000000 89ffaa97
0 18 18 1 18 12b16542 12b16542 12b16542
0 00 0c 1 10 bc705137 00000000 494273b7
0 1b 00 1 0c 8cada7a8 12448007 00000000
0 00 06 1 00 b8b0fd73 00000000 3b657735
0 00 00 1 12 d4fa4a48 00000000 00000000
0 1d 1c 1 1d d3edf846 d3edf846 5166f4c7
0 04 00 1 1c e7ec47f8 cb29fb39 00000000
0 1c 1c 0 00 00000000 e7ec47f8 e7ec47f8
0 1a 1a 1 1a cafebabe cafebabe cafebabe
0 10 0a 1 15 24401a9b bc705137 f20bacdb
0 0e 0e 0 0e 7fca2c24 0000ffff 0000ffff
0 0e 0e 0 00 00000000 0000ffff 0000ffff
0 07 04 1 17 deadbeef 55555555 cb29fb39
0 00 02 0 0d deadbeef 00000000 983386bd
0 0b 00 1 00 cafebabe 3cfabb46 00000000
0 01 02 1 00 22edd616 319d2cd5 983386bd
0 0a 05 1 1c 2ae426d7 f20bacdb 9c90c5dd
0 0f 0f 0 0f e7d8d3ed c2c8f0ce c2c8f0ce
0 0f 0f 0 00 00000000 c2c8f0ce c2c8f0ce
0 07 17 0 1d 966b2a70 55555555 deadbeef
0 1d 12 0 06 80000000 d3edf846 d4fa4a48
# --- read-back sweep ---
# i_rst i_rs1_raddr i_rs2_raddr i_rd_wen i_rd_waddr i_rd_wdata | o_rs1_rdata
#     o_rs2_rdata
0 00 1f 0 00 00000000 00000000 00000000
0 01 1e 0 00 00000000 319d2cd5 0d57705c
0 02 1d 0 00 00000000 983386bd d3edf846
0 03 1c 0 00 00000000 6662ec8e 2ae426d7
0 04 1b 0 00 00000000 cb29fb39 12448007
0 05 1a 0 00 00000000 9c90c5dd cafebabe
0 06 19 0 00 00000000 3b657735 f1ea367f
0 07 18 0 00 00000000 55555555 12b16542
0 08 17 0 00 00000000 b92fa438 deadbeef
0 09 16 0 00 00000000 4784a02d ffae6e1c
0 0a 15 0 00 00000000 f20bacdb 24401a9b
0 0b 14 0 00 00000000 3cfabb46 666c6c24
0 0c 13 0 00 00000000 8cada7a8 b679018c
0 0d 12 0 00 00000000 deadbeef d4fa4a48
0 0e 11 0 00 00000000 0000ffff 89ffaa97
0 0f 10 0 00 00000000 c2c8f0ce bc705137
0 10 0f 0 00 00000000 bc705137 c2c8f0ce
0 11 0e 0 00 00000000 89ffaa97 0000ffff
0 12 0d 0 00 00000000 d4fa4a48 deadbeef
0 13 0c 0 00 00000000 b679018c 8cada7a8
0 14 0b 0 00 00000000 666c6c24 3cfabb46
0 15 0a 0 00 00000000 24401a9b f20bacdb
0 16 09 0 00 00000000 ffae6e1c 4784a02d
0 17 08 0 00 00000000 deadbeef b92fa438
0 18 07 0 00 00000000 12b16542 55555555
0 19 06 0 00 00000000 f1ea367f 3b657735
0 1a 05 0 00 00000000 cafebabe 9c90c5dd
0 1b 04 0 00 00000000 12448007 cb29fb39
0 1c 03 0 00 00000000 2ae426d7 6662ec8e
0 1d 02 0 00 00000000 d3edf846 983386bd
0 1e 01 0 00 00000000 0d57705c 319d2cd5
0 1f 00 0 00 00000000 00000000 00000000
0 19 1b 0 09 fb619d9a f1ea367f 12448007
0 0d 06 1 0f 855f2f2e deadbeef 3b657735
0 00 03 0 1d 80000000 00000000 6662ec8e
0 08 04 1 12 291d2cfd b92fa438 cb29fb39
0 0e 09 0 0e 4b93b291 0000ffff 4784a02d
0 07 04 1 04 37f5b78d 55555555 37f5b78d
0 17 0f 1 17 829e5eb1 829e5eb1 855f2f2e
0 1b 06 1 1b 6d439ba4 6d439ba4 3b657735
0 15 1b 1 1c 00000000 24401a9b 6d439ba4
0 12 1a 0 00 85d25af4 291d2cfd cafebabe
0 1c 15 1 0e ffffffff 00000000 24401a9b
0 03 03 1 03 71dd06f5 71dd06f5 71dd06f5
0 09 09 1 09 4da618ee 4da618ee 4da618ee
0 19 01 1 1f c50d42fd f1ea367f 319d2cd5
0 16 1c 0 17 9c97cbd7 ffae6e1c 00000000
0 00 03 1 1c 2f62301c 00000000 71dd06f5
0 1a 16 1 0d 3f76feb2 cafebabe ffae6e1c
0 0d 17 0 00 beb17608 3f76feb2 829e5eb1
0 1c 01 0 1d 6ddac799 2f62301c 319d2cd5
0 04 10 0 1d 27d16472 37f5b78d bc705137
0 1d 16 1 01 34bae7b5 d3edf846 ffae6e1c
0 19 00 1 15 d5e16f99 f1ea367f 00000000
0 15 15 0 00 00000000 d5e16f99 d5e16f99
0 0f 16 1 07 c0ca0191 855f2f2e ffae6e1c
# --- read-back sweep ---
# i_rst i_rs1_raddr i_rs2_raddr i_rd_wen i_rd_waddr i_rd_wdata | o_rs1_rdata
#     o_rs2_rdata
0 00 1f 0 00 00000000 00000000 c50d42fd
0 01 1e 0 00 00000000 34bae7b5 0d57705c
0 02 1d 0 00 00000000 983386bd d3edf846
0 03 1c 0 00 00000000 71dd06f5 2f62301c
0 04 1b 0 00 00000000 37f5b78d 6d439ba4
0 05 1a 0 00 00000000 9c90c5dd cafebabe
0 06 19 0 00 00000000 3b657735 f1ea367f
0 07 18 0 00 00000000 c0ca0191 12b16542
0 08 17 0 00 00000000 b92fa438 829e5eb1
0 09 16 0 00 00000000 4da618ee ffae6e1c
0 0a 15 0 00 00000000 f20bacdb d5e16f99
0 0b 14 0 00 00000000 3cfabb46 666c6c24
0 0c 13 0 00 00000000 8cada7a8 b679018c
0 0d 12 0 00 00000000 3f76feb2 291d2cfd
0 0e 11 0 00 00000000 ffffffff 89ffaa97
0 0f 10 0 00 00000000 855f2f2e bc705137
0 10 0f 0 00 00000000 bc705137 855f2f2e
0 11 0e 0 00 00000000 89ffaa97 ffffffff
0 12 0d 0 00 00000000 291d2cfd 3f76feb2
0 13 0c 0 00 00000000 b679018c 8cada7a8
0 14 0b 0 00 00000000 666c6c24 3cfabb46
0 15 0a 0 00 00000000 d5e16f99 f20bacdb
0 16 09 0 00 00000000 ffae6e1c 4da618ee
0 17 08 0 00 00000000 829e5eb1 b92fa438
0 18 07 0 00 00000000 12b16542 c0ca0191
0 19 06 0 00 00000000 f1ea367f 3b657735
0 1a 05 0 00 00000000 cafebabe 9c90c5dd
0 1b 04 0 00 00000000 6d439ba4 37f5b78d
0 1c 03 0 00 00000000 2f62301c 71dd06f5
0 1d 02 0 00 00000000 d3edf846 983386bd
0 1e 01 0 00 00000000 0d57705c 34bae7b5
0 1f 00 0 00 00000000 c50d42fd 00000000
0 18 09 1 07 792acd1f 12b16542 4da618ee
0 06 17 0 03 deadbeef 3b657735 829e5eb1
0 0a 0a 1 0a deb31734 deb31734 deb31734
0 03 03 1 03 3619ddf4 3619ddf4 3619ddf4
0 0f 0e 1 00 53750167 855f2f2e ffffffff
0 1a 07 1 1a 00000000 00000000 792acd1f
0 0d 17 1 00 e255ef11 3f76feb2 829e5eb1
0 11 03 1 02 b57f8cc8 89ffaa97 3619ddf4
0 00 00 0 01 94b87cc8 00000000 00000000
0 1d 1d 1 1d 88326afc 88326afc 88326afc
0 08 0b 0 0c c2a2c31a b92fa438 3cfabb46
0 08 00 0 01 14635856 b92fa438 00000000
0 17 0c 0 05 deadbeef 829e5eb1 8cada7a8
0 09 1c 1 10 5c46ecde 4da618ee 2f62301c
0 0b 00 0 0b c09c21c7 3cfabb46 00000000
0 01 0e 1 03 ab717c20 34bae7b5 ffffffff
0 03 03 0 00 00000000 ab717c20 ab717c20
0 00 0b 1 10 41349fa8 00000000 3cfabb46
0 0d 13 1 0d 0000ffff 0000ffff b679018c
0 00 18 1 0a 55555555 00000000 12b16542
0 01 01 1 01 6cf543e7 6cf543e7 6cf543e7
0 00 12 1 1c 80000000 00000000 291d2cfd
0 16 17 0 00 80000000 ffae6e1c 829e5eb1
0 00 15 1 13 1b9bff58 00000000 d5e16f99
0 10 1c 1 08 7fffffff 41349fa8 80000000
0 00 09 1 05 a79fde57 00000000 4da618ee
0 18 14 1 00 69362e70 12b16542 666c6c24
0 00 00 1 00 ffffffff 00000000 00000000
0 07 04 1 00 0000ffff 792acd1f 37f5b78d
0 09 0c 0 1f 4d56ae32 4da618ee 8cada7a8
0 18 1c 0 05 80000000 12b16542 80000000
0 08 0f 1 08 bd4f1d66 bd4f1d66 855f2f2e
0 06 13 1 06 59ba3191 59ba3191 1b9bff58
0 08 08 1 08 7fffffff 7fffffff 7fffffff
0 08 12 1 0e 0e881a98 7fffffff 291d2cfd
0 13 1d 1 0b fede1b56 1b9bff58 88326afc
0 09 0c 1 0c 117458b4 4da618ee 117458b4
0 08 09 1 08 e4d9acfa e4d9acfa 4da618ee
0 07 12 1 10 55555555 792acd1f 291d2cfd
0 00 09 1 00 97678944 00000000 4da618ee
0 06 19 1 10 66a374d3 59ba3191 f1ea367f
0 12 00 0 1a 47a19d2d 291d2cfd 00000000
0 02 14 1 19 fc00bd22 b57f8cc8 666c6c24
0 18 1c 1 08 450b25bf 12b16542 80000000
0 1f 19 0 15 d8918ec0 c50d42fd fc00bd22
0 05 11 0 10 7fffffff a79fde57 89ffaa97
0 13 1a 1 1a 33ef86ff 1b9bff58 33ef86ff
0 04 04 0 04 e116d392 37f5b78d 37f5b78d
0 04 04 0 00 00000000 37f5b78d 37f5b78d
0 15 1f 1 1f caf978db d5e16f99 caf978db
0 04 02 0 1f 7fffffff 37f5b78d b57f8cc8
0 17 14 1 0a 9f17ffd3 829e5eb1 666c6c24
0 19 05 1 06 905b4bf6 fc00bd22 a79fde57
0 03 03 1 03 4033bb7b 4033bb7b 4033bb7b
0 08 08 1 08 675a2e9b 675a2e9b 675a2e9b
0 15 04 1 15 0000ffff 0000ffff 37f5b78d
0 06 17 1 1d deadbeef 905b4bf6 829e5eb1
0 15 12 1 18 ffffffff 0000ffff 291d2cfd
0 0a 1f 1 1d 6400fa77 9f17ffd3 caf978db
0 18 0d 1 18 089e1a51 089e1a51 0000ffff
0 19 1a 1 05 00000000 fc00bd22 33ef86ff
0 1f 1e 1 10 7dde2dd3 caf978db 0d57705c
0 01 12 1 01 2f734623 2f734623 291d2cfd
0 10 00 0 10 f31cec57 7dde2dd3 00000000
0 1f 00 1 00 cafebabe caf978db 00000000
0 15 06 0 1b aaaaaaaa 0000ffff 905b4bf6
0 13 1e 1 1e 249051ca 1b9bff58 249051ca
0 15 05 1 0b 3d3d1825 0000ffff 00000000
0 1b 05 1 05 31e729c5 6d439ba4 31e729c5
0 05 07 1 04 b3414f48 31e729c5 792acd1f
0 1e 1e 1 1e 14276e7d 14276e7d 14276e7d
0 11 0a 0 1f 17443a11 89ffaa97 9f17ffd3
0 12 12 1 12 55555555 55555555 55555555
0 00 0f 0 00 2050f03c 00000000 855f2f2e
0 0a 04 0 0c 6b59cb42 9f17ffd3 b3414f48
0 09 0f 0 0d e920f10d 4da618ee 855f2f2e
0 0e 15 1 19 5d8289a4 0e881a98 0000ffff
0 1b 16 1 19 94bbbfa1 6d439ba4 ffae6e1c
0 0c 05 1 15 aca3405e 117458b4 31e729c5
0 00 00 1 00 c25c469a 00000000 00000000
0 18 18 1 18 bde752ba bde752ba bde752ba
0 11 1e 1 11 62e22ade 62e22ade 14276e7d
0 15 15 1 15 0d7390f5 0d7390f5 0d7390f5
0 18 1f 1 0f ab65b362 bde752ba caf978db
0 1b 1f 0 14 ad064459 6d439ba4 caf978db
0 00 1b 1 14 deadbeef 00000000 6d439ba4
0 0f 08 1 07 8f010839 ab65b362 675a2e9b
0 10 00 1 0a 5beebd7d 7dde2dd3 00000000
0 09 09 1 09 51c0a3a4 51c0a3a4 51c0a3a4
0 06 06 1 06 fd4454b3 fd4454b3 fd4454b3
0 09 04 0 0c 06279bba 51c0a3a4 b3414f48
0 00 14 1 04 0b7013e9 00000000 deadbeef
0 1d 06 1 1d 0000ffff 0000ffff fd4454b3
0 1d 13 1 06 c37f7c9d 0000ffff 1b9bff58
# --- read-back sweep ---
# i_rst i_rs1_raddr i_rs2_raddr i_rd_wen i_rd_waddr i_rd_wdata | o_rs1_rdata
#     o_rs2_rdata
0 00 1f 0 00 00000000 00000000 caf978db
0 01 1e 0 00 00000000 2f734623 14276e7d
0 02 1d 0 00 00000000 b57f8cc8 0000ffff
0 03 1c 0 00 00000000 4033bb7b 80000000
0 04 1b 0 00 00000000 0b7013e9 6d439ba4
0 05 1a 0 00 00000000 31e729c5 33ef86ff
0 06 19 0 00 00000000 c37f7c9d 94bbbfa1
0 07 18 0 00 00000000 8f010839 bde752ba
0 08 17 0 00 00000000 675a2e9b 829e5eb1
0 09 16 0 00 00000000 51c0a3a4 ffae6e1c
0 0a 15 0 00 00000000 5beebd7d 0d7390f5
0 0b 14 0 00 00000000 3d3d1825 deadbeef
0 0c 13 0 00 00000000 117458b4 1b9bff58
0 0d 12 0 00 00000000 0000ffff 55555555
0 0e 11 0 00 00000000 0e881a98 62e22ade
0 0f 10 0 00 00000000 ab65b362 7dde2dd3
0 10 0f 0 00 00000000 7dde2dd3 ab65b362
0 11 0e 0 00 00000000 62e22ade 0e881a98
0 12 0d 0 00 00000000 55555555 0000ffff
0 13 0c 0 00 00000000 1b9bff58 117458b4
0 14 0b 0 00 00000000 deadbeef 3d3d1825
0 15 0a 0 00 00000000 0d7390f5 5beebd7d
0 16 09 0 00 00000000 ffae6e1c 51c0a3a4
0 17 08 0 00 00000000 829e5eb1 675a2e9b
0 18 07 0 00 00000000 bde752ba 8f010839
0 19 06 0 00 00000000 94bbbfa1 c37f7c9d
0 1a 05 0 00 00000000 33ef86ff 31e729c5
0 1b 04 0 00 00000000 6d439ba4 0b7013e9
0 1c 03 0 00 00000000 80000000 4033bb7b
0 1d 02 0 00 00000000 0000ffff b57f8cc8
0 1e 01 0 00 00000000 14276e7d 2f734623
0 1f 00 0 00 00000000 caf978db 00000000
0 0c 0b 1 0b deadbeef 117458b4 deadbeef
0 13 1e 1 02 deadbeef 1b9bff58 14276e7d
0 08 08 1 08 cafebabe cafebabe cafebabe
0 14 06 1 19 37b9b50c deadbeef c37f7c9d
0 17 17 1 0f aaaaaaaa 829e5eb1 829e5eb1
0 16 00 1 0c ed36ba74 ffae6e1c 00000000
0 0d 0f 0 05 9b8a5d64 0000ffff aaaaaaaa
0 10 04 1 15 e83b8bdd 7dde2dd3 0b7013e9
0 0c 0e 1 0e 8b6b0e1c ed36ba74 8b6b0e1c
0 0c 09 0 17 80000000 ed36ba74 51c0a3a4
0 01 15 1 18 00000000 2f734623 e83b8bdd
0 0c 12 0 02 da256ca3 ed36ba74 55555555
0 00 17 1 01 64a19486 00000000 829e5eb1
0 01 01 0 00 00000000 64a19486 64a19486
0 16 0f 0 03 24134a0d ffae6e1c aaaaaaaa
0 1d 02 0 1d ca4de0bd 0000ffff deadbeef
0 1e 1d 1 11 faf8cef2 14276e7d 0000ffff
0 11 11 0 00 00000000 faf8cef2 faf8cef2
0 1f 1f 1 1f 72e15d4c 72e15d4c 72e15d4c
0 00 0b 0 0a 2f5c9609 00000000 deadbeef
0 13 1c 1 0b aaaaaaaa 1b9bff58 80000000
0 0a 0a 1 0a 6835d56f 6835d56f 6835d56f
0 1f 00 1 1f c5f5c166 c5f5c166 00000000
0 11 1c 1 0b dd1f14dc faf8cef2 80000000
0 04 01 0 0c 7fffffff 0b7013e9 64a19486
0 15 0e 1 15 ffffffff ffffffff 8b6b0e1c
0 18 07 1 18 d206f112 d206f112 8f010839
0 19 0f 1 0b 6cf337c3 37b9b50c aaaaaaaa
0 14 1f 1 16 de054544 deadbeef c5f5c166
0 09 08 0 19 80000000 51c0a3a4 cafebabe
0 13 13 1 13 7fffffff 7fffffff 7fffffff
0 1a 1a 1 1a 1ea48a98 1ea48a98 1ea48a98
0 04 18 1 15 1d5e4a7f 0b7013e9 d206f112
0 15 04 1 15 8d0314fa 8d0314fa 0b7013e9
0 10 00 1 1f 689b7506 7dde2dd3 00000000
0 08 0c 1 00 00000000 cafebabe ed36ba74
0 01 1e 1 14 4611b0bc 64a19486 14276e7d
0 14 14 0 00 00000000 4611b0bc 4611b0bc
0 1e 00 1 00 79af76be 14276e7d 00000000
0 13 12 1 13 80000000 80000000 55555555
0 00 00 1 00 74e34e63 00000000 00000000
0 0b 17 1 0f a6e23a0a 6cf337c3 829e5eb1
0 0b 17 1 0b 14d0db8f 14d0db8f 829e5eb1
0 17 1a 1 00 36f242e9 829e5eb1 1ea48a98
0 07 06 1 00 84679170 8f010839 c37f7c9d
0 08 1b 1 11 b2dc92a0 cafebabe 6d439ba4
0 11 11 0 00 00000000 b2dc92a0 b2dc92a0
0 13 0d 0 1f 00000000 80000000 0000ffff
0 12 12 1 12 4c726e68 4c726e68 4c726e68
0 19 1a 0 0a 2de27b20 37b9b50c 1ea48a98
0 0f 0f 1 02 1b1fd96a a6e23a0a a6e23a0a
0 02 02 0 00 00000000 1b1fd96a 1b1fd96a
0 1b 11 1 04 04364c8c 6d439ba4 b2dc92a0
0 13 13 1 13 4b684917 4b684917 4b684917
0 09 1b 0 0f 80000000 51c0a3a4 6d439ba4
0 0c 0c 1 00 3f2aa715 ed36ba74 ed36ba74
0 1a 00 1 1b ed81eaba 1ea48a98 00000000
0 15 00 1 0e 824d9c54 8d0314fa 00000000
0 04 04 1 04 6f2b44d7 6f2b44d7 6f2b44d7
0 00 1c 0 0f ca705c1f 00000000 80000000
0 12 0e 0 0f aaaaaaaa 4c726e68 824d9c54
0 07 07 1 07 f3753ff4 f3753ff4 f3753ff4
0 1e 0a 1 0d b0455098 14276e7d 6835d56f
0 0e 16 1 16 00000001 824d9c54 00000001
0 15 17 1 15 80000000 80000000 829e5eb1
0 05 01 1 0d c2a62b11 31e729c5 64a19486
0 1a 03 1 1e 00000000 1ea48a98 4033bb7b
# --- read-back sweep ---
# i_rst i_rs1_raddr i_rs2_raddr i_rd_wen i_rd_waddr i_rd_wdata | o_rs1_rdata
#     o_rs2_rdata
0 00 1f 0 00 00000000 00000000 689b7506
0 01 1e 0 00 00000000 64a19486 00000000
0 02 1d 0 00 00000000 1b1fd96a 0000ffff
0 03 1c 0 00 00000000 4033bb7b 80000000
0 04 1b 0 00 00000000 6f2b44d7 ed81eaba
0 05 1a 0 00 00000000 31e729c5 1ea48a98
0 06 19 0 00 00000000 c37f7c9d 37b9b50c
0 07 18 0 00 00000000 f3753ff4 d206f112
0 08 17 0 00 00000000 cafebabe 829e5eb1
0 09 16 0 00 00000000 51c0a3a4 00000001
0 0a 15 0 00 00000000 6835d56f 80000000
0 0b 14 0 00 00000000 14d0db8f 4611b0bc
0 0c 13 0 00 00000000 ed36ba74 4b684917
0 0d 12 0 00 00000000 c2a62b11 4c726e68
0 0e 11 0 00 00000000 824d9c54 b2dc92a0
0 0f 10 0 00 00000000 a6e23a0a 7dde2dd3
0 10 0f 0 00 00000000 7dde2dd3 a6e23a0a
0 11 0e 0 00 00000000 b2dc92a0 824d9c54
0 12 0d 0 00 00000000 4c726e68 c2a62b11
0 13 0c 0 00 00000000 4b684917 ed36ba74
0 14 0b 0 00 00000000 4611b0bc 14d0db8f
0 15 0a 0 00 00000000 80000000 6835d56f
0 16 09 0 00 00000000 00000001 51c0a3a4
0 17 08 0 00 00000000 829e5eb1 cafebabe
0 18 07 0 00 00000000 d206f112 f3753ff4
0 19 06 0 00 00000000 37b9b50c c37f7c9d
0 1a 05 0 00 00000000 1ea48a98 31e729c5
0 1b 04 0 00 00000000 ed81eaba 6f2b44d7
0 1c 03 0 00 00000000 80000000 4033bb7b
0 1d 02 0 00 00000000 0000ffff 1b1fd96a
0 1e 01 0 00 00000000 00000000 64a19486
0 1f 00 0 00 00000000 689b7506 00000000
0 04 0b 0 11 fbb53b8a 6f2b44d7 14d0db8f
0 04 04 1 04 c5048a5c c5048a5c c5048a5c
0 1a 03 0 06 1bb8d08b 1ea48a98 4033bb7b
0 02 03 1 10 1fef26b0 1b1fd96a 4033bb7b
0 14 03 0 0a b83766ce 4611b0bc 4033bb7b
0 0c 00 1 14 00dd5271 ed36ba74 00000000
0 10 17 1 01 d50abd9b 1fef26b0 829e5eb1
0 02 02 1 0a 75cbfa4d 1b1fd96a 1b1fd96a
0 04 04 1 04 b6cc921d b6cc921d b6cc921d
0 18 1b 1 00 00000000 d206f112 ed81eaba
0 1b 1a 1 1b 25837c87 25837c87 1ea48a98
0 0a 1c 1 1c f65ecffb 75cbfa4d f65ecffb
0 02 0e 1 05 63ce277a 1b1fd96a 824d9c54
0 04 00 0 1d 55555555 b6cc921d 00000000
0 16 00 1 00 67c10306 00000001 00000000
0 05 04 1 09 48bf2d46 63ce277a b6cc921d
0 16 16 1 16 99b04858 99b04858 99b04858
0 1b 17 0 01 00000000 25837c87 829e5eb1
0 02 09 0 1a aaaaaaaa 1b1fd96a 48bf2d46
0 03 0b 0 1d 00000000 4033bb7b 14d0db8f
0 1b 04 1 1d cafebabe 25837c87 b6cc921d
0 0f 0f 1 0f 00000001 00000001 00000001
0 0e 0e 1 0e aaaaaaaa aaaaaaaa aaaaaaaa
0 00 10 0 15 8d194122 00000000 1fef26b0
0 17 17 1 17 80000000 80000000 80000000
0 10 1c 1 0d f3abd919 1fef26b0 f65ecffb
0 09 17 1 12 6d39d921 48bf2d46 80000000
0 0a 1e 1 0a 5713772f 5713772f 00000000
0 09 0d 1 0d 80000000 48bf2d46 80000000
0 03 03 0 03 0faa7b9d 4033bb7b 4033bb7b
0 03 03 0 00 00000000 4033bb7b 4033bb7b
0 15 07 1 00 66092f3e 80000000 f3753ff4
0 1f 08 0 1d 1220b02c 689b7506 cafebabe
0 0c 00 0 0c c418edcb ed36ba74 00000000
0 0e 14 0 00 f1a8fca1 aaaaaaaa 00dd5271
0 08 1a 0 14 159dafcb cafebabe 1ea48a98
0 13 13 1 13 c343d094 c343d094 c343d094
0 02 15 0 08 0000ffff 1b1fd96a 80000000
0 12 02 1 11 cafebabe 6d39d921 1b1fd96a
0 18 06 1 0f 9b6d6036 d206f112 c37f7c9d
0 0f 0e 1 1b 00000001 9b6d6036 aaaaaaaa
0 1d 1e 1 0b 81b1ca7c cafebabe 00000000
0 0b 0b 0 00 00000000 81b1ca7c 81b1ca7c
0 04 0b 1 1c d27746bf b6cc921d 81b1ca7c
0 0f 10 1 04 bd249f0d 9b6d6036 1fef26b0
0 04 04 0 00 00000000 bd249f0d bd249f0d
0 1c 1e 0 10 80000000 d27746bf 00000000
0 1f 1f 0 1f 60069f06 689b7506 689b7506
0 1f 1f 0 00 00000000 689b7506 689b7506
0 0b 0c 0 13 e997a4b2 81b1ca7c ed36ba74
0 06 06 1 06 754fed9c 754fed9c 754fed9c
0 1b 19 1 01 018f19a8 00000001 37b9b50c
0 12 17 1 0b 2af5f8f9 6d39d921 80000000
0 12 1c 0 06 1de5870b 6d39d921 d27746bf
0 1b 07 0 0e 5ff242d0 00000001 f3753ff4
0 05 0a 0 04 d919d9ea 63ce277a 5713772f
0 1e 08 1 1c 8d66122a 00000000 cafebabe
0 0a 0a 1 0a deadbeef deadbeef deadbeef
0 10 19 1 19 58017e43 1fef26b0 58017e43
0 11 0e 1 0a 2da0df38 cafebabe aaaaaaaa
0 0a 1b 0 07 e6e1ffb3 2da0df38 00000001
0 00 00 1 00 b18bde82 00000000 00000000
0 04 13 0 15 26691790 bd249f0d c343d094
0 17 01 1 18 840b0e9e 80000000 018f19a8
0 1e 0c 1 1e bca3621d bca3621d ed36ba74
0 12 0c 1 0c 7fffffff 6d39d921 7fffffff
0 10 07 1 16 aaaaaaaa 1fef26b0 f3753ff4
0 1e 17 1 00 55555555 bca3621d 80000000
0 09 13 1 00 ffffffff 48bf2d46 c343d094
0 00 00 0 1b 8bdc2c4d 00000000 00000000
0 13 14 0 08 ee634971 c343d094 00dd5271
0 0e 00 0 15 da4c758f aaaaaaaa 00000000
0 0a 00 1 00 7fffffff 2da0df38 00000000
0 0f 07 1 12 d67a7421 9b6d6036 f3753ff4
0 11 15 0 10 80000000 cafebabe 80000000
0 1c 14 1 1c 0000ffff 0000ffff 00dd5271
0 06 1b 1 0b dc9c42e2 754fed9c 00000001
0 1f 16 0 07 80000000 689b7506 aaaaaaaa
0 05 06 1 13 aa88957b 63ce277a 754fed9c
0 12 07 0 00 55555555 d67a7421 f3753ff4
0 15 15 1 12 7443b6bb 80000000 80000000
0 1a 15 0 0b f88a4295 1ea48a98 80000000
0 09 06 1 01 8779a5d4 48bf2d46 754fed9c
0 11 11 1 11 66f7ad4a 66f7ad4a 66f7ad4a
0 11 1a 1 12 7db6fdf0 66f7ad4a 1ea48a98
0 03 03 1 19 00a95579 4033bb7b 4033bb7b
0 00 19 1 00 17c9bff9 00000000 00a95579
0 12 17 1 00 80000000 7db6fdf0 80000000
0 00 02 1 00 8baf7bb2 00000000 1b1fd96a
0 1a 1b 0 17 edce8604 1ea48a98 00000001
0 1e 10 0 10 7fffffff bca3621d 1fef26b0
0 08 06 0 1b 9ad90fcd cafebabe 754fed9c
0 18 0b 1 1d 97fe975f 840b0e9e dc9c42e2
0 1d 13 1 01 00000000 97fe975f aa88957b
0 1c 1c 1 1c deadbeef deadbeef deadbeef
0 0e 0e 1 08 02fbd562 aaaaaaaa aaaaaaaa
0 08 08 0 00 00000000 02fbd562 02fbd562
0 1d 04 1 04 3014b350 97fe975f 3014b350
0 00 00 1 00 334b0fe3 00000000 00000000
0 16 12 1 04 9e1b8a5b aaaaaaaa 7db6fdf0
0 07 1f 1 19 e086bd54 f3753ff4 689b7506
0 1f 03 1 10 230366b6 689b7506 4033bb7b
0 10 10 1 10 d098660f d098660f d098660f
0 03 1d 0 15 cd6fa9c0 4033bb7b 97fe975f
0 1b 19 1 04 df0577d7 00000001 e086bd54
0 02 0e 1 10 8746fadb 1b1fd96a aaaaaaaa
0 19 1f 0 1a cafebabe e086bd54 689b7506
0 08 00 0 14 2138a052 02fbd562 00000000
0 0e 18 1 06 a911e7b6 aaaaaaaa 840b0e9e
0 03 03 1 03 5d898aad 5d898aad 5d898aad
0 01 03 1 1d ab563423 00000000 5d898aad
0 17 1e 1 14 13f16b89 80000000 bca3621d
0 06 1e 0 07 0000ffff a911e7b6 bca3621d
0 1a 15 0 00 35bf65c1 1ea48a98 80000000
0 02 02 1 02 8bfa43e2 8bfa43e2 8bfa43e2
# --- read-back sweep ---
# i_rst i_rs1_raddr i_rs2_raddr i_rd_wen i_rd_waddr i_rd_wdata | o_rs1_rdata
#     o_rs2_rdata
0 00 1f 0 00 00000000 00000000 689b7506
0 01 1e 0 00 00000000 00000000 bca3621d
0 02 1d 0 00 00000000 8bfa43e2 ab563423
0 03 1c 0 00 00000000 5d898aad deadbeef
0 04 1b 0 00 00000000 df0577d7 00000001
0 05 1a 0 00 00000000 63ce277a 1ea48a98
0 06 19 0 00 00000000 a911e7b6 e086bd54
0 07 18 0 00 00000000 f3753ff4 840b0e9e
0 08 17 0 00 00000000 02fbd562 80000000
0 09 16 0 00 00000000 48bf2d46 aaaaaaaa
0 0a 15 0 00 00000000 2da0df38 80000000
0 0b 14 0 00 00000000 dc9c42e2 13f16b89
0 0c 13 0 00 00000000 7fffffff aa88957b
0 0d 12 0 00 00000000 80000000 7db6fdf0
0 0e 11 0 00 00000000 aaaaaaaa 66f7ad4a
0 0f 10 0 00 00000000 9b6d6036 8746fadb
0 10 0f 0 00 00000000 8746fadb 9b6d6036
0 11 0e 0 00 00000000 66f7ad4a aaaaaaaa
0 12 0d 0 00 00000000 7db6fdf0 80000000
0 13 0c 0 00 00000000 aa88957b 7fffffff
0 14 0b 0 00 00000000 13f16b89 dc9c42e2
0 15 0a 0 00 00000000 80000000 2da0df38
0 16 09 0 00 00000000 aaaaaaaa 48bf2d46
0 17 08 0 00 00000000 80000000 02fbd562
0 18 07 0 00 00000000 840b0e9e f3753ff4
0 19 06 0 00 00000000 e086bd54 a911e7b6
0 1a 05 0 00 00000000 1ea48a98 63ce277a
0 1b 04 0 00 00000000 00000001 df0577d7
0 1c 03 0 00 00000000 deadbeef 5d898aad
0 1d 02 0 00 00000000 ab563423 8bfa43e2
0 1e 01 0 00 00000000 bca3621d 00000000
0 1f 00 0 00 00000000 689b7506 00000000
0 1c 1c 0 1c f2b841ff deadbeef deadbeef
0 1c 1c 0 00 00000000 deadbeef deadbeef
0 0e 01 1 00 8dfc0ca6 aaaaaaaa 00000000
0 19 19 1 0c c7ad9564 e086bd54 e086bd54
0 02 10 1 0b 00000001 8bfa43e2 8746fadb
0 05 17 0 19 19b0f93e 63ce277a 80000000
0 15 15 1 15 2d91376f 2d91376f 2d91376f
0 1d 0d 1 04 7b562a4a ab563423 80000000
0 02 02 1 02 2733d182 2733d182 2733d182
0 08 16 0 0a a7972a14 02fbd562 aaaaaaaa
0 0b 0b 1 0b f8e919d7 f8e919d7 f8e919d7
0 07 07 1 07 3f29583e 3f29583e 3f29583e
0 08 00 0 00 55555555 02fbd562 00000000
0 08 03 0 1f 862e9897 02fbd562 5d898aad
0 0c 03 0 01 6d7e7da2 c7ad9564 5d898aad
0 15 15 1 0a 8cf4fe01 2d91376f 2d91376f
0 04 10 1 14 4fd3c8d3 7b562a4a 8746fadb
0 1d 02 1 15 ffffffff ab563423 2733d182
0 05 05 1 05 00000001 00000001 00000001
0 1a 13 1 00 5fbe057c 1ea48a98 aa88957b
0 01 01 1 01 eca02dd0 eca02dd0 eca02dd0
0 01 01 1 01 8183a1d0 8183a1d0 8183a1d0
0 1b 0d 0 1b 21e4511b 00000001 80000000
0 0f 03 1 0f d0c44626 d0c44626 5d898aad
0 1a 00 0 1d abd35ea7 1ea48a98 00000000
0 15 15 0 15 ab679391 ffffffff ffffffff
0 15 15 0 00 00000000 ffffffff ffffffff
0 1b 14 1 1f c33b0b60 00000001 4fd3c8d3
0 10 1d 0 00 eb6531d7 8746fadb ab563423
0 1a 07 1 00 cafebabe 1ea48a98 3f29583e
0 11 11 1 11 ffffffff ffffffff ffffffff
0 0d 03 1 17 f4e72ec4 80000000 5d898aad
0 15 15 0 15 124a0375 ffffffff ffffffff
0 15 15 0 00 00000000 ffffffff ffffffff
0 1a 15 1 06 2ec22ee4 1ea48a98 ffffffff
0 06 0b 0 16 aaaaaaaa 2ec22ee4 f8e919d7
0 07 08 1 00 cafebabe 3f29583e 02fbd562
# --- read-back sweep ---
# i_rst i_rs1_raddr i_rs2_raddr i_rd_wen i_rd_waddr i_rd_wdata | o_rs1_rdata
#     o_rs2_rdata
0 00 1f 0 00 00000000 00000000 c33b0b60
0 01 1e 0 00 00000000 8183a1d0 bca3621d
0 02 1d 0 00 00000000 2733d182 ab563423
0 03 1c 0 00 00000000 5d898aad deadbeef
0 04 1b 0 00 00000000 7b562a4a 00000001
0 05 1a 0 00 00000000 00000001 1ea48a98
0 06 19 0 00 00000000 2ec22ee4 e086bd54
0 07 18 0 00 00000000 3f29583e 840b0e9e
0 08 17 0 00 00000000 02fbd562 f4e72ec4
0 09 16 0 00 00000000 48bf2d46 aaaaaaaa
0 0a 15 0 00 00000000 8cf4fe01 ffffffff
0 0b 14 0 00 00000000 f8e919d7 4fd3c8d3
0 0c 13 0 00 00000000 c7ad9564 aa88957b
0 0d 12 0 00 00000000 80000000 7db6fdf0
0 0e 11 0 00 00000000 aaaaaaaa ffffffff
0 0f 10 0 00 00000000 d0c44626 8746fadb
0 10 0f 0 00 00000000 8746fadb d0c44626
0 11 0e 0 00 00000000 ffffffff aaaaaaaa
0 12 0d 0 00 00000000 7db6fdf0 80000000
0 13 0c 0 00 00000000 aa88957b c7ad9564
0 14 0b 0 00 00000000 4fd3c8d3 f8e919d7
0 15 0a 0 00 00000000 ffffffff 8cf4fe01
0 16 09 0 00 00000000 aaaaaaaa 48bf2d46
0 17 08 0 00 00000000 f4e72ec4 02fbd562
0 18 07 0 00 00000000 840b0e9e 3f29583e
0 19 06 0 00 00000000 e086bd54 2ec22ee4
0 1a 05 0 00 00000000 1ea48a98 00000001
0 1b 04 0 00 00000000 00000001 7b562a4a
0 1c 03 0 00 00000000 deadbeef 5d898aad
0 1d 02 0 00 00000000 ab563423 2733d182
0 1e 01 0 00 00000000 bca3621d 8183a1d0
0 1f 00 0 00 00000000 c33b0b60 00000000
0 01 07 1 01 6cfc9143 6cfc9143 3f29583e
0 13 07 1 02 be396b94 aa88957b 3f29583e
0 04 15 1 06 feccc362 7b562a4a ffffffff
0 16 00 0 1d 6424d270 aaaaaaaa 00000000
0 09 00 0 0a 614270b0 48bf2d46 00000000
0 18 0a 1 09 0000ffff 840b0e9e 8cf4fe01
0 1e 1e 1 1e a49c26d1 a49c26d1 a49c26d1
0 06 02 0 05 981b415e feccc362 be396b94
0 00 03 1 17 9aca362b 00000000 5d898aad
0 06 03 0 02 7fffffff feccc362 5d898aad
0 1e 1e 1 1e 0000ffff 0000ffff 0000ffff
0 13 13 1 13 55555555 55555555 55555555
0 1a 10 0 06 55555555 1ea48a98 8746fadb
0 09 09 0 09 80a7b551 0000ffff 0000ffff
0 09 09 0 00 00000000 0000ffff 0000ffff
0 1d 0f 0 09 8ea7b4ce ab563423 d0c44626
0 07 10 0 05 cafebabe 3f29583e 8746fadb
0 00 00 1 13 e9fa185d 00000000 00000000
0 00 13 1 1b 3f287c37 00000000 e9fa185d
0 1e 1e 1 01 8aa95eea 0000ffff 0000ffff
0 0b 0b 1 0b ec568f1e ec568f1e ec568f1e
0 14 01 1 10 aaaaaaaa 4fd3c8d3 8aa95eea
0 09 1c 1 16 7fffffff 0000ffff deadbeef
0 05 01 1 05 362ce604 362ce604 8aa95eea
0 00 1e 1 0a cff267ea 00000000 0000ffff
0 14 14 0 14 e76dd2a4 4fd3c8d3 4fd3c8d3
0 14 14 0 00 00000000 4fd3c8d3 4fd3c8d3
# --- read-back sweep ---
# i_rst i_rs1_raddr i_rs2_raddr i_rd_wen i_rd_waddr i_rd_wdata | o_rs1_rdata
#     o_rs2_rdata
0 00 1f 0 00 00000000 00000000 c33b0b60
0 01 1e 0 00 00000000 8aa95eea 0000ffff
0 02 1d 0 00 00000000 be396b94 ab563423
0 03 1c 0 00 00000000 5d898aad deadbeef
0 04 1b 0 00 00000000 7b562a4a 3f287c37
0 05 1a 0 00 00000000 362ce604 1ea48a98
0 06 19 0 00 00000000 feccc362 e086bd54
0 07 18 0 00 00000000 3f29583e 840b0e9e
0 08 17 0 00 00000000 02fbd562 9aca362b
0 09 16 0 00 00000000 0000ffff 7fffffff
0 0a 15 0 00 00000000 cff267ea ffffffff
0 0b 14 0 00 00000000 ec568f1e 4fd3c8d3
0 0c 13 0 00 00000000 c7ad9564 e9fa185d
0 0d 12 0 00 00000000 80000000 7db6fdf0
0 0e 11 0 00 00000000 aaaaaaaa ffffffff
0 0f 10 0 00 00000000 d0c44626 aaaaaaaa
0 10 0f 0 00 00000000 aaaaaaaa d0c44626
0 11 0e 0 00 00000000 ffffffff aaaaaaaa
0 12 0d 0 00 00000000 7db6fdf0 80000000
0 13 0c 0 00 00000000 e9fa185d c7ad9564
0 14 0b 0 00 00000000 4fd3c8d3 ec568f1e
0 15 0a 0 00 00000000 ffffffff cff267ea
0 16 09 0 00 00000000 7fffffff 0000ffff
0 17 08 0 00 00000000 9aca362b 02fbd562
0 18 07 0 00 00000000 840b0e9e 3f29583e
0 19 06 0 00 00000000 e086bd54 feccc362
0 1a 05 0 00 00000000 1ea48a98 362ce604
0 1b 04 0 00 00000000 3f287c37 7b562a4a
0 1c 03 0 00 00000000 deadbeef 5d898aad
0 1d 02 0 00 00000000 ab563423 be396b94
0 1e 01 0 00 00000000 0000ffff 8aa95eea
0 1f 00 0 00 00000000 c33b0b60 00000000
0 0e 0e 0 0e 215b2b3a aaaaaaaa aaaaaaaa
0 0e 0e 0 00 00000000 aaaaaaaa aaaaaaaa
0 09 1a 1 09 55555555 55555555 1ea48a98
0 01 05 1 07 c8864695 8aa95eea 362ce604
0 06 06 1 06 ad3fab9f ad3fab9f ad3fab9f
0 00 00 1 00 b2ab70a2 00000000 00000000
0 00 04 0 05 736d7f70 00000000 7b562a4a
0 1d 08 1 1d 391d40ca 391d40ca 02fbd562
0 11 19 1 0d d5a790fa ffffffff e086bd54
0 13 06 1 13 53ca11a1 53ca11a1 ad3fab9f
0 00 00 1 00 cafebabe 00000000 00000000
0 1d 1d 0 1d 7ce1a9cb 391d40ca 391d40ca
0 1d 1d 0 00 00000000 391d40ca 391d40ca
0 00 18 0 1c d55534cd 00000000 840b0e9e
0 04 0d 1 04 532de721 532de721 d5a790fa
0 11 0d 0 1b de6216ed ffffffff d5a790fa
0 00 0e 1 0a 0000ffff 00000000 aaaaaaaa
0 0c 19 1 16 7f8da908 c7ad9564 e086bd54
0 16 16 0 00 00000000 7f8da908 7f8da908
0 1b 1b 1 1b e66a6865 e66a6865 e66a6865
0 01 01 0 00 067068ad 8aa95eea 8aa95eea
0 00 1a 1 1b d021a3f2 00000000 1ea48a98
0 0b 02 1 1d ad1ffab5 ec568f1e be396b94
0 04 10 1 16 7576dfe7 532de721 aaaaaaaa
0 10 1c 0 16 00000001 aaaaaaaa deadbeef
0 0c 1a 0 18 b1541d88 c7ad9564 1ea48a98
0 1b 18 0 08 20e601ad d021a3f2 840b0e9e
0 00 12 1 1f 0000ffff 00000000 7db6fdf0
0 02 16 0 1e eba8a10b be396b94 7576dfe7
0 10 0b 0 0a 447f5679 aaaaaaaa ec568f1e
0 07 1b 1 0f a3740cde c8864695 d021a3f2
0 14 01 1 0e da5d752c 4fd3c8d3 8aa95eea
0 0f 1d 0 00 0000ffff a3740cde ad1ffab5
0 0a 0a 1 17 d240f89a 0000ffff 0000ffff
0 0b 19 0 1e 85a6a1cf ec568f1e e086bd54
0 19 0f 1 16 0d39b4d4 e086bd54 a3740cde
0 09 16 0 14 82223d95 55555555 0d39b4d4
0 1b 00 1 00 76f6ba64 d021a3f2 00000000
0 1c 1e 1 13 a0c1116d deadbeef 0000ffff
0 0e 0f 0 1d 96dc98f9 da5d752c a3740cde
0 1c 0e 0 05 0000ffff deadbeef da5d752c
0 19 07 0 1d 3cc7f026 e086bd54 c8864695
0 15 00 0 0d e029ca17 ffffffff 00000000
0 1a 1a 1 1a cafebabe cafebabe cafebabe
0 00 0d 1 14 aaaaaaaa 00000000 d5a790fa
0 15 0a 0 11 08240cfe ffffffff 0000ffff
0 13 10 1 04 615f9f48 a0c1116d aaaaaaaa
0 04 04 0 00 00000000 615f9f48 615f9f48
0 10 10 1 10 3c71f04f 3c71f04f 3c71f04f
0 07 0b 0 11 cafebabe c8864695 ec568f1e
0 05 19 0 0f 96b929b2 362ce604 e086bd54
0 11 03 1 18 8136aca8 ffffffff 5d898aad
0 18 18 0 00 00000000 8136aca8 8136aca8
0 16 06 0 00 d56cbda5 0d39b4d4 ad3fab9f
0 00 1f 0 17 635b7ab7 00000000 0000ffff
0 0b 00 1 00 80000000 ec568f1e 00000000
0 1f 15 1 06 b76f82b1 0000ffff ffffffff
0 00 06 0 10 9fdf64f1 00000000 b76f82b1
0 17 17 0 17 cfb80cb5 d240f89a d240f89a
0 17 17 0 00 00000000 d240f89a d240f89a
0 19 1c 1 05 c30bda26 e086bd54 deadbeef
0 08 1d 1 0c aaaaaaaa 02fbd562 ad1ffab5
0 03 19 0 00 fd7752b5 5d898aad e086bd54
0 12 12 1 12 cab73892 cab73892 cab73892
0 10 14 0 0e 8a0e1d50 3c71f04f aaaaaaaa
0 10 10 1 10 15186f07 15186f07 15186f07
0 0c 00 1 00 0122c55b aaaaaaaa 00000000
0 0a 0a 1 0a 8a55f293 8a55f293 8a55f293
0 1f 1f 1 11 43d2036d 0000ffff 0000ffff
0 0f 00 1 13 00d2cf4e a3740cde 00000000
0 0f 00 1 0f 80000000 80000000 00000000
0 18 0f 1 00 999f356f 8136aca8 80000000
0 1f 16 0 08 46b37b51 0000ffff 0d39b4d4
0 11 11 1 11 aaaaaaaa aaaaaaaa aaaaaaaa
0 05 0a 1 05 ffffffff ffffffff 8a55f293
0 00 16 1 1c d110375e 00000000 0d39b4d4
0 0d 0d 0 11 ff29ff0a d5a790fa d5a790fa
0 1a 1a 1 1a 2f5f2dff 2f5f2dff 2f5f2dff
0 1a 19 0 17 cdc5bf4c 2f5f2dff e086bd54
0 19 1f 1 05 56fb831e e086bd54 0000ffff
0 05 05 0 00 00000000 56fb831e 56fb831e
0 15 00 1 09 6f2c8453 ffffffff 00000000
0 14 18 0 00 7321b19f aaaaaaaa 8136aca8
0 11 00 1 00 00f66aac aaaaaaaa 00000000
0 1a 11 1 1a 1a15019d 1a15019d aaaaaaaa
0 14 08 1 09 e03acc74 aaaaaaaa 02fbd562
0 0e 07 0 19 cafebabe da5d752c c8864695
0 0f 0f 1 0f 2bbe6a47 2bbe6a47 2bbe6a47
0 16 04 1 17 2d28589b 0d39b4d4 615f9f48
0 19 14 0 06 f6ff0aef e086bd54 aaaaaaaa
0 16 02 1 1b 89c50239 0d39b4d4 be396b94
0 1b 0b 1 19 79d06e22 89c50239 ec568f1e
0 0d 06 0 1e 5d496688 d5a790fa b76f82b1
0 11 1d 1 1e 617d3dd5 aaaaaaaa ad1ffab5
0 1e 1e 0 00 00000000 617d3dd5 617d3dd5
0 00 00 1 00 5383c7c6 00000000 00000000
0 1a 1f 1 06 4c7b0c38 1a15019d 0000ffff
0 09 03 1 03 0b06ee5f e03acc74 0b06ee5f
0 14 14 1 14 b4e7e16c b4e7e16c b4e7e16c
0 00 1d 1 1a aaaaaaaa 00000000 ad1ffab5
0 19 18 1 10 bc5cd957 79d06e22 8136aca8
0 13 13 0 13 341e6aa9 00d2cf4e 00d2cf4e
0 13 13 0 00 00000000 00d2cf4e 00d2cf4e
0 08 05 1 1b 593761de 02fbd562 56fb831e
0 0b 12 1 08 d5edba0b ec568f1e cab73892
0 08 08 0 00 00000000 d5edba0b d5edba0b
0 18 06 0 0d fa3db4ba 8136aca8 4c7b0c38
0 0e 10 1 1b ed4d9978 da5d752c bc5cd957
0 0b 0c 0 1b e05f1cb8 ec568f1e aaaaaaaa
0 0f 00 1 0f 94da08ae 94da08ae 00000000
0 08 0b 1 0a df1a8639 d5edba0b ec568f1e
0 13 13 1 13 764ef2a8 764ef2a8 764ef2a8
0 1c 1c 0 1c 67c89a62 d110375e d110375e
0 1c 1c 0 00 00000000 d110375e d110375e
0 14 17 1 14 c6a2da94 c6a2da94 2d28589b
0 18 1e 1 09 b8ac4f99 8136aca8 617d3dd5
0 19 13 1 0d 0000ffff 79d06e22 764ef2a8
0 00 11 1 00 fd95be67 00000000 aaaaaaaa
0 13 1a 1 1b 00000001 764ef2a8 aaaaaaaa
0 00 00 0 10 29189def 00000000 00000000
0 15 00 1 09 deadbeef ffffffff 00000000
0 12 1f 0 03 aaaaaaaa cab73892 0000ffff
0 0a 19 1 1d 18bd7214 df1a8639 79d06e22
0 00 00 1 00 ab44d7f4 00000000 00000000
0 0f 06 0 04 960c3445 94da08ae 4c7b0c38
0 18 18 1 18 86d7b7aa 86d7b7aa 86d7b7aa
0 15 02 1 13 4d90685b ffffffff be396b94
0 15 15 1 15 9f7d8a95 9f7d8a95 9f7d8a95
0 09 17 0 00 9abc307b deadbeef 2d28589b
0 19 00 0 1d 47507829 79d06e22 00000000
0 12 09 1 0d c11db08b cab73892 deadbeef
# --- read-back sweep ---
# i_rst i_rs1_raddr i_rs2_raddr i_rd_wen i_rd_waddr i_rd_wdata | o_rs1_rdata
#     o_rs2_rdata
0 00 1f 0 00 00000000 00000000 0000ffff
0 01 1e 0 00 00000000 8aa95eea 617d3dd5
0 02 1d 0 00 00000000 be396b94 18bd7214
0 03 1c 0 00 00000000 0b06ee5f d110375e
0 04 1b 0 00 00000000 615f9f48 00000001
0 05 1a 0 00 00000000 56fb831e aaaaaaaa
0 06 19 0 00 00000000 4c7b0c38 79d06e22
0 07 18 0 00 00000000 c8864695 86d7b7aa
0 08 17 0 00 00000000 d5edba0b 2d28589b
0 09 16 0 00 00000000 deadbeef 0d39b4d4
0 0a 15 0 00 00000000 df1a8639 9f7d8a95
0 0b 14 0 00 00000000 ec568f1e c6a2da94
0 0c 13 0 00 00000000 aaaaaaaa 4d90685b
0 0d 12 0 00 00000000 c11db08b cab73892
0 0e 11 0 00 00000000 da5d752c aaaaaaaa
0 0f 10 0 00 00000000 94da08ae bc5cd957
0 10 0f 0 00 00000000 bc5cd957 94da08ae
0 11 0e 0 00 00000000 aaaaaaaa da5d752c
0 12 0d 0 00 00000000 cab73892 c11db08b
0 13 0c 0 00 00000000 4d90685b aaaaaaaa
0 14 0b 0 00 00000000 c6a2da94 ec568f1e
0 15 0a 0 00 00000000 9f7d8a95 df1a8639
0 16 09 0 00 00000000 0d39b4d4 deadbeef
0 17 08 0 00 00000000 2d28589b d5edba0b
0 18 07 0 00 00000000 86d7b7aa c8864695
0 19 06 0 00 00000000 79d06e22 4c7b0c38
0 1a 05 0 00 00000000 aaaaaaaa 56fb831e
0 1b 04 0 00 00000000 00000001 615f9f48
0 1c 03 0 00 00000000 d110375e 0b06ee5f
0 1d 02 0 00 00000000 18bd7214 be396b94
0 1e 01 0 00 00000000 617d3dd5 8aa95eea
0 1f 00 0 00 00000000 0000ffff 00000000
0 0a 1d 0 0b fa5ff96c df1a8639 18bd7214
0 10 10 1 10 c95a8bc4 c95a8bc4 c95a8bc4
0 1a 1a 1 1a 567c0119 567c0119 567c0119
0 13 14 1 15 5216377d 4d90685b c6a2da94
0 07 05 0 16 13d61af9 c8864695 56fb831e
0 12 11 0 0c ffffffff cab73892 aaaaaaaa
0 10 00 1 1b fb259689 c95a8bc4 00000000
0 0c 05 1 0c 0eef648d 0eef648d 56fb831e
0 1f 00 1 1f 4881f5ef 4881f5ef 00000000
0 13 01 1 13 f01ab5a5 f01ab5a5 8aa95eea
0 00 03 1 14 80000000 00000000 0b06ee5f
0 1d 1b 1 12 0e163339 18bd7214 fb259689
0 13 13 1 13 0000ffff 0000ffff 0000ffff
0 0e 04 1 07 5c4b7190 da5d752c 615f9f48
0 19 1e 1 10 d41a27f9 79d06e22 617d3dd5
0 04 13 1 0c fd299f03 615f9f48 0000ffff
0 1f 00 0 00 1b476ee1 4881f5ef 00000000
0 19 02 1 0d 55555555 79d06e22 be396b94
0 04 17 1 10 8dc1213a 615f9f48 2d28589b
0 0a 02 1 0a 86c5111b 86c5111b be396b94
0 00 07 0 05 e063fb64 00000000 5c4b7190
0 0b 0b 0 0b 141e0478 ec568f1e ec568f1e
0 0b 0b 0 00 00000000 ec568f1e ec568f1e
0 0a 04 0 08 0000ffff 86c5111b 615f9f48
0 0c 1e 1 1e 80000000 fd299f03 80000000
0 09 12 1 00 8532ed2d deadbeef 0e163339
0 14 00 0 00 71797641 80000000 00000000
0 05 1a 0 0c 705d6cea 56fb831e 567c0119
0 09 09 1 09 dec49509 dec49509 dec49509
0 04 1a 1 06 97d1189b 615f9f48 567c0119
0 00 0b 1 00 47bac2e7 00000000 ec568f1e
0 1a 0c 1 19 4def8cdc 567c0119 fd299f03
0 03 1c 1 08 85f2027e 0b06ee5f d110375e
0 03 0e 1 0c ba07330d 0b06ee5f da5d752c
0 07 1f 1 1f 16b0fdbf 5c4b7190 16b0fdbf
0 19 19 0 19 d02b5ed4 4def8cdc 4def8cdc
0 19 19 0 00 00000000 4def8cdc 4def8cdc
0 08 0c 1 00 c8f95a08 85f2027e ba07330d
0 0f 0d 0 0a 9424e624 94da08ae 55555555
0 03 0b 0 03 9691a18a 0b06ee5f ec568f1e
0 00 0c 0 01 52812e9e 00000000 ba07330d
0 00 16 0 12 46a5f970 00000000 0d39b4d4
0 1d 1d 1 1d b6813192 b6813192 b6813192
0 03 00 1 04 f571f12a 0b06ee5f 00000000
0 0b 1d 0 19 a0a29efc ec568f1e b6813192
0 18 0a 1 13 6e860725 86d7b7aa 86c5111b
0 0d 1c 1 1c e870d69b 55555555 e870d69b
0 16 06 1 00 e36c28dd 0d39b4d4 97d1189b
0 0b 07 1 04 23d176dc ec568f1e 5c4b7190
0 02 13 1 13 f56febd0 be396b94 f56febd0
0 18 15 0 0a 6e34818f 86d7b7aa 5216377d
0 0c 1f 1 1f 55555555 ba07330d 55555555
0 0c 0c 1 0c 0bef228c 0bef228c 0bef228c
0 1b 1f 1 1b 6284ae02 6284ae02 55555555
0 01 0b 1 00 41c96b62 8aa95eea ec568f1e
0 19 0a 1 15 247fad46 4def8cdc 86c5111b
0 00 03 0 07 993f75c9 00000000 0b06ee5f
0 1a 1a 1 1a aaaaaaaa aaaaaaaa aaaaaaaa
0 1c 1b 1 00 41a253ca e870d69b 6284ae02
0 05 06 1 05 deadbeef deadbeef 97d1189b
0 11 1d 1 17 6e85ad01 aaaaaaaa b6813192
0 19 19 1 19 ffffffff ffffffff ffffffff
0 14 09 0 00 cafebabe 80000000 dec49509
0 1b 0c 1 00 5014e58e 6284ae02 0bef228c
0 09 05 0 0a 0d086af5 dec49509 deadbeef
0 16 09 1 1c 1a51e20d 0d39b4d4 dec49509
0 1b 1b 0 1b deedf9b4 6284ae02 6284ae02
0 1b 1b 0 00 00000000 6284ae02 6284ae02
0 07 09 1 1a 667c9de3 5c4b7190 dec49509
0 12 1a 0 1b 0000ffff 0e163339 667c9de3
0 18 08 0 1d 55555555 86d7b7aa 85f2027e
0 0f 0f 1 0f 5b276ec9 5b276ec9 5b276ec9
0 1d 01 1 0f 07213280 b6813192 8aa95eea
0 0f 0f 0 00 00000000 07213280 07213280
0 0e 01 1 11 7949af7a da5d752c 8aa95eea
0 11 11 0 00 00000000 7949af7a 7949af7a
0 04 1c 1 1c 1156b7f7 23d176dc 1156b7f7
0 11 03 1 03 ffffffff 7949af7a ffffffff
0 1d 11 1 00 aaea82f7 b6813192 7949af7a
0 11 00 0 13 b61dfe87 7949af7a 00000000
0 19 03 0 19 006f6961 ffffffff ffffffff
0 09 09 0 09 938d2bb7 dec49509 dec49509
0 09 09 0 00 00000000 dec49509 dec49509
0 12 12 1 12 a17d630f a17d630f a17d630f
0 0d 0f 0 0a 42ff9521 55555555 07213280
0 1d 0c 1 1d d6d33e20 d6d33e20 0bef228c
0 18 18 1 18 f18b5995 f18b5995 f18b5995
0 1f 12 1 1f cc9a02b0 cc9a02b0 a17d630f
0 01 04 0 18 00000000 8aa95eea 23d176dc
0 04 14 1 0b e0aec700 23d176dc 80000000
0 13 00 1 13 b5d4ac3b b5d4ac3b 00000000
0 03 08 0 1d dbca70fb ffffffff 85f2027e
0 10 02 1 10 4e04cd3d 4e04cd3d be396b94
0 14 1d 1 14 70edc36f 70edc36f d6d33e20
0 1d 1c 0 17 4c82f0ce d6d33e20 1156b7f7
0 10 01 1 07 f71ee4df 4e04cd3d 8aa95eea
0 04 15 0 0a 30369fbc 23d176dc 247fad46
0 15 15 0 15 ecf4e3df 247fad46 247fad46
0 15 15 0 00 00000000 247fad46 247fad46
0 1a 06 1 1a 6d606d1c 6d606d1c 97d1189b
0 00 09 1 01 5a239966 00000000 dec49509
0 09 17 1 09 6cdf508f 6cdf508f 6e85ad01
0 09 09 0 00 00000000 6cdf508f 6cdf508f
0 16 1c 1 08 db0029e5 0d39b4d4 1156b7f7
0 1c 16 1 03 7fffffff 1156b7f7 0d39b4d4
0 0c 00 1 00 deadbeef 0bef228c 00000000
0 07 07 0 07 a09fcc74 f71ee4df f71ee4df
0 07 07 0 00 00000000 f71ee4df f71ee4df
0 16 0e 1 10 1c70e4b3 0d39b4d4 da5d752c
0 10 1e 1 15 00000000 1c70e4b3 80000000
0 05 05 1 05 f8b51a17 f8b51a17 f8b51a17
0 16 00 1 1e f609d3e6 0d39b4d4 00000000
0 11 00 1 1e cafebabe 7949af7a 00000000
0 04 04 1 04 df322527 df322527 df322527
0 00 1d 1 19 dee52998 00000000 d6d33e20
0 18 18 1 18 7fffffff 7fffffff 7fffffff
0 0e 19 0 1d 4436fa95 da5d752c dee52998
0 19 19 1 1e 2032562b dee52998 dee52998
0 12 11 1 12 deadbeef deadbeef 7949af7a
0 0d 1d 0 0a f849d602 55555555 d6d33e20
0 18 1a 1 18 00000000 00000000 6d606d1c
0 0e 15 0 0d 587b2605 da5d752c 00000000
0 1b 06 1 0f a1a63882 6284ae02 97d1189b
0 0f 0f 0 00 00000000 a1a63882 a1a63882
0 15 1a 1 15 dd0136ec dd0136ec 6d606d1c
0 1a 11 0 19 d9df8c55 6d606d1c 7949af7a
0 05 0c 1 0b 7fffffff f8b51a17 0bef228c
0 0d 03 0 00 ffffffff 55555555 7fffffff
0 09 14 1 14 7f6d4927 6cdf508f 7f6d4927
0 02 02 1 02 10928351 10928351 10928351
0 13 13 0 13 86a64172 b5d4ac3b b5d4ac3b
0 13 13 0 00 00000000 b5d4ac3b b5d4ac3b
0 1b 0b 1 0b 00000001 6284ae02 00000001
0 15 1d 0 16 14b7a9e2 dd0136ec d6d33e20
0 08 0e 1 0d b8efe616 db0029e5 da5d752c
0 01 12 1 01 705c31dd 705c31dd deadbeef
0 00 0f 0 0d 1ff2cede 00000000 a1a63882
0 13 11 1 18 145b53ae b5d4ac3b 7949af7a
0 1d 1b 1 0d ffffffff d6d33e20 6284ae02
0 1f 00 1 09 27073ae1 cc9a02b0 00000000
0 12 10 1 1e 474cef70 deadbeef 1c70e4b3
0 0b 10 1 0a e1f50c57 00000001 1c70e4b3
0 1d 1c 1 12 f4efda41 d6d33e20 1156b7f7
0 18 08 0 0a 8049fc57 145b53ae db0029e5
0 1b 15 1 1b 66414a9b 66414a9b dd0136ec
0 1a 1a 1 1a 00000001 00000001 00000001
0 06 05 1 06 4f1169da 4f1169da f8b51a17
0 01 1b 1 11 0000ffff 705c31dd 66414a9b
0 0b 00 1 0b 210d9498 210d9498 00000000
0 14 18 1 1f de4a4f28 7f6d4927 145b53ae
0 17 06 1 17 cafebabe cafebabe 4f1169da
0 0c 02 0 00 a4829f1f 0bef228c 10928351
0 07 1d 1 14 7fffffff f71ee4df d6d33e20
0 00 10 0 01 be9c780c 00000000 1c70e4b3
0 13 01 0 0c 897a5c92 b5d4ac3b 705c31dd
0 02 00 1 00 58a3c1f6 10928351 00000000
0 08 12 1 18 29494982 db0029e5 f4efda41
0 18 18 0 00 00000000 29494982 29494982
0 03 15 1 11 00000001 7fffffff dd0136ec
0 03 12 1 00 00000001 7fffffff f4efda41
0 05 1f 1 17 8fe0006d f8b51a17 de4a4f28
0 00 06 1 00 01725d0c 00000000 4f1169da
0 0c 1b 1 0c 91fc759c 91fc759c 66414a9b
0 1d 0d 0 0a 5eaa0551 d6d33e20 ffffffff
0 0a 1b 0 07 7fffffff e1f50c57 66414a9b
# --- read-back sweep ---
# i_rst i_rs1_raddr i_rs2_raddr i_rd_wen i_rd_waddr i_rd_wdata | o_rs1_rdata
#     o_rs2_rdata
0 00 1f 0 00 00000000 00000000 de4a4f28
0 01 1e 0 00 00000000 705c31dd 474cef70
0 02 1d 0 00 00000000 10928351 d6d33e20
0 03 1c 0 00 00000000 7fffffff 1156b7f7
0 04 1b 0 00 00000000 df322527 66414a9b
0 05 1a 0 00 00000000 f8b51a17 00000001
0 06 19 0 00 00000000 4f1169da dee52998
0 07 18 0 00 00000000 f71ee4df 29494982
0 08 17 0 00 00000000 db0029e5 8fe0006d
0 09 16 0 00 00000000 27073ae1 0d39b4d4
0 0a 15 0 00 00000000 e1f50c57 dd0136ec
0 0b 14 0 00 00000000 210d9498 7fffffff
0 0c 13 0 00 00000000 91fc759c b5d4ac3b
0 0d 12 0 00 00000000 ffffffff f4efda41
0 0e 11 0 00 00000000 da5d752c 00000001
0 0f 10 0 00 00000000 a1a63882 1c70e4b3
0 10 0f 0 00 00000000 1c70e4b3 a1a63882
0 11 0e 0 00 00000000 00000001 da5d752c
0 12 0d 0 00 00000000 f4efda41 ffffffff
0 13 0c 0 00 00000000 b5d4ac3b 91fc759c
0 14 0b 0 00 00000000 7fffffff 210d9498
0 15 0a 0 00 00000000 dd0136ec e1f50c57
0 16 09 0 00 00000000 0d39b4d4 27073ae1
0 17 08 0 00 00000000 8fe0006d db0029e5
0 18 07 0 00 00000000 29494982 f71ee4df
0 19 06 0 00 00000000 dee52998 4f1169da
0 1a 05 0 00 00000000 00000001 f8b51a17
0 1b 04 0 00 00000000 66414a9b df322527
0 1c 03 0 00 00000000 1156b7f7 7fffffff
0 1d 02 0 00 00000000 d6d33e20 10928351
0 1e 01 0 00 00000000 474cef70 705c31dd
0 1f 00 0 00 00000000 de4a4f28 00000000
0 1c 00 1 1c efec0f9c efec0f9c 00000000
0 0b 19 1 19 ffffffff 210d9498 ffffffff
0 14 00 0 0d deadbeef 7fffffff 00000000
0 08 08 1 08 a1733bf3 a1733bf3 a1733bf3
0 10 0c 1 19 5e13d43e 1c70e4b3 91fc759c
0 19 11 1 19 db6299d1 db6299d1 00000001
0 0d 1e 1 0d 5bab2e52 5bab2e52 474cef70
0 03 03 0 03 63676d97 7fffffff 7fffffff
0 03 03 0 00 00000000 7fffffff 7fffffff
0 13 13 0 1a 55555555 b5d4ac3b b5d4ac3b
0 04 03 1 03 1d788e72 df322527 1d788e72
0 03 03 0 00 00000000 1d788e72 1d788e72
0 08 05 1 13 ea4ebbc2 a1733bf3 f8b51a17
0 13 13 0 00 00000000 ea4ebbc2 ea4ebbc2
0 12 01 0 01 55555555 f4efda41 705c31dd
0 06 06 1 06 ffffffff ffffffff ffffffff
0 01 0b 1 19 37724e5f 705c31dd 210d9498
0 0c 08 1 1d e5f0f0c8 91fc759c a1733bf3
0 05 05 1 05 00000001 00000001 00000001
0 12 12 1 12 4d28d8e2 4d28d8e2 4d28d8e2
0 00 0c 1 07 96fd19c9 00000000 91fc759c
0 1f 14 1 1f 66c8d195 66c8d195 7fffffff
0 00 0f 1 06 e99d525e 00000000 a1a63882
0 1b 12 1 1b 00000001 00000001 4d28d8e2
0 00 15 0 16 5e9dea19 00000000 dd0136ec
0 0f 0e 0 0e 7fffffff a1a63882 da5d752c
0 1e 0a 1 1f 55555555 474cef70 e1f50c57
0 0a 13 0 18 55555555 e1f50c57 ea4ebbc2
0 0e 06 0 0f 0000ffff da5d752c e99d525e
0 07 14 1 15 e5530b9d 96fd19c9 7fffffff
0 18 18 1 18 5c1fe5ff 5c1fe5ff 5c1fe5ff
0 00 02 1 1d 3f501a95 00000000 10928351
0 0e 0f 0 01 e1047745 da5d752c a1a63882
0 0e 06 1 00 f2795f9a da5d752c e99d525e
0 06 0f 0 06 80000000 e99d525e a1a63882
0 11 1f 1 0a 7a708f91 00000001 55555555
# --- read-back sweep ---
# i_rst i_rs1_raddr i_rs2_raddr i_rd_wen i_rd_waddr i_rd_wdata | o_rs1_rdata
#     o_rs2_rdata
0 00 1f 0 00 00000000 00000000 55555555
0 01 1e 0 00 00000000 705c31dd 474cef70
0 02 1d 0 00 00000000 10928351 3f501a95
0 03 1c 0 00 00000000 1d788e72 efec0f9c
0 04 1b 0 00 00000000 df322527 00000001
0 05 1a 0 00 00000000 00000001 00000001
0 06 19 0 00 00000000 e99d525e 37724e5f
0 07 18 0 00 00000000 96fd19c9 5c1fe5ff
0 08 17 0 00 00000000 a1733bf3 8fe0006d
0 09 16 0 00 00000000 27073ae1 0d39b4d4
0 0a 15 0 00 00000000 7a708f91 e5530b9d
0 0b 14 0 00 00000000 210d9498 7fffffff
0 0c 13 0 00 00000000 91fc759c ea4ebbc2
0 0d 12 0 00 00000000 5bab2e52 4d28d8e2
0 0e 11 0 00 00000000 da5d752c 00000001
0 0f 10 0 00 00000000 a1a63882 1c70e4b3
0 10 0f 0 00 00000000 1c70e4b3 a1a63882
0 11 0e 0 00 00000000 00000001 da5d752c
0 12 0d 0 00 00000000 4d28d8e2 5bab2e52
0 13 0c 0 00 00000000 ea4ebbc2 91fc759c
0 14 0b 0 00 00000000 7fffffff 210d9498
0 15 0a 0 00 00000000 e5530b9d 7a708f91
0 16 09 0 00 00000000 0d39b4d4 27073ae1
0 17 08 0 00 00000000 8fe0006d a1733bf3
0 18 07 0 00 00000000 5c1fe5ff 96fd19c9
0 19 06 0 00 00000000 37724e5f e99d525e
0 1a 05 0 00 00000000 00000001 00000001
0 1b 04 0 00 00000000 00000001 df322527
0 1c 03 0 00 00000000 efec0f9c 1d788e72
0 1d 02 0 00 00000000 3f501a95 10928351
0 1e 01 0 00 00000000 474cef70 705c31dd
0 1f 00 0 00 00000000 55555555 00000000
0 0c 14 1 0a feeda752 91fc759c 7fffffff
0 05 04 1 0c 3b56ee9a 00000001 df322527
0 01 1c 0 07 0000ffff 705c31dd efec0f9c
0 04 09 1 0f 86b7fd8f df322527 27073ae1
0 1e 13 0 0f 30c72296 474cef70 ea4ebbc2
0 08 0a 1 08 c21ff405 c21ff405 feeda752
0 0e 06 1 0e c96a810e c96a810e e99d525e
0 12 0e 1 19 1cb9f6d4 4d28d8e2 c96a810e
0 0f 00 1 00 f1501331 86b7fd8f 00000000
0 0a 1d 1 00 14d3c0c1 feeda752 3f501a95
0 1d 1d 1 1d 00000000 00000000 00000000
0 08 02 0 19 86fca72c c21ff405 10928351
0 17 00 1 07 a913b137 8fe0006d 00000000
0 07 07 0 00 00000000 a913b137 a913b137
0 17 1c 1 03 86a07806 8fe0006d efec0f9c
0 15 0a 0 11 0000ffff e5530b9d feeda752
0 09 1b 0 00 80000000 27073ae1 00000001
0 06 00 1 1c 58864545 e99d525e 00000000
0 1f 1f 0 03 deadbeef 55555555 55555555
0 1c 04 1 04 ae2cd4f0 58864545 ae2cd4f0
0 1c 0d 1 12 00000001 58864545 5bab2e52
0 05 15 1 07 2520411b 00000001 e5530b9d
0 00 0b 1 00 f38ed8e1 00000000 210d9498
0 16 16 1 16 393ba8bf 393ba8bf 393ba8bf
0 0f 18 1 0f 25ab5137 25ab5137 5c1fe5ff
0 0f 1b 1 1b 93fd101a 25ab5137 93fd101a
0 0c 0e 1 1a 5d64d577 3b56ee9a c96a810e
0 04 1f 1 04 0a101312 0a101312 55555555
0 07 19 0 16 80607589 2520411b 1cb9f6d4
0 19 13 1 0d e3f7dcf6 1cb9f6d4 ea4ebbc2
0 19 19 1 19 02acf330 02acf330 02acf330
0 0f 14 1 08 8d7bc151 25ab5137 7fffffff
0 04 10 1 0c 955f6cc0 0a101312 1c70e4b3
0 15 00 1 11 30aa2d34 e5530b9d 00000000
0 13 17 1 13 7fffffff 7fffffff 8fe0006d
# --- read-back sweep ---
# i_rst i_rs1_raddr i_rs2_raddr i_rd_wen i_rd_waddr i_rd_wdata | o_rs1_rdata
#     o_rs2_rdata
0 00 1f 0 00 00000000 00000000 55555555
0 01 1e 0 00 00000000 705c31dd 474cef70
0 02 1d 0 00 00000000 10928351 00000000
0 03 1c 0 00 00000000 86a07806 58864545
0 04 1b 0 00 00000000 0a101312 93fd101a
0 05 1a 0 00 00000000 00000001 5d64d577
0 06 19 0 00 00000000 e99d525e 02acf330
0 07 18 0 00 00000000 2520411b 5c1fe5ff
0 08 17 0 00 00000000 8d7bc151 8fe0006d
0 09 16 0 00 00000000 27073ae1 393ba8bf
0 0a 15 0 00 00000000 feeda752 e5530b9d
0 0b 14 0 00 00000000 210d9498 7fffffff
0 0c 13 0 00 00000000 955f6cc0 7fffffff
0 0d 12 0 00 00000000 e3f7dcf6 00000001
0 0e 11 0 00 00000000 c96a810e 30aa2d34
0 0f 10 0 00 00000000 25ab5137 1c70e4b3
0 10 0f 0 00 00000000 1c70e4b3 25ab5137
0 11 0e 0 00 00000000 30aa2d34 c96a810e
0 12 0d 0 00 00000000 00000001 e3f7dcf6
0 13 0c 0 00 00000000 7fffffff 955f6cc0
0 14 0b 0 00 00000000 7fffffff 210d9498
0 15 0a 0 00 00000000 e5530b9d feeda752
0 16 09 0 00 00000000 393ba8bf 27073ae1
0 17 08 0 00 00000000 8fe0006d 8d7bc151
0 18 07 0 00 00000000 5c1fe5ff 2520411b
0 19 06 0 00 00000000 02acf330 e99d525e
0 1a 05 0 00 00000000 5d64d577 00000001
0 1b 04 0 00 00000000 93fd101a 0a101312
0 1c 03 0 00 00000000 58864545 86a07806
0 1d 02 0 00 00000000 00000000 10928351
0 1e 01 0 00 00000000 474cef70 705c31dd
0 1f 00 0 00 00000000 55555555 00000000
0 1c 06 0 1f 00000000 58864545 e99d525e
0 08 0c 1 03 0000ffff 8d7bc151 955f6cc0
0 00 08 1 12 0f2dfb39 00000000 8d7bc151
0 00 00 1 00 acf20f8f 00000000 00000000
0 0d 18 1 00 e436ca10 e3f7dcf6 5c1fe5ff
0 16 16 0 18 e69603be 393ba8bf 393ba8bf
0 0f 18 1 10 dda3d195 25ab5137 5c1fe5ff
0 03 1e 1 00 e9fbfe56 0000ffff 474cef70
0 0b 00 1 04 00000001 210d9498 00000000
0 07 00 1 00 31229cd5 2520411b 00000000
0 01 1d 1 1a 7900d7ca 705c31dd 00000000
0 01 15 1 00 7fffffff 705c31dd e5530b9d
0 0f 01 1 0f b1dde43a b1dde43a 705c31dd
0 13 14 1 0b d14b0577 7fffffff 7fffffff
0 0b 0b 0 00 00000000 d14b0577 d14b0577
0 19 04 0 08 55555555 02acf330 00000001
0 07 08 1 0c 00000001 2520411b 8d7bc151
0 03 0d 1 0f 0d56df08 0000ffff e3f7dcf6
0 08 01 1 1a 80a49d68 8d7bc151 705c31dd
0 0c 0c 1 0c 916cbe63 916cbe63 916cbe63
0 11 0b 1 11 bf84409a bf84409a d14b0577
0 09 1f 1 17 deadbeef 27073ae1 55555555
0 12 02 0 0e ffffffff 0f2dfb39 10928351
0 07 13 1 1e cafebabe 2520411b 7fffffff
0 1c 1c 1 1c 3f2abeb8 3f2abeb8 3f2abeb8
0 17 0e 0 08 2af45896 deadbeef c96a810e
0 15 04 1 1c d7f6f9e1 e5530b9d 00000001
0 1c 1c 0 00 00000000 d7f6f9e1 d7f6f9e1
0 09 08 1 03 80b26f20 27073ae1 8d7bc151
# --- read-back sweep ---
# i_rst i_rs1_raddr i_rs2_raddr i_rd_wen i_rd_waddr i_rd_wdata | o_rs1_rdata
#     o_rs2_rdata
0 00 1f 0 00 00000000 00000000 55555555
0 01 1e 0 00 00000000 705c31dd cafebabe
0 02 1d 0 00 00000000 10928351 00000000
0 03 1c 0 00 00000000 80b26f20 d7f6f9e1
0 04 1b 0 00 00000000 00000001 93fd101a
0 05 1a 0 00 00000000 00000001 80a49d68
0 06 19 0 00 00000000 e99d525e 02acf330
0 07 18 0 00 00000000 2520411b 5c1fe5ff
0 08 17 0 00 00000000 8d7bc151 deadbeef
0 09 16 0 00 00000000 27073ae1 393ba8bf
0 0a 15 0 00 00000000 feeda752 e5530b9d
0 0b 14 0 00 00000000 d14b0577 7fffffff
0 0c 13 0 00 00000000 916cbe63 7fffffff
0 0d 12 0 00 00000000 e3f7dcf6 0f2dfb39
0 0e 11 0 00 00000000 c96a810e bf84409a
0 0f 10 0 00 00000000 0d56df08 dda3d195
0 10 0f 0 00 00000000 dda3d195 0d56df08
0 11 0e 0 00 00000000 bf84409a c96a810e
0 12 0d 0 00 00000000 0f2dfb39 e3f7dcf6
0 13 0c 0 00 00000000 7fffffff 916cbe63
0 14 0b 0 00 00000000 7fffffff d14b0577
0 15 0a 0 00 00000000 e5530b9d feeda752
0 16 09 0 00 00000000 393ba8bf 27073ae1
0 17 08 0 00 00000000 deadbeef 8d7bc151
0 18 07 0 00 00000000 5c1fe5ff 2520411b
0 19 06 0 00 00000000 02acf330 e99d525e
0 1a 05 0 00 00000000 80a49d68 00000001
0 1b 04 0 00 00000000 93fd101a 00000001
0 1c 03 0 00 00000000 d7f6f9e1 80b26f20
0 1d 02 0 00 00000000 00000000 10928351
0 1e 01 0 00 00000000 cafebabe 705c31dd
0 1f 00 0 00 00000000 55555555 00000000
0 0e 0a 1 1a 838706b3 c96a810e feeda752
0 15 06 0 04 de548ab8 e5530b9d e99d525e
0 0f 11 1 11 3c4da56d 0d56df08 3c4da56d
0 03 05 1 18 d1931b64 80b26f20 00000001
0 05 05 1 05 45831fd5 45831fd5 45831fd5
0 04 1d 0 1b 95a0ca4f 00000001 00000000
0 0f 16 0 04 ffffffff 0d56df08 393ba8bf
0 01 01 1 01 45a89656 45a89656 45a89656
0 00 05 1 00 9dd01220 00000000 45831fd5
0 0b 1b 1 0c 80445ff5 d14b0577 93fd101a
0 0e 0e 1 0e cafebabe cafebabe cafebabe
0 02 0d 0 14 aaaaaaaa 10928351 e3f7dcf6
0 03 03 0 03 369e4bda 80b26f20 80b26f20
0 03 03 0 00 00000000 80b26f20 80b26f20
0 1f 18 1 00 514cd352 55555555 d1931b64
0 1b 01 1 03 0a207cdd 93fd101a 45a89656
0 02 14 0 02 cafebabe 10928351 7fffffff
0 11 08 0 05 29c23f0d 3c4da56d 8d7bc151
0 05 00 1 14 df6efec8 45831fd5 00000000
0 1e 1e 1 08 dcc61113 cafebabe cafebabe
0 1c 18 1 18 e278a413 d7f6f9e1 e278a413
0 12 00 1 12 59f5e7b9 59f5e7b9 00000000
0 1e 05 1 0a 0000ffff cafebabe 45831fd5
0 1f 0a 0 09 00000001 55555555 0000ffff
0 08 16 1 14 0000ffff dcc61113 393ba8bf
0 1c 1f 1 10 a675d38e d7f6f9e1 55555555
0 10 1e 0 0f 2e9238d4 a675d38e cafebabe
0 17 06 0 18 80000000 deadbeef e99d525e
0 00 14 0 1d 55f23ea3 00000000 0000ffff
0 0b 12 1 02 3a31f0a3 d14b0577 59f5e7b9
0 06 17 1 14 b8467d88 e99d525e deadbeef
0 0d 1d 0 1f 00000001 e3f7dcf6 00000000
0 14 01 1 14 19cfa8cc 19cfa8cc 45a89656
0 15 0e 1 0e 7cfc168a e5530b9d 7cfc168a
0 00 1b 1 0e e4dd5485 00000000 93fd101a
0 1b 00 0 17 7fffffff 93fd101a 00000000
0 0f 19 0 1d 1b696b11 0d56df08 02acf330
0 10 06 0 04 7fffffff a675d38e e99d525e
0 1b 10 0 0c 8ff86991 93fd101a a675d38e
0 03 08 1 1b 57c45083 0a207cdd dcc61113
0 08 08 0 08 2ecc9637 dcc61113 dcc61113
0 08 08 0 00 00000000 dcc61113 dcc61113
0 1d 02 1 0e 0000ffff 00000000 3a31f0a3
0 0a 0a 1 0a 2bbd4e6f 2bbd4e6f 2bbd4e6f
0 0d 0e 1 1f 4e333bad e3f7dcf6 0000ffff
0 1b 05 0 1f 9b343352 57c45083 45831fd5
0 18 0c 1 11 b44a9149 e278a413 80445ff5
0 00 18 1 1b aaaaaaaa 00000000 e278a413
0 11 19 1 19 deadbeef b44a9149 deadbeef
0 03 1c 1 03 951fb2f0 951fb2f0 d7f6f9e1
0 19 0e 0 06 246ec3c0 deadbeef 0000ffff
0 10 0a 1 1d 965c502a a675d38e 2bbd4e6f
0 14 0e 1 0a ffffffff 19cfa8cc 0000ffff
0 0e 02 1 04 c950d2fb 0000ffff 3a31f0a3
0 19 0f 1 05 80000000 deadbeef 0d56df08
0 13 00 0 17 cafebabe 7fffffff 00000000
0 1b 06 1 1f 85308c4d aaaaaaaa e99d525e
0 0a 17 1 11 00000000 ffffffff deadbeef
0 04 04 1 04 a0803ca1 a0803ca1 a0803ca1
0 05 15 1 15 42b324e3 80000000 42b324e3
0 1c 1c 1 1c 00000000 00000000 00000000
0 1c 00 1 04 0000ffff 00000000 00000000
0 0a 0a 1 1b 9e0b3f89 ffffffff ffffffff
0 09 11 1 00 3c49c1f0 27073ae1 00000000
0 09 0e 1 00 5c62d244 27073ae1 0000ffff
0 0b 0a 1 10 9205cd0c d14b0577 ffffffff
0 00 0b 0 16 cc5d7fab 00000000 d14b0577
0 04 0b 1 00 4cadf1d5 0000ffff d14b0577
0 03 00 1 1b f4cde8c8 951fb2f0 00000000
0 1b 1b 0 00 00000000 f4cde8c8 f4cde8c8
0 00 00 1 00 ffffffff 00000000 00000000
0 17 1e 0 09 8341cbb5 deadbeef cafebabe
0 04 0f 0 1e 4559b661 0000ffff 0d56df08
0 0c 19 1 0c f2880c83 f2880c83 deadbeef
0 15 12 1 08 0000ffff 42b324e3 59f5e7b9
0 17 04 1 07 6791252a deadbeef 0000ffff
0 02 0f 1 09 04a6ea55 3a31f0a3 0d56df08
0 14 14 0 14 bd0028e7 19cfa8cc 19cfa8cc
0 14 14 0 00 00000000 19cfa8cc 19cfa8cc
0 10 18 1 00 4b0545b1 9205cd0c e278a413
0 00 00 1 00 55555555 00000000 00000000
0 0b 14 1 07 00000000 d14b0577 19cfa8cc
0 1f 07 1 07 deadbeef 85308c4d deadbeef
0 02 00 0 1f 61aa06f5 3a31f0a3 00000000
0 00 1a 1 03 77d61b34 00000000 838706b3
0 1d 06 1 11 aedef8af 965c502a e99d525e
0 11 11 0 00 00000000 aedef8af aedef8af
0 0a 0e 1 15 5bc700a2 ffffffff 0000ffff
0 15 15 0 00 00000000 5bc700a2 5bc700a2
0 15 0e 1 04 8b47e133 5bc700a2 0000ffff
0 1f 02 1 0d bd72d3e4 85308c4d 3a31f0a3
0 19 0f 0 13 f2d6770b deadbeef 0d56df08
0 19 19 1 19 29cedeae 29cedeae 29cedeae
0 1f 17 1 0f 31ad07d5 85308c4d deadbeef
0 0f 0f 0 00 00000000 31ad07d5 31ad07d5
# --- read-back sweep ---
# i_rst i_rs1_raddr i_rs2_raddr i_rd_wen i_rd_waddr i_rd_wdata | o_rs1_rdata
#     o_rs2_rdata
0 00 1f 0 00 00000000 00000000 85308c4d
0 01 1e 0 00 00000000 45a89656 cafebabe
0 02 1d 0 00 00000000 3a31f0a3 965c502a
0 03 1c 0 00 00000000 77d61b34 00000000
0 04 1b 0 00 00000000 8b47e133 f4cde8c8
0 05 1a 0 00 00000000 80000000 838706b3
0 06 19 0 00 00000000 e99d525e 29cedeae
0 07 18 0 00 00000000 deadbeef e278a413
0 08 17 0 00 00000000 0000ffff deadbeef
0 09 16 0 00 00000000 04a6ea55 393ba8bf
0 0a 15 0 00 00000000 ffffffff 5bc700a2
0 0b 14 0 00 00000000 d14b0577 19cfa8cc
0 0c 13 0 00 00000000 f2880c83 7fffffff
0 0d 12 0 00 00000000 bd72d3e4 59f5e7b9
0 0e 11 0 00 00000000 0000ffff aedef8af
0 0f 10 0 00 00000000 31ad07d5 9205cd0c
0 10 0f 0 00 00000000 9205cd0c 31ad07d5
0 11 0e 0 00 00000000 aedef8af 0000ffff
0 12 0d 0 00 00000000 59f5e7b9 bd72d3e4
0 13 0c 0 00 00000000 7fffffff f2880c83
0 14 0b 0 00 00000000 19cfa8cc d14b0577
0 15 0a 0 00 00000000 5bc700a2 ffffffff
0 16 09 0 00 00000000 393ba8bf 04a6ea55
0 17 08 0 00 00000000 deadbeef 0000ffff
0 18 07 0 00 00000000 e278a413 deadbeef
0 19 06 0 00 00000000 29cedeae e99d525e
0 1a 05 0 00 00000000 838706b3 80000000
0 1b 04 0 00 00000000 f4cde8c8 8b47e133
0 1c 03 0 00 00000000 00000000 77d61b34
0 1d 02 0 00 00000000 965c502a 3a31f0a3
0 1e 01 0 00 00000000 cafebabe 45a89656
0 1f 00 0 00 00000000 85308c4d 00000000
0 11 0e 1 0e 01f739a0 aedef8af 01f739a0
0 1c 0e 1 00 faca4f57 00000000 01f739a0
0 04 15 0 0e 3d1f8098 8b47e133 5bc700a2
0 18 07 1 07 0000ffff e278a413 0000ffff
0 0c 1d 1 15 60d1d044 f2880c83 965c502a
0 0b 12 0 07 36347161 d14b0577 59f5e7b9
0 0c 0c 1 0c 6e5e0478 6e5e0478 6e5e0478
0 0c 01 0 0d ba5a0399 6e5e0478 45a89656
0 19 1f 0 1d 0000ffff 29cedeae 85308c4d
0 15 0c 0 1b 6129ba3f 60d1d044 6e5e0478
0 01 1d 1 08 2f9164de 45a89656 965c502a
0 0a 16 0 00 f10154b1 ffffffff 393ba8bf
0 0d 0d 0 0d d6c9b40c bd72d3e4 bd72d3e4
0 0d 0d 0 00 00000000 bd72d3e4 bd72d3e4
0 1a 1f 1 1f 9fd6f90f 838706b3 9fd6f90f
0 05 11 1 05 37829fa1 37829fa1 aedef8af
0 1f 14 0 1d 0ba91966 9fd6f90f 19cfa8cc
0 05 16 1 15 77c6bba6 37829fa1 393ba8bf
0 02 14 1 12 557f1762 3a31f0a3 19cfa8cc
0 14 17 0 00 88f72047 19cfa8cc deadbeef
0 02 0e 0 1a cd175e9d 3a31f0a3 01f739a0
0 15 00 1 1e 3f223e25 77c6bba6 00000000
0 13 14 1 0b 9cc0128a 7fffffff 19cfa8cc
0 17 05 1 08 bcf5532a deadbeef 37829fa1
0 16 09 0 15 55555555 393ba8bf 04a6ea55
0 00 02 1 1f abba6ad2 00000000 3a31f0a3
0 14 1f 1 05 1db88bd4 19cfa8cc abba6ad2
0 1e 02 0 1c 489908d9 3f223e25 3a31f0a3
0 00 1f 1 0e 59ded900 00000000 abba6ad2
0 1f 05 1 1c 24657d36 abba6ad2 1db88bd4
0 1c 1c 0 00 00000000 24657d36 24657d36
0 08 07 0 00 55555555 bcf5532a 0000ffff
0 12 03 1 1f 541342dc 557f1762 77d61b34
0 1f 1f 0 00 00000000 541342dc 541342dc
0 19 1c 1 1f 3a4af1e9 29cedeae 24657d36
0 1a 12 1 1f f50ca9ca 838706b3 557f1762
0 13 00 0 0d 00000001 7fffffff 00000000
0 1f 0d 1 08 55555555 f50ca9ca bd72d3e4
0 03 03 1 03 61683e51 61683e51 61683e51
0 1c 17 1 09 7fffffff 24657d36 deadbeef
0 03 03 1 03 ffffffff ffffffff ffffffff
0 03 01 1 1d 326548cc ffffffff 45a89656
0 13 00 1 1f 24390def 7fffffff 00000000
0 1f 1f 0 00 00000000 24390def 24390def
0 0b 0b 0 0b d3b40fdc 9cc0128a 9cc0128a
0 0b 0b 0 00 00000000 9cc0128a 9cc0128a
0 1e 05 1 1e 1cf75890 1cf75890 1db88bd4
0 14 10 1 07 8fee4419 19cfa8cc 9205cd0c
0 04 08 1 04 294eb503 294eb503 55555555
0 09 14 0 08 db9fe61c 7fffffff 19cfa8cc
0 1d 1d 0 1d 41473884 326548cc 326548cc
0 1d 1d 0 00 00000000 326548cc 326548cc
0 08 00 1 07 00000000 55555555 00000000
0 00 00 1 00 617a0d84 00000000 00000000
0 0a 0a 1 0a 85e99817 85e99817 85e99817
# --- read-back sweep ---
# i_rst i_rs1_raddr i_rs2_raddr i_rd_wen i_rd_waddr i_rd_wdata | o_rs1_rdata
#     o_rs2_rdata
0 00 1f 0 00 00000000 00000000 24390def
0 01 1e 0 00 00000000 45a89656 1cf75890
0 02 1d 0 00 00000000 3a31f0a3 326548cc
0 03 1c 0 00 00000000 ffffffff 24657d36
0 04 1b 0 00 00000000 294eb503 f4cde8c8
0 05 1a 0 00 00000000 1db88bd4 838706b3
0 06 19 0 00 00000000 e99d525e 29cedeae
0 07 18 0 00 00000000 00000000 e278a413
0 08 17 0 00 00000000 55555555 deadbeef
0 09 16 0 00 00000000 7fffffff 393ba8bf
0 0a 15 0 00 00000000 85e99817 77c6bba6
0 0b 14 0 00 00000000 9cc0128a 19cfa8cc
0 0c 13 0 00 00000000 6e5e0478 7fffffff
0 0d 12 0 00 00000000 bd72d3e4 557f1762
0 0e 11 0 00 00000000 59ded900 aedef8af
0 0f 10 0 00 00000000 31ad07d5 9205cd0c
0 10 0f 0 00 00000000 9205cd0c 31ad07d5
0 11 0e 0 00 00000000 aedef8af 59ded900
0 12 0d 0 00 00000000 557f1762 bd72d3e4
0 13 0c 0 00 00000000 7fffffff 6e5e0478
0 14 0b 0 00 00000000 19cfa8cc 9cc0128a
0 15 0a 0 00 00000000 77c6bba6 85e99817
0 16 09 0 00 00000000 393ba8bf 7fffffff
0 17 08 0 00 00000000 deadbeef 55555555
0 18 07 0 00 00000000 e278a413 00000000
0 19 06 0 00 00000000 29cedeae e99d525e
0 1a 05 0 00 00000000 838706b3 1db88bd4
0 1b 04 0 00 00000000 f4cde8c8 294eb503
0 1c 03 0 00 00000000 24657d36 ffffffff
0 1d 02 0 00 00000000 326548cc 3a31f0a3
0 1e 01 0 00 00000000 1cf75890 45a89656
0 1f 00 0 00 00000000 24390def 00000000
0 1f 13 1 18 ce29220b 24390def 7fffffff
0 06 12 1 1e 70efc61c e99d525e 557f1762
0 06 1d 1 14 38f81468 e99d525e 326548cc
0 00 1c 1 00 ffffffff 00000000 24657d36
0 00 05 1 18 5e2f1ff0 00000000 1db88bd4
0 00 10 0 11 f987180f 00000000 9205cd0c
0 1c 00 0 15 b675f36a 24657d36 00000000
0 0e 0e 1 0e bdc4bbcb bdc4bbcb bdc4bbcb
0 00 0d 1 17 7a2e8772 00000000 bd72d3e4
0 12 10 1 1c 4ead322f 557f1762 9205cd0c
0 18 15 0 00 0963a1b8 5e2f1ff0 77c6bba6
0 1c 09 1 0d 80000000 4ead322f 7fffffff
0 13 1b 1 13 da2944bf da2944bf f4cde8c8
0 12 10 0 1f 0000ffff 557f1762 9205cd0c
0 0e 0b 1 04 fae4a5e5 bdc4bbcb 9cc0128a
0 03 10 0 13 cafebabe ffffffff 9205cd0c
0 06 1c 1 06 8acda1cc 8acda1cc 4ead322f
0 02 1d 0 0f d4564425 3a31f0a3 326548cc
0 18 00 0 06 7fffffff 5e2f1ff0 00000000
0 07 0c 1 0c deadbeef 00000000 deadbeef
0 08 08 0 08 0951030f 55555555 55555555
0 08 08 0 00 00000000 55555555 55555555
0 1d 08 1 14 26cfeedb 326548cc 55555555
0 1f 1e 1 0d 976ec2bd 24390def 70efc61c
0 15 15 0 15 69b09756 77c6bba6 77c6bba6
0 15 15 0 00 00000000 77c6bba6 77c6bba6
0 07 18 1 18 a4d20e28 00000000 a4d20e28
0 05 05 1 16 0000ffff 1db88bd4 1db88bd4
0 18 01 1 13 2acb007f a4d20e28 45a89656
0 02 18 0 1c 35a0c868 3a31f0a3 a4d20e28
0 0d 1a 0 05 7fffffff 976ec2bd 838706b3
0 06 1e 1 1d 5a5b74b6 8acda1cc 70efc61c
0 0b 11 0 1d 9b9fc832 9cc0128a aedef8af
0 14 1b 1 14 bda99ea7 bda99ea7 f4cde8c8
0 1e 1b 0 06 0bbc50a2 70efc61c f4cde8c8
0 05 05 0 05 7cbcc991 1db88bd4 1db88bd4
0 05 05 0 00 00000000 1db88bd4 1db88bd4
0 09 05 1 06 42cdb082 7fffffff 1db88bd4
0 16 19 1 1a 7fffffff 0000ffff 29cedeae
0 17 16 1 17 7258186b 7258186b 0000ffff
0 0d 12 1 00 aaaaaaaa 976ec2bd 557f1762
0 11 15 0 05 f6eeb338 aedef8af 77c6bba6
0 14 14 1 14 7fffffff 7fffffff 7fffffff
0 06 06 1 06 803eaeca 803eaeca 803eaeca
0 09 0d 1 05 aaaaaaaa 7fffffff 976ec2bd
0 1d 05 0 05 80000000 5a5b74b6 aaaaaaaa
0 08 1d 0 10 80000000 55555555 5a5b74b6
0 17 0b 0 0f 7fffffff 7258186b 9cc0128a
0 19 19 0 19 bd7e93a3 29cedeae 29cedeae
0 19 19 0 00 00000000 29cedeae 29cedeae
0 0a 0a 0 0a 9c0c4a26 85e99817 85e99817
0 0a 0a 0 00 00000000 85e99817 85e99817
0 19 1a 1 19 120d0726 120d0726 7fffffff
0 13 0d 0 0c db40a6ab 2acb007f 976ec2bd
0 15 15 0 15 7ae9242c 77c6bba6 77c6bba6
0 15 15 0 00 00000000 77c6bba6 77c6bba6
0 14 0c 1 07 80000000 7fffffff deadbeef
0 07 18 0 1c 55555555 80000000 a4d20e28
0 11 13 1 03 73c97e3b aedef8af 2acb007f
0 11 0a 1 07 deadbeef aedef8af 85e99817
0 1d 1d 1 1d 0903ec62 0903ec62 0903ec62
0 17 0f 0 01 91bd5513 7258186b 31ad07d5
0 07 1e 1 15 ffffffff deadbeef 70efc61c
0 02 00 1 02 00000001 00000001 00000000
0 1d 08 1 1a 9193a4e7 0903ec62 55555555
0 05 05 1 05 79768e4c 79768e4c 79768e4c
0 03 1b 1 11 13ff972d 73c97e3b f4cde8c8
0 00 1f 1 0d 00000000 00000000 24390def
0 1a 1a 1 1a f2abe15e f2abe15e f2abe15e
0 16 0c 1 03 ffffffff 0000ffff deadbeef
0 10 19 1 12 3ce9739a 9205cd0c 120d0726
0 15 15 0 15 2e4e2525 ffffffff ffffffff
0 15 15 0 00 00000000 ffffffff ffffffff
0 19 07 1 06 3ffb1456 120d0726 deadbeef
0 0f 04 0 04 0000ffff 31ad07d5 fae4a5e5
0 02 18 1 0e d241e36e 00000001 a4d20e28
0 0e 0e 1 03 ffffffff d241e36e d241e36e
0 19 16 0 0e ccc373a4 120d0726 0000ffff
0 0c 0c 1 0c 9b47a3e3 9b47a3e3 9b47a3e3
0 17 00 1 17 8cd8e4cc 8cd8e4cc 00000000
0 1d 1d 1 1d dc5f22ae dc5f22ae dc5f22ae
0 0d 18 1 11 70a13edf 00000000 a4d20e28
0 00 09 0 05 deadbeef 00000000 7fffffff
0 1b 0e 0 1b 7a6abe4c f4cde8c8 d241e36e
0 08 11 0 18 098412cb 55555555 70a13edf
0 0f 0b 1 1c f25cec63 31ad07d5 9cc0128a
0 1f 04 0 1c 48e266ca 24390def fae4a5e5
0 0c 16 1 1c 99a40bc4 9b47a3e3 0000ffff
0 10 16 1 0a 8f88d3c9 9205cd0c 0000ffff
0 02 09 1 04 93cde281 00000001 7fffffff
0 09 1c 1 06 a6d58d1a 7fffffff 99a40bc4
0 07 04 1 05 10fbedf5 deadbeef 93cde281
0 14 14 1 14 c8f8819e c8f8819e c8f8819e
0 14 16 1 1f 1c81ed5d c8f8819e 0000ffff
0 13 17 1 13 824a5777 824a5777 8cd8e4cc
0 11 02 1 17 c22284b8 70a13edf 00000001
0 1c 17 1 0a 9097febf 99a40bc4 c22284b8
0 0e 0f 1 03 18f8cbe2 d241e36e 31ad07d5
0 03 03 0 00 00000000 18f8cbe2 18f8cbe2
0 01 0f 1 00 b2beaa36 45a89656 31ad07d5
0 12 15 1 00 deadbeef 3ce9739a ffffffff
0 10 1d 1 11 1a500157 9205cd0c dc5f22ae
0 19 13 1 19 dfc68288 dfc68288 824a5777
0 1d 00 0 01 7372d71a dc5f22ae 00000000
0 17 0b 0 12 1518ec3a c22284b8 9cc0128a
0 06 00 1 1c 6978ec4f a6d58d1a 00000000
0 00 12 0 18 ffffffff 00000000 3ce9739a
0 0d 1f 0 00 8397b7d0 00000000 1c81ed5d
0 1f 16 1 09 66637b4c 1c81ed5d 0000ffff
0 10 10 1 10 0aa56f06 0aa56f06 0aa56f06
0 1e 15 1 0d 00ed074b 70efc61c ffffffff
0 17 0e 1 1e aaaaaaaa c22284b8 d241e36e
0 00 0d 1 10 deadbeef 00000000 00ed074b
0 0e 0e 1 0e 00000001 00000001 00000001
0 0f 12 0 13 f59f4a47 31ad07d5 3ce9739a
0 07 0a 1 19 28c7f8a9 deadbeef 9097febf
0 19 19 0 00 00000000 28c7f8a9 28c7f8a9
0 14 12 0 1d cafebabe c8f8819e 3ce9739a
# --- read-back sweep ---
# i_rst i_rs1_raddr i_rs2_raddr i_rd_wen i_rd_waddr i_rd_wdata | o_rs1_rdata
#     o_rs2_rdata
0 00 1f 0 00 00000000 00000000 1c81ed5d
0 01 1e 0 00 00000000 45a89656 aaaaaaaa
0 02 1d 0 00 00000000 00000001 dc5f22ae
0 03 1c 0 00 00000000 18f8cbe2 6978ec4f
0 04 1b 0 00 00000000 93cde281 f4cde8c8
0 05 1a 0 00 00000000 10fbedf5 f2abe15e
0 06 19 0 00 00000000 a6d58d1a 28c7f8a9
0 07 18 0 00 00000000 deadbeef a4d20e28
0 08 17 0 00 00000000 55555555 c22284b8
0 09 16 0 00 00000000 66637b4c 0000ffff
0 0a 15 0 00 00000000 9097febf ffffffff
0 0b 14 0 00 00000000 9cc0128a c8f8819e
0 0c 13 0 00 00000000 9b47a3e3 824a5777
0 0d 12 0 00 00000000 00ed074b 3ce9739a
0 0e 11 0 00 00000000 00000001 1a500157
0 0f 10 0 00 00000000 31ad07d5 deadbeef
0 10 0f 0 00 00000000 deadbeef 31ad07d5
0 11 0e 0 00 00000000 1a500157 00000001
0 12 0d 0 00 00000000 3ce9739a 00ed074b
0 13 0c 0 00 00000000 824a5777 9b47a3e3
0 14 0b 0 00 00000000 c8f8819e 9cc0128a
0 15 0a 0 00 00000000 ffffffff 9097febf
0 16 09 0 00 00000000 0000ffff 66637b4c
0 17 08 0 00 00000000 c22284b8 55555555
0 18 07 0 00 00000000 a4d20e28 deadbeef
0 19 06 0 00 00000000 28c7f8a9 a6d58d1a
0 1a 05 0 00 00000000 f2abe15e 10fbedf5
0 1b 04 0 00 00000000 f4cde8c8 93cde281
0 1c 03 0 00 00000000 6978ec4f 18f8cbe2
0 1d 02 0 00 00000000 dc5f22ae 00000001
0 1e 01 0 00 00000000 aaaaaaaa 45a89656
0 1f 00 0 00 00000000 1c81ed5d 00000000
# --- read-back sweep ---
# i_rst i_rs1_raddr i_rs2_raddr i_rd_wen i_rd_waddr i_rd_wdata | o_rs1_rdata
#     o_rs2_rdata
0 00 1f 0 00 00000000 00000000 1c81ed5d
0 01 1e 0 00 00000000 45a89656 aaaaaaaa
0 02 1d 0 00 00000000 00000001 dc5f22ae
0 03 1c 0 00 00000000 18f8cbe2 6978ec4f
0 04 1b 0 00 00000000 93cde281 f4cde8c8
0 05 1a 0 00 00000000 10fbedf5 f2abe15e
0 06 19 0 00 00000000 a6d58d1a 28c7f8a9
0 07 18 0 00 00000000 deadbeef a4d20e28
0 08 17 0 00 00000000 55555555 c22284b8
0 09 16 0 00 00000000 66637b4c 0000ffff
0 0a 15 0 00 00000000 9097febf ffffffff
0 0b 14 0 00 00000000 9cc0128a c8f8819e
0 0c 13 0 00 00000000 9b47a3e3 824a5777
0 0d 12 0 00 00000000 00ed074b 3ce9739a
0 0e 11 0 00 00000000 00000001 1a500157
0 0f 10 0 00 00000000 31ad07d5 deadbeef
0 10 0f 0 00 00000000 deadbeef 31ad07d5
0 11 0e 0 00 00000000 1a500157 00000001
0 12 0d 0 00 00000000 3ce9739a 00ed074b
0 13 0c 0 00 00000000 824a5777 9b47a3e3
0 14 0b 0 00 00000000 c8f8819e 9cc0128a
0 15 0a 0 00 00000000 ffffffff 9097febf
0 16 09 0 00 00000000 0000ffff 66637b4c
0 17 08 0 00 00000000 c22284b8 55555555
0 18 07 0 00 00000000 a4d20e28 deadbeef
0 19 06 0 00 00000000 28c7f8a9 a6d58d1a
0 1a 05 0 00 00000000 f2abe15e 10fbedf5
0 1b 04 0 00 00000000 f4cde8c8 93cde281
0 1c 03 0 00 00000000 6978ec4f 18f8cbe2
0 1d 02 0 00 00000000 dc5f22ae 00000001
0 1e 01 0 00 00000000 aaaaaaaa 45a89656
0 1f 00 0 00 00000000 1c81ed5d 00000000
0 1f 00 1 1f ea2ae9a7 ea2ae9a7 00000000
0 04 0f 0 02 00000001 93cde281 31ad07d5
0 0a 0a 1 0a 382008cc 382008cc 382008cc
0 14 0a 1 14 c1c8fa4e c1c8fa4e 382008cc
0 17 06 1 06 2423ce5b c22284b8 2423ce5b
0 13 1b 1 03 f3d8ccaf 824a5777 f4cde8c8
0 1a 18 1 00 51b0582e f2abe15e a4d20e28
0 01 11 0 1a f59d01eb 45a89656 1a500157
0 08 08 1 08 157ad58c 157ad58c 157ad58c
0 0b 18 1 0b 55555555 55555555 a4d20e28
0 12 1f 1 00 467833fc 3ce9739a ea2ae9a7
0 1b 0b 1 1a f97c0fb3 f4cde8c8 55555555
0 00 0a 1 00 e7186e95 00000000 382008cc
0 16 06 0 10 d54e210c 0000ffff 2423ce5b
0 16 0d 0 00 2f3effba 0000ffff 00ed074b
0 13 12 1 13 0ad2970f 0ad2970f 3ce9739a
0 13 13 0 00 00000000 0ad2970f 0ad2970f
0 16 15 1 0e b29bd235 0000ffff ffffffff
0 19 19 1 19 ffffffff ffffffff ffffffff
0 15 1d 0 1c c0fe9277 ffffffff dc5f22ae
0 1b 0f 1 1b 3bd8c7a5 3bd8c7a5 31ad07d5
0 0f 00 1 00 975f921c 31ad07d5 00000000
0 0e 1f 0 0a cafebabe b29bd235 ea2ae9a7
0 0e 18 1 06 a32cf6dc b29bd235 a4d20e28
0 00 12 0 12 0ed07c06 00000000 3ce9739a
0 00 18 1 00 a49510d5 00000000 a4d20e28
0 00 00 1 00 2eaa1b9c 00000000 00000000
0 10 11 0 06 aaaaaaaa deadbeef 1a500157
0 11 06 1 00 ce84b164 1a500157 a32cf6dc
0 04 04 0 04 d9df5d2f 93cde281 93cde281
0 04 04 0 00 00000000 93cde281 93cde281
0 0b 00 1 19 17ae8eae 55555555 00000000
0 12 0d 1 1a 4b60f213 3ce9739a 00ed074b
0 1a 1a 0 00 00000000 4b60f213 4b60f213
0 00 16 1 09 49830aa0 00000000 0000ffff
0 0c 12 1 1e aaaaaaaa 9b47a3e3 3ce9739a
0 1f 01 1 1f 5b8538f8 5b8538f8 45a89656
0 04 04 1 04 f601686a f601686a f601686a
0 1d 13 1 1d ffffffff ffffffff 0ad2970f
0 17 00 1 1f dfb4e827 c22284b8 00000000
0 18 06 0 05 34c6d453 a4d20e28 a32cf6dc
0 1b 08 1 19 deadbeef 3bd8c7a5 157ad58c
0 05 1d 1 0a 073cc284 10fbedf5 ffffffff
0 19 00 1 19 a1ca4444 a1ca4444 00000000
0 05 08 1 05 42e1f6d8 42e1f6d8 157ad58c
0 16 16 1 16 b8513c62 b8513c62 b8513c62
0 1e 19 1 0f 273373af aaaaaaaa a1ca4444
0 1f 14 1 1b 7ac98dfe dfb4e827 c1c8fa4e
0 1e 00 1 00 80000000 aaaaaaaa 00000000
0 07 06 1 14 80000000 deadbeef a32cf6dc
0 05 07 1 05 bcadcddd bcadcddd deadbeef
0 08 05 0 0b ffffffff 157ad58c bcadcddd
0 16 04 1 17 17bbde7b b8513c62 f601686a
0 07 1a 1 0a 9b2d043a deadbeef 4b60f213
0 19 0e 1 03 86edb67c a1ca4444 b29bd235
0 07 06 0 1a dd60b3c1 deadbeef a32cf6dc
0 08 05 1 18 55555555 157ad58c bcadcddd
0 1a 1e 1 0e 0a15804a 4b60f213 aaaaaaaa
0 0e 0e 0 00 00000000 0a15804a 0a15804a
0 0f 12 1 0f 77342c7e 77342c7e 3ce9739a
0 1c 1c 1 1c c9289db1 c9289db1 c9289db1
0 10 16 1 10 00000000 00000000 b8513c62
0 15 17 1 15 1a1db856 1a1db856 17bbde7b
0 03 19 0 02 db66e12d 86edb67c a1ca4444
0 0f 0c 1 1b b8a37d96 77342c7e 9b47a3e3
0 18 0d 0 08 0c95f9d3 55555555 00ed074b
0 00 00 1 16 cafebabe 00000000 00000000
0 06 0d 1 09 d9422e9f a32cf6dc 00ed074b
0 1c 1d 1 1d 6b2c9a4a c9289db1 6b2c9a4a
0 03 0b 1 00 00000001 86edb67c 55555555
0 19 01 0 00 b615c76b a1ca4444 45a89656
0 01 10 1 10 4df25274 45a89656 4df25274
0 10 10 0 00 00000000 4df25274 4df25274
0 05 09 1 0f 921df56b bcadcddd d9422e9f
# --- read-back sweep ---
# i_rst i_rs1_raddr i_rs2_raddr i_rd_wen i_rd_waddr i_rd_wdata | o_rs1_rdata
#     o_rs2_rdata
0 00 1f 0 00 00000000 00000000 dfb4e827
0 01 1e 0 00 00000000 45a89656 aaaaaaaa
0 02 1d 0 00 00000000 00000001 6b2c9a4a
0 03 1c 0 00 00000000 86edb67c c9289db1
0 04 1b 0 00 00000000 f601686a b8a37d96
0 05 1a 0 00 00000000 bcadcddd 4b60f213
0 06 19 0 00 00000000 a32cf6dc a1ca4444
0 07 18 0 00 00000000 deadbeef 55555555
0 08 17 0 00 00000000 157ad58c 17bbde7b
0 09 16 0 00 00000000 d9422e9f cafebabe
0 0a 15 0 00 00000000 9b2d043a 1a1db856
0 0b 14 0 00 00000000 55555555 80000000
0 0c 13 0 00 00000000 9b47a3e3 0ad2970f
0 0d 12 0 00 00000000 00ed074b 3ce9739a
0 0e 11 0 00 00000000 0a15804a 1a500157
0 0f 10 0 00 00000000 921df56b 4df25274
0 10 0f 0 00 00000000 4df25274 921df56b
0 11 0e 0 00 00000000 1a500157 0a15804a
0 12 0d 0 00 00000000 3ce9739a 00ed074b
0 13 0c 0 00 00000000 0ad2970f 9b47a3e3
0 14 0b 0 00 00000000 80000000 55555555
0 15 0a 0 00 00000000 1a1db856 9b2d043a
0 16 09 0 00 00000000 cafebabe d9422e9f
0 17 08 0 00 00000000 17bbde7b 157ad58c
0 18 07 0 00 00000000 55555555 deadbeef
0 19 06 0 00 00000000 a1ca4444 a32cf6dc
0 1a 05 0 00 00000000 4b60f213 bcadcddd
0 1b 04 0 00 00000000 b8a37d96 f601686a
0 1c 03 0 00 00000000 c9289db1 86edb67c
0 1d 02 0 00 00000000 6b2c9a4a 00000001
0 1e 01 0 00 00000000 aaaaaaaa 45a89656
0 1f 00 0 00 00000000 dfb4e827 00000000
0 00 09 1 09 5a37c2d1 00000000 5a37c2d1
0 1a 00 0 14 da1568e7 4b60f213 00000000
0 02 04 1 07 55555555 00000001 f601686a
0 10 1c 1 1f aaaaaaaa 4df25274 c9289db1
0 00 1f 0 07 80000000 00000000 aaaaaaaa
0 0e 0f 1 11 5dc2edf5 0a15804a 921df56b
0 11 11 0 00 00000000 5dc2edf5 5dc2edf5
0 02 02 1 02 a8c24cdc a8c24cdc a8c24cdc
0 02 0c 1 12 dbf71e0c a8c24cdc 9b47a3e3
0 12 12 0 00 00000000 dbf71e0c dbf71e0c
0 03 1a 1 1b c597bf75 86edb67c 4b60f213
0 1e 0f 0 06 f0ccb686 aaaaaaaa 921df56b
0 06 0e 0 06 deadbeef a32cf6dc 0a15804a
0 01 11 1 06 b901ecea 45a89656 5dc2edf5
0 00 06 1 00 ed6421a4 00000000 b901ecea
0 08 0e 0 12 aaaaaaaa 157ad58c 0a15804a
0 08 0b 0 0d 0000ffff 157ad58c 55555555
0 12 0e 0 00 ffffffff dbf71e0c 0a15804a
0 0c 0c 1 0c 16c892f0 16c892f0 16c892f0
0 02 09 1 10 00000001 a8c24cdc 5a37c2d1
0 01 1e 0 1d 6d7f9f60 45a89656 aaaaaaaa
0 02 16 1 0a 1c3ba01e a8c24cdc cafebabe
# --- read-back sweep ---
# i_rst i_rs1_raddr i_rs2_raddr i_rd_wen i_rd_waddr i_rd_wdata | o_rs1_rdata
#     o_rs2_rdata
0 00 1f 0 00 00000000 00000000 aaaaaaaa
0 01 1e 0 00 00000000 45a89656 aaaaaaaa
0 02 1d 0 00 00000000 a8c24cdc 6b2c9a4a
0 03 1c 0 00 00000000 86edb67c c9289db1
0 04 1b 0 00 00000000 f601686a c597bf75
0 05 1a 0 00 00000000 bcadcddd 4b60f213
0 06 19 0 00 00000000 b901ecea a1ca4444
0 07 18 0 00 00000000 55555555 55555555
0 08 17 0 00 00000000 157ad58c 17bbde7b
0 09 16 0 00 00000000 5a37c2d1 cafebabe
0 0a 15 0 00 00000000 1c3ba01e 1a1db856
0 0b 14 0 00 00000000 55555555 80000000
0 0c 13 0 00 00000000 16c892f0 0ad2970f
0 0d 12 0 00 00000000 00ed074b dbf71e0c
0 0e 11 0 00 00000000 0a15804a 5dc2edf5
0 0f 10 0 00 00000000 921df56b 00000001
0 10 0f 0 00 00000000 00000001 921df56b
0 11 0e 0 00 00000000 5dc2edf5 0a15804a
0 12 0d 0 00 00000000 dbf71e0c 00ed074b
0 13 0c 0 00 00000000 0ad2970f 16c892f0
0 14 0b 0 00 00000000 80000000 55555555
0 15 0a 0 00 00000000 1a1db856 1c3ba01e
0 16 09 0 00 00000000 cafebabe 5a37c2d1
0 17 08 0 00 00000000 17bbde7b 157ad58c
0 18 07 0 00 00000000 55555555 55555555
0 19 06 0 00 00000000 a1ca4444 b901ecea
0 1a 05 0 00 00000000 4b60f213 bcadcddd
0 1b 04 0 00 00000000 c597bf75 f601686a
0 1c 03 0 00 00000000 c9289db1 86edb67c
0 1d 02 0 00 00000000 6b2c9a4a a8c24cdc
0 1e 01 0 00 00000000 aaaaaaaa 45a89656
0 1f 00 0 00 00000000 aaaaaaaa 00000000
0 06 06 1 06 d6a25c45 d6a25c45 d6a25c45
0 02 14 1 0f 921f58d0 a8c24cdc 80000000
0 15 19 1 04 6f68a86a 1a1db856 a1ca4444
0 15 14 1 1d ca055fb8 1a1db856 80000000
0 19 09 1 15 57a28cb2 a1ca4444 5a37c2d1
0 18 1d 0 0b e8240054 55555555 ca055fb8
0 00 00 1 00 b0d85ab2 00000000 00000000
0 0d 08 1 02 80000000 00ed074b 157ad58c
0 00 00 1 00 ef414a91 00000000 00000000
0 18 10 1 00 50d4acc0 55555555 00000001
0 01 11 0 14 0bb36921 45a89656 5dc2edf5
0 00 11 0 0c cdee4319 00000000 5dc2edf5
0 09 0f 0 0a ceecba6a 5a37c2d1 921f58d0
0 0f 13 1 0f 0c7de344 0c7de344 0ad2970f
0 08 1c 1 04 80000000 157ad58c c9289db1
0 10 1e 1 17 ebaf5136 00000001 aaaaaaaa
0 0d 02 1 01 78388689 00ed074b 80000000
0 0d 0d 1 0d 1b1e8196 1b1e8196 1b1e8196
0 1b 1d 0 02 3ebe3ffa c597bf75 ca055fb8
0 0d 01 1 02 96d52c14 1b1e8196 78388689
0 03 04 1 13 67ded75d 86edb67c 80000000
0 13 13 0 00 00000000 67ded75d 67ded75d
0 0b 11 0 09 f89cfbd0 55555555 5dc2edf5
0 1c 1c 1 1c 4352c14e 4352c14e 4352c14e
0 1a 1a 1 1a c4d3ac73 c4d3ac73 c4d3ac73
0 12 12 1 12 a5ffbf14 a5ffbf14 a5ffbf14
0 1e 03 1 0d 495d91a5 aaaaaaaa 86edb67c
0 11 15 1 15 22eaa599 5dc2edf5 22eaa599
0 11 08 1 11 8a47589b 8a47589b 157ad58c
0 08 1e 1 1e deadbeef 157ad58c deadbeef
0 13 1c 1 13 a65842b7 a65842b7 4352c14e
0 0f 02 1 12 231fe185 0c7de344 96d52c14
0 18 05 1 14 be10e55c 55555555 bcadcddd
0 10 01 1 1d 37205d96 00000001 78388689
0 07 00 0 0e 77c7e0eb 55555555 00000000
0 1c 10 1 1c e520cf27 e520cf27 00000001
0 0a 0b 1 0c 80000000 1c3ba01e 55555555
0 0f 0b 1 0b 4fe7871b 0c7de344 4fe7871b
0 14 14 1 14 ba2a29f9 ba2a29f9 ba2a29f9
0 03 1e 0 15 9312ca75 86edb67c deadbeef
0 0a 19 1 12 ffffffff 1c3ba01e a1ca4444
0 0b 1c 0 03 ca3ae949 4fe7871b e520cf27
0 02 12 1 02 aaaaaaaa aaaaaaaa ffffffff
0 0e 0e 1 05 bce66f6b 0a15804a 0a15804a
0 01 1a 0 00 c9e7354a 78388689 c4d3ac73
0 09 0f 0 02 ffffffff 5a37c2d1 0c7de344
0 09 00 1 00 4cc767c1 5a37c2d1 00000000
0 00 11 0 15 ffffffff 00000000 8a47589b
0 14 1e 0 1e 4bbbc4c5 ba2a29f9 deadbeef
0 15 15 1 15 2faec277 2faec277 2faec277
0 04 14 1 1a 8ec2ea74 80000000 ba2a29f9
0 1a 1a 0 00 00000000 8ec2ea74 8ec2ea74
0 1b 09 1 0d c050abde c597bf75 5a37c2d1
0 0a 0a 1 0a e99ab9fc e99ab9fc e99ab9fc
0 00 0b 1 06 00000000 00000000 4fe7871b
0 04 15 0 00 7a044610 80000000 2faec277
0 15 1d 1 15 80000000 80000000 37205d96
0 1e 0e 1 0a b081f4e0 deadbeef 0a15804a
0 17 19 1 02 c12c167f ebaf5136 a1ca4444
0 11 1a 1 16 628ffd5c 8a47589b 8ec2ea74
0 0f 16 0 0c 1971bca7 0c7de344 628ffd5c
0 12 00 1 0d 0000ffff ffffffff 00000000
0 1c 1c 1 1c f7afdff5 f7afdff5 f7afdff5
0 0e 0b 0 15 00000001 0a15804a 4fe7871b
0 1b 0a 0 00 9702ea51 c597bf75 b081f4e0
0 0e 06 0 03 c1ca1eef 0a15804a 00000000
0 15 0c 1 1b 32f5d5ec 80000000 80000000
0 13 0f 0 05 8e006353 a65842b7 0c7de344
0 09 1c 1 07 80000000 5a37c2d1 f7afdff5
0 00 00 1 00 aaaaaaaa 00000000 00000000
0 08 1d 1 15 5fc13eb5 157ad58c 37205d96
0 18 00 1 1f ffffffff 55555555 00000000
0 1d 06 0 00 d1b26cca 37205d96 00000000
0 1a 1e 1 0f d1a0e7df 8ec2ea74 deadbeef
0 16 1b 1 07 55555555 628ffd5c 32f5d5ec
0 06 19 1 06 0004214e 0004214e a1ca4444
0 12 01 1 12 00000001 00000001 78388689
0 06 06 0 06 33c7c686 0004214e 0004214e
0 06 06 0 00 00000000 0004214e 0004214e
0 0d 01 1 13 55555555 0000ffff 78388689
0 17 1d 1 1d 55555555 ebaf5136 55555555
0 00 16 0 08 15115f69 00000000 628ffd5c
0 1f 1b 1 17 6769fcda ffffffff 32f5d5ec
0 11 01 1 01 21c5ba87 8a47589b 21c5ba87
0 10 0d 0 0f 00000001 00000001 0000ffff
0 16 0b 1 0b 4f6051d2 628ffd5c 4f6051d2
0 00 13 1 00 0479a4f4 00000000 55555555
0 0a 1d 0 00 0cb7b100 b081f4e0 55555555
0 0a 12 1 0e 4036fce7 b081f4e0 00000001
0 11 18 1 11 c7e59fd6 c7e59fd6 55555555
0 11 11 0 00 00000000 c7e59fd6 c7e59fd6
0 1a 11 0 1e 55555555 8ec2ea74 c7e59fd6
0 0a 0d 1 0a 85cbe2c2 85cbe2c2 0000ffff
0 04 05 1 10 1e1f9cc9 80000000 bce66f6b
0 0d 15 1 15 1c3c4844 0000ffff 1c3c4844
0 00 14 0 0a aaaaaaaa 00000000 ba2a29f9
0 19 07 1 18 a6e2b68b a1ca4444 55555555
0 18 18 1 18 53f80b62 53f80b62 53f80b62
0 0a 05 0 0f 8a18906c 85cbe2c2 bce66f6b
0 0b 02 1 04 f52e1f2d 4f6051d2 c12c167f
0 1a 1f 1 18 9858b435 8ec2ea74 ffffffff
0 0f 1d 1 08 3a1f89e8 d1a0e7df 55555555
0 08 18 1 13 187fc3d8 3a1f89e8 9858b435
0 14 0b 0 0f deadbeef ba2a29f9 4f6051d2
0 17 00 0 10 198653da 6769fcda 00000000
0 00 18 1 12 ac47fd03 00000000 9858b435
0 1c 0b 1 1e 66f7a434 f7afdff5 4f6051d2
0 1b 0b 1 09 867651b0 32f5d5ec 4f6051d2
0 11 00 1 14 a6af07fb c7e59fd6 00000000
# --- read-back sweep ---
# i_rst i_rs1_raddr i_rs2_raddr i_rd_wen i_rd_waddr i_rd_wdata | o_rs1_rdata
#     o_rs2_rdata
0 00 1f 0 00 00000000 00000000 ffffffff
0 01 1e 0 00 00000000 21c5ba87 66f7a434
0 02 1d 0 00 00000000 c12c167f 55555555
0 03 1c 0 00 00000000 86edb67c f7afdff5
0 04 1b 0 00 00000000 f52e1f2d 32f5d5ec
0 05 1a 0 00 00000000 bce66f6b 8ec2ea74
0 06 19 0 00 00000000 0004214e a1ca4444
0 07 18 0 00 00000000 55555555 9858b435
0 08 17 0 00 00000000 3a1f89e8 6769fcda
0 09 16 0 00 00000000 867651b0 628ffd5c
0 0a 15 0 00 00000000 85cbe2c2 1c3c4844
0 0b 14 0 00 00000000 4f6051d2 a6af07fb
0 0c 13 0 00 00000000 80000000 187fc3d8
0 0d 12 0 00 00000000 0000ffff ac47fd03
0 0e 11 0 00 00000000 4036fce7 c7e59fd6
0 0f 10 0 00 00000000 d1a0e7df 1e1f9cc9
0 10 0f 0 00 00000000 1e1f9cc9 d1a0e7df
0 11 0e 0 00 00000000 c7e59fd6 4036fce7
0 12 0d 0 00 00000000 ac47fd03 0000ffff
0 13 0c 0 00 00000000 187fc3d8 80000000
0 14 0b 0 00 00000000 a6af07fb 4f6051d2
0 15 0a 0 00 00000000 1c3c4844 85cbe2c2
0 16 09 0 00 00000000 628ffd5c 867651b0
0 17 08 0 00 00000000 6769fcda 3a1f89e8
0 18 07 0 00 00000000 9858b435 55555555
0 19 06 0 00 00000000 a1ca4444 0004214e
0 1a 05 0 00 00000000 8ec2ea74 bce66f6b
0 1b 04 0 00 00000000 32f5d5ec f52e1f2d
0 1c 03 0 00 00000000 f7afdff5 86edb67c
0 1d 02 0 00 00000000 55555555 c12c167f
0 1e 01 0 00 00000000 66f7a434 21c5ba87
0 1f 00 0 00 00000000 ffffffff 00000000
0 1c 1c 1 1c 17099bab 17099bab 17099bab
0 15 1b 1 04 0c200969 1c3c4844 32f5d5ec
0 1d 10 0 04 65de1346 55555555 1e1f9cc9
0 0f 0e 1 0f 5d198c9f 5d198c9f 4036fce7
0 1c 1a 1 09 00000001 17099bab 8ec2ea74
0 13 0c 0 10 5fdcda16 187fc3d8 80000000
0 19 12 1 19 e2691812 e2691812 ac47fd03
0 13 02 0 00 89ffa2c2 187fc3d8 c12c167f
0 0d 02 0 16 80000000 0000ffff c12c167f
0 06 15 1 18 2d1ed530 0004214e 1c3c4844
0 13 00 1 05 341736c3 187fc3d8 00000000
0 19 17 0 06 9e1d0223 e2691812 6769fcda
0 0b 17 0 04 659f2abe 4f6051d2 6769fcda
0 16 0c 0 1f ac807e4c 628ffd5c 80000000
0 0d 0d 1 0d bc6a4065 bc6a4065 bc6a4065
0 11 1e 0 12 9af5034d c7e59fd6 66f7a434
0 10 1f 1 10 80000000 80000000 ffffffff
0 11 1e 1 11 55f11030 55f11030 66f7a434
0 14 0d 0 00 16cc2edb a6af07fb bc6a4065
0 1c 0e 0 0e 5f557e5d 17099bab 4036fce7
0 0e 00 0 06 aaaaaaaa 4036fce7 00000000
0 0e 1b 1 1e 00000001 4036fce7 32f5d5ec
0 09 0b 1 08 bb2223d4 00000001 4f6051d2
0 1c 1e 0 17 c9d77355 17099bab 00000001
0 0e 1f 1 0e 73371e3d 73371e3d ffffffff
0 0d 05 1 00 0ae258a1 bc6a4065 341736c3
0 1f 12 0 14 00000001 ffffffff ac47fd03
0 04 0d 1 03 16f80666 0c200969 bc6a4065
0 12 1d 1 04 2eba0fc7 ac47fd03 55555555
0 05 05 1 05 8a2686f5 8a2686f5 8a2686f5
0 06 1b 1 02 69da341a 0004214e 32f5d5ec
0 13 13 0 13 60efc378 187fc3d8 187fc3d8
0 13 13 0 00 00000000 187fc3d8 187fc3d8
0 16 14 1 0c e9a2260e 628ffd5c a6af07fb
0 1d 16 1 11 c0607ceb 55555555 628ffd5c
0 14 04 1 14 cf760478 cf760478 2eba0fc7
0 0b 0b 1 05 aaaaaaaa 4f6051d2 4f6051d2
0 16 0e 1 0d 8ac36b67 628ffd5c 73371e3d
0 00 07 0 00 c6bd7fcd 00000000 55555555
0 15 14 0 00 4bc54f1f 1c3c4844 cf760478
0 00 0e 1 17 89cdeb1c 00000000 73371e3d
0 0b 07 1 0b 1a0ffa88 1a0ffa88 55555555
0 16 1f 1 1a 749cf03d 628ffd5c ffffffff
0 1a 0c 1 1a 4e422185 4e422185 e9a2260e
0 13 1e 0 04 dd49d76e 187fc3d8 00000001
0 14 0a 1 1d ca4f5eac cf760478 85cbe2c2
0 1d 1d 0 00 00000000 ca4f5eac ca4f5eac
0 11 1d 1 17 a5623728 c0607ceb ca4f5eac
0 00 0d 1 00 96fecf31 00000000 8ac36b67
0 18 00 1 09 ffffffff 2d1ed530 00000000
0 1e 00 1 0a 9b74786b 00000001 00000000
0 1e 13 1 02 072810d8 00000001 187fc3d8
0 00 13 0 02 1da5025c 00000000 187fc3d8
0 0a 0e 1 11 aaaaaaaa 9b74786b 73371e3d
0 0a 11 1 17 0a983a57 9b74786b aaaaaaaa
0 00 17 1 00 6321134b 00000000 0a983a57
0 0a 15 0 0d 80000000 9b74786b 1c3c4844
0 1c 0a 1 1c 782fd990 782fd990 9b74786b
0 05 19 1 02 8cb1cfe8 aaaaaaaa e2691812
0 01 15 0 07 00000001 21c5ba87 1c3c4844
0 13 08 1 13 55555555 55555555 bb2223d4
0 0a 0a 1 0a fd8db604 fd8db604 fd8db604
0 0b 10 1 0b c829d9e2 c829d9e2 80000000
0 00 17 1 19 ffffffff 00000000 0a983a57
0 0d 12 1 0f 3e992e6b 8ac36b67 ac47fd03
0 0c 0c 0 0c 5175138d e9a2260e e9a2260e
0 0c 0c 0 00 00000000 e9a2260e e9a2260e
0 13 11 1 11 aaaaaaaa 55555555 aaaaaaaa
0 16 06 1 16 848710c8 848710c8 0004214e
0 14 00 1 02 3795056b cf760478 00000000
0 00 00 1 00 6797af4e 00000000 00000000
0 0f 08 1 0a 83622b2a 3e992e6b bb2223d4
0 0a 08 0 18 aaaaaaaa 83622b2a bb2223d4
0 13 04 0 1f 00000001 55555555 2eba0fc7
0 1c 1c 1 1c d80027a4 d80027a4 d80027a4
0 10 00 1 00 5c92b796 80000000 00000000
0 13 19 1 13 ffffffff ffffffff ffffffff
0 03 00 0 0d f84c4eae 16f80666 00000000
0 07 08 1 08 b25a981c 55555555 b25a981c
0 18 00 1 1d 9996df2f 2d1ed530 00000000
0 0e 0a 1 17 7ae18c55 73371e3d 83622b2a
0 00 18 1 09 80000000 00000000 2d1ed530
0 03 1e 1 0f d0e001a7 16f80666 00000001
0 0b 18 1 0b 62dff282 62dff282 2d1ed530
0 1d 00 1 18 44acafe8 9996df2f 00000000
0 18 18 0 00 00000000 44acafe8 44acafe8
0 0d 1a 1 0c 7536ff2a 8ac36b67 4e422185
0 05 0b 0 1c 52ab5245 aaaaaaaa 62dff282
0 07 07 0 11 0000ffff 55555555 55555555
0 00 12 0 05 560a3345 00000000 ac47fd03
0 13 07 1 1c aaaaaaaa ffffffff 55555555
0 1a 14 1 14 84c04e1d 4e422185 84c04e1d
0 00 14 1 14 8acc562e 00000000 8acc562e
0 18 00 0 09 bd375fe6 44acafe8 00000000
0 00 0d 0 13 a11bcb3f 00000000 8ac36b67
0 1b 1a 1 1b b79cce62 b79cce62 4e422185
0 1e 14 0 1f 31972e0f 00000001 8acc562e
0 1e 1c 1 1d c98d41f6 00000001 aaaaaaaa
0 11 1e 1 0a 55555555 aaaaaaaa 00000001
0 0f 01 1 04 9731525c d0e001a7 21c5ba87
0 1f 00 1 1f 09cf2191 09cf2191 00000000
0 18 1c 1 00 d19ea349 44acafe8 aaaaaaaa
0 1d 08 1 1a 40db451a c98d41f6 b25a981c
0 16 16 0 1c aaaaaaaa 848710c8 848710c8
0 0c 04 1 0f afb69c69 7536ff2a 9731525c
0 01 0a 0 00 e0d2d4a9 21c5ba87 55555555
0 0c 19 1 07 182ec1ae 7536ff2a ffffffff
0 0f 08 1 08 0b9c8ee3 afb69c69 0b9c8ee3
0 1c 06 1 08 01e80ffa aaaaaaaa 0004214e
0 0f 15 1 1c 47b4be8f afb69c69 1c3c4844
0 1c 11 1 03 00000000 47b4be8f aaaaaaaa
0 0e 11 0 09 fc85121c 73371e3d aaaaaaaa
0 05 05 1 05 416b02ab 416b02ab 416b02ab
0 14 10 1 1f 15d2d725 8acc562e 80000000
0 1f 1f 0 00 00000000 15d2d725 15d2d725
0 19 0a 1 12 7fffffff ffffffff 55555555
0 1f 00 1 1f c452219c c452219c 00000000
0 08 12 0 18 9a191b03 01e80ffa 7fffffff
0 10 0a 1 10 d8cc9c73 d8cc9c73 55555555
0 13 00 1 00 655439cd ffffffff 00000000
0 10 08 1 14 ccc11523 d8cc9c73 01e80ffa
0 1f 06 1 00 0761577e c452219c 0004214e
0 19 03 0 1b 3fa414ca ffffffff 00000000
0 0c 12 1 06 55555555 7536ff2a 7fffffff
0 0b 1e 1 0b ac62ace9 ac62ace9 00000001
# --- read-back sweep ---
# i_rst i_rs1_raddr i_rs2_raddr i_rd_wen i_rd_waddr i_rd_wdata | o_rs1_rdata
#     o_rs2_rdata
0 00 1f 0 00 00000000 00000000 c452219c
0 01 1e 0 00 00000000 21c5ba87 00000001
0 02 1d 0 00 00000000 3795056b c98d41f6
0 03 1c 0 00 00000000 00000000 47b4be8f
0 04 1b 0 00 00000000 9731525c b79cce62
0 05 1a 0 00 00000000 416b02ab 40db451a
0 06 19 0 00 00000000 55555555 ffffffff
0 07 18 0 00 00000000 182ec1ae 44acafe8
0 08 17 0 00 00000000 01e80ffa 7ae18c55
0 09 16 0 00 00000000 80000000 848710c8
0 0a 15 0 00 00000000 55555555 1c3c4844
0 0b 14 0 00 00000000 ac62ace9 ccc11523
0 0c 13 0 00 00000000 7536ff2a ffffffff
0 0d 12 0 00 00000000 8ac36b67 7fffffff
0 0e 11 0 00 00000000 73371e3d aaaaaaaa
0 0f 10 0 00 00000000 afb69c69 d8cc9c73
0 10 0f 0 00 00000000 d8cc9c73 afb69c69
0 11 0e 0 00 00000000 aaaaaaaa 73371e3d
0 12 0d 0 00 00000000 7fffffff 8ac36b67
0 13 0c 0 00 00000000 ffffffff 7536ff2a
0 14 0b 0 00 00000000 ccc11523 ac62ace9
0 15 0a 0 00 00000000 1c3c4844 55555555
0 16 09 0 00 00000000 848710c8 80000000
0 17 08 0 00 00000000 7ae18c55 01e80ffa
0 18 07 0 00 00000000 44acafe8 182ec1ae
0 19 06 0 00 00000000 ffffffff 55555555
0 1a 05 0 00 00000000 40db451a 416b02ab
0 1b 04 0 00 00000000 b79cce62 9731525c
0 1c 03 0 00 00000000 47b4be8f 00000000
0 1d 02 0 00 00000000 c98d41f6 3795056b
0 1e 01 0 00 00000000 00000001 21c5ba87
0 1f 00 0 00 00000000 c452219c 00000000
0 08 0d 1 10 79463949 01e80ffa 8ac36b67
0 10 10 0 00 00000000 79463949 79463949
0 13 1f 1 1f cc4c088d ffffffff cc4c088d
0 1f 1f 0 00 00000000 cc4c088d cc4c088d
0 01 00 1 00 769004dc 21c5ba87 00000000
0 00 04 1 00 c07b98d2 00000000 9731525c
0 0d 01 0 06 afe59ec3 8ac36b67 21c5ba87
0 1d 0e 1 0e 9d427a2f c98d41f6 9d427a2f
# --- read-back sweep ---
# i_rst i_rs1_raddr i_rs2_raddr i_rd_wen i_rd_waddr i_rd_wdata | o_rs1_rdata
#     o_rs2_rdata
0 00 1f 0 00 00000000 00000000 cc4c088d
0 01 1e 0 00 00000000 21c5ba87 00000001
0 02 1d 0 00 00000000 3795056b c98d41f6
0 03 1c 0 00 00000000 00000000 47b4be8f
0 04 1b 0 00 00000000 9731525c b79cce62
0 05 1a 0 00 00000000 416b02ab 40db451a
0 06 19 0 00 00000000 55555555 ffffffff
0 07 18 0 00 00000000 182ec1ae 44acafe8
0 08 17 0 00 00000000 01e80ffa 7ae18c55
0 09 16 0 00 00000000 80000000 848710c8
0 0a 15 0 00 00000000 55555555 1c3c4844
0 0b 14 0 00 00000000 ac62ace9 ccc11523
0 0c 13 0 00 00000000 7536ff2a ffffffff
0 0d 12 0 00 00000000 8ac36b67 7fffffff
0 0e 11 0 00 00000000 9d427a2f aaaaaaaa
0 0f 10 0 00 00000000 afb69c69 79463949
0 10 0f 0 00 00000000 79463949 afb69c69
0 11 0e 0 00 00000000 aaaaaaaa 9d427a2f
0 12 0d 0 00 00000000 7fffffff 8ac36b67
0 13 0c 0 00 00000000 ffffffff 7536ff2a
0 14 0b 0 00 00000000 ccc11523 ac62ace9
0 15 0a 0 00 00000000 1c3c4844 55555555
0 16 09 0 00 00000000 848710c8 80000000
0 17 08 0 00 00000000 7ae18c55 01e80ffa
0 18 07 0 00 00000000 44acafe8 182ec1ae
0 19 06 0 00 00000000 ffffffff 55555555
0 1a 05 0 00 00000000 40db451a 416b02ab
0 1b 04 0 00 00000000 b79cce62 9731525c
0 1c 03 0 00 00000000 47b4be8f 00000000
0 1d 02 0 00 00000000 c98d41f6 3795056b
0 1e 01 0 00 00000000 00000001 21c5ba87
0 1f 00 0 00 00000000 cc4c088d 00000000
0 02 02 1 02 14841c49 14841c49 14841c49
0 0c 12 0 18 cb485ea3 7536ff2a 7fffffff
0 03 04 0 18 8c100006 00000000 9731525c
0 12 11 0 00 deadbeef 7fffffff aaaaaaaa
0 1c 1e 1 1f 2a6c91d2 47b4be8f 00000001
0 16 16 1 16 deadbeef deadbeef deadbeef
0 03 1f 1 1b 48936487 00000000 2a6c91d2
0 10 14 0 0e 00000000 79463949 ccc11523
0 08 14 1 07 f667acb2 01e80ffa ccc11523
0 09 04 0 0a 1e20ba5e 80000000 9731525c
0 00 16 1 11 11bb7fcf 00000000 deadbeef
0 11 11 0 00 00000000 11bb7fcf 11bb7fcf
0 02 10 1 1f 23655a72 14841c49 79463949
0 11 00 0 14 c6af02a1 11bb7fcf 00000000
0 02 08 1 00 80000000 14841c49 01e80ffa
0 15 15 1 15 51bdece1 51bdece1 51bdece1
0 1e 1b 1 03 9d1fba00 00000001 48936487
0 17 08 1 10 ad95c410 7ae18c55 01e80ffa
0 18 11 1 18 c189a018 c189a018 11bb7fcf
0 00 11 1 1c e5196603 00000000 11bb7fcf
0 18 04 0 0b 4d3a73e7 c189a018 9731525c
0 14 11 1 11 80000000 ccc11523 80000000
0 07 07 1 07 7c393acc 7c393acc 7c393acc
0 1d 0f 1 0f ecee12b3 c98d41f6 ecee12b3
0 1f 0b 1 1f e8ee6e84 e8ee6e84 ac62ace9
0 02 02 1 02 7fffffff 7fffffff 7fffffff
0 05 00 0 0e 5029dde9 416b02ab 00000000
0 15 07 0 10 9c1e3e7a 51bdece1 7c393acc
0 1e 14 1 09 19d2b521 00000001 ccc11523
0 18 08 1 18 d916cefc d916cefc 01e80ffa
0 1e 1d 1 1e 0da2e561 0da2e561 c98d41f6
0 07 11 1 05 d3867d0b 7c393acc 80000000
0 10 00 0 0a 1a85448d ad95c410 00000000
0 07 07 1 07 8c0623b5 8c0623b5 8c0623b5
0 12 19 0 00 74a70f3b 7fffffff ffffffff
0 15 1c 1 10 c2f27190 51bdece1 e5196603
0 05 04 1 05 e308f770 e308f770 9731525c
0 19 00 1 0e b92c313e ffffffff 00000000
0 07 04 0 00 de6dd9ec 8c0623b5 9731525c
0 00 00 1 09 02a08739 00000000 00000000
0 03 18 1 00 0000ffff 9d1fba00 d916cefc
0 0b 14 1 0d d26b33c2 ac62ace9 ccc11523
0 07 1a 1 07 22a9d995 22a9d995 40db451a
0 09 1b 1 09 eb23fa68 eb23fa68 48936487
0 0e 17 1 17 6a7371dd b92c313e 6a7371dd
0 19 00 0 11 00000001 ffffffff 00000000
0 17 17 1 17 dd30d024 dd30d024 dd30d024
0 08 08 1 08 817d9b58 817d9b58 817d9b58
0 1c 1c 0 1c ca86b856 e5196603 e5196603
0 1c 1c 0 00 00000000 e5196603 e5196603
0 07 0f 1 07 2fbd5b5b 2fbd5b5b ecee12b3
0 1c 0d 0 05 b7b69bad e5196603 d26b33c2
0 0f 1d 1 14 ffffffff ecee12b3 c98d41f6
0 1a 04 0 08 deadbeef 40db451a 9731525c
0 00 02 1 00 7a7408af 00000000 7fffffff
0 06 11 1 1d 0000ffff 55555555 80000000
# --- read-back sweep ---
# i_rst i_rs1_raddr i_rs2_raddr i_rd_wen i_rd_waddr i_rd_wdata | o_rs1_rdata
#     o_rs2_rdata
0 00 1f 0 00 00000000 00000000 e8ee6e84
0 01 1e 0 00 00000000 21c5ba87 0da2e561
0 02 1d 0 00 00000000 7fffffff 0000ffff
0 03 1c 0 00 00000000 9d1fba00 e5196603
0 04 1b 0 00 00000000 9731525c 48936487
0 05 1a 0 00 00000000 e308f770 40db451a
0 06 19 0 00 00000000 55555555 ffffffff
0 07 18 0 00 00000000 2fbd5b5b d916cefc
0 08 17 0 00 00000000 817d9b58 dd30d024
0 09 16 0 00 00000000 eb23fa68 deadbeef
0 0a 15 0 00 00000000 55555555 51bdece1
0 0b 14 0 00 00000000 ac62ace9 ffffffff
0 0c 13 0 00 00000000 7536ff2a ffffffff
0 0d 12 0 00 00000000 d26b33c2 7fffffff
0 0e 11 0 00 00000000 b92c313e 80000000
0 0f 10 0 00 00000000 ecee12b3 c2f27190
0 10 0f 0 00 00000000 c2f27190 ecee12b3
0 11 0e 0 00 00000000 80000000 b92c313e
0 12 0d 0 00 00000000 7fffffff d26b33c2
0 13 0c 0 00 00000000 ffffffff 7536ff2a
0 14 0b 0 00 00000000 ffffffff ac62ace9
0 15 0a 0 00 00000000 51bdece1 55555555
0 16 09 0 00 00000000 deadbeef eb23fa68
0 17 08 0 00 00000000 dd30d024 817d9b58
0 18 07 0 00 00000000 d916cefc 2fbd5b5b
0 19 06 0 00 00000000 ffffffff 55555555
0 1a 05 0 00 00000000 40db451a e308f770
0 1b 04 0 00 00000000 48936487 9731525c
0 1c 03 0 00 00000000 e5196603 9d1fba00
0 1d 02 0 00 00000000 0000ffff 7fffffff
0 1e 01 0 00 00000000 0da2e561 21c5ba87
0 1f 00 0 00 00000000 e8ee6e84 00000000
0 17 00 1 17 33c04dcd 33c04dcd 00000000
0 1d 03 1 19 9870f48d 0000ffff 9d1fba00
0 01 14 1 01 7fffffff 7fffffff ffffffff
0 02 11 1 15 d221ff04 7fffffff 80000000
0 11 1e 1 14 1d6eb7b0 80000000 0da2e561
0 1c 00 0 00 80000000 e5196603 00000000
0 00 18 1 18 00000000 00000000 00000000
0 19 05 1 19 bf5f0ebf bf5f0ebf e308f770
0 06 1f 1 06 eb8190d8 eb8190d8 e8ee6e84
0 1f 1f 1 1f 8167d5ac 8167d5ac 8167d5ac
0 16 18 1 0b 7a7b7217 deadbeef 00000000
0 02 0f 1 1a d55641d1 7fffffff ecee12b3
0 11 14 1 11 63715593 63715593 1d6eb7b0
0 1f 18 1 1f a92dda4d a92dda4d 00000000
0 04 10 1 1e a544de20 9731525c c2f27190
0 08 02 1 02 1b8f650c 817d9b58 1b8f650c
0 0c 0c 1 0c 8d86a275 8d86a275 8d86a275
0 1c 0e 0 00 4748989e e5196603 b92c313e
0 10 19 1 18 00000000 c2f27190 bf5f0ebf
0 19 19 0 19 85ac1358 bf5f0ebf bf5f0ebf
0 19 19 0 00 00000000 bf5f0ebf bf5f0ebf
0 1a 1a 0 1a bdc244f1 d55641d1 d55641d1
0 1a 1a 0 00 00000000 d55641d1 d55641d1
0 15 0b 0 0e 0000ffff d221ff04 7a7b7217
0 15 16 0 10 80000000 d221ff04 deadbeef
0 07 09 0 0c 3863c936 2fbd5b5b eb23fa68
0 13 0e 1 17 84fec749 ffffffff b92c313e
0 10 08 0 1d 93b127d0 c2f27190 817d9b58
0 1a 14 1 1a 4c09838d 4c09838d 1d6eb7b0
0 00 11 1 0d 34788d84 00000000 63715593
0 17 15 1 00 cf25d8e8 84fec749 d221ff04
0 11 04 1 0f 7fffffff 63715593 9731525c
0 06 0c 1 19 80000000 eb8190d8 8d86a275
0 1c 1f 1 11 ffffffff e5196603 a92dda4d
0 16 1c 0 12 b53ef160 deadbeef e5196603
0 0c 0d 1 00 80000000 8d86a275 34788d84
0 1d 12 1 16 7fffffff 0000ffff 7fffffff
0 01 1d 0 03 2e04eb92 7fffffff 0000ffff
0 0a 06 1 1c 1e6f1998 55555555 eb8190d8
0 19 0e 0 07 a6731810 80000000 b92c313e
0 1d 0c 1 12 014ebf84 0000ffff 8d86a275
0 11 00 1 11 21df7786 21df7786 00000000
0 00 00 1 00 f183f8a6 00000000 00000000
0 01 17 1 19 8cf5af11 7fffffff 84fec749
0 01 01 1 01 9f421788 9f421788 9f421788
0 13 1a 0 01 276e4cb2 ffffffff 4c09838d
0 03 1d 1 06 8f4752e6 9d1fba00 0000ffff
0 04 02 0 06 a79ee10a 9731525c 1b8f650c
0 07 0d 0 10 1c7709ac 2fbd5b5b 34788d84
0 01 15 1 15 ecfd1ed3 9f421788 ecfd1ed3
0 00 07 0 1b 7fffffff 00000000 2fbd5b5b
0 04 04 1 04 2f3ba01f 2f3ba01f 2f3ba01f
0 1d 0a 1 17 c8e2273d 0000ffff 55555555
0 05 1c 1 1c 4c628d17 e308f770 4c628d17
0 1a 10 0 0e e3339020 4c09838d c2f27190
0 17 1a 0 1b 8304bf3e c8e2273d 4c09838d
# --- read-back sweep ---
# i_rst i_rs1_raddr i_rs2_raddr i_rd_wen i_rd_waddr i_rd_wdata | o_rs1_rdata
#     o_rs2_rdata
0 00 1f 0 00 00000000 00000000 a92dda4d
0 01 1e 0 00 00000000 9f421788 a544de20
0 02 1d 0 00 00000000 1b8f650c 0000ffff
0 03 1c 0 00 00000000 9d1fba00 4c628d17
0 04 1b 0 00 00000000 2f3ba01f 48936487
0 05 1a 0 00 00000000 e308f770 4c09838d
0 06 19 0 00 00000000 8f4752e6 8cf5af11
0 07 18 0 00 00000000 2fbd5b5b 00000000
0 08 17 0 00 00000000 817d9b58 c8e2273d
0 09 16 0 00 00000000 eb23fa68 7fffffff
0 0a 15 0 00 00000000 55555555 ecfd1ed3
0 0b 14 0 00 00000000 7a7b7217 1d6eb7b0
0 0c 13 0 00 00000000 8d86a275 ffffffff
0 0d 12 0 00 00000000 34788d84 014ebf84
0 0e 11 0 00 00000000 b92c313e 21df7786
0 0f 10 0 00 00000000 7fffffff c2f27190
0 10 0f 0 00 00000000 c2f27190 7fffffff
0 11 0e 0 00 00000000 21df7786 b92c313e
0 12 0d 0 00 00000000 014ebf84 34788d84
0 13 0c 0 00 00000000 ffffffff 8d86a275
0 14 0b 0 00 00000000 1d6eb7b0 7a7b7217
0 15 0a 0 00 00000000 ecfd1ed3 55555555
0 16 09 0 00 00000000 7fffffff eb23fa68
0 17 08 0 00 00000000 c8e2273d 817d9b58
0 18 07 0 00 00000000 00000000 2fbd5b5b
0 19 06 0 00 00000000 8cf5af11 8f4752e6
0 1a 05 0 00 00000000 4c09838d e308f770
0 1b 04 0 00 00000000 48936487 2f3ba01f
0 1c 03 0 00 00000000 4c628d17 9d1fba00
0 1d 02 0 00 00000000 0000ffff 1b8f650c
0 1e 01 0 00 00000000 a544de20 9f421788
0 1f 00 0 00 00000000 a92dda4d 00000000
0 10 09 0 1e 5b6e23fb c2f27190 eb23fa68
0 17 00 0 05 85f1fba7 c8e2273d 00000000
0 1d 0d 1 1d c1a14a52 c1a14a52 34788d84
0 13 1e 1 13 7aea2be1 7aea2be1 a544de20
0 03 00 0 19 deadbeef 9d1fba00 00000000
0 0e 0e 0 1e 98853760 b92c313e b92c313e
0 13 13 1 13 0623bd74 0623bd74 0623bd74
0 04 18 1 1b 12e34f30 2f3ba01f 00000000
0 1c 1c 1 1c 926e33ce 926e33ce 926e33ce
0 00 00 0 0e 8baca26d 00000000 00000000
0 12 00 1 11 b561fbaa 014ebf84 00000000
0 11 11 0 00 00000000 b561fbaa b561fbaa
0 02 1e 1 19 038537c6 1b8f650c a544de20
0 19 19 0 00 00000000 038537c6 038537c6
0 08 09 1 00 bf7680bc 817d9b58 eb23fa68
0 08 17 1 14 0d8529d6 817d9b58 c8e2273d
0 02 14 1 02 6a8ea8d5 6a8ea8d5 0d8529d6
0 10 1e 1 1a 80000000 c2f27190 a544de20
0 1c 00 1 13 3e69e515 926e33ce 00000000
0 1a 1a 0 1a fb12dae1 80000000 80000000
0 1a 1a 0 00 00000000 80000000 80000000
0 1f 05 1 00 f8ab83f2 a92dda4d e308f770
0 06 04 0 02 f59c2561 8f4752e6 2f3ba01f
0 1f 1a 1 00 00000000 a92dda4d 80000000
0 02 06 1 06 4a36edf3 6a8ea8d5 4a36edf3
0 09 00 1 1a 1f7cbe8b eb23fa68 00000000
0 0f 0d 1 0f cafebabe cafebabe 34788d84
0 12 1b 1 00 5e820f0b 014ebf84 12e34f30
0 0e 1f 0 10 00000001 b92c313e a92dda4d
0 0e 0e 1 0e 71e98094 71e98094 71e98094
0 09 07 0 01 10f3a870 eb23fa68 2fbd5b5b
0 07 07 1 07 a6ed97d5 a6ed97d5 a6ed97d5
0 00 0d 0 03 de9c3915 00000000 34788d84
0 0e 13 1 13 6fc5219a 71e98094 6fc5219a
0 0d 1d 1 1d 21300947 34788d84 21300947
0 1c 0b 1 1c ffffffff ffffffff 7a7b7217
0 13 13 1 13 80000000 80000000 80000000
0 01 18 1 16 40a81004 9f421788 00000000
0 00 1a 1 1d 6118edce 00000000 1f7cbe8b
0 14 04 1 1c 84d15454 0d8529d6 2f3ba01f
0 1c 19 1 1e 65b2c7f8 84d15454 038537c6
0 08 1a 0 19 deadbeef 817d9b58 1f7cbe8b
0 13 19 1 06 5b3f9bbc 80000000 038537c6
0 00 18 1 07 8b0dd98c 00000000 00000000
0 13 11 1 19 fc0a9898 80000000 b561fbaa
0 15 06 1 15 6b41de5f 6b41de5f 5b3f9bbc
0 1d 11 1 15 07cc2f3e 6118edce b561fbaa
0 01 16 0 08 7e40a0d9 9f421788 40a81004
0 03 15 1 1e 666b3443 9d1fba00 07cc2f3e
0 1f 1f 1 19 deadbeef a92dda4d a92dda4d
0 17 17 1 17 cca6cc7b cca6cc7b cca6cc7b
0 13 0a 1 19 deadbeef 80000000 55555555
0 08 1f 1 1d c5964734 817d9b58 a92dda4d
0 1c 1c 1 1c 00000000 00000000 00000000
0 0c 1f 0 0f 5b07afb9 8d86a275 a92dda4d
0 13 09 1 07 547fc36e 80000000 eb23fa68
0 0a 0a 0 0a ae3b56f0 55555555 55555555
0 0a 0a 0 00 00000000 55555555 55555555
0 04 00 1 16 34a9ac85 2f3ba01f 00000000
0 07 07 1 07 07634089 07634089 07634089
0 01 01 1 01 8b14b1bd 8b14b1bd 8b14b1bd
0 00 00 1 00 dc5fcd73 00000000 00000000
0 1b 1b 1 1b 3fd4921f 3fd4921f 3fd4921f
0 1b 00 0 0f 41ba9e93 3fd4921f 00000000
0 15 15 1 15 0a57fb43 0a57fb43 0a57fb43
0 13 13 0 02 1632ed5d 80000000 80000000
0 0d 12 0 19 7a551049 34788d84 014ebf84
0 01 04 1 04 bdaf9fde 8b14b1bd bdaf9fde
0 07 18 0 0d 04437dd2 07634089 00000000
0 17 0c 1 0a f157f588 cca6cc7b 8d86a275
0 1a 0a 0 1b 6ec7ccf1 1f7cbe8b f157f588
0 0c 07 1 07 569f890e 8d86a275 569f890e
0 1e 15 1 15 c4583704 666b3443 c4583704
0 09 1d 1 0e 0000ffff eb23fa68 c5964734
0 0d 15 1 0c 0000ffff 34788d84 c4583704
0 0e 05 1 05 0712320d 0000ffff 0712320d
0 1b 17 1 10 40114403 3fd4921f cca6cc7b
0 1d 03 1 19 5827e988 c5964734 9d1fba00
0 17 1b 1 17 e113207c e113207c 3fd4921f
0 14 00 1 06 0d3c3762 0d8529d6 00000000
0 09 07 1 09 b1cc0364 b1cc0364 569f890e
0 07 00 1 03 a1709d3e 569f890e 00000000
0 1c 01 1 01 00000000 00000000 00000000
0 0b 00 1 1b 00a5da3c 7a7b7217 00000000
0 1b 1b 0 00 00000000 00a5da3c 00a5da3c
0 13 0f 1 06 00000001 80000000 cafebabe
0 02 17 0 16 2b7491e4 6a8ea8d5 e113207c
# --- read-back sweep ---
# i_rst i_rs1_raddr i_rs2_raddr i_rd_wen i_rd_waddr i_rd_wdata | o_rs1_rdata
#     o_rs2_rdata
0 00 1f 0 00 00000000 00000000 a92dda4d
0 01 1e 0 00 00000000 00000000 666b3443
0 02 1d 0 00 00000000 6a8ea8d5 c5964734
0 03 1c 0 00 00000000 a1709d3e 00000000
0 04 1b 0 00 00000000 bdaf9fde 00a5da3c
0 05 1a 0 00 00000000 0712320d 1f7cbe8b
0 06 19 0 00 00000000 00000001 5827e988
0 07 18 0 00 00000000 569f890e 00000000
0 08 17 0 00 00000000 817d9b58 e113207c
0 09 16 0 00 00000000 b1cc0364 34a9ac85
0 0a 15 0 00 00000000 f157f588 c4583704
0 0b 14 0 00 00000000 7a7b7217 0d8529d6
0 0c 13 0 00 00000000 0000ffff 80000000
0 0d 12 0 00 00000000 34788d84 014ebf84
0 0e 11 0 00 00000000 0000ffff b561fbaa
0 0f 10 0 00 00000000 cafebabe 40114403
0 10 0f 0 00 00000000 40114403 cafebabe
0 11 0e 0 00 00000000 b561fbaa 0000ffff
0 12 0d 0 00 00000000 014ebf84 34788d84
0 13 0c 0 00 00000000 80000000 0000ffff
0 14 0b 0 00 00000000 0d8529d6 7a7b7217
0 15 0a 0 00 00000000 c4583704 f157f588
0 16 09 0 00 00000000 34a9ac85 b1cc0364
0 17 08 0 00 00000000 e113207c 817d9b58
0 18 07 0 00 00000000 00000000 569f890e
0 19 06 0 00 00000000 5827e988 00000001
0 1a 05 0 00 00000000 1f7cbe8b 0712320d
0 1b 04 0 00 00000000 00a5da3c bdaf9fde
0 1c 03 0 00 00000000 00000000 a1709d3e
0 1d 02 0 00 00000000 c5964734 6a8ea8d5
0 1e 01 0 00 00000000 666b3443 00000000
0 1f 00 0 00 00000000 a92dda4d 00000000
0 07 1e 1 01 8c836019 569f890e 666b3443
0 0e 0a 0 03 8141972b 0000ffff f157f588
0 09 08 1 11 81e1a832 b1cc0364 817d9b58
0 11 18 1 10 874fad5e 81e1a832 00000000
0 10 10 0 00 00000000 874fad5e 874fad5e
0 0e 0d 0 0b 184e862c 0000ffff 34788d84
0 0d 09 0 18 94ca8f65 34788d84 b1cc0364
0 02 05 1 1a 0000ffff 6a8ea8d5 0712320d
0 03 18 0 00 d924854e a1709d3e 00000000
0 00 00 1 00 5af322cb 00000000 00000000
0 1b 18 0 02 4fb1d06b 00a5da3c 00000000
0 08 15 1 00 7b28ba74 817d9b58 c4583704
0 06 06 1 06 334f3148 334f3148 334f3148
0 1d 08 1 0a 1f31ba07 c5964734 817d9b58
0 0a 0a 0 00 00000000 1f31ba07 1f31ba07
0 0f 06 1 19 7ce714c0 cafebabe 334f3148
0 0b 1f 1 1f 0000ffff 7a7b7217 0000ffff
0 18 1e 1 05 c47e02eb 00000000 666b3443
0 0c 1b 0 16 ae18ad31 0000ffff 00a5da3c
0 03 02 1 1d d4a86ea2 a1709d3e 6a8ea8d5
0 18 18 1 18 6a85f1a1 6a85f1a1 6a85f1a1
0 0d 0e 1 05 80000000 34788d84 0000ffff
0 0e 08 1 0e 55555555 55555555 817d9b58
0 0b 0b 1 0b aaaaaaaa aaaaaaaa aaaaaaaa
0 09 1a 0 0e 736ef7cb b1cc0364 0000ffff
0 06 0a 1 1f 57cb5af2 334f3148 1f31ba07
0 1b 12 1 00 71fa401d 00a5da3c 014ebf84
0 0e 12 1 09 443668d2 55555555 014ebf84
0 05 17 1 11 164d6054 80000000 e113207c
0 0c 02 0 1e 8e75a305 0000ffff 6a8ea8d5
0 06 05 1 1a a2ff8a92 334f3148 80000000
0 1a 1a 0 00 00000000 a2ff8a92 a2ff8a92
0 10 07 1 08 aaaaaaaa 874fad5e 569f890e
0 1c 1d 1 1c 55555555 55555555 d4a86ea2
0 16 16 1 16 96aee79f 96aee79f 96aee79f
0 1c 0e 1 06 5bb627cc 55555555 55555555
0 06 06 0 00 00000000 5bb627cc 5bb627cc
0 0b 1d 1 10 171177cd aaaaaaaa d4a86ea2
0 1c 1a 1 10 d4b3b354 55555555 a2ff8a92
0 17 0c 1 0e d2c75601 e113207c 0000ffff
0 11 10 0 16 150424be 164d6054 d4b3b354
0 1c 08 1 1c 32962ee1 32962ee1 aaaaaaaa
0 0a 10 1 12 ac58711e 1f31ba07 d4b3b354
0 00 04 1 04 e6630a9f 00000000 e6630a9f
0 14 0e 0 1d 645ea30a 0d8529d6 d2c75601
0 15 11 1 08 de57820c c4583704 164d6054
0 10 11 1 0c 00000001 d4b3b354 164d6054
0 0e 14 1 0e cc626f81 cc626f81 0d8529d6
0 12 0b 1 1b e0d7e558 ac58711e aaaaaaaa
0 18 17 1 0c 5b58b69e 6a85f1a1 e113207c
0 07 07 0 07 0efa2ce5 569f890e 569f890e
0 07 07 0 00 00000000 569f890e 569f890e
0 1d 1e 1 1d ad55bb06 ad55bb06 666b3443
0 1a 12 1 0c 584d45e1 a2ff8a92 ac58711e
0 0c 0c 0 00 00000000 584d45e1 584d45e1
0 1a 04 0 04 4e820a08 a2ff8a92 e6630a9f
0 13 1a 1 1a 41f484e5 80000000 41f484e5
0 18 0f 1 18 c236ea6a c236ea6a cafebabe
0 03 03 1 03 db97d9ef db97d9ef db97d9ef
0 0e 0e 1 0e deadbeef deadbeef deadbeef
0 0f 12 1 0f 573a358a 573a358a ac58711e
0 06 1a 1 1a 55555555 5bb627cc 55555555
0 10 07 1 1e fd079c09 d4b3b354 569f890e
0 1b 1b 1 1b 66661cf9 66661cf9 66661cf9
0 1f 1f 1 1f 5f658dbe 5f658dbe 5f658dbe
0 10 0e 1 17 626edfd0 d4b3b354 deadbeef
0 01 0c 0 0a 55555555 8c836019 584d45e1
0 00 00 1 00 af40dda2 00000000 00000000
0 0f 00 0 1c aece8f50 573a358a 00000000
0 00 1a 1 05 254c36ca 00000000 55555555
0 18 18 0 18 42cebf24 c236ea6a c236ea6a
0 18 18 0 00 00000000 c236ea6a c236ea6a
0 19 09 0 0e e6ce80de 7ce714c0 443668d2
0 1b 1b 1 1b deadbeef deadbeef deadbeef
0 0a 0e 0 18 c10bc4f6 1f31ba07 deadbeef
0 14 00 1 1b 70b2667f 0d8529d6 00000000
0 0d 17 1 12 f9126c51 34788d84 626edfd0
0 00 03 1 00 e63e5a76 00000000 db97d9ef
0 0b 1e 0 1c fef2d6e6 aaaaaaaa fd079c09
0 0f 10 1 0a a27e07e2 573a358a d4b3b354
0 0a 0a 0 00 00000000 a27e07e2 a27e07e2
0 18 00 1 14 cd0455ab c236ea6a 00000000
0 16 16 1 16 d055c8c5 d055c8c5 d055c8c5
0 18 18 1 18 de7aab65 de7aab65 de7aab65
0 10 10 1 10 7fffffff 7fffffff 7fffffff
0 0f 08 0 0f 5f2120b2 573a358a de57820c
0 12 00 1 1a 9a768433 f9126c51 00000000
0 1c 1c 1 1c 9b6cbce5 9b6cbce5 9b6cbce5
0 1a 14 1 17 0553e5d2 9a768433 cd0455ab
0 17 17 0 00 00000000 0553e5d2 0553e5d2
0 05 05 0 05 a7f16f0e 254c36ca 254c36ca
0 05 05 0 00 00000000 254c36ca 254c36ca
0 09 18 1 1f fcf1ef40 443668d2 de7aab65
0 1d 12 1 1d 19e541a2 19e541a2 f9126c51
0 08 17 0 00 00000000 de57820c 0553e5d2
0 01 17 1 01 8a25f186 8a25f186 0553e5d2
0 11 11 1 11 dc4eb0c6 dc4eb0c6 dc4eb0c6
0 08 18 0 17 49337642 de57820c de7aab65
0 16 10 1 1c fb120f41 d055c8c5 7fffffff
0 15 1e 0 0b 55555555 c4583704 fd079c09
0 07 0a 1 0a deadbeef 569f890e deadbeef
0 19 0f 1 19 83045553 83045553 573a358a
0 00 19 1 0c 06ac84eb 00000000 83045553
0 04 1a 1 19 9b5aa8af e6630a9f 9a768433
0 19 19 0 00 00000000 9b5aa8af 9b5aa8af
0 15 07 1 1f d8b63aab c4583704 569f890e
0 1f 1f 0 00 00000000 d8b63aab d8b63aab
0 12 01 0 1a 3b547e7a f9126c51 8a25f186
# --- read-back sweep ---
# i_rst i_rs1_raddr i_rs2_raddr i_rd_wen i_rd_waddr i_rd_wdata | o_rs1_rdata
#     o_rs2_rdata
0 00 1f 0 00 00000000 00000000 d8b63aab
0 01 1e 0 00 00000000 8a25f186 fd079c09
0 02 1d 0 00 00000000 6a8ea8d5 19e541a2
0 03 1c 0 00 00000000 db97d9ef fb120f41
0 04 1b 0 00 00000000 e6630a9f 70b2667f
0 05 1a 0 00 00000000 254c36ca 9a768433
0 06 19 0 00 00000000 5bb627cc 9b5aa8af
0 07 18 0 00 00000000 569f890e de7aab65
0 08 17 0 00 00000000 de57820c 0553e5d2
0 09 16 0 00 00000000 443668d2 d055c8c5
0 0a 15 0 00 00000000 deadbeef c4583704
0 0b 14 0 00 00000000 aaaaaaaa cd0455ab
0 0c 13 0 00 00000000 06ac84eb 80000000
0 0d 12 0 00 00000000 34788d84 f9126c51
0 0e 11 0 00 00000000 deadbeef dc4eb0c6
0 0f 10 0 00 00000000 573a358a 7fffffff
0 10 0f 0 00 00000000 7fffffff 573a358a
0 11 0e 0 00 00000000 dc4eb0c6 deadbeef
0 12 0d 0 00 00000000 f9126c51 34788d84
0 13 0c 0 00 00000000 80000000 06ac84eb
0 14 0b 0 00 00000000 cd0455ab aaaaaaaa
0 15 0a 0 00 00000000 c4583704 deadbeef
0 16 09 0 00 00000000 d055c8c5 443668d2
0 17 08 0 00 00000000 0553e5d2 de57820c
0 18 07 0 00 00000000 de7aab65 569f890e
0 19 06 0 00 00000000 9b5aa8af 5bb627cc
0 1a 05 0 00 00000000 9a768433 254c36ca
0 1b 04 0 00 00000000 70b2667f e6630a9f
0 1c 03 0 00 00000000 fb120f41 db97d9ef
0 1d 02 0 00 00000000 19e541a2 6a8ea8d5
0 1e 01 0 00 00000000 fd079c09 8a25f186
0 1f 00 0 00 00000000 d8b63aab 00000000
0 08 1c 1 00 00000001 de57820c fb120f41
0 18 00 0 0c 7fffffff de7aab65 00000000
0 1f 1f 0 1f 6add6ae5 d8b63aab d8b63aab
0 1f 1f 0 00 00000000 d8b63aab d8b63aab
0 06 00 1 0e 8c438c0f 5bb627cc 00000000
0 0a 09 1 00 41a02787 deadbeef 443668d2
0 1a 15 1 16 cafebabe 9a768433 c4583704
0 1b 12 0 0b 00000001 70b2667f f9126c51
0 0f 0f 1 0f 2d94eb9e 2d94eb9e 2d94eb9e
0 1b 1b 1 1b 20a3a6ef 20a3a6ef 20a3a6ef
0 1a 1f 1 18 7fffffff 9a768433 d8b63aab
0 12 15 1 16 f3e0d4cb f9126c51 c4583704
0 0d 0d 1 0d 00000000 00000000 00000000
0 1d 1d 1 1d 7fffffff 7fffffff 7fffffff
0 18 0b 1 18 2f6a3932 2f6a3932 aaaaaaaa
0 01 1b 0 00 75e1cd49 8a25f186 20a3a6ef
0 0e 0e 1 0e 00000000 00000000 00000000
0 0d 19 1 0c 5d6e4e1e 00000000 9b5aa8af
0 0f 0f 1 0f 1787dcd8 1787dcd8 1787dcd8
0 19 10 1 1c 88d3801c 9b5aa8af 7fffffff
0 1c 1c 0 00 00000000 88d3801c 88d3801c
0 07 0f 1 04 d9e9fcec 569f890e 1787dcd8
0 00 00 1 01 55555555 00000000 00000000
0 17 00 0 0c d33109b6 0553e5d2 00000000
0 06 15 0 1c 8a402fdb 5bb627cc c4583704
0 14 1d 1 0e 49b9c51c cd0455ab 7fffffff
0 17 04 1 04 76c77126 0553e5d2 76c77126
0 05 05 0 05 f1b66748 254c36ca 254c36ca
0 05 05 0 00 00000000 254c36ca 254c36ca
0 0c 0e 1 13 8f692752 5d6e4e1e 49b9c51c
0 11 0a 0 0c 378f20e8 dc4eb0c6 deadbeef
0 19 00 1 1c c712ee0c 9b5aa8af 00000000
0 09 12 0 18 7c816960 443668d2 f9126c51
0 1d 00 0 00 7fffffff 7fffffff 00000000
0 0f 0e 1 0f 4442db09 4442db09 49b9c51c
0 1c 1d 1 1b c7c3ad56 c712ee0c 7fffffff
0 1a 1a 1 08 e0c58b4e 9a768433 9a768433
0 0e 0e 1 0e f9318be1 f9318be1 f9318be1
0 11 19 0 01 80000000 dc4eb0c6 9b5aa8af
0 07 14 1 02 5fe1ac90 569f890e cd0455ab
0 02 02 0 00 00000000 5fe1ac90 5fe1ac90
0 0b 07 1 1a 55555555 aaaaaaaa 569f890e
0 14 1b 0 0e 00f6b118 cd0455ab c7c3ad56
0 0d 1b 0 1e 1ad9f0cd 00000000 c7c3ad56
0 1c 02 1 00 80000000 c712ee0c 5fe1ac90
0 08 0c 0 17 80000000 e0c58b4e 5d6e4e1e
0 14 17 1 19 02a890b7 cd0455ab 0553e5d2
0 18 0d 0 02 0000ffff 2f6a3932 00000000
0 0a 0c 1 0a 5504358e 5504358e 5d6e4e1e
0 0c 0c 1 11 00000000 5d6e4e1e 5d6e4e1e
0 1b 1b 1 1b ca5476ff ca5476ff ca5476ff
0 11 0b 1 1e db8dc24e 00000000 aaaaaaaa
0 0c 0c 0 0c 8bcb73d4 5d6e4e1e 5d6e4e1e
0 0c 0c 0 00 00000000 5d6e4e1e 5d6e4e1e
0 15 1e 1 00 55555555 c4583704 db8dc24e
0 18 13 1 08 0000ffff 2f6a3932 8f692752
0 09 1d 1 1b c30dea2d 443668d2 7fffffff
0 10 0a 1 12 f5ace239 7fffffff 5504358e
0 17 1a 1 1a f86940e9 0553e5d2 f86940e9
0 11 1b 1 11 077877e3 077877e3 c30dea2d
0 15 10 0 10 65710e95 c4583704 7fffffff
0 0d 13 0 1f 3d223acc 00000000 8f692752
0 0a 05 0 14 0f0dc242 5504358e 254c36ca
0 18 05 1 13 a835a712 2f6a3932 254c36ca
0 0f 07 1 18 795f5056 4442db09 569f890e
0 0a 11 0 15 df29f70c 5504358e 077877e3
0 0d 00 1 19 72f42364 00000000 00000000
0 00 01 1 01 936945b6 00000000 936945b6
0 00 01 1 00 464b841a 00000000 936945b6
0 00 17 1 17 acfc711e 00000000 acfc711e
0 06 07 1 03 f715fca1 5bb627cc 569f890e
0 00 09 1 07 5e893049 00000000 443668d2
0 0e 11 1 06 df86ebf7 f9318be1 077877e3
0 1b 0d 1 1b ef56f85f ef56f85f 00000000
0 00 04 1 17 80000000 00000000 76c77126
0 05 1c 0 09 cafebabe 254c36ca c712ee0c
0 08 10 0 07 8663e772 0000ffff 7fffffff
0 15 17 0 13 0fc37d30 c4583704 80000000
0 09 0d 0 0c 2c8058a2 443668d2 00000000
0 04 1a 1 0d f1467d3a 76c77126 f86940e9
0 0e 0e 1 0e f480e96e f480e96e f480e96e
0 1b 03 1 09 5148cae5 ef56f85f f715fca1
0 1c 00 1 10 5356e5f6 c712ee0c 00000000
0 19 16 1 00 bc22fbaa 72f42364 f3e0d4cb
0 1f 00 0 09 258b3a79 d8b63aab 00000000
0 07 1e 1 07 3e12a8c8 3e12a8c8 db8dc24e
0 13 00 1 0e b0e9a9c1 a835a712 00000000
0 0e 06 1 1d 514b3bab b0e9a9c1 df86ebf7
0 03 03 1 05 a8d67fca f715fca1 f715fca1
0 10 1a 1 10 55555555 55555555 f86940e9
0 1c 0f 0 07 4c9c8f7b c712ee0c 4442db09
0 09 17 1 14 55586523 5148cae5 80000000
0 14 14 0 00 00000000 55586523 55586523
0 14 0d 1 05 ffffffff 55586523 f1467d3a
0 1f 14 1 14 7fffffff d8b63aab 7fffffff
0 19 19 1 19 ce7ea90e ce7ea90e ce7ea90e
0 18 0a 1 18 3d94de72 3d94de72 5504358e
0 19 1c 1 0c 670f461a ce7ea90e c712ee0c
0 04 04 1 04 d8189be9 d8189be9 d8189be9
0 0f 05 1 0d ff53ca32 4442db09 ffffffff
0 0d 0d 0 00 00000000 ff53ca32 ff53ca32
0 07 18 1 1c 5d0eadc9 3e12a8c8 3d94de72
0 1c 1c 0 00 00000000 5d0eadc9 5d0eadc9
0 1b 19 1 0c f76ceba6 ef56f85f ce7ea90e
0 1a 07 1 0f 7f36e2f4 f86940e9 3e12a8c8
0 11 1d 1 07 cdea2c9d 077877e3 514b3bab
0 0d 11 0 1a deadbeef ff53ca32 077877e3
0 0c 0c 1 1e 9818a96f f76ceba6 f76ceba6
0 05 00 0 02 a000e11f ffffffff 00000000
0 03 16 1 0a eb73b6b1 f715fca1 f3e0d4cb
0 03 16 0 18 c7a7ab45 f715fca1 f3e0d4cb
0 02 03 1 0d 55555555 5fe1ac90 f715fca1
0 01 01 1 01 cd1f9138 cd1f9138 cd1f9138
0 06 00 1 00 ec66c295 df86ebf7 00000000
0 0c 01 1 00 00000001 f76ceba6 cd1f9138
0 01 00 1 01 ff52bf59 ff52bf59 00000000
0 15 0f 0 00 8469df6a c4583704 7f36e2f4
0 0f 04 0 00 ceccd9b7 7f36e2f4 d8189be9
0 0c 04 1 00 00000001 f76ceba6 d8189be9
0 0b 1f 1 1e 949abf68 aaaaaaaa d8b63aab
0 0c 0c 0 0c 08f2e08e f76ceba6 f76ceba6
0 0c 0c 0 00 00000000 f76ceba6 f76ceba6
0 0b 13 1 11 56781393 aaaaaaaa a835a712
0 0e 02 0 0b 9a97e626 b0e9a9c1 5fe1ac90
0 1c 16 0 0a ab03b00d 5d0eadc9 f3e0d4cb
0 14 1a 1 0d 00cafc79 7fffffff f86940e9
0 02 06 0 0c 8798120c 5fe1ac90 df86ebf7
0 1b 1b 1 1b 18293083 18293083 18293083
0 1a 00 1 00 f8f2e69e f86940e9 00000000
0 0f 12 1 18 b130d3e6 7f36e2f4 f5ace239
0 07 1c 1 02 98af5de9 cdea2c9d 5d0eadc9
0 02 02 0 00 00000000 98af5de9 98af5de9
# --- read-back sweep ---
# i_rst i_rs1_raddr i_rs2_raddr i_rd_wen i_rd_waddr i_rd_wdata | o_rs1_rdata
#     o_rs2_rdata
0 00 1f 0 00 00000000 00000000 d8b63aab
0 01 1e 0 00 00000000 ff52bf59 949abf68
0 02 1d 0 00 00000000 98af5de9 514b3bab
0 03 1c 0 00 00000000 f715fca1 5d0eadc9
0 04 1b 0 00 00000000 d8189be9 18293083
0 05 1a 0 00 00000000 ffffffff f86940e9
0 06 19 0 00 00000000 df86ebf7 ce7ea90e
0 07 18 0 00 00000000 cdea2c9d b130d3e6
0 08 17 0 00 00000000 0000ffff 80000000
0 09 16 0 00 00000000 5148cae5 f3e0d4cb
0 0a 15 0 00 00000000 eb73b6b1 c4583704
0 0b 14 0 00 00000000 aaaaaaaa 7fffffff
0 0c 13 0 00 00000000 f76ceba6 a835a712
0 0d 12 0 00 00000000 00cafc79 f5ace239
0 0e 11 0 00 00000000 b0e9a9c1 56781393
0 0f 10 0 00 00000000 7f36e2f4 55555555
0 10 0f 0 00 00000000 55555555 7f36e2f4
0 11 0e 0 00 00000000 56781393 b0e9a9c1
0 12 0d 0 00 00000000 f5ace239 00cafc79
0 13 0c 0 00 00000000 a835a712 f76ceba6
0 14 0b 0 00 00000000 7fffffff aaaaaaaa
0 15 0a 0 00 00000000 c4583704 eb73b6b1
0 16 09 0 00 00000000 f3e0d4cb 5148cae5
0 17 08 0 00 00000000 80000000 0000ffff
0 18 07 0 00 00000000 b130d3e6 cdea2c9d
0 19 06 0 00 00000000 ce7ea90e df86ebf7
0 1a 05 0 00 00000000 f86940e9 ffffffff
0 1b 04 0 00 00000000 18293083 d8189be9
0 1c 03 0 00 00000000 5d0eadc9 f715fca1
0 1d 02 0 00 00000000 514b3bab 98af5de9
0 1e 01 0 00 00000000 949abf68 ff52bf59
0 1f 00 0 00 00000000 d8b63aab 00000000
0 14 1e 1 1a 00000000 7fffffff 949abf68
# --- read-back sweep ---
# i_rst i_rs1_raddr i_rs2_raddr i_rd_wen i_rd_waddr i_rd_wdata | o_rs1_rdata
#     o_rs2_rdata
0 00 1f 0 00 00000000 00000000 d8b63aab
0 01 1e 0 00 00000000 ff52bf59 949abf68
0 02 1d 0 00 00000000 98af5de9 514b3bab
0 03 1c 0 00 00000000 f715fca1 5d0eadc9
0 04 1b 0 00 00000000 d8189be9 18293083
0 05 1a 0 00 00000000 ffffffff 00000000
0 06 19 0 00 00000000 df86ebf7 ce7ea90e
0 07 18 0 00 00000000 cdea2c9d b130d3e6
0 08 17 0 00 00000000 0000ffff 80000000
0 09 16 0 00 00000000 5148cae5 f3e0d4cb
0 0a 15 0 00 00000000 eb73b6b1 c4583704
0 0b 14 0 00 00000000 aaaaaaaa 7fffffff
0 0c 13 0 00 00000000 f76ceba6 a835a712
0 0d 12 0 00 00000000 00cafc79 f5ace239
0 0e 11 0 00 00000000 b0e9a9c1 56781393
0 0f 10 0 00 00000000 7f36e2f4 55555555
0 10 0f 0 00 00000000 55555555 7f36e2f4
0 11 0e 0 00 00000000 56781393 b0e9a9c1
0 12 0d 0 00 00000000 f5ace239 00cafc79
0 13 0c 0 00 00000000 a835a712 f76ceba6
0 14 0b 0 00 00000000 7fffffff aaaaaaaa
0 15 0a 0 00 00000000 c4583704 eb73b6b1
0 16 09 0 00 00000000 f3e0d4cb 5148cae5
0 17 08 0 00 00000000 80000000 0000ffff
0 18 07 0 00 00000000 b130d3e6 cdea2c9d
0 19 06 0 00 00000000 ce7ea90e df86ebf7
0 1a 05 0 00 00000000 00000000 ffffffff
0 1b 04 0 00 00000000 18293083 d8189be9
0 1c 03 0 00 00000000 5d0eadc9 f715fca1
0 1d 02 0 00 00000000 514b3bab 98af5de9
0 1e 01 0 00 00000000 949abf68 ff52bf59
0 1f 00 0 00 00000000 d8b63aab 00000000
0 10 03 1 18 44897317 55555555 f715fca1
0 1d 1d 0 1d 7cbb7577 514b3bab 514b3bab
0 1d 1d 0 00 00000000 514b3bab 514b3bab
0 13 13 1 13 00135faf 00135faf 00135faf
0 0e 03 1 02 b805d9aa b0e9a9c1 f715fca1
# --- read-back sweep ---
# i_rst i_rs1_raddr i_rs2_raddr i_rd_wen i_rd_waddr i_rd_wdata | o_rs1_rdata
#     o_rs2_rdata
0 00 1f 0 00 00000000 00000000 d8b63aab
0 01 1e 0 00 00000000 ff52bf59 949abf68
0 02 1d 0 00 00000000 b805d9aa 514b3bab
0 03 1c 0 00 00000000 f715fca1 5d0eadc9
0 04 1b 0 00 00000000 d8189be9 18293083
0 05 1a 0 00 00000000 ffffffff 00000000
0 06 19 0 00 00000000 df86ebf7 ce7ea90e
0 07 18 0 00 00000000 cdea2c9d 44897317
0 08 17 0 00 00000000 0000ffff 80000000
0 09 16 0 00 00000000 5148cae5 f3e0d4cb
0 0a 15 0 00 00000000 eb73b6b1 c4583704
0 0b 14 0 00 00000000 aaaaaaaa 7fffffff
0 0c 13 0 00 00000000 f76ceba6 00135faf
0 0d 12 0 00 00000000 00cafc79 f5ace239
0 0e 11 0 00 00000000 b0e9a9c1 56781393
0 0f 10 0 00 00000000 7f36e2f4 55555555
0 10 0f 0 00 00000000 55555555 7f36e2f4
0 11 0e 0 00 00000000 56781393 b0e9a9c1
0 12 0d 0 00 00000000 f5ace239 00cafc79
0 13 0c 0 00 00000000 00135faf f76ceba6
0 14 0b 0 00 00000000 7fffffff aaaaaaaa
0 15 0a 0 00 00000000 c4583704 eb73b6b1
0 16 09 0 00 00000000 f3e0d4cb 5148cae5
0 17 08 0 00 00000000 80000000 0000ffff
0 18 07 0 00 00000000 44897317 cdea2c9d
0 19 06 0 00 00000000 ce7ea90e df86ebf7
0 1a 05 0 00 00000000 00000000 ffffffff
0 1b 04 0 00 00000000 18293083 d8189be9
0 1c 03 0 00 00000000 5d0eadc9 f715fca1
0 1d 02 0 00 00000000 514b3bab b805d9aa
0 1e 01 0 00 00000000 949abf68 ff52bf59
0 1f 00 0 00 00000000 d8b63aab 00000000
0 17 13 1 12 e8fea13f 80000000 00135faf
0 17 17 1 17 00000000 00000000 00000000
0 1f 1a 1 1a ffffffff d8b63aab ffffffff
0 16 1e 1 14 ea1218d1 f3e0d4cb 949abf68
0 14 14 0 00 00000000 ea1218d1 ea1218d1
0 10 14 1 1b 3f668273 55555555 ea1218d1
0 03 08 0 18 00000000 f715fca1 0000ffff
0 10 07 1 1f 67ea33a7 55555555 cdea2c9d
0 1e 08 1 01 fcdcd91b 949abf68 0000ffff
0 00 0a 0 0c 0796bb32 00000000 eb73b6b1
# --- read-back sweep ---
# i_rst i_rs1_raddr i_rs2_raddr i_rd_wen i_rd_waddr i_rd_wdata | o_rs1_rdata
#     o_rs2_rdata
0 00 1f 0 00 00000000 00000000 67ea33a7
0 01 1e 0 00 00000000 fcdcd91b 949abf68
0 02 1d 0 00 00000000 b805d9aa 514b3bab
0 03 1c 0 00 00000000 f715fca1 5d0eadc9
0 04 1b 0 00 00000000 d8189be9 3f668273
0 05 1a 0 00 00000000 ffffffff ffffffff
0 06 19 0 00 00000000 df86ebf7 ce7ea90e
0 07 18 0 00 00000000 cdea2c9d 44897317
0 08 17 0 00 00000000 0000ffff 00000000
0 09 16 0 00 00000000 5148cae5 f3e0d4cb
0 0a 15 0 00 00000000 eb73b6b1 c4583704
0 0b 14 0 00 00000000 aaaaaaaa ea1218d1
0 0c 13 0 00 00000000 f76ceba6 00135faf
0 0d 12 0 00 00000000 00cafc79 e8fea13f
0 0e 11 0 00 00000000 b0e9a9c1 56781393
0 0f 10 0 00 00000000 7f36e2f4 55555555
0 10 0f 0 00 00000000 55555555 7f36e2f4
0 11 0e 0 00 00000000 56781393 b0e9a9c1
0 12 0d 0 00 00000000 e8fea13f 00cafc79
0 13 0c 0 00 00000000 00135faf f76ceba6
0 14 0b 0 00 00000000 ea1218d1 aaaaaaaa
0 15 0a 0 00 00000000 c4583704 eb73b6b1
0 16 09 0 00 00000000 f3e0d4cb 5148cae5
0 17 08 0 00 00000000 00000000 0000ffff
0 18 07 0 00 00000000 44897317 cdea2c9d
0 19 06 0 00 00000000 ce7ea90e df86ebf7
0 1a 05 0 00 00000000 ffffffff ffffffff
0 1b 04 0 00 00000000 3f668273 d8189be9
0 1c 03 0 00 00000000 5d0eadc9 f715fca1
0 1d 02 0 00 00000000 514b3bab b805d9aa
0 1e 01 0 00 00000000 949abf68 fcdcd91b
0 1f 00 0 00 00000000 67ea33a7 00000000
0 06 1b 1 18 cdb28327 df86ebf7 3f668273
0 0e 0e 1 0e 7b700890 7b700890 7b700890
0 00 0e 0 1d 48dd6d6f 00000000 7b700890
0 1f 1f 1 1f 2ad7961d 2ad7961d 2ad7961d
0 11 1f 1 00 ffffffff 56781393 2ad7961d
0 1a 1a 1 1a aaaaaaaa aaaaaaaa aaaaaaaa
0 09 09 1 09 f178eab7 f178eab7 f178eab7
0 0c 00 1 08 578c7678 f76ceba6 00000000
0 0d 19 1 0d 18e84ab1 18e84ab1 ce7ea90e
0 0d 13 0 19 90247236 18e84ab1 00135faf
0 12 18 1 18 775cdc6d e8fea13f 775cdc6d
0 07 0e 1 07 1b756011 1b756011 7b700890
# --- read-back sweep ---
# i_rst i_rs1_raddr i_rs2_raddr i_rd_wen i_rd_waddr i_rd_wdata | o_rs1_rdata
#     o_rs2_rdata
0 00 1f 0 00 00000000 00000000 2ad7961d
0 01 1e 0 00 00000000 fcdcd91b 949abf68
0 02 1d 0 00 00000000 b805d9aa 514b3bab
0 03 1c 0 00 00000000 f715fca1 5d0eadc9
0 04 1b 0 00 00000000 d8189be9 3f668273
0 05 1a 0 00 00000000 ffffffff aaaaaaaa
0 06 19 0 00 00000000 df86ebf7 ce7ea90e
0 07 18 0 00 00000000 1b756011 775cdc6d
0 08 17 0 00 00000000 578c7678 00000000
0 09 16 0 00 00000000 f178eab7 f3e0d4cb
0 0a 15 0 00 00000000 eb73b6b1 c4583704
0 0b 14 0 00 00000000 aaaaaaaa ea1218d1
0 0c 13 0 00 00000000 f76ceba6 00135faf
0 0d 12 0 00 00000000 18e84ab1 e8fea13f
0 0e 11 0 00 00000000 7b700890 56781393
0 0f 10 0 00 00000000 7f36e2f4 55555555
0 10 0f 0 00 00000000 55555555 7f36e2f4
0 11 0e 0 00 00000000 56781393 7b700890
0 12 0d 0 00 00000000 e8fea13f 18e84ab1
0 13 0c 0 00 00000000 00135faf f76ceba6
0 14 0b 0 00 00000000 ea1218d1 aaaaaaaa
0 15 0a 0 00 00000000 c4583704 eb73b6b1
0 16 09 0 00 00000000 f3e0d4cb f178eab7
0 17 08 0 00 00000000 00000000 578c7678
0 18 07 0 00 00000000 775cdc6d 1b756011
0 19 06 0 00 00000000 ce7ea90e df86ebf7
0 1a 05 0 00 00000000 aaaaaaaa ffffffff
0 1b 04 0 00 00000000 3f668273 d8189be9
0 1c 03 0 00 00000000 5d0eadc9 f715fca1
0 1d 02 0 00 00000000 514b3bab b805d9aa
0 1e 01 0 00 00000000 949abf68 fcdcd91b
0 1f 00 0 00 00000000 2ad7961d 00000000
0 06 0f 1 06 0000ffff 0000ffff 7f36e2f4
0 18 0d 1 12 de2af81a 775cdc6d 18e84ab1
0 17 01 1 11 81979910 00000000 fcdcd91b
0 02 07 1 0a 501b1ebc b805d9aa 1b756011
0 0a 0a 0 00 00000000 501b1ebc 501b1ebc
0 00 1a 1 00 260fc968 00000000 aaaaaaaa
0 1a 12 1 1e deadbeef aaaaaaaa de2af81a
0 06 04 1 03 4eb289c3 0000ffff d8189be9
0 14 1f 1 14 084c7e22 084c7e22 2ad7961d
0 1e 1e 1 1e 96ce190a 96ce190a 96ce190a
0 0a 08 0 16 d43cde3b 501b1ebc 578c7678
0 1c 19 0 04 7fffffff 5d0eadc9 ce7ea90e
0 19 11 1 11 ff781a9a ce7ea90e ff781a9a
0 0e 0e 0 0e 7c9f69dd 7b700890 7b700890
0 0e 0e 0 00 00000000 7b700890 7b700890
0 00 08 0 0e 60231e58 00000000 578c7678
0 04 04 0 04 b8ec6f68 d8189be9 d8189be9
0 04 04 0 00 00000000 d8189be9 d8189be9
0 1e 1e 1 1e f17e65f1 f17e65f1 f17e65f1
0 10 03 0 11 b1428387 55555555 4eb289c3
0 00 00 1 00 9115a878 00000000 00000000
0 1e 1e 1 1e d35e9824 d35e9824 d35e9824
0 1f 1d 1 1d aaaaaaaa 2ad7961d aaaaaaaa
0 00 00 1 0c 00000000 00000000 00000000
0 11 08 1 06 ffffffff ff781a9a 578c7678
0 10 0f 1 10 efc5770d efc5770d 7f36e2f4
0 0c 0c 0 0c 922acc5e 00000000 00000000
0 0c 0c 0 00 00000000 00000000 00000000
0 02 00 1 15 00000000 b805d9aa 00000000
0 0c 00 1 00 6b60445a 00000000 00000000
0 16 03 1 10 7fffffff f3e0d4cb 4eb289c3
0 02 1b 1 15 00000000 b805d9aa 3f668273
0 17 17 1 0e 64c417d9 00000000 00000000
0 03 07 1 03 7fffffff 7fffffff 1b756011
0 00 17 1 00 1572d06f 00000000 00000000
0 19 1f 1 0a d667ad38 ce7ea90e 2ad7961d
0 11 09 1 11 aaaaaaaa aaaaaaaa f178eab7
0 15 1f 1 02 378f1c29 00000000 2ad7961d
0 1f 1f 1 1f 22e534ed 22e534ed 22e534ed
0 06 09 1 00 00000000 ffffffff f178eab7
0 00 08 0 1d be323791 00000000 578c7678
0 1e 0d 1 1e ffffffff ffffffff 18e84ab1
0 0b 1b 0 00 cafebabe aaaaaaaa 3f668273
0 1f 11 0 0c ea819000 22e534ed aaaaaaaa
0 02 1f 1 18 1553982b 378f1c29 22e534ed
0 13 11 0 09 deadbeef 00135faf aaaaaaaa
0 1f 00 1 1c 80000000 22e534ed 00000000
0 0f 0f 1 0f 06c3594a 06c3594a 06c3594a
0 02 15 0 1a aaaaaaaa 378f1c29 00000000
0 05 00 1 02 aaaaaaaa ffffffff 00000000
0 04 15 0 0e 459d3c75 d8189be9 00000000
0 12 1f 0 14 00000001 de2af81a 22e534ed
0 04 1d 1 04 aaaaaaaa aaaaaaaa aaaaaaaa
0 0d 0d 1 0d 3947b6cc 3947b6cc 3947b6cc
0 1f 1f 1 1f 3d6cc6b7 3d6cc6b7 3d6cc6b7
0 10 07 1 0d d4ea1510 7fffffff 1b756011
0 16 00 1 0d bf2d0768 f3e0d4cb 00000000
0 04 0b 0 14 49a930c3 aaaaaaaa aaaaaaaa
0 10 01 1 0a bbc13950 7fffffff fcdcd91b
0 0b 0b 1 0b fccb9462 fccb9462 fccb9462
0 13 13 1 13 acd1b79a acd1b79a acd1b79a
0 0a 0a 1 0a 00000001 00000001 00000001
0 12 12 0 12 407a7e57 de2af81a de2af81a
0 12 12 0 00 00000000 de2af81a de2af81a
0 01 18 1 0b 9a3b95d0 fcdcd91b 1553982b
0 0f 11 1 1c 38eed049 06c3594a aaaaaaaa
0 18 18 1 18 aaaaaaaa aaaaaaaa aaaaaaaa
0 16 00 1 1a 07666718 f3e0d4cb 00000000
0 09 0b 0 18 07a0027a f178eab7 9a3b95d0
0 12 06 0 0d 43b5f5b6 de2af81a ffffffff
0 18 15 0 08 e0bb4faa aaaaaaaa 00000000
0 04 11 1 03 7fec4526 aaaaaaaa aaaaaaaa
0 11 16 0 1d a9618b9b aaaaaaaa f3e0d4cb
0 15 03 0 0e 78b377ea 00000000 7fec4526
0 1a 05 1 1a 930ab8d4 930ab8d4 ffffffff
0 1d 06 1 1d 6a72402a 6a72402a ffffffff
0 00 06 0 00 a321b43b 00000000 ffffffff
0 13 13 1 13 80000000 80000000 80000000
0 06 1b 1 0c b0e0c9ee ffffffff 3f668273
0 17 17 0 17 aa9442d9 00000000 00000000
0 17 17 0 00 00000000 00000000 00000000
0 04 19 1 08 aaaaaaaa aaaaaaaa ce7ea90e
0 09 01 1 05 40704cd3 f178eab7 fcdcd91b
0 15 1b 0 1c 80000000 00000000 3f668273
0 1e 09 1 04 07c8dd59 ffffffff f178eab7
0 10 03 1 0f f06fc545 7fffffff 7fec4526
0 1d 11 1 01 80000000 6a72402a aaaaaaaa
0 00 0a 1 1b 3212cc37 00000000 00000001
0 02 02 1 02 404c0b7d 404c0b7d 404c0b7d
0 01 0f 1 05 230e45a3 80000000 f06fc545
0 06 03 1 00 deadbeef ffffffff 7fec4526
0 07 15 0 19 418fac10 1b756011 00000000
0 00 00 1 00 deadbeef 00000000 00000000
0 08 1f 0 1e b797ce98 aaaaaaaa 3d6cc6b7
0 0e 0e 1 0e ffffffff ffffffff ffffffff
0 09 09 1 09 ffffffff ffffffff ffffffff
0 03 03 1 03 a37c50b0 a37c50b0 a37c50b0
0 12 0c 1 14 66da2aa5 de2af81a b0e0c9ee
0 18 00 1 18 c0f283ce c0f283ce 00000000
0 00 01 1 1d dd2cbe18 00000000 80000000
0 17 16 0 12 09613405 00000000 f3e0d4cb
0 01 08 0 05 fe37a906 80000000 aaaaaaaa
0 0d 1a 0 16 545d2ada bf2d0768 930ab8d4
0 00 0d 1 0d deadbeef 00000000 deadbeef
0 00 0c 0 17 04107cf4 00000000 b0e0c9ee
0 09 15 1 15 8c37c6d9 ffffffff 8c37c6d9
0 03 07 0 08 1654f8cb a37c50b0 1b756011
# --- read-back sweep ---
# i_rst i_rs1_raddr i_rs2_raddr i_rd_wen i_rd_waddr i_rd_wdata | o_rs1_rdata
#     o_rs2_rdata
0 00 1f 0 00 00000000 00000000 3d6cc6b7
0 01 1e 0 00 00000000 80000000 ffffffff
0 02 1d 0 00 00000000 404c0b7d dd2cbe18
0 03 1c 0 00 00000000 a37c50b0 38eed049
0 04 1b 0 00 00000000 07c8dd59 3212cc37
0 05 1a 0 00 00000000 230e45a3 930ab8d4
0 06 19 0 00 00000000 ffffffff ce7ea90e
0 07 18 0 00 00000000 1b756011 c0f283ce
0 08 17 0 00 00000000 aaaaaaaa 00000000
0 09 16 0 00 00000000 ffffffff f3e0d4cb
0 0a 15 0 00 00000000 00000001 8c37c6d9
0 0b 14 0 00 00000000 9a3b95d0 66da2aa5
0 0c 13 0 00 00000000 b0e0c9ee 80000000
0 0d 12 0 00 00000000 deadbeef de2af81a
0 0e 11 0 00 00000000 ffffffff aaaaaaaa
0 0f 10 0 00 00000000 f06fc545 7fffffff
0 10 0f 0 00 00000000 7fffffff f06fc545
0 11 0e 0 00 00000000 aaaaaaaa ffffffff
0 12 0d 0 00 00000000 de2af81a deadbeef
0 13 0c 0 00 00000000 80000000 b0e0c9ee
0 14 0b 0 00 00000000 66da2aa5 9a3b95d0
0 15 0a 0 00 00000000 8c37c6d9 00000001
0 16 09 0 00 00000000 f3e0d4cb ffffffff
0 17 08 0 00 00000000 00000000 aaaaaaaa
0 18 07 0 00 00000000 c0f283ce 1b756011
0 19 06 0 00 00000000 ce7ea90e ffffffff
0 1a 05 0 00 00000000 930ab8d4 230e45a3
0 1b 04 0 00 00000000 3212cc37 07c8dd59
0 1c 03 0 00 00000000 38eed049 a37c50b0
0 1d 02 0 00 00000000 dd2cbe18 404c0b7d
0 1e 01 0 00 00000000 ffffffff 80000000
0 1f 00 0 00 00000000 3d6cc6b7 00000000
0 05 00 1 00 00000000 230e45a3 00000000
0 09 09 1 09 aefc4f5b aefc4f5b aefc4f5b
0 03 11 1 1a 387171d9 a37c50b0 aaaaaaaa
0 13 1d 1 16 9f1c9886 80000000 dd2cbe18
0 03 01 0 03 f993bf47 a37c50b0 80000000
# --- read-back sweep ---
# i_rst i_rs1_raddr i_rs2_raddr i_rd_wen i_rd_waddr i_rd_wdata | o_rs1_rdata
#     o_rs2_rdata
0 00 1f 0 00 00000000 00000000 3d6cc6b7
0 01 1e 0 00 00000000 80000000 ffffffff
0 02 1d 0 00 00000000 404c0b7d dd2cbe18
0 03 1c 0 00 00000000 a37c50b0 38eed049
0 04 1b 0 00 00000000 07c8dd59 3212cc37
0 05 1a 0 00 00000000 230e45a3 387171d9
0 06 19 0 00 00000000 ffffffff ce7ea90e
0 07 18 0 00 00000000 1b756011 c0f283ce
0 08 17 0 00 00000000 aaaaaaaa 00000000
0 09 16 0 00 00000000 aefc4f5b 9f1c9886
0 0a 15 0 00 00000000 00000001 8c37c6d9
0 0b 14 0 00 00000000 9a3b95d0 66da2aa5
0 0c 13 0 00 00000000 b0e0c9ee 80000000
0 0d 12 0 00 00000000 deadbeef de2af81a
0 0e 11 0 00 00000000 ffffffff aaaaaaaa
0 0f 10 0 00 00000000 f06fc545 7fffffff
0 10 0f 0 00 00000000 7fffffff f06fc545
0 11 0e 0 00 00000000 aaaaaaaa ffffffff
0 12 0d 0 00 00000000 de2af81a deadbeef
0 13 0c 0 00 00000000 80000000 b0e0c9ee
0 14 0b 0 00 00000000 66da2aa5 9a3b95d0
0 15 0a 0 00 00000000 8c37c6d9 00000001
0 16 09 0 00 00000000 9f1c9886 aefc4f5b
0 17 08 0 00 00000000 00000000 aaaaaaaa
0 18 07 0 00 00000000 c0f283ce 1b756011
0 19 06 0 00 00000000 ce7ea90e ffffffff
0 1a 05 0 00 00000000 387171d9 230e45a3
0 1b 04 0 00 00000000 3212cc37 07c8dd59
0 1c 03 0 00 00000000 38eed049 a37c50b0
0 1d 02 0 00 00000000 dd2cbe18 404c0b7d
0 1e 01 0 00 00000000 ffffffff 80000000
0 1f 00 0 00 00000000 3d6cc6b7 00000000
0 07 0c 1 07 a4640201 a4640201 b0e0c9ee
0 18 03 1 16 5989fc58 c0f283ce a37c50b0
0 1b 1b 1 1b 72105559 72105559 72105559
0 14 12 0 0d 9738291a 66da2aa5 de2af81a
0 0a 1d 1 00 48cf727b 00000001 dd2cbe18
0 14 0e 1 1f 5fb1a243 66da2aa5 ffffffff
0 17 0a 0 13 deadbeef 00000000 00000001
0 04 17 0 19 d3d762f7 07c8dd59 00000000
0 1e 18 0 02 7fffffff ffffffff c0f283ce
0 12 18 0 05 01a64d1c de2af81a c0f283ce
0 09 09 1 0d 7fffffff aefc4f5b aefc4f5b
0 16 14 0 1e a83a1a8d 5989fc58 66da2aa5
0 0a 00 1 1f 0e3ffac8 00000001 00000000
0 1f 1f 0 00 00000000 0e3ffac8 0e3ffac8
0 14 00 1 05 c6f689e1 66da2aa5 00000000
0 05 05 0 00 00000000 c6f689e1 c6f689e1
0 0f 02 0 0d 0ba4ead7 f06fc545 404c0b7d
0 09 1a 0 02 f6cac22f aefc4f5b 387171d9
0 13 13 0 13 25a2cb6e 80000000 80000000
0 13 13 0 00 00000000 80000000 80000000
0 04 0d 1 11 80ccb4b1 07c8dd59 7fffffff
0 12 0b 0 11 b103a6b3 de2af81a 9a3b95d0
0 1e 18 0 0f 74e833fe ffffffff c0f283ce
0 13 17 0 1d 60803613 80000000 00000000
0 19 0f 1 19 de57b288 de57b288 f06fc545
0 19 08 1 0d f96d5ce7 de57b288 aaaaaaaa
0 03 10 0 14 aea3b2b8 a37c50b0 7fffffff
0 11 1c 0 00 deadbeef 80ccb4b1 38eed049
0 05 14 1 05 cafebabe cafebabe 66da2aa5
0 09 18 1 0f 6530b8aa aefc4f5b c0f283ce
# --- read-back sweep ---
# i_rst i_rs1_raddr i_rs2_raddr i_rd_wen i_rd_waddr i_rd_wdata | o_rs1_rdata
#     o_rs2_rdata
0 00 1f 0 00 00000000 00000000 0e3ffac8
0 01 1e 0 00 00000000 80000000 ffffffff
0 02 1d 0 00 00000000 404c0b7d dd2cbe18
0 03 1c 0 00 00000000 a37c50b0 38eed049
0 04 1b 0 00 00000000 07c8dd59 72105559
0 05 1a 0 00 00000000 cafebabe 387171d9
0 06 19 0 00 00000000 ffffffff de57b288
0 07 18 0 00 00000000 a4640201 c0f283ce
0 08 17 0 00 00000000 aaaaaaaa 00000000
0 09 16 0 00 00000000 aefc4f5b 5989fc58
0 0a 15 0 00 00000000 00000001 8c37c6d9
0 0b 14 0 00 00000000 9a3b95d0 66da2aa5
0 0c 13 0 00 00000000 b0e0c9ee 80000000
0 0d 12 0 00 00000000 f96d5ce7 de2af81a
0 0e 11 0 00 00000000 ffffffff 80ccb4b1
0 0f 10 0 00 00000000 6530b8aa 7fffffff
0 10 0f 0 00 00000000 7fffffff 6530b8aa
0 11 0e 0 00 00000000 80ccb4b1 ffffffff
0 12 0d 0 00 00000000 de2af81a f96d5ce7
0 13 0c 0 00 00000000 80000000 b0e0c9ee
0 14 0b 0 00 00000000 66da2aa5 9a3b95d0
0 15 0a 0 00 00000000 8c37c6d9 00000001
0 16 09 0 00 00000000 5989fc58 aefc4f5b
0 17 08 0 00 00000000 00000000 aaaaaaaa
0 18 07 0 00 00000000 c0f283ce a4640201
0 19 06 0 00 00000000 de57b288 ffffffff
0 1a 05 0 00 00000000 387171d9 cafebabe
0 1b 04 0 00 00000000 72105559 07c8dd59
0 1c 03 0 00 00000000 38eed049 a37c50b0
0 1d 02 0 00 00000000 dd2cbe18 404c0b7d
0 1e 01 0 00 00000000 ffffffff 80000000
0 1f 00 0 00 00000000 0e3ffac8 00000000
0 1a 14 1 1a fbad2858 fbad2858 66da2aa5
0 05 12 1 05 deadbeef deadbeef de2af81a
0 10 09 1 03 2e5de4a2 7fffffff aefc4f5b
0 06 03 1 04 7975d648 ffffffff 2e5de4a2
0 16 06 1 09 b734486b 5989fc58 ffffffff
0 04 1b 0 09 84c5f6c6 7975d648 72105559
0 19 07 1 1a 9fa57d1e de57b288 a4640201
0 10 08 0 05 45d56fcb 7fffffff aaaaaaaa
0 15 0f 1 16 4d8965b5 8c37c6d9 6530b8aa
0 0c 0c 1 0c c8434f2d c8434f2d c8434f2d
0 1c 1c 1 1c 214ad6fd 214ad6fd 214ad6fd
0 0b 08 1 19 7fffffff 9a3b95d0 aaaaaaaa
0 11 04 0 19 0a250119 80ccb4b1 7975d648
0 0d 18 1 03 2c4cd649 f96d5ce7 c0f283ce
0 1d 00 1 10 6efc44c2 dd2cbe18 00000000
0 00 1d 1 06 38c80589 00000000 dd2cbe18
0 15 15 1 15 6feadd0a 6feadd0a 6feadd0a
0 1c 0c 1 0c 5d267bdd 214ad6fd 5d267bdd
0 12 07 1 1b f7232689 de2af81a a4640201
0 1b 1b 0 00 00000000 f7232689 f7232689
0 06 01 1 09 c751e3ba 38c80589 80000000
0 1c 1a 1 1c ea61a70c ea61a70c 9fa57d1e
0 11 17 1 0f 0000ffff 80ccb4b1 00000000
0 06 06 1 06 0036c3e5 0036c3e5 0036c3e5
0 05 1e 1 01 55555555 deadbeef ffffffff
0 18 1b 1 17 aaaaaaaa c0f283ce f7232689
# --- read-back sweep ---
# i_rst i_rs1_raddr i_rs2_raddr i_rd_wen i_rd_waddr i_rd_wdata | o_rs1_rdata
#     o_rs2_rdata
0 00 1f 0 00 00000000 00000000 0e3ffac8
0 01 1e 0 00 00000000 55555555 ffffffff
0 02 1d 0 00 00000000 404c0b7d dd2cbe18
0 03 1c 0 00 00000000 2c4cd649 ea61a70c
0 04 1b 0 00 00000000 7975d648 f7232689
0 05 1a 0 00 00000000 deadbeef 9fa57d1e
0 06 19 0 00 00000000 0036c3e5 7fffffff
0 07 18 0 00 00000000 a4640201 c0f283ce
0 08 17 0 00 00000000 aaaaaaaa aaaaaaaa
0 09 16 0 00 00000000 c751e3ba 4d8965b5
0 0a 15 0 00 00000000 00000001 6feadd0a
0 0b 14 0 00 00000000 9a3b95d0 66da2aa5
0 0c 13 0 00 00000000 5d267bdd 80000000
0 0d 12 0 00 00000000 f96d5ce7 de2af81a
0 0e 11 0 00 00000000 ffffffff 80ccb4b1
0 0f 10 0 00 00000000 0000ffff 6efc44c2
0 10 0f 0 00 00000000 6efc44c2 0000ffff
0 11 0e 0 00 00000000 80ccb4b1 ffffffff
0 12 0d 0 00 00000000 de2af81a f96d5ce7
0 13 0c 0 00 00000000 80000000 5d267bdd
0 14 0b 0 00 00000000 66da2aa5 9a3b95d0
0 15 0a 0 00 00000000 6feadd0a 00000001
0 16 09 0 00 00000000 4d8965b5 c751e3ba
0 17 08 0 00 00000000 aaaaaaaa aaaaaaaa
0 18 07 0 00 00000000 c0f283ce a4640201
0 19 06 0 00 00000000 7fffffff 0036c3e5
0 1a 05 0 00 00000000 9fa57d1e deadbeef
0 1b 04 0 00 00000000 f7232689 7975d648
0 1c 03 0 00 00000000 ea61a70c 2c4cd649
0 1d 02 0 00 00000000 dd2cbe18 404c0b7d
0 1e 01 0 00 00000000 ffffffff 55555555
0 1f 00 0 00 00000000 0e3ffac8 00000000
0 06 11 1 11 3796dd04 0036c3e5 3796dd04
0 15 15 1 15 ea4685ee ea4685ee ea4685ee
0 0f 1d 1 03 cafebabe 0000ffff dd2cbe18
0 1a 16 1 19 50a52cda 9fa57d1e 4d8965b5
0 08 00 1 0f 7fffffff aaaaaaaa 00000000
0 08 18 1 10 6afab898 aaaaaaaa c0f283ce
0 0c 0c 1 0c 13fd3695 13fd3695 13fd3695
0 08 0f 1 1b ae772137 aaaaaaaa 7fffffff
0 15 03 1 17 44a5667f ea4685ee cafebabe
0 17 17 0 00 00000000 44a5667f 44a5667f
0 09 0e 0 00 cafebabe c751e3ba ffffffff
0 0d 17 1 17 9861056e f96d5ce7 9861056e
0 04 14 1 07 20b8a8de 7975d648 66da2aa5
0 02 10 1 05 aaaaaaaa 404c0b7d 6afab898
0 0b 1a 1 18 dc32a3e3 9a3b95d0 9fa57d1e
0 04 17 1 04 c4f687e3 c4f687e3 9861056e
0 17 15 0 13 fc605705 9861056e ea4685ee
0 13 0b 1 01 0000ffff 80000000 9a3b95d0
0 06 04 1 06 f941861d f941861d c4f687e3
0 16 11 1 14 df775743 4d8965b5 3796dd04
0 02 02 1 02 1ef27d4e 1ef27d4e 1ef27d4e
0 15 1e 1 00 005f1a6d ea4685ee ffffffff
0 1d 1d 0 09 43daf796 dd2cbe18 dd2cbe18
0 00 0c 0 14 a76afb6e 00000000 13fd3695
0 03 18 0 00 adb405c9 cafebabe dc32a3e3
0 10 1e 1 01 cafebabe 6afab898 ffffffff
0 13 00 1 00 00000001 80000000 00000000
0 18 15 0 19 0000ffff dc32a3e3 ea4685ee
0 1d 1a 0 15 ab760ead dd2cbe18 9fa57d1e
0 1e 1c 1 16 0467c7b9 ffffffff ea61a70c
0 16 16 0 00 00000000 0467c7b9 0467c7b9
0 07 07 0 07 825abea5 20b8a8de 20b8a8de
0 07 07 0 00 00000000 20b8a8de 20b8a8de
0 02 18 1 1a 1c730882 1ef27d4e dc32a3e3
0 15 00 1 15 daa63b24 daa63b24 00000000
0 00 00 1 0b e1b075c6 00000000 00000000
0 10 05 0 0b ec1c7db2 6afab898 aaaaaaaa
0 02 18 1 0d 26943782 1ef27d4e dc32a3e3
0 0f 00 1 1c b4440f96 7fffffff 00000000
0 03 03 1 03 495eec0f 495eec0f 495eec0f
0 00 1e 1 1e aaaaaaaa 00000000 aaaaaaaa
0 1f 00 1 04 ab109590 0e3ffac8 00000000
0 0b 1f 1 0e 7db67e8f e1b075c6 0e3ffac8
0 1f 0d 1 18 cc4c153c 0e3ffac8 26943782
0 02 17 1 00 ffffffff 1ef27d4e 9861056e
0 00 0d 0 0c 7fffffff 00000000 26943782
0 1e 0e 1 18 463d4a9f aaaaaaaa 7db67e8f
0 07 00 1 16 ab74239b 20b8a8de 00000000
0 06 19 0 00 6c47243e f941861d 50a52cda
0 1b 00 0 0a 88c38bd5 ae772137 00000000
0 0b 1b 1 1f 03f63aa2 e1b075c6 ae772137
0 18 18 1 18 aaaaaaaa aaaaaaaa aaaaaaaa
0 0f 03 1 0f 80000000 80000000 495eec0f
0 09 18 1 0d 55555555 c751e3ba aaaaaaaa
0 14 1e 1 00 f97dc429 df775743 aaaaaaaa
0 1b 1d 1 0b 80000000 ae772137 dd2cbe18
0 0f 17 0 00 fecee6b0 80000000 9861056e
0 10 1a 1 0f 93b10d0f 6afab898 1c730882
0 1d 15 1 06 94c1e806 dd2cbe18 daa63b24
0 18 00 0 0a aaaaaaaa aaaaaaaa 00000000
0 0c 07 1 05 b1b67457 13fd3695 20b8a8de
0 09 19 0 1e 0d02bd68 c751e3ba 50a52cda
0 01 16 0 00 39c4322d cafebabe ab74239b
0 00 06 1 06 f50bedf7 00000000 f50bedf7
0 1f 1a 0 15 44d1fff4 03f63aa2 1c730882
0 0b 0f 1 06 52626aef 80000000 93b10d0f
0 00 00 1 00 3b4a39bd 00000000 00000000
0 0f 0f 1 0f 3daa2a05 3daa2a05 3daa2a05
0 16 16 1 16 fbaf45e0 fbaf45e0 fbaf45e0
0 00 11 1 05 bf9c1f3f 00000000 3796dd04
0 00 0d 1 15 a37045b1 00000000 55555555
0 0d 0d 1 0d 574964a2 574964a2 574964a2
0 11 15 1 15 f4b177bb 3796dd04 f4b177bb
0 15 0e 1 1a bc726774 f4b177bb 7db67e8f
0 1a 1a 0 00 00000000 bc726774 bc726774
0 0c 16 1 02 4854920b 13fd3695 fbaf45e0
0 01 01 0 01 e93b858b cafebabe cafebabe
0 01 01 0 00 00000000 cafebabe cafebabe
0 1c 00 1 1c 2671e87a 2671e87a 00000000
0 0c 07 1 06 55555555 13fd3695 20b8a8de
0 1a 18 0 10 25906564 bc726774 aaaaaaaa
0 06 06 1 06 55ba216f 55ba216f 55ba216f
0 03 08 1 0e 55555555 495eec0f aaaaaaaa
0 03 05 0 03 a77036f2 495eec0f bf9c1f3f
0 09 0f 1 00 636f0245 c751e3ba 3daa2a05
0 02 15 1 02 1e64aba2 1e64aba2 f4b177bb
0 07 12 1 02 71fbe7f6 20b8a8de de2af81a
0 01 06 1 1c 7fffffff cafebabe 55ba216f
# --- read-back sweep ---
# i_rst i_rs1_raddr i_rs2_raddr i_rd_wen i_rd_waddr i_rd_wdata | o_rs1_rdata
#     o_rs2_rdata
0 00 1f 0 00 00000000 00000000 03f63aa2
0 01 1e 0 00 00000000 cafebabe aaaaaaaa
0 02 1d 0 00 00000000 71fbe7f6 dd2cbe18
0 03 1c 0 00 00000000 495eec0f 7fffffff
0 04 1b 0 00 00000000 ab109590 ae772137
0 05 1a 0 00 00000000 bf9c1f3f bc726774
0 06 19 0 00 00000000 55ba216f 50a52cda
0 07 18 0 00 00000000 20b8a8de aaaaaaaa
0 08 17 0 00 00000000 aaaaaaaa 9861056e
0 09 16 0 00 00000000 c751e3ba fbaf45e0
0 0a 15 0 00 00000000 00000001 f4b177bb
0 0b 14 0 00 00000000 80000000 df775743
0 0c 13 0 00 00000000 13fd3695 80000000
0 0d 12 0 00 00000000 574964a2 de2af81a
0 0e 11 0 00 00000000 55555555 3796dd04
0 0f 10 0 00 00000000 3daa2a05 6afab898
0 10 0f 0 00 00000000 6afab898 3daa2a05
0 11 0e 0 00 00000000 3796dd04 55555555
0 12 0d 0 00 00000000 de2af81a 574964a2
0 13 0c 0 00 00000000 80000000 13fd3695
0 14 0b 0 00 00000000 df775743 80000000
0 15 0a 0 00 00000000 f4b177bb 00000001
0 16 09 0 00 00000000 fbaf45e0 c751e3ba
0 17 08 0 00 00000000 9861056e aaaaaaaa
0 18 07 0 00 00000000 aaaaaaaa 20b8a8de
0 19 06 0 00 00000000 50a52cda 55ba216f
0 1a 05 0 00 00000000 bc726774 bf9c1f3f
0 1b 04 0 00 00000000 ae772137 ab109590
0 1c 03 0 00 00000000 7fffffff 495eec0f
0 1d 02 0 00 00000000 dd2cbe18 71fbe7f6
0 1e 01 0 00 00000000 aaaaaaaa cafebabe
0 1f 00 0 00 00000000 03f63aa2 00000000
0 00 0a 1 0c 3d4edc75 00000000 00000001
# --- read-back sweep ---
# i_rst i_rs1_raddr i_rs2_raddr i_rd_wen i_rd_waddr i_rd_wdata | o_rs1_rdata
#     o_rs2_rdata
0 00 1f 0 00 00000000 00000000 03f63aa2
0 01 1e 0 00 00000000 cafebabe aaaaaaaa
0 02 1d 0 00 00000000 71fbe7f6 dd2cbe18
0 03 1c 0 00 00000000 495eec0f 7fffffff
0 04 1b 0 00 00000000 ab109590 ae772137
0 05 1a 0 00 00000000 bf9c1f3f bc726774
0 06 19 0 00 00000000 55ba216f 50a52cda
0 07 18 0 00 00000000 20b8a8de aaaaaaaa
0 08 17 0 00 00000000 aaaaaaaa 9861056e
0 09 16 0 00 00000000 c751e3ba fbaf45e0
0 0a 15 0 00 00000000 00000001 f4b177bb
0 0b 14 0 00 00000000 80000000 df775743
0 0c 13 0 00 00000000 3d4edc75 80000000
0 0d 12 0 00 00000000 574964a2 de2af81a
0 0e 11 0 00 00000000 55555555 3796dd04
0 0f 10 0 00 00000000 3daa2a05 6afab898
0 10 0f 0 00 00000000 6afab898 3daa2a05
0 11 0e 0 00 00000000 3796dd04 55555555
0 12 0d 0 00 00000000 de2af81a 574964a2
0 13 0c 0 00 00000000 80000000 3d4edc75
0 14 0b 0 00 00000000 df775743 80000000
0 15 0a 0 00 00000000 f4b177bb 00000001
0 16 09 0 00 00000000 fbaf45e0 c751e3ba
0 17 08 0 00 00000000 9861056e aaaaaaaa
0 18 07 0 00 00000000 aaaaaaaa 20b8a8de
0 19 06 0 00 00000000 50a52cda 55ba216f
0 1a 05 0 00 00000000 bc726774 bf9c1f3f
0 1b 04 0 00 00000000 ae772137 ab109590
0 1c 03 0 00 00000000 7fffffff 495eec0f
0 1d 02 0 00 00000000 dd2cbe18 71fbe7f6
0 1e 01 0 00 00000000 aaaaaaaa cafebabe
0 1f 00 0 00 00000000 03f63aa2 00000000
0 1e 0b 0 19 fad63394 aaaaaaaa 80000000
0 1b 03 1 00 afdb7682 ae772137 495eec0f
0 13 04 1 18 1efb7d18 80000000 ab109590
0 0e 0d 1 02 b9049f94 55555555 574964a2
0 1a 0e 1 0d f99264e2 bc726774 55555555
0 02 18 1 1f 879d246a b9049f94 1efb7d18
0 1f 1f 0 00 00000000 879d246a 879d246a
0 14 14 1 14 d55fc730 d55fc730 d55fc730
0 0b 0b 1 0b deadbeef deadbeef deadbeef
0 07 00 0 02 55555555 20b8a8de 00000000
0 09 04 0 01 8eeae275 c751e3ba ab109590
0 07 07 0 18 0dee6498 20b8a8de 20b8a8de
0 19 19 1 19 4b1a53ff 4b1a53ff 4b1a53ff
0 0e 1e 1 0c cafebabe 55555555 aaaaaaaa
0 14 1e 1 0f 6ed803e8 d55fc730 aaaaaaaa
0 0f 0f 0 00 00000000 6ed803e8 6ed803e8
0 09 05 1 0b 00000001 c751e3ba bf9c1f3f
0 15 19 0 0b a5e88145 f4b177bb 4b1a53ff
0 00 0c 0 1e 7cbf4466 00000000 cafebabe
0 08 09 1 0b 0000ffff aaaaaaaa c751e3ba
0 16 1c 1 00 d5e10236 fbaf45e0 7fffffff
0 1e 17 0 0e 397bdb2a aaaaaaaa 9861056e
0 00 1f 0 16 04318d73 00000000 879d246a
0 1b 1b 1 1b cafebabe cafebabe cafebabe
0 08 1c 1 07 d547707c aaaaaaaa 7fffffff
0 00 1c 1 1b 55555555 00000000 7fffffff
0 0d 13 1 16 632d747f f99264e2 80000000
0 05 08 1 11 f898b8c8 bf9c1f3f aaaaaaaa
0 11 11 0 00 00000000 f898b8c8 f898b8c8
0 03 0e 0 0f 50696f75 495eec0f 55555555
0 17 17 0 17 892ba3df 9861056e 9861056e
0 17 17 0 00 00000000 9861056e 9861056e
0 1a 10 1 0f 7fffffff bc726774 6afab898
0 1a 17 1 17 1f857705 bc726774 1f857705
0 09 15 1 08 00000000 c751e3ba f4b177bb
0 14 00 1 19 55344755 d55fc730 00000000
0 1e 06 1 01 365782ee aaaaaaaa 55ba216f
0 1d 19 1 17 623b3ebb dd2cbe18 55344755
0 16 16 1 16 f29a0b43 f29a0b43 f29a0b43
0 18 1e 0 05 65079d5d 1efb7d18 aaaaaaaa
0 0b 19 0 18 b25e61f6 0000ffff 55344755
0 1c 1c 1 1c 00000000 00000000 00000000
0 12 12 1 12 dcf358e2 dcf358e2 dcf358e2
0 01 00 1 01 aaaaaaaa aaaaaaaa 00000000
0 03 17 1 03 80000000 80000000 623b3ebb
0 0b 1f 1 14 00000001 0000ffff 879d246a
0 18 18 1 1f ffffffff 1efb7d18 1efb7d18
# --- read-back sweep ---
# i_rst i_rs1_raddr i_rs2_raddr i_rd_wen i_rd_waddr i_rd_wdata | o_rs1_rdata
#     o_rs2_rdata
0 00 1f 0 00 00000000 00000000 ffffffff
0 01 1e 0 00 00000000 aaaaaaaa aaaaaaaa
0 02 1d 0 00 00000000 b9049f94 dd2cbe18
0 03 1c 0 00 00000000 80000000 00000000
0 04 1b 0 00 00000000 ab109590 55555555
0 05 1a 0 00 00000000 bf9c1f3f bc726774
0 06 19 0 00 00000000 55ba216f 55344755
0 07 18 0 00 00000000 d547707c 1efb7d18
0 08 17 0 00 00000000 00000000 623b3ebb
0 09 16 0 00 00000000 c751e3ba f29a0b43
0 0a 15 0 00 00000000 00000001 f4b177bb
0 0b 14 0 00 00000000 0000ffff 00000001
0 0c 13 0 00 00000000 cafebabe 80000000
0 0d 12 0 00 00000000 f99264e2 dcf358e2
0 0e 11 0 00 00000000 55555555 f898b8c8
0 0f 10 0 00 00000000 7fffffff 6afab898
0 10 0f 0 00 00000000 6afab898 7fffffff
0 11 0e 0 00 00000000 f898b8c8 55555555
0 12 0d 0 00 00000000 dcf358e2 f99264e2
0 13 0c 0 00 00000000 80000000 cafebabe
0 14 0b 0 00 00000000 00000001 0000ffff
0 15 0a 0 00 00000000 f4b177bb 00000001
0 16 09 0 00 00000000 f29a0b43 c751e3ba
0 17 08 0 00 00000000 623b3ebb 00000000
0 18 07 0 00 00000000 1efb7d18 d547707c
0 19 06 0 00 00000000 55344755 55ba216f
0 1a 05 0 00 00000000 bc726774 bf9c1f3f
0 1b 04 0 00 00000000 55555555 ab109590
0 1c 03 0 00 00000000 00000000 80000000
0 1d 02 0 00 00000000 dd2cbe18 b9049f94
0 1e 01 0 00 00000000 aaaaaaaa aaaaaaaa
0 1f 00 0 00 00000000 ffffffff 00000000
0 1c 18 1 04 3d65401d 00000000 1efb7d18
0 04 04 0 00 00000000 3d65401d 3d65401d
0 08 1d 0 1f 7fffffff 00000000 dd2cbe18
0 0d 0a 1 03 a74d0f4c f99264e2 00000001
0 1c 08 1 1d ac6d54f6 00000000 00000000
0 02 02 1 02 0f4fb1bd 0f4fb1bd 0f4fb1bd
0 0c 04 1 0c 77bbaf6e 77bbaf6e 3d65401d
0 0a 12 1 08 d4faa4f6 00000001 dcf358e2
0 0b 01 1 0c 8362dedd 0000ffff aaaaaaaa
0 0c 0c 0 00 00000000 8362dedd 8362dedd
0 15 15 0 11 69de1ade f4b177bb f4b177bb
0 11 1c 1 12 971d5fc7 f898b8c8 00000000
0 12 12 0 00 00000000 971d5fc7 971d5fc7
0 0a 0a 0 0a af0ba18e 00000001 00000001
0 0a 0a 0 00 00000000 00000001 00000001
0 12 00 1 17 ba249506 971d5fc7 00000000
0 13 1b 1 1b ffffffff 80000000 ffffffff
0 0c 0c 0 0c 48da6130 8362dedd 8362dedd
0 0c 0c 0 00 00000000 8362dedd 8362dedd
0 04 00 1 10 00000001 3d65401d 00000000
0 13 09 0 1b ad362642 80000000 c751e3ba
0 1c 0d 0 0a eeefb313 00000000 f99264e2
0 11 16 1 16 0caf5182 f898b8c8 0caf5182
0 0e 09 0 06 ffdca519 55555555 c751e3ba
0 1c 07 0 13 2bdd83e9 00000000 d547707c
0 0b 0b 0 0b 813a152c 0000ffff 0000ffff
0 0b 0b 0 00 00000000 0000ffff 0000ffff
0 00 10 0 15 cfb7cd7c 00000000 00000001
0 08 0e 0 19 aaaaaaaa d4faa4f6 55555555
0 0f 07 1 1f 7fffffff 7fffffff d547707c
0 0d 02 1 12 da5a3bc6 f99264e2 0f4fb1bd
0 0f 07 1 0f 00000001 00000001 d547707c
0 00 00 1 00 9ebba016 00000000 00000000
0 0c 1d 1 13 053bd2e9 8362dedd ac6d54f6
0 06 1f 0 02 bb3b9393 55ba216f 7fffffff
0 00 1d 1 1d 15486859 00000000 15486859
0 1c 1c 1 1c fa188466 fa188466 fa188466
0 16 1b 1 19 6e4a3e13 0caf5182 ffffffff
0 00 04 0 0d 95bcf8bb 00000000 3d65401d
0 1d 02 1 13 7ab9d37e 15486859 0f4fb1bd
0 04 13 0 18 f4090d04 3d65401d 7ab9d37e
0 05 04 0 0c 24475830 bf9c1f3f 3d65401d
0 01 18 1 06 1c35e381 aaaaaaaa 1efb7d18
# --- read-back sweep ---
# i_rst i_rs1_raddr i_rs2_raddr i_rd_wen i_rd_waddr i_rd_wdata | o_rs1_rdata
#     o_rs2_rdata
0 00 1f 0 00 00000000 00000000 7fffffff
0 01 1e 0 00 00000000 aaaaaaaa aaaaaaaa
0 02 1d 0 00 00000000 0f4fb1bd 15486859
0 03 1c 0 00 00000000 a74d0f4c fa188466
0 04 1b 0 00 00000000 3d65401d ffffffff
0 05 1a 0 00 00000000 bf9c1f3f bc726774
0 06 19 0 00 00000000 1c35e381 6e4a3e13
0 07 18 0 00 00000000 d547707c 1efb7d18
0 08 17 0 00 00000000 d4faa4f6 ba249506
0 09 16 0 00 00000000 c751e3ba 0caf5182
0 0a 15 0 00 00000000 00000001 f4b177bb
0 0b 14 0 00 00000000 0000ffff 00000001
0 0c 13 0 00 00000000 8362dedd 7ab9d37e
0 0d 12 0 00 00000000 f99264e2 da5a3bc6
0 0e 11 0 00 00000000 55555555 f898b8c8
0 0f 10 0 00 00000000 00000001 00000001
0 10 0f 0 00 00000000 00000001 00000001
0 11 0e 0 00 00000000 f898b8c8 55555555
0 12 0d 0 00 00000000 da5a3bc6 f99264e2
0 13 0c 0 00 00000000 7ab9d37e 8362dedd
0 14 0b 0 00 00000000 00000001 0000ffff
0 15 0a 0 00 00000000 f4b177bb 00000001
0 16 09 0 00 00000000 0caf5182 c751e3ba
0 17 08 0 00 00000000 ba249506 d4faa4f6
0 18 07 0 00 00000000 1efb7d18 d547707c
0 19 06 0 00 00000000 6e4a3e13 1c35e381
0 1a 05 0 00 00000000 bc726774 bf9c1f3f
0 1b 04 0 00 00000000 ffffffff 3d65401d
0 1c 03 0 00 00000000 fa188466 a74d0f4c
0 1d 02 0 00 00000000 15486859 0f4fb1bd
0 1e 01 0 00 00000000 aaaaaaaa aaaaaaaa
0 1f 00 0 00 00000000 7fffffff 00000000
0 0a 18 0 00 2d2f489a 00000001 1efb7d18
0 19 12 1 11 6cbf4934 6e4a3e13 da5a3bc6
0 0b 00 1 0f d2348c86 0000ffff 00000000
0 1a 00 1 1a fe4d1455 fe4d1455 00000000
0 1a 02 1 0e 821a5ed6 fe4d1455 0f4fb1bd
0 00 05 0 1d d7160698 00000000 bf9c1f3f
0 06 12 0 1d 946dda82 1c35e381 da5a3bc6
0 08 16 0 04 28ca7401 d4faa4f6 0caf5182
0 1c 04 1 01 15efcb0a fa188466 3d65401d
0 00 00 0 04 c878d22a 00000000 00000000
0 10 10 1 10 deadbeef deadbeef deadbeef
0 17 0c 1 0b 244fc6f2 ba249506 8362dedd
0 11 0b 0 00 214be9d2 6cbf4934 244fc6f2
0 06 06 1 06 80000000 80000000 80000000
0 0d 14 1 0d e1b5f86b e1b5f86b 00000001
0 0f 04 1 17 d2b0a6be d2348c86 3d65401d
0 0b 19 1 0e cafebabe 244fc6f2 6e4a3e13
0 07 00 1 0b 86ecf886 d547707c 00000000
0 0a 1c 1 0a 9537f607 9537f607 fa188466
0 13 11 1 13 d6e7b89c d6e7b89c 6cbf4934
0 0f 17 1 00 d8cff140 d2348c86 d2b0a6be
0 1d 11 0 1b 360f8732 15486859 6cbf4934
0 11 0e 1 11 8e62babf 8e62babf cafebabe
0 1c 00 1 1c 5f6573d6 5f6573d6 00000000
0 1a 0b 1 1a 521bc2bf 521bc2bf 86ecf886
0 03 1e 1 1b da05530b a74d0f4c aaaaaaaa
0 18 01 1 18 80f95d78 80f95d78 15efcb0a
0 1e 1d 1 1f a4fc70f9 aaaaaaaa 15486859
0 00 0c 1 1c 7fffffff 00000000 8362dedd
# --- read-back sweep ---
# i_rst i_rs1_raddr i_rs2_raddr i_rd_wen i_rd_waddr i_rd_wdata | o_rs1_rdata
#     o_rs2_rdata
0 00 1f 0 00 00000000 00000000 a4fc70f9
0 01 1e 0 00 00000000 15efcb0a aaaaaaaa
0 02 1d 0 00 00000000 0f4fb1bd 15486859
0 03 1c 0 00 00000000 a74d0f4c 7fffffff
0 04 1b 0 00 00000000 3d65401d da05530b
0 05 1a 0 00 00000000 bf9c1f3f 521bc2bf
0 06 19 0 00 00000000 80000000 6e4a3e13
0 07 18 0 00 00000000 d547707c 80f95d78
0 08 17 0 00 00000000 d4faa4f6 d2b0a6be
0 09 16 0 00 00000000 c751e3ba 0caf5182
0 0a 15 0 00 00000000 9537f607 f4b177bb
0 0b 14 0 00 00000000 86ecf886 00000001
0 0c 13 0 00 00000000 8362dedd d6e7b89c
0 0d 12 0 00 00000000 e1b5f86b da5a3bc6
0 0e 11 0 00 00000000 cafebabe 8e62babf
0 0f 10 0 00 00000000 d2348c86 deadbeef
0 10 0f 0 00 00000000 deadbeef d2348c86
0 11 0e 0 00 00000000 8e62babf cafebabe
0 12 0d 0 00 00000000 da5a3bc6 e1b5f86b
0 13 0c 0 00 00000000 d6e7b89c 8362dedd
0 14 0b 0 00 00000000 00000001 86ecf886
0 15 0a 0 00 00000000 f4b177bb 9537f607
0 16 09 0 00 00000000 0caf5182 c751e3ba
0 17 08 0 00 00000000 d2b0a6be d4faa4f6
0 18 07 0 00 00000000 80f95d78 d547707c
0 19 06 0 00 00000000 6e4a3e13 80000000
0 1a 05 0 00 00000000 521bc2bf bf9c1f3f
0 1b 04 0 00 00000000 da05530b 3d65401d
0 1c 03 0 00 00000000 7fffffff a74d0f4c
0 1d 02 0 00 00000000 15486859 0f4fb1bd
0 1e 01 0 00 00000000 aaaaaaaa 15efcb0a
0 1f 00 0 00 00000000 a4fc70f9 00000000
0 12 03 1 07 cd530e68 da5a3bc6 a74d0f4c
0 04 15 1 15 6255663c 3d65401d 6255663c
0 18 06 1 18 43822e8e 43822e8e 80000000
0 06 01 1 17 8b20ff36 80000000 15efcb0a
0 13 1d 1 0b fd730cce d6e7b89c 15486859
0 10 0d 0 1c 454e8d57 deadbeef e1b5f86b
0 0b 1e 0 00 00000000 fd730cce aaaaaaaa
0 18 0d 1 0e dfb16bac 43822e8e e1b5f86b
0 05 1b 0 0b 1d4b80b7 bf9c1f3f da05530b
0 1d 00 1 14 c2908ef5 15486859 00000000
0 00 04 0 1d 7c4bb4e8 00000000 3d65401d
0 00 16 1 19 00000000 00000000 0caf5182
0 00 02 1 00 8ab54210 00000000 0f4fb1bd
0 02 11 0 03 78e30f60 0f4fb1bd 8e62babf
0 08 09 1 0f c2247bf2 d4faa4f6 c751e3ba
# --- read-back sweep ---
# i_rst i_rs1_raddr i_rs2_raddr i_rd_wen i_rd_waddr i_rd_wdata | o_rs1_rdata
#     o_rs2_rdata
0 00 1f 0 00 00000000 00000000 a4fc70f9
0 01 1e 0 00 00000000 15efcb0a aaaaaaaa
0 02 1d 0 00 00000000 0f4fb1bd 15486859
0 03 1c 0 00 00000000 a74d0f4c 7fffffff
0 04 1b 0 00 00000000 3d65401d da05530b
0 05 1a 0 00 00000000 bf9c1f3f 521bc2bf
0 06 19 0 00 00000000 80000000 00000000
0 07 18 0 00 00000000 cd530e68 43822e8e
0 08 17 0 00 00000000 d4faa4f6 8b20ff36
0 09 16 0 00 00000000 c751e3ba 0caf5182
0 0a 15 0 00 00000000 9537f607 6255663c
0 0b 14 0 00 00000000 fd730cce c2908ef5
0 0c 13 0 00 00000000 8362dedd d6e7b89c
0 0d 12 0 00 00000000 e1b5f86b da5a3bc6
0 0e 11 0 00 00000000 dfb16bac 8e62babf
0 0f 10 0 00 00000000 c2247bf2 deadbeef
0 10 0f 0 00 00000000 deadbeef c2247bf2
0 11 0e 0 00 00000000 8e62babf dfb16bac
0 12 0d 0 00 00000000 da5a3bc6 e1b5f86b
0 13 0c 0 00 00000000 d6e7b89c 8362dedd
0 14 0b 0 00 00000000 c2908ef5 fd730cce
0 15 0a 0 00 00000000 6255663c 9537f607
0 16 09 0 00 00000000 0caf5182 c751e3ba
0 17 08 0 00 00000000 8b20ff36 d4faa4f6
0 18 07 0 00 00000000 43822e8e cd530e68
0 19 06 0 00 00000000 00000000 80000000
0 1a 05 0 00 00000000 521bc2bf bf9c1f3f
0 1b 04 0 00 00000000 da05530b 3d65401d
0 1c 03 0 00 00000000 7fffffff a74d0f4c
0 1d 02 0 00 00000000 15486859 0f4fb1bd
0 1e 01 0 00 00000000 aaaaaaaa 15efcb0a
0 1f 00 0 00 00000000 a4fc70f9 00000000
0 0d 1b 0 06 00000000 e1b5f86b da05530b
0 1e 0e 0 11 7fffffff aaaaaaaa dfb16bac
0 09 00 1 09 424a380c 424a380c 00000000
0 13 0b 1 17 c4c7f006 d6e7b89c fd730cce
0 07 19 1 1c 00000001 cd530e68 00000000
0 00 00 1 00 30fb5d62 00000000 00000000
0 13 01 0 1c aaaaaaaa d6e7b89c 15efcb0a
0 16 10 1 00 ebd67877 0caf5182 deadbeef
0 00 0d 1 07 aaaaaaaa 00000000 e1b5f86b
0 04 05 1 00 55555555 3d65401d bf9c1f3f
0 03 03 1 03 43e70742 43e70742 43e70742
0 15 1c 1 05 8c465ab2 6255663c 00000001
0 09 15 0 07 9e474442 424a380c 6255663c
0 00 19 1 18 80000000 00000000 00000000
0 08 15 1 07 9904bd63 d4faa4f6 6255663c
0 19 12 0 1e c88e0f6b 00000000 da5a3bc6
0 01 04 1 0b 4e66aa48 15efcb0a 3d65401d
0 0b 0b 0 00 00000000 4e66aa48 4e66aa48
0 0f 1b 0 02 3c47e3a8 c2247bf2 da05530b
0 10 13 1 17 2a2cfbe0 deadbeef d6e7b89c
0 1a 00 1 1a d65006bf d65006bf 00000000
0 1a 05 1 1a deadbeef deadbeef 8c465ab2
0 10 10 1 00 a325eae5 deadbeef deadbeef
0 03 02 1 03 0e813ac3 0e813ac3 0f4fb1bd
0 00 0b 1 0e ca835718 00000000 4e66aa48
0 0a 0a 1 0a e0c21b37 e0c21b37 e0c21b37
0 1c 03 0 00 718e09be 00000001 0e813ac3
0 00 00 1 04 deadbeef 00000000 00000000
# --- read-back sweep ---
# i_rst i_rs1_raddr i_rs2_raddr i_rd_wen i_rd_waddr i_rd_wdata | o_rs1_rdata
#     o_rs2_rdata
0 00 1f 0 00 00000000 00000000 a4fc70f9
0 01 1e 0 00 00000000 15efcb0a aaaaaaaa
0 02 1d 0 00 00000000 0f4fb1bd 15486859
0 03 1c 0 00 00000000 0e813ac3 00000001
0 04 1b 0 00 00000000 deadbeef da05530b
0 05 1a 0 00 00000000 8c465ab2 deadbeef
0 06 19 0 00 00000000 80000000 00000000
0 07 18 0 00 00000000 9904bd63 80000000
0 08 17 0 00 00000000 d4faa4f6 2a2cfbe0
0 09 16 0 00 00000000 424a380c 0caf5182
0 0a 15 0 00 00000000 e0c21b37 6255663c
0 0b 14 0 00 00000000 4e66aa48 c2908ef5
0 0c 13 0 00 00000000 8362dedd d6e7b89c
0 0d 12 0 00 00000000 e1b5f86b da5a3bc6
0 0e 11 0 00 00000000 ca835718 8e62babf
0 0f 10 0 00 00000000 c2247bf2 deadbeef
0 10 0f 0 00 00000000 deadbeef c2247bf2
0 11 0e 0 00 00000000 8e62babf ca835718
0 12 0d 0 00 00000000 da5a3bc6 e1b5f86b
0 13 0c 0 00 00000000 d6e7b89c 8362dedd
0 14 0b 0 00 00000000 c2908ef5 4e66aa48
0 15 0a 0 00 00000000 6255663c e0c21b37
0 16 09 0 00 00000000 0caf5182 424a380c
0 17 08 0 00 00000000 2a2cfbe0 d4faa4f6
0 18 07 0 00 00000000 80000000 9904bd63
0 19 06 0 00 00000000 00000000 80000000
0 1a 05 0 00 00000000 deadbeef 8c465ab2
0 1b 04 0 00 00000000 da05530b deadbeef
0 1c 03 0 00 00000000 00000001 0e813ac3
0 1d 02 0 00 00000000 15486859 0f4fb1bd
0 1e 01 0 00 00000000 aaaaaaaa 15efcb0a
0 1f 00 0 00 00000000 a4fc70f9 00000000
0 11 0e 1 0c 3186c7e4 8e62babf ca835718
0 0d 13 1 1a 8d0b7608 e1b5f86b d6e7b89c
0 09 10 1 0f 57b59fe8 424a380c deadbeef
0 0b 10 0 1b 35f3d9c9 4e66aa48 deadbeef
0 14 0f 1 0f 3e9e9796 c2908ef5 3e9e9796
0 01 15 1 11 0000ffff 15efcb0a 6255663c
0 17 16 1 16 6773ba5a 2a2cfbe0 6773ba5a
0 0c 07 1 0c ffffffff ffffffff 9904bd63
0 0a 13 1 18 b1fbc308 e0c21b37 d6e7b89c
# --- read-back sweep ---
# i_rst i_rs1_raddr i_rs2_raddr i_rd_wen i_rd_waddr i_rd_wdata | o_rs1_rdata
#     o_rs2_rdata
0 00 1f 0 00 00000000 00000000 a4fc70f9
0 01 1e 0 00 00000000 15efcb0a aaaaaaaa
0 02 1d 0 00 00000000 0f4fb1bd 15486859
0 03 1c 0 00 00000000 0e813ac3 00000001
0 04 1b 0 00 00000000 deadbeef da05530b
0 05 1a 0 00 00000000 8c465ab2 8d0b7608
0 06 19 0 00 00000000 80000000 00000000
0 07 18 0 00 00000000 9904bd63 b1fbc308
0 08 17 0 00 00000000 d4faa4f6 2a2cfbe0
0 09 16 0 00 00000000 424a380c 6773ba5a
0 0a 15 0 00 00000000 e0c21b37 6255663c
0 0b 14 0 00 00000000 4e66aa48 c2908ef5
0 0c 13 0 00 00000000 ffffffff d6e7b89c
0 0d 12 0 00 00000000 e1b5f86b da5a3bc6
0 0e 11 0 00 00000000 ca835718 0000ffff
0 0f 10 0 00 00000000 3e9e9796 deadbeef
0 10 0f 0 00 00000000 deadbeef 3e9e9796
0 11 0e 0 00 00000000 0000ffff ca835718
0 12 0d 0 00 00000000 da5a3bc6 e1b5f86b
0 13 0c 0 00 00000000 d6e7b89c ffffffff
0 14 0b 0 00 00000000 c2908ef5 4e66aa48
0 15 0a 0 00 00000000 6255663c e0c21b37
0 16 09 0 00 00000000 6773ba5a 424a380c
0 17 08 0 00 00000000 2a2cfbe0 d4faa4f6
0 18 07 0 00 00000000 b1fbc308 9904bd63
0 19 06 0 00 00000000 00000000 80000000
0 1a 05 0 00 00000000 8d0b7608 8c465ab2
0 1b 04 0 00 00000000 da05530b deadbeef
0 1c 03 0 00 00000000 00000001 0e813ac3
0 1d 02 0 00 00000000 15486859 0f4fb1bd
0 1e 01 0 00 00000000 aaaaaaaa 15efcb0a
0 1f 00 0 00 00000000 a4fc70f9 00000000
0 06 1b 1 1b ab7f8682 80000000 ab7f8682
0 08 03 1 05 5ab67cd5 d4faa4f6 0e813ac3
0 00 10 0 08 02545fa7 00000000 deadbeef
0 13 13 1 13 deadbeef deadbeef deadbeef
0 04 13 1 0d dea13f5b deadbeef deadbeef
0 03 1a 0 00 3f9990eb 0e813ac3 8d0b7608
0 17 1d 1 01 c8c2e883 2a2cfbe0 15486859
0 11 1d 1 00 ffffffff 0000ffff 15486859
0 00 0c 1 13 470e39bd 00000000 ffffffff
0 1e 03 1 0c 77946fe0 aaaaaaaa 0e813ac3
0 1d 03 0 09 55555555 15486859 0e813ac3
0 0e 0e 1 0e 5ff9a5a1 5ff9a5a1 5ff9a5a1
0 1b 1b 0 1b 530e64b7 ab7f8682 ab7f8682
0 1b 1b 0 00 00000000 ab7f8682 ab7f8682
0 1e 1e 1 1e 62ff2313 62ff2313 62ff2313
0 00 11 1 1f aecbe87b 00000000 0000ffff
0 0a 03 1 02 ccf499df e0c21b37 0e813ac3
0 18 0a 0 1e db264c2a b1fbc308 e0c21b37
0 13 13 0 13 834af9a5 470e39bd 470e39bd
0 13 13 0 00 00000000 470e39bd 470e39bd
0 1e 1f 1 1c 9700a94f 62ff2313 aecbe87b
0 1c 1c 0 00 00000000 9700a94f 9700a94f
0 1b 00 1 19 0000ffff ab7f8682 00000000
0 0b 1d 1 0b 7acad599 7acad599 15486859
0 0f 07 1 1e aaaaaaaa 3e9e9796 9904bd63
0 0a 00 1 10 1596e996 e0c21b37 00000000
0 0b 0d 1 0d bb6226e3 7acad599 bb6226e3
0 09 1b 1 09 3618812e 3618812e ab7f8682
0 0d 14 1 0b 80d96dab bb6226e3 c2908ef5
0 0c 01 0 0f 55f8524f 77946fe0 c8c2e883
0 0e 17 0 04 7743aa78 5ff9a5a1 2a2cfbe0
0 08 08 0 18 7fdf0c5b d4faa4f6 d4faa4f6
0 1b 03 1 1a 7fffffff ab7f8682 0e813ac3
0 05 18 1 0e 0a57b8ad 5ab67cd5 b1fbc308
0 17 17 1 17 e5fa0261 e5fa0261 e5fa0261
# --- read-back sweep ---
# i_rst i_rs1_raddr i_rs2_raddr i_rd_wen i_rd_waddr i_rd_wdata | o_rs1_rdata
#     o_rs2_rdata
0 00 1f 0 00 00000000 00000000 aecbe87b
0 01 1e 0 00 00000000 c8c2e883 aaaaaaaa
0 02 1d 0 00 00000000 ccf499df 15486859
0 03 1c 0 00 00000000 0e813ac3 9700a94f
0 04 1b 0 00 00000000 deadbeef ab7f8682
0 05 1a 0 00 00000000 5ab67cd5 7fffffff
0 06 19 0 00 00000000 80000000 0000ffff
0 07 18 0 00 00000000 9904bd63 b1fbc308
0 08 17 0 00 00000000 d4faa4f6 e5fa0261
0 09 16 0 00 00000000 3618812e 6773ba5a
0 0a 15 0 00 00000000 e0c21b37 6255663c
0 0b 14 0 00 00000000 80d96dab c2908ef5
0 0c 13 0 00 00000000 77946fe0 470e39bd
0 0d 12 0 00 00000000 bb6226e3 da5a3bc6
0 0e 11 0 00 00000000 0a57b8ad 0000ffff
0 0f 10 0 00 00000000 3e9e9796 1596e996
0 10 0f 0 00 00000000 1596e996 3e9e9796
0 11 0e 0 00 00000000 0000ffff 0a57b8ad
0 12 0d 0 00 00000000 da5a3bc6 bb6226e3
0 13 0c 0 00 00000000 470e39bd 77946fe0
0 14 0b 0 00 00000000 c2908ef5 80d96dab
0 15 0a 0 00 00000000 6255663c e0c21b37
0 16 09 0 00 00000000 6773ba5a 3618812e
0 17 08 0 00 00000000 e5fa0261 d4faa4f6
0 18 07 0 00 00000000 b1fbc308 9904bd63
0 19 06 0 00 00000000 0000ffff 80000000
0 1a 05 0 00 00000000 7fffffff 5ab67cd5
0 1b 04 0 00 00000000 ab7f8682 deadbeef
0 1c 03 0 00 00000000 9700a94f 0e813ac3
0 1d 02 0 00 00000000 15486859 ccf499df
0 1e 01 0 00 00000000 aaaaaaaa c8c2e883
0 1f 00 0 00 00000000 aecbe87b 00000000
0 12 1e 1 12 6aafe2a6 6aafe2a6 aaaaaaaa
0 18 1a 0 0f 5772920d b1fbc308 7fffffff
0 00 0a 1 0b da5b6323 00000000 e0c21b37
0 13 13 1 13 ed021307 ed021307 ed021307
0 15 16 0 12 ebc7e239 6255663c 6773ba5a
0 12 12 1 12 ffffffff ffffffff ffffffff
0 07 0a 1 1b 0000ffff 9904bd63 e0c21b37
0 0e 00 1 00 0f0cc906 0a57b8ad 00000000
0 1e 01 1 1d 6ed72861 aaaaaaaa c8c2e883
0 16 1d 0 05 3504dcab 6773ba5a 6ed72861
0 09 14 1 14 00000000 3618812e 00000000
0 0d 00 1 0d 10de452c 10de452c 00000000
0 13 13 1 13 6bc2c4f5 6bc2c4f5 6bc2c4f5
0 04 1c 1 04 57b47754 57b47754 9700a94f
0 07 00 0 17 00000000 9904bd63 00000000
0 0d 11 1 0c c8e2b11a 10de452c 0000ffff
0 1d 14 1 1d 7fffffff 7fffffff 00000000
0 1c 1c 1 18 58ffc4f1 9700a94f 9700a94f
0 0c 12 1 1e 766ce426 c8e2b11a ffffffff
0 0c 1b 1 0b d9cd0cf3 c8e2b11a 0000ffff
0 09 0b 1 18 6a16cefc 3618812e d9cd0cf3
0 18 18 0 00 00000000 6a16cefc 6a16cefc
0 07 07 1 00 ffffffff 9904bd63 9904bd63
0 06 0d 0 15 e44cabff 80000000 10de452c
0 12 0a 1 16 aaaaaaaa ffffffff e0c21b37
0 08 05 1 0b 3d76a967 d4faa4f6 5ab67cd5
0 1a 00 1 0b 706d32bc 7fffffff 00000000
0 00 00 1 1d d8bf3fcd 00000000 00000000
0 1a 09 1 00 deadbeef 7fffffff 3618812e
0 07 16 1 0e ffffffff 9904bd63 aaaaaaaa
0 09 01 1 01 1cc70840 3618812e 1cc70840
0 00 1f 0 18 55555555 00000000 aecbe87b
0 09 13 1 09 2e9b554d 2e9b554d 6bc2c4f5
0 10 03 1 12 e9bc503c 1596e996 0e813ac3
0 15 1c 1 00 00000001 6255663c 9700a94f
0 19 1e 1 0d 00000000 0000ffff 766ce426
0 00 09 0 0e 7732915b 00000000 2e9b554d
0 08 08 0 08 03e822af d4faa4f6 d4faa4f6
0 08 08 0 00 00000000 d4faa4f6 d4faa4f6
0 03 04 1 1e 51401eda 0e813ac3 57b47754
0 10 10 1 09 ffffffff 1596e996 1596e996
0 00 0b 0 15 95716416 00000000 706d32bc
0 0b 04 1 04 766143d8 706d32bc 766143d8
0 1c 0f 1 0a 6c95c7be 9700a94f 3e9e9796
0 1f 14 1 05 557a5dd6 aecbe87b 00000000
0 19 00 0 00 a36e7f7f 0000ffff 00000000
0 1d 01 1 1d 1d6ce834 1d6ce834 1cc70840
0 1a 13 1 0b ffffffff 7fffffff 6bc2c4f5
0 15 1e 1 15 00000001 00000001 51401eda
0 16 08 1 16 13a7a31e 13a7a31e d4faa4f6
0 16 16 0 00 00000000 13a7a31e 13a7a31e
0 02 00 0 13 f157a933 ccf499df 00000000
0 11 11 1 11 7d0cb987 7d0cb987 7d0cb987
0 1d 0c 0 05 deadbeef 1d6ce834 c8e2b11a
0 0e 1f 1 17 c9974a37 ffffffff aecbe87b
0 05 04 1 04 f03cd771 557a5dd6 f03cd771
0 10 00 0 1d e9c931a5 1596e996 00000000
0 01 1c 1 1f c68ac70b 1cc70840 9700a94f
0 0b 0d 1 00 ffffffff ffffffff 00000000
0 16 06 1 07 2764859a 13a7a31e 80000000
0 1b 12 1 11 00000000 0000ffff e9bc503c
0 10 01 1 12 c7026a46 1596e996 1cc70840
0 0c 0c 0 0c 0dd520cc c8e2b11a c8e2b11a
0 0c 0c 0 00 00000000 c8e2b11a c8e2b11a
0 18 18 1 18 de68b4b5 de68b4b5 de68b4b5
0 1b 11 1 02 811c850e 0000ffff 00000000
0 14 0a 1 07 aaaaaaaa 00000000 6c95c7be
0 01 0e 1 01 3309bc2e 3309bc2e ffffffff
0 1f 19 0 16 25d4245c c68ac70b 0000ffff
0 03 0d 1 03 7fffffff 7fffffff 00000000
0 1f 07 1 00 7b579934 c68ac70b aaaaaaaa
0 0e 16 1 16 7a203e4b ffffffff 7a203e4b
0 1f 1f 1 1f ac20a88e ac20a88e ac20a88e
0 0a 0a 1 0a 9c9d659f 9c9d659f 9c9d659f
0 1c 1f 1 00 d4992b0b 9700a94f ac20a88e
0 13 03 1 18 06565b7e 6bc2c4f5 7fffffff
0 00 01 1 16 11bed85b 00000000 3309bc2e
0 00 00 1 00 24ea755d 00000000 00000000
0 1c 02 1 1c 552fed48 552fed48 811c850e
0 1d 00 1 1d d8c3b866 d8c3b866 00000000
0 08 06 0 08 130c2c8a d4faa4f6 80000000
0 19 05 1 01 d18b2a86 0000ffff 557a5dd6
0 0d 13 1 0e 0000ffff 00000000 6bc2c4f5
0 06 00 1 1d 60d1cebb 80000000 00000000
0 1f 09 1 14 ead1b88c ac20a88e ffffffff
0 0f 00 1 1c 4e9cc89d 3e9e9796 00000000
0 0a 1e 1 13 1495a3f8 9c9d659f 51401eda
0 15 1a 1 00 2558516f 00000001 7fffffff
0 10 1f 0 04 d65168ff 1596e996 ac20a88e
0 07 00 1 00 0000ffff aaaaaaaa 00000000
0 06 08 1 08 055ba627 80000000 055ba627
0 14 0d 0 02 b01fd198 ead1b88c 00000000
0 13 13 1 13 ff9503cc ff9503cc ff9503cc
0 00 12 1 00 87159917 00000000 c7026a46
0 08 04 1 1d 7fffffff 055ba627 f03cd771
0 0a 0a 1 0a fab90b14 fab90b14 fab90b14
0 08 1e 1 16 b7dde0b7 055ba627 51401eda
0 00 0a 0 16 55555555 00000000 fab90b14
0 08 00 1 0f bdcda21c 055ba627 00000000
0 19 05 1 0a 3293dfd4 0000ffff 557a5dd6
0 03 12 1 0f 0764f131 7fffffff c7026a46
0 0b 1a 1 1d 462f2599 ffffffff 7fffffff
0 1f 1d 1 09 a4e3c8fe ac20a88e 462f2599
0 00 06 1 1b 0d63539b 00000000 80000000
0 10 00 1 05 805cc95b 1596e996 00000000
0 0f 17 1 1f 7de8adfb 0764f131 c9974a37
0 1f 1f 0 00 00000000 7de8adfb 7de8adfb
0 00 00 1 06 bdf68989 00000000 00000000
0 1a 17 1 14 48a8691b 7fffffff c9974a37
0 15 15 1 15 19785f43 19785f43 19785f43
0 1e 1b 1 14 24cc25a3 51401eda 0d63539b
0 0e 0e 0 0e 63466f7b 0000ffff 0000ffff
0 0e 0e 0 00 00000000 0000ffff 0000ffff
# --- read-back sweep ---
# i_rst i_rs1_raddr i_rs2_raddr i_rd_wen i_rd_waddr i_rd_wdata | o_rs1_rdata
#     o_rs2_rdata
0 00 1f 0 00 00000000 00000000 7de8adfb
0 01 1e 0 00 00000000 d18b2a86 51401eda
0 02 1d 0 00 00000000 811c850e 462f2599
0 03 1c 0 00 00000000 7fffffff 4e9cc89d
0 04 1b 0 00 00000000 f03cd771 0d63539b
0 05 1a 0 00 00000000 805cc95b 7fffffff
0 06 19 0 00 00000000 bdf68989 0000ffff
0 07 18 0 00 00000000 aaaaaaaa 06565b7e
0 08 17 0 00 00000000 055ba627 c9974a37
0 09 16 0 00 00000000 a4e3c8fe b7dde0b7
0 0a 15 0 00 00000000 3293dfd4 19785f43
0 0b 14 0 00 00000000 ffffffff 24cc25a3
0 0c 13 0 00 00000000 c8e2b11a ff9503cc
0 0d 12 0 00 00000000 00000000 c7026a46
0 0e 11 0 00 00000000 0000ffff 00000000
0 0f 10 0 00 00000000 0764f131 1596e996
0 10 0f 0 00 00000000 1596e996 0764f131
0 11 0e 0 00 00000000 00000000 0000ffff
0 12 0d 0 00 00000000 c7026a46 00000000
0 13 0c 0 00 00000000 ff9503cc c8e2b11a
0 14 0b 0 00 00000000 24cc25a3 ffffffff
0 15 0a 0 00 00000000 19785f43 3293dfd4
0 16 09 0 00 00000000 b7dde0b7 a4e3c8fe
0 17 08 0 00 00000000 c9974a37 055ba627
0 18 07 0 00 00000000 06565b7e aaaaaaaa
0 19 06 0 00 00000000 0000ffff bdf68989
0 1a 05 0 00 00000000 7fffffff 805cc95b
0 1b 04 0 00 00000000 0d63539b f03cd771
0 1c 03 0 00 00000000 4e9cc89d 7fffffff
0 1d 02 0 00 00000000 462f2599 811c850e
0 1e 01 0 00 00000000 51401eda d18b2a86
0 1f 00 0 00 00000000 7de8adfb 00000000
0 09 0b 1 0f 9fef59ee a4e3c8fe ffffffff
0 09 05 1 17 234b1e52 a4e3c8fe 805cc95b
0 18 1e 0 12 80000000 06565b7e 51401eda
0 0c 00 0 0a 295b1043 c8e2b11a 00000000
0 1e 06 1 08 3338f6fd 51401eda bdf68989
0 08 08 0 00 00000000 3338f6fd 3338f6fd
0 0a 08 0 1e a0ce5a0f 3293dfd4 3338f6fd
0 0c 13 1 12 55555555 c8e2b11a ff9503cc
0 17 17 1 0b 3a3f0364 234b1e52 234b1e52
0 00 01 1 19 7bbd6fc2 00000000 d18b2a86
0 07 13 0 04 55555555 aaaaaaaa ff9503cc
0 02 14 1 0d af014662 811c850e 24cc25a3
0 0b 14 0 01 55555555 3a3f0364 24cc25a3
0 16 0b 1 15 047a789a b7dde0b7 3a3f0364
0 18 1f 1 09 0000ffff 06565b7e 7de8adfb
0 18 16 0 1d 1a7babc8 06565b7e b7dde0b7
0 11 18 1 00 98653cc8 00000000 06565b7e
0 15 1d 0 1d 67cb46a0 047a789a 462f2599
0 00 12 0 14 7e95b0bc 00000000 55555555
0 19 06 1 00 e467ae9e 7bbd6fc2 bdf68989
0 0f 1f 1 0e 7fffffff 9fef59ee 7de8adfb
0 10 10 1 10 01733960 01733960 01733960
0 10 09 1 09 e034be87 01733960 e034be87
0 00 00 1 00 08131f3b 00000000 00000000
0 0b 1a 1 02 1a3c42d9 3a3f0364 7fffffff
0 02 02 0 00 00000000 1a3c42d9 1a3c42d9
0 0c 18 1 18 0000ffff c8e2b11a 0000ffff
0 01 09 1 05 00000000 d18b2a86 e034be87
0 08 18 0 00 a9bb7b5f 3338f6fd 0000ffff
0 15 15 1 15 e47fda17 e47fda17 e47fda17
0 09 09 1 09 e2258fc9 e2258fc9 e2258fc9
0 0e 0a 1 0d ead62e0b 7fffffff 3293dfd4
0 08 17 1 1f d58501eb 3338f6fd 234b1e52
0 14 12 0 19 cafebabe 24cc25a3 55555555
0 16 02 0 11 55e87051 b7dde0b7 1a3c42d9
0 00 17 0 0c cb29ed91 00000000 234b1e52
0 17 0f 0 08 7fffffff 234b1e52 9fef59ee
0 19 11 1 0b b933e049 7bbd6fc2 00000000
0 0b 0b 0 00 00000000 b933e049 b933e049
0 17 09 1 19 a2b4a0fa 234b1e52 e2258fc9
0 07 0d 1 0f 2293f1f2 aaaaaaaa ead62e0b
0 00 07 0 0d 641097c2 00000000 aaaaaaaa
0 0d 17 0 10 46ca62f7 ead62e0b 234b1e52
0 0f 0c 0 11 80000000 2293f1f2 c8e2b11a
0 01 1f 1 00 deadbeef d18b2a86 d58501eb
0 12 1f 1 10 547e79b3 55555555 d58501eb
0 0d 0d 0 0d 02dc1e62 ead62e0b ead62e0b
0 0d 0d 0 00 00000000 ead62e0b ead62e0b
0 0f 06 1 1d 0bcdaee9 2293f1f2 bdf68989
0 13 1b 0 1a b75bc28c ff9503cc 0d63539b
0 1e 1e 1 1e 00000000 00000000 00000000
0 16 02 1 00 aaaaaaaa b7dde0b7 1a3c42d9
0 17 19 0 06 49dc3dc5 234b1e52 a2b4a0fa
0 17 17 1 17 aaaaaaaa aaaaaaaa aaaaaaaa
0 15 1a 1 10 80000000 e47fda17 7fffffff
0 10 0d 0 1c 19a36392 80000000 ead62e0b
# --- read-back sweep ---
# i_rst i_rs1_raddr i_rs2_raddr i_rd_wen i_rd_waddr i_rd_wdata | o_rs1_rdata
#     o_rs2_rdata
0 00 1f 0 00 00000000 00000000 d58501eb
0 01 1e 0 00 00000000 d18b2a86 00000000
0 02 1d 0 00 00000000 1a3c42d9 0bcdaee9
0 03 1c 0 00 00000000 7fffffff 4e9cc89d
0 04 1b 0 00 00000000 f03cd771 0d63539b
0 05 1a 0 00 00000000 00000000 7fffffff
0 06 19 0 00 00000000 bdf68989 a2b4a0fa
0 07 18 0 00 00000000 aaaaaaaa 0000ffff
0 08 17 0 00 00000000 3338f6fd aaaaaaaa
0 09 16 0 00 00000000 e2258fc9 b7dde0b7
0 0a 15 0 00 00000000 3293dfd4 e47fda17
0 0b 14 0 00 00000000 b933e049 24cc25a3
0 0c 13 0 00 00000000 c8e2b11a ff9503cc
0 0d 12 0 00 00000000 ead62e0b 55555555
0 0e 11 0 00 00000000 7fffffff 00000000
0 0f 10 0 00 00000000 2293f1f2 80000000
0 10 0f 0 00 00000000 80000000 2293f1f2
0 11 0e 0 00 00000000 00000000 7fffffff
0 12 0d 0 00 00000000 55555555 ead62e0b
0 13 0c 0 00 00000000 ff9503cc c8e2b11a
0 14 0b 0 00 00000000 24cc25a3 b933e049
0 15 0a 0 00 00000000 e47fda17 3293dfd4
0 16 09 0 00 00000000 b7dde0b7 e2258fc9
0 17 08 0 00 00000000 aaaaaaaa 3338f6fd
0 18 07 0 00 00000000 0000ffff aaaaaaaa
0 19 06 0 00 00000000 a2b4a0fa bdf68989
0 1a 05 0 00 00000000 7fffffff 00000000
0 1b 04 0 00 00000000 0d63539b f03cd771
0 1c 03 0 00 00000000 4e9cc89d 7fffffff
0 1d 02 0 00 00000000 0bcdaee9 1a3c42d9
0 1e 01 0 00 00000000 00000000 d18b2a86
0 1f 00 0 00 00000000 d58501eb 00000000
0 0f 12 1 12 c5b57eac 2293f1f2 c5b57eac
0 00 1a 1 1c dd735617 00000000 7fffffff
0 15 0c 0 00 56f3bcea e47fda17 c8e2b11a
0 16 04 1 0a 85542ebc b7dde0b7 f03cd771
0 10 1c 1 03 cafebabe 80000000 dd735617
0 0a 07 0 13 e16f14d9 85542ebc aaaaaaaa
0 04 04 1 0b 80000000 f03cd771 f03cd771
0 04 15 0 06 0000ffff f03cd771 e47fda17
0 1c 09 0 11 987f866c dd735617 e2258fc9
0 13 11 1 11 823f1b3f ff9503cc 823f1b3f
0 00 0f 1 15 e77c58f1 00000000 2293f1f2
0 0e 00 0 0c bc3ada65 7fffffff 00000000
0 05 13 1 0f 0de0e975 00000000 ff9503cc
0 0f 0f 0 00 00000000 0de0e975 0de0e975
0 06 12 0 1e e087c44b bdf68989 c5b57eac
0 0f 01 1 0f a91579d7 a91579d7 d18b2a86
0 07 0c 0 02 0000ffff aaaaaaaa c8e2b11a
0 1b 18 1 1f 6f2e4afd 0d63539b 0000ffff
0 18 0a 0 1e d7f181f6 0000ffff 85542ebc
0 0d 05 1 07 ab3a7e6e ead62e0b 00000000
0 06 1d 1 1d 7fffffff bdf68989 7fffffff
0 14 1e 1 14 55555555 55555555 00000000
0 00 00 1 00 11ced42d 00000000 00000000
0 15 0b 1 00 deadbeef e77c58f1 80000000
0 10 15 1 10 69818288 69818288 e77c58f1
0 08 00 0 17 5df9699e 3338f6fd 00000000
0 13 0e 1 1b 3da4da2f ff9503cc 7fffffff
0 14 09 0 0d 41400651 55555555 e2258fc9
0 0e 0e 1 01 0000ffff 7fffffff 7fffffff
0 06 06 1 06 0fe2be78 0fe2be78 0fe2be78
0 18 0b 1 18 00000000 00000000 80000000
0 1d 00 1 0d 70c4dea8 7fffffff 00000000
0 19 19 1 15 d148f0c9 a2b4a0fa a2b4a0fa
0 0a 03 0 03 00000000 85542ebc cafebabe
0 10 1e 1 12 710ecb53 69818288 00000000
0 08 08 1 08 aaaaaaaa aaaaaaaa aaaaaaaa
0 0b 15 0 1c 0000ffff 80000000 d148f0c9
0 06 15 1 0b cafebabe 0fe2be78 d148f0c9
0 00 0a 1 04 dd1acab4 00000000 85542ebc
0 04 04 0 00 00000000 dd1acab4 dd1acab4
0 0e 07 1 0a 1292e579 7fffffff ab3a7e6e
0 18 0c 0 02 00000000 00000000 c8e2b11a
0 09 16 1 19 86894f17 e2258fc9 b7dde0b7
0 0f 19 0 06 995c2025 a91579d7 86894f17
0 13 13 0 13 e82522b1 ff9503cc ff9503cc
0 13 13 0 00 00000000 ff9503cc ff9503cc
0 14 12 1 1b a08bff8a 55555555 710ecb53
0 1b 1b 0 00 00000000 a08bff8a a08bff8a
0 1c 00 1 1c b10a5362 b10a5362 00000000
0 0f 12 1 0f ca3bf25f ca3bf25f 710ecb53
0 0f 0f 1 0f 80000000 80000000 80000000
0 1e 1b 1 1e 00000000 00000000 a08bff8a
0 0d 08 1 12 94212a52 70c4dea8 aaaaaaaa
0 0c 1e 0 04 00000001 c8e2b11a 00000000
0 00 16 0 13 d63a009c 00000000 b7dde0b7
0 1e 00 1 00 8652d574 00000000 00000000
0 15 14 1 1c 4e530d4b d148f0c9 55555555
0 12 04 1 0f 18cf6635 94212a52 dd1acab4
0 00 15 1 18 a0f5ab5a 00000000 d148f0c9
0 02 13 1 02 f4e4dd12 f4e4dd12 ff9503cc
0 02 01 0 13 ffaa45da f4e4dd12 0000ffff
0 05 1e 1 05 aa34939f aa34939f 00000000
0 0d 16 1 02 dbddaf3e 70c4dea8 b7dde0b7
0 02 02 0 00 00000000 dbddaf3e dbddaf3e
0 19 00 0 02 d41c37f6 86894f17 00000000
0 02 06 1 1b b8f734ad dbddaf3e 0fe2be78
0 02 0d 1 12 9d917e4b dbddaf3e 70c4dea8
0 1c 11 1 01 e8efd83b 4e530d4b 823f1b3f
0 13 13 1 13 6c63e85d 6c63e85d 6c63e85d
0 1f 17 1 1f bd662305 bd662305 aaaaaaaa
0 02 02 1 02 82d45c06 82d45c06 82d45c06
0 15 1b 1 06 c5d85aba d148f0c9 b8f734ad
0 0a 05 1 0d 85e5c77b 1292e579 aa34939f
0 03 1b 1 10 51fe5ff6 cafebabe b8f734ad
0 10 10 0 00 00000000 51fe5ff6 51fe5ff6
0 16 06 1 02 80000000 b7dde0b7 c5d85aba
0 09 07 1 09 eed0f00d eed0f00d ab3a7e6e
0 05 08 1 05 cc917407 cc917407 aaaaaaaa
0 1e 02 0 18 d640467f 00000000 80000000
0 1f 17 1 11 9a181e15 bd662305 aaaaaaaa
0 11 11 0 00 00000000 9a181e15 9a181e15
0 01 07 0 03 0000ffff e8efd83b ab3a7e6e
0 00 10 1 00 e04b7ef7 00000000 51fe5ff6
0 12 12 1 12 1368247c 1368247c 1368247c
0 1f 1f 1 0b 82259c1f bd662305 bd662305
0 1a 1e 0 17 9f721580 7fffffff 00000000
0 09 09 0 10 425fe2f9 eed0f00d eed0f00d
0 1e 17 0 06 95ce711d 00000000 aaaaaaaa
0 0f 0f 0 0f babe2757 18cf6635 18cf6635
0 0f 0f 0 00 00000000 18cf6635 18cf6635
0 12 0d 1 18 bf8f9f6c 1368247c 85e5c77b
0 07 01 1 17 00000001 ab3a7e6e e8efd83b
0 01 13 1 00 64478fef e8efd83b 6c63e85d
0 0e 00 1 05 7a6cf2cc 7fffffff 00000000
0 12 08 1 12 6798189f 6798189f aaaaaaaa
0 13 00 1 13 00000001 00000001 00000000
0 1a 18 1 01 fadc0e02 7fffffff bf8f9f6c
0 1b 1b 1 1b 80000000 80000000 80000000
0 08 1e 1 00 fdb241aa aaaaaaaa 00000000
0 1f 1f 1 1f 808baf14 808baf14 808baf14
0 0b 1d 1 06 27f981d4 82259c1f 7fffffff
0 0e 11 1 11 592364c5 7fffffff 592364c5
0 05 09 0 08 26ae9f94 7a6cf2cc eed0f00d
0 03 0b 1 11 50c52cf9 cafebabe 82259c1f
0 19 00 1 0a cafebabe 86894f17 00000000
0 11 05 1 11 704e3128 704e3128 7a6cf2cc
0 11 16 0 15 b36d1101 704e3128 b7dde0b7
0 04 13 1 1a fffef5e5 dd1acab4 00000001
0 13 10 1 13 8f8d400f 8f8d400f 51fe5ff6
0 07 1e 1 0a 7192811d ab3a7e6e 00000000
0 15 00 1 1b 32fa0a78 d148f0c9 00000000
0 1b 1b 0 00 00000000 32fa0a78 32fa0a78
0 1f 1c 1 1c 43cff790 808baf14 43cff790
0 0a 0d 1 16 55555555 7192811d 85e5c77b
0 00 08 0 19 b743693e 00000000 aaaaaaaa
0 07 08 1 08 1aaa988e ab3a7e6e 1aaa988e
0 13 13 1 13 b1e6c736 b1e6c736 b1e6c736
0 00 0f 0 00 a392e29c 00000000 18cf6635
0 10 14 0 0f 00000001 51fe5ff6 55555555
0 1d 18 0 04 3dcf3ec2 7fffffff bf8f9f6c
0 01 17 0 0c 652ff3e4 fadc0e02 00000001
0 18 18 1 13 80000000 bf8f9f6c bf8f9f6c
0 0e 13 0 0f b48da86e 7fffffff 80000000
0 1b 17 1 1f e49883eb 32fa0a78 00000001
0 02 00 1 07 12ae8cf9 80000000 00000000
0 00 1f 1 01 540854ad 00000000 e49883eb
0 1a 1a 0 1a 8bc0ad75 fffef5e5 fffef5e5
0 1a 1a 0 00 00000000 fffef5e5 fffef5e5
0 1e 18 1 13 cd0b83c9 00000000 bf8f9f6c
0 03 12 0 05 aaaaaaaa cafebabe 6798189f
0 12 1b 1 12 00000000 00000000 32fa0a78
0 03 03 1 03 8cd2973f 8cd2973f 8cd2973f
0 00 1a 1 18 357d150a 00000000 fffef5e5
0 0d 0d 0 0d a10f47ef 85e5c77b 85e5c77b
0 0d 0d 0 00 00000000 85e5c77b 85e5c77b
0 16 16 1 16 04e9327e 04e9327e 04e9327e
0 00 18 0 12 c6ec01cc 00000000 357d150a
0 04 0e 1 0e 9032fe50 dd1acab4 9032fe50
0 03 13 1 17 ffffffff 8cd2973f cd0b83c9
0 14 0e 1 1b bc56cfe9 55555555 9032fe50
0 0c 16 1 16 4260b0e7 c8e2b11a 4260b0e7
0 0f 1e 0 07 65b43841 18cf6635 00000000
0 10 11 0 1d 4cecac3a 51fe5ff6 704e3128
0 0c 18 1 0c 8628dd60 8628dd60 357d150a
0 09 1d 0 00 e431131b eed0f00d 7fffffff
0 04 1e 1 1f ab6d5c1a dd1acab4 00000000
0 19 0a 0 18 51ab5535 86894f17 7192811d
0 00 11 1 00 09e7e092 00000000 704e3128
0 00 00 1 12 9352918f 00000000 00000000
0 12 12 0 00 00000000 9352918f 9352918f
0 03 14 1 10 269d8363 8cd2973f 55555555
0 17 17 0 17 77acacf9 ffffffff ffffffff
0 17 17 0 00 00000000 ffffffff ffffffff
0 0f 16 1 0a bb7fd649 18cf6635 4260b0e7
0 00 00 0 13 f7800962 00000000 00000000
0 1d 0d 0 0c 293ce9c1 7fffffff 85e5c77b
0 1b 18 0 0a 80000000 bc56cfe9 357d150a
0 03 1f 1 0a cafebabe 8cd2973f ab6d5c1a
0 09 09 1 09 c1e1fd3a c1e1fd3a c1e1fd3a
# --- read-back sweep ---
# i_rst i_rs1_raddr i_rs2_raddr i_rd_wen i_rd_waddr i_rd_wdata | o_rs1_rdata
#     o_rs2_rdata
0 00 1f 0 00 00000000 00000000 ab6d5c1a
0 01 1e 0 00 00000000 540854ad 00000000
0 02 1d 0 00 00000000 80000000 7fffffff
0 03 1c 0 00 00000000 8cd2973f 43cff790
0 04 1b 0 00 00000000 dd1acab4 bc56cfe9
0 05 1a 0 00 00000000 7a6cf2cc fffef5e5
0 06 19 0 00 00000000 27f981d4 86894f17
0 07 18 0 00 00000000 12ae8cf9 357d150a
0 08 17 0 00 00000000 1aaa988e ffffffff
0 09 16 0 00 00000000 c1e1fd3a 4260b0e7
0 0a 15 0 00 00000000 cafebabe d148f0c9
0 0b 14 0 00 00000000 82259c1f 55555555
0 0c 13 0 00 00000000 8628dd60 cd0b83c9
0 0d 12 0 00 00000000 85e5c77b 9352918f
0 0e 11 0 00 00000000 9032fe50 704e3128
0 0f 10 0 00 00000000 18cf6635 269d8363
0 10 0f 0 00 00000000 269d8363 18cf6635
0 11 0e 0 00 00000000 704e3128 9032fe50
0 12 0d 0 00 00000000 9352918f 85e5c77b
0 13 0c 0 00 00000000 cd0b83c9 8628dd60
0 14 0b 0 00 00000000 55555555 82259c1f
0 15 0a 0 00 00000000 d148f0c9 cafebabe
0 16 09 0 00 00000000 4260b0e7 c1e1fd3a
0 17 08 0 00 00000000 ffffffff 1aaa988e
0 18 07 0 00 00000000 357d150a 12ae8cf9
0 19 06 0 00 00000000 86894f17 27f981d4
0 1a 05 0 00 00000000 fffef5e5 7a6cf2cc
0 1b 04 0 00 00000000 bc56cfe9 dd1acab4
0 1c 03 0 00 00000000 43cff790 8cd2973f
0 1d 02 0 00 00000000 7fffffff 80000000
0 1e 01 0 00 00000000 00000000 540854ad
0 1f 00 0 00 00000000 ab6d5c1a 00000000
0 1b 00 0 1e 80000000 bc56cfe9 00000000
0 0c 00 1 15 46805a6a 8628dd60 00000000
0 1c 1a 0 19 07671212 43cff790 fffef5e5
0 09 09 1 15 aaaaaaaa c1e1fd3a c1e1fd3a
0 12 12 1 12 54995bde 54995bde 54995bde
0 05 11 1 05 ffffffff ffffffff 704e3128
0 1e 03 1 1d cd2e4fd9 00000000 8cd2973f
0 05 01 1 1d 4997758c ffffffff 540854ad
0 1f 09 1 11 46549e8b ab6d5c1a c1e1fd3a
0 11 11 0 00 00000000 46549e8b 46549e8b
0 1d 12 0 13 50e7c64c 4997758c 54995bde
0 00 06 1 06 7463092b 00000000 7463092b
0 0e 0b 1 0f 2a3b0ffb 9032fe50 82259c1f
0 0d 00 1 10 4908df2f 85e5c77b 00000000
0 0e 19 0 0e ca4481c4 9032fe50 86894f17
0 04 04 1 04 565378ca 565378ca 565378ca
0 16 16 1 16 93031aa8 93031aa8 93031aa8
0 00 0e 1 00 068f4de8 00000000 9032fe50
0 09 09 1 09 66934567 66934567 66934567
0 0c 1b 1 1b 00000000 8628dd60 00000000
0 00 08 1 1d bc6f794f 00000000 1aaa988e
0 01 1c 1 17 e9c7d25c 540854ad 43cff790
0 05 0f 1 08 87cc77d4 ffffffff 2a3b0ffb
0 0d 09 0 11 f2be22a3 85e5c77b 66934567
0 00 00 1 00 80000000 00000000 00000000
0 01 05 1 0e 3999f36f 540854ad ffffffff
0 00 05 1 00 cdbd29a2 00000000 ffffffff
0 0b 0b 1 0b 7fffffff 7fffffff 7fffffff
0 0c 0c 1 0c fcc7efd1 fcc7efd1 fcc7efd1
0 03 00 1 15 bf5ef4b0 8cd2973f 00000000
0 15 15 0 00 00000000 bf5ef4b0 bf5ef4b0
0 02 02 1 02 15381620 15381620 15381620
0 12 13 1 07 21827696 54995bde cd0b83c9
0 0f 04 1 18 ff8035aa 2a3b0ffb 565378ca
0 0d 14 0 10 f26b4348 85e5c77b 55555555
0 15 12 1 0b f3c7ed49 bf5ef4b0 54995bde
0 05 00 1 00 75cdb7b2 ffffffff 00000000
0 1e 17 1 16 b11a0c68 00000000 e9c7d25c
0 16 01 0 18 0000ffff b11a0c68 540854ad
0 04 06 1 04 78ff6839 78ff6839 7463092b
0 1a 14 1 18 00000000 fffef5e5 55555555
0 19 07 1 0f ccce40d9 86894f17 21827696
0 05 05 1 05 006a6263 006a6263 006a6263
0 01 1c 0 06 deb0fa5e 540854ad 43cff790
0 1b 0c 1 0c d81f15db 00000000 d81f15db
0 1e 1e 1 1d 9c0272e6 00000000 00000000
0 1d 1d 0 00 00000000 9c0272e6 9c0272e6
0 02 1d 0 0f 80000000 15381620 9c0272e6
0 13 1f 0 01 9a000346 cd0b83c9 ab6d5c1a
0 03 03 1 03 a7f9885b a7f9885b a7f9885b
0 0f 1b 1 18 35a5dca0 ccce40d9 00000000
0 15 0f 0 04 6d30f40f bf5ef4b0 ccce40d9
0 14 03 1 00 d9fa3790 55555555 a7f9885b
0 19 0f 0 19 92d680f1 86894f17 ccce40d9
0 11 00 0 00 bd4c1fac 46549e8b 00000000
0 0b 0c 1 0b 9f8b4c7b 9f8b4c7b d81f15db
0 11 04 1 0f 8c6fa9a1 46549e8b 78ff6839
0 07 07 1 07 aaaaaaaa aaaaaaaa aaaaaaaa
0 18 06 1 01 fe56da6d 35a5dca0 7463092b
0 01 01 0 00 00000000 fe56da6d fe56da6d
0 03 14 1 14 251606b4 a7f9885b 251606b4
0 0b 0b 1 0b a8400d8a a8400d8a a8400d8a
0 0c 1d 1 06 c9c02385 d81f15db 9c0272e6
0 0e 00 1 0e 66fb3c11 66fb3c11 00000000
0 17 1a 1 0c 20ea361e e9c7d25c fffef5e5
0 03 00 0 00 acbbf484 a7f9885b 00000000
0 01 0c 0 06 5c6daf9e fe56da6d 20ea361e
0 04 08 1 08 6113246c 78ff6839 6113246c
0 00 00 1 00 75637f6b 00000000 00000000
0 1c 0f 1 1d 00000001 43cff790 8c6fa9a1
0 02 02 1 02 ffffffff ffffffff ffffffff
0 05 05 0 0e 3576f0bc 006a6263 006a6263
0 1f 1f 1 1f b56a7232 b56a7232 b56a7232
0 0b 14 1 08 16e015c1 a8400d8a 251606b4
0 18 18 1 18 62323eae 62323eae 62323eae
0 13 06 1 0f deadbeef cd0b83c9 c9c02385
0 09 09 0 09 f35798f4 66934567 66934567
0 09 09 0 00 00000000 66934567 66934567
0 0a 05 0 1d 30eb334b cafebabe 006a6263
0 01 1c 1 01 665fcd4f 665fcd4f 43cff790
0 0a 0a 0 1b d8c2b3c1 cafebabe cafebabe
0 00 00 1 00 4540eb51 00000000 00000000
0 18 1d 1 04 6556eeb5 62323eae 00000001
0 04 04 0 00 00000000 6556eeb5 6556eeb5
0 1f 1f 0 1f 8c8634b0 b56a7232 b56a7232
0 1f 1f 0 00 00000000 b56a7232 b56a7232
0 14 1a 1 12 e4b3321c 251606b4 fffef5e5
0 1a 1a 1 1a 5d2229e7 5d2229e7 5d2229e7
0 17 1a 1 0a 55555555 e9c7d25c 5d2229e7
0 0c 14 1 11 d40634de 20ea361e 251606b4
0 05 00 1 1e 88b71312 006a6263 00000000
0 15 0a 1 03 a48cc24c bf5ef4b0 55555555
0 1b 04 0 12 fb59d3d8 00000000 6556eeb5
0 07 1e 1 1a fb128ebd aaaaaaaa 88b71312
0 1c 05 1 11 538c9a33 43cff790 006a6263
0 17 07 1 07 0000ffff e9c7d25c 0000ffff
0 01 01 1 10 37d47c9b 665fcd4f 665fcd4f
0 12 07 0 01 e82e5024 e4b3321c 0000ffff
0 11 1e 1 12 23c97e0f 538c9a33 88b71312
0 0c 0c 0 0c 08ee903a 20ea361e 20ea361e
0 0c 0c 0 00 00000000 20ea361e 20ea361e
0 0a 0a 1 0a e5f36817 e5f36817 e5f36817
0 00 07 1 00 b6e03e9a 00000000 0000ffff
0 1e 07 1 1d 154dfb47 88b71312 0000ffff
0 14 16 0 00 013505f9 251606b4 b11a0c68
0 02 02 1 02 eb89c0ec eb89c0ec eb89c0ec
0 04 04 0 04 947bfa73 6556eeb5 6556eeb5
0 04 04 0 00 00000000 6556eeb5 6556eeb5
0 00 0e 1 0e 2b9bcf5c 00000000 2b9bcf5c
0 00 00 0 1c 4975f370 00000000 00000000
0 12 02 1 12 0a4b7d0a 0a4b7d0a eb89c0ec
0 03 0e 1 17 a0aa4d81 a48cc24c 2b9bcf5c
0 05 05 1 05 917acc93 917acc93 917acc93
0 01 1b 0 19 cafebabe 665fcd4f 00000000
0 0c 01 0 0f 079389ac 20ea361e 665fcd4f
0 12 1e 1 01 55555555 0a4b7d0a 88b71312
0 1b 00 1 00 295041f9 00000000 00000000
0 1b 1b 1 1b 0243dafd 0243dafd 0243dafd
0 00 12 0 0b 17d3526a 00000000 0a4b7d0a
0 02 04 1 00 1f9aa45b eb89c0ec 6556eeb5
0 16 1b 0 16 5b275767 b11a0c68 0243dafd
0 00 0b 1 00 a903f9e0 00000000 a8400d8a
0 11 12 1 11 9f980978 9f980978 0a4b7d0a
0 0b 17 1 18 ffffffff a8400d8a a0aa4d81
0 05 16 1 0e 2b32c261 917acc93 b11a0c68
0 05 05 1 05 6fea1a15 6fea1a15 6fea1a15
0 13 0d 1 17 7fffffff cd0b83c9 85e5c77b
0 00 1a 0 0b 3452ecd1 00000000 fb128ebd
0 0f 0e 1 0f ba381af1 ba381af1 2b32c261
0 08 11 1 11 5ce8e2a4 16e015c1 5ce8e2a4
0 0f 09 1 0d bea3b354 ba381af1 66934567
0 1d 0e 1 13 7fffffff 154dfb47 2b32c261
0 17 14 0 1d 8d3cc32b 7fffffff 251606b4
0 0e 0a 1 0e 51f8300f 51f8300f e5f36817
0 1a 06 1 19 55555555 fb128ebd c9c02385
0 13 14 1 13 ffffffff ffffffff 251606b4
0 1c 1c 1 1c 7449affb 7449affb 7449affb
0 18 0c 1 13 7fffffff ffffffff 20ea361e
0 05 17 0 1d 00000001 6fea1a15 7fffffff
0 12 04 1 12 99284709 99284709 6556eeb5
0 06 06 1 00 15f7b8ff c9c02385 c9c02385
0 08 08 0 08 47f439c8 16e015c1 16e015c1
0 08 08 0 00 00000000 16e015c1 16e015c1
0 00 07 1 11 1b1793ab 00000000 0000ffff
0 0a 08 1 14 7322d0d7 e5f36817 16e015c1
0 14 03 1 06 cbec9d54 7322d0d7 a48cc24c
0 0b 0b 1 0b d9d4fd72 d9d4fd72 d9d4fd72
0 05 15 1 05 fed3946b fed3946b bf5ef4b0
0 11 00 1 1c 55555555 1b1793ab 00000000
0 0f 00 1 05 d067a39b ba381af1 00000000
0 05 05 0 00 00000000 d067a39b d067a39b
0 0c 14 0 08 d63dcc45 20ea361e 7322d0d7
0 10 18 1 02 f549228a 37d47c9b ffffffff
0 14 16 1 13 e26339ba 7322d0d7 b11a0c68
0 17 16 1 16 d5cf9f9d 7fffffff d5cf9f9d
0 1e 19 1 1e 39b604c9 39b604c9 55555555
0 1f 00 1 1e 71f5509e b56a7232 00000000
0 10 10 1 10 ffffffff ffffffff ffffffff
0 18 12 1 12 613de4a5 ffffffff 613de4a5
0 09 09 1 09 deadbeef deadbeef deadbeef
0 10 08 1 0a ab18d5d3 ffffffff 16e015c1
0 00 1a 0 07 ec373d83 00000000 fb128ebd
0 0e 1f 1 0e ffffffff ffffffff b56a7232
0 0b 1f 1 0b cd198576 cd198576 b56a7232
0 08 0f 0 0f c60899dc 16e015c1 ba381af1
0 1a 1a 1 1a 439db19c 439db19c 439db19c
0 0c 0c 1 0c cafebabe cafebabe cafebabe
0 1f 1f 0 1f 6f044182 b56a7232 b56a7232
0 1f 1f 0 00 00000000 b56a7232 b56a7232
0 19 1a 1 11 ac9d8e13 55555555 439db19c
0 02 02 1 02 00000000 00000000 00000000
0 00 1e 0 01 00000001 00000000 71f5509e
0 1d 00 1 1d 4cc5b11c 4cc5b11c 00000000
0 10 0c 0 06 55555555 ffffffff cafebabe
0 0b 15 1 0b 44f95546 44f95546 bf5ef4b0
0 17 14 1 1e 9df58074 7fffffff 7322d0d7
0 10 13 1 13 5e00393d ffffffff 5e00393d
0 19 11 0 08 23d566f0 55555555 ac9d8e13
0 00 0f 1 0e 285fb4f0 00000000 ba381af1
0 04 04 1 04 d3f816fe d3f816fe d3f816fe
0 0c 0c 1 0c a25f61e6 a25f61e6 a25f61e6
# --- read-back sweep ---
# i_rst i_rs1_raddr i_rs2_raddr i_rd_wen i_rd_waddr i_rd_wdata | o_rs1_rdata
#     o_rs2_rdata
0 00 1f 0 00 00000000 00000000 b56a7232
0 01 1e 0 00 00000000 55555555 9df58074
0 02 1d 0 00 00000000 00000000 4cc5b11c
0 03 1c 0 00 00000000 a48cc24c 55555555
0 04 1b 0 00 00000000 d3f816fe 0243dafd
0 05 1a 0 00 00000000 d067a39b 439db19c
0 06 19 0 00 00000000 cbec9d54 55555555
0 07 18 0 00 00000000 0000ffff ffffffff
0 08 17 0 00 00000000 16e015c1 7fffffff
0 09 16 0 00 00000000 deadbeef d5cf9f9d
0 0a 15 0 00 00000000 ab18d5d3 bf5ef4b0
0 0b 14 0 00 00000000 44f95546 7322d0d7
0 0c 13 0 00 00000000 a25f61e6 5e00393d
0 0d 12 0 00 00000000 bea3b354 613de4a5
0 0e 11 0 00 00000000 285fb4f0 ac9d8e13
0 0f 10 0 00 00000000 ba381af1 ffffffff
0 10 0f 0 00 00000000 ffffffff ba381af1
0 11 0e 0 00 00000000 ac9d8e13 285fb4f0
0 12 0d 0 00 00000000 613de4a5 bea3b354
0 13 0c 0 00 00000000 5e00393d a25f61e6
0 14 0b 0 00 00000000 7322d0d7 44f95546
0 15 0a 0 00 00000000 bf5ef4b0 ab18d5d3
0 16 09 0 00 00000000 d5cf9f9d deadbeef
0 17 08 0 00 00000000 7fffffff 16e015c1
0 18 07 0 00 00000000 ffffffff 0000ffff
0 19 06 0 00 00000000 55555555 cbec9d54
0 1a 05 0 00 00000000 439db19c d067a39b
0 1b 04 0 00 00000000 0243dafd d3f816fe
0 1c 03 0 00 00000000 55555555 a48cc24c
0 1d 02 0 00 00000000 4cc5b11c 00000000
0 1e 01 0 00 00000000 9df58074 55555555
0 1f 00 0 00 00000000 b56a7232 00000000
0 17 0f 1 09 52308484 7fffffff ba381af1
0 07 08 0 06 c19b5357 0000ffff 16e015c1
# --- read-back sweep ---
# i_rst i_rs1_raddr i_rs2_raddr i_rd_wen i_rd_waddr i_rd_wdata | o_rs1_rdata
#     o_rs2_rdata
0 00 1f 0 00 00000000 00000000 b56a7232
0 01 1e 0 00 00000000 55555555 9df58074
0 02 1d 0 00 00000000 00000000 4cc5b11c
0 03 1c 0 00 00000000 a48cc24c 55555555
0 04 1b 0 00 00000000 d3f816fe 0243dafd
0 05 1a 0 00 00000000 d067a39b 439db19c
0 06 19 0 00 00000000 cbec9d54 55555555
0 07 18 0 00 00000000 0000ffff ffffffff
0 08 17 0 00 00000000 16e015c1 7fffffff
0 09 16 0 00 00000000 52308484 d5cf9f9d
0 0a 15 0 00 00000000 ab18d5d3 bf5ef4b0
0 0b 14 0 00 00000000 44f95546 7322d0d7
0 0c 13 0 00 00000000 a25f61e6 5e00393d
0 0d 12 0 00 00000000 bea3b354 613de4a5
0 0e 11 0 00 00000000 285fb4f0 ac9d8e13
0 0f 10 0 00 00000000 ba381af1 ffffffff
0 10 0f 0 00 00000000 ffffffff ba381af1
0 11 0e 0 00 00000000 ac9d8e13 285fb4f0
0 12 0d 0 00 00000000 613de4a5 bea3b354
0 13 0c 0 00 00000000 5e00393d a25f61e6
0 14 0b 0 00 00000000 7322d0d7 44f95546
0 15 0a 0 00 00000000 bf5ef4b0 ab18d5d3
0 16 09 0 00 00000000 d5cf9f9d 52308484
0 17 08 0 00 00000000 7fffffff 16e015c1
0 18 07 0 00 00000000 ffffffff 0000ffff
0 19 06 0 00 00000000 55555555 cbec9d54
0 1a 05 0 00 00000000 439db19c d067a39b
0 1b 04 0 00 00000000 0243dafd d3f816fe
0 1c 03 0 00 00000000 55555555 a48cc24c
0 1d 02 0 00 00000000 4cc5b11c 00000000
0 1e 01 0 00 00000000 9df58074 55555555
0 1f 00 0 00 00000000 b56a7232 00000000
0 0f 00 1 1c 51194e9a ba381af1 00000000
0 02 13 1 0c 00000000 00000000 5e00393d
0 1d 06 1 02 14d852db 4cc5b11c cbec9d54
0 00 1d 1 19 cafebabe 00000000 4cc5b11c
0 13 0f 0 19 d02fd4d3 5e00393d ba381af1
0 05 01 1 05 90873313 90873313 55555555
0 04 00 0 14 7fffffff d3f816fe 00000000
0 1e 00 1 17 cafebabe 9df58074 00000000
0 1a 0c 0 01 bc427770 439db19c 00000000
0 04 1a 1 01 d6dcf159 d3f816fe 439db19c
0 0e 0a 1 06 d972fc9b 285fb4f0 ab18d5d3
0 0b 0e 1 12 76ba679a 44f95546 285fb4f0
# --- read-back sweep ---
# i_rst i_rs1_raddr i_rs2_raddr i_rd_wen i_rd_waddr i_rd_wdata | o_rs1_rdata
#     o_rs2_rdata
0 00 1f 0 00 00000000 00000000 b56a7232
0 01 1e 0 00 00000000 d6dcf159 9df58074
0 02 1d 0 00 00000000 14d852db 4cc5b11c
0 03 1c 0 00 00000000 a48cc24c 51194e9a
0 04 1b 0 00 00000000 d3f816fe 0243dafd
0 05 1a 0 00 00000000 90873313 439db19c
0 06 19 0 00 00000000 d972fc9b cafebabe
0 07 18 0 00 00000000 0000ffff ffffffff
0 08 17 0 00 00000000 16e015c1 cafebabe
0 09 16 0 00 00000000 52308484 d5cf9f9d
0 0a 15 0 00 00000000 ab18d5d3 bf5ef4b0
0 0b 14 0 00 00000000 44f95546 7322d0d7
0 0c 13 0 00 00000000 00000000 5e00393d
0 0d 12 0 00 00000000 bea3b354 76ba679a
0 0e 11 0 00 00000000 285fb4f0 ac9d8e13
0 0f 10 0 00 00000000 ba381af1 ffffffff
0 10 0f 0 00 00000000 ffffffff ba381af1
0 11 0e 0 00 00000000 ac9d8e13 285fb4f0
0 12 0d 0 00 00000000 76ba679a bea3b354
0 13 0c 0 00 00000000 5e00393d 00000000
0 14 0b 0 00 00000000 7322d0d7 44f95546
0 15 0a 0 00 00000000 bf5ef4b0 ab18d5d3
0 16 09 0 00 00000000 d5cf9f9d 52308484
0 17 08 0 00 00000000 cafebabe 16e015c1
0 18 07 0 00 00000000 ffffffff 0000ffff
0 19 06 0 00 00000000 cafebabe d972fc9b
0 1a 05 0 00 00000000 439db19c 90873313
0 1b 04 0 00 00000000 0243dafd d3f816fe
0 1c 03 0 00 00000000 51194e9a a48cc24c
0 1d 02 0 00 00000000 4cc5b11c 14d852db
0 1e 01 0 00 00000000 9df58074 d6dcf159
0 1f 00 0 00 00000000 b56a7232 00000000
0 0f 16 1 0c 5d9e2d06 ba381af1 d5cf9f9d
0 00 09 1 18 5a6f9a40 00000000 52308484
0 15 1b 0 00 81dcb9dc bf5ef4b0 0243dafd
0 1f 1b 1 1f 7fffffff 7fffffff 0243dafd
0 0a 0f 1 17 895d8830 ab18d5d3 ba381af1
0 01 1f 0 1c b9eae7f4 d6dcf159 7fffffff
0 1a 00 0 08 aaccbe40 439db19c 00000000
0 10 0b 1 14 fdef0d6d ffffffff 44f95546
0 14 14 0 00 00000000 fdef0d6d fdef0d6d
0 05 1d 1 09 9e2d6ce9 90873313 4cc5b11c
0 1f 07 1 07 b59a2492 7fffffff b59a2492
0 00 1f 1 13 794c7cc3 00000000 7fffffff
0 16 00 1 16 9ecc280e 9ecc280e 00000000
0 0f 0f 1 0f 4b63b637 4b63b637 4b63b637
0 0a 16 1 07 c921355c ab18d5d3 9ecc280e
0 01 01 1 01 f61784cc f61784cc f61784cc
0 0c 0a 0 0b c606f331 5d9e2d06 ab18d5d3
0 10 00 0 0f c285d7e7 ffffffff 00000000
0 07 0d 1 1e 86678bc5 c921355c bea3b354
0 06 12 0 07 22df4005 d972fc9b 76ba679a
0 1a 00 0 0a 39ed6435 439db19c 00000000
0 1d 1d 1 1d a7e602e3 a7e602e3 a7e602e3
0 02 02 0 1d d9d87f54 14d852db 14d852db
0 01 11 1 0f 80000000 f61784cc ac9d8e13
0 00 12 1 12 9f5785d7 00000000 9f5785d7
0 16 16 1 16 aaaaaaaa aaaaaaaa aaaaaaaa
0 0b 0b 1 0b 443b0f48 443b0f48 443b0f48
0 07 1c 1 00 00000000 c921355c 51194e9a
0 03 0a 1 0a 76349dc2 a48cc24c 76349dc2
0 05 08 1 1d 9da14fb7 90873313 16e015c1
0 17 03 1 03 0d7da47e 895d8830 0d7da47e
0 12 16 1 0c 9f91e6b6 9f5785d7 aaaaaaaa
0 0f 0f 1 1a 20ee5827 80000000 80000000
0 19 0a 1 16 95d03ed2 cafebabe 76349dc2
0 19 19 1 19 33b34042 33b34042 33b34042
0 0d 05 0 18 01e81f5f bea3b354 90873313
0 0d 1f 0 00 f2d0d2d5 bea3b354 7fffffff
0 19 1a 1 17 e0d3c3c4 33b34042 20ee5827
0 00 09 1 13 cafebabe 00000000 9e2d6ce9
0 0e 01 1 12 99101c6b 285fb4f0 f61784cc
0 03 00 0 10 319c4208 0d7da47e 00000000
0 0d 00 1 0f c1caff02 bea3b354 00000000
0 1e 1e 1 1e deadbeef deadbeef deadbeef
0 1c 03 0 1c 7fffffff 51194e9a 0d7da47e
0 18 0d 1 04 deadbeef 5a6f9a40 bea3b354
0 00 1c 1 02 c1b3cf0b 00000000 51194e9a
0 0e 0e 1 0e 62ca3f15 62ca3f15 62ca3f15
0 01 08 1 05 0000ffff f61784cc 16e015c1
0 02 0c 0 00 24159f9b c1b3cf0b 9f91e6b6
0 1d 00 1 1d 00000001 00000001 00000000
0 18 16 1 1b a92aaba3 5a6f9a40 95d03ed2
0 08 11 0 00 29b6522f 16e015c1 ac9d8e13
0 0a 01 0 14 bca95e18 76349dc2 f61784cc
0 1e 1e 1 1e 0200cb10 0200cb10 0200cb10
0 1b 11 1 0a 17e8d392 a92aaba3 ac9d8e13
0 01 00 1 00 9750e797 f61784cc 00000000
0 00 07 0 02 deadbeef 00000000 c921355c
0 09 05 1 05 deadbeef 9e2d6ce9 deadbeef
0 1c 0c 1 0b 3c2ba6c3 51194e9a 9f91e6b6
0 14 19 0 0f 8da86e91 fdef0d6d 33b34042
0 0a 0f 1 07 c39e8fe7 17e8d392 c1caff02
0 04 0b 1 13 d1d2a3e6 deadbeef 3c2ba6c3
0 13 13 0 00 00000000 d1d2a3e6 d1d2a3e6
0 01 0f 1 1d 3a6f42bc f61784cc c1caff02
0 0c 00 0 07 88d0750e 9f91e6b6 00000000
0 03 03 1 03 1a3da660 1a3da660 1a3da660
0 11 08 0 00 44cc007f ac9d8e13 16e015c1
0 0f 0a 0 0b c88afe93 c1caff02 17e8d392
0 1c 17 1 0a 59d03126 51194e9a e0d3c3c4
0 0f 03 1 0f 00000000 00000000 1a3da660
0 19 00 1 14 3bc7a710 33b34042 00000000
0 0c 0b 1 0d 2a90eea5 9f91e6b6 3c2ba6c3
0 0d 0d 0 00 00000000 2a90eea5 2a90eea5
0 09 1d 0 1b cafebabe 9e2d6ce9 3a6f42bc
0 0a 06 1 0b 80000000 59d03126 d972fc9b
0 0f 00 0 0e b4da3b3a 00000000 00000000
0 09 09 1 09 353c7ad0 353c7ad0 353c7ad0
0 1c 0f 1 03 c6d73ba0 51194e9a 00000000
0 0d 0d 0 0d 0d576809 2a90eea5 2a90eea5
0 0d 0d 0 00 00000000 2a90eea5 2a90eea5
0 0c 10 0 00 0000ffff 9f91e6b6 ffffffff
0 1a 1f 1 12 6b80d26d 20ee5827 7fffffff
0 00 13 1 13 00000001 00000000 00000001
0 13 0b 0 1b ffffffff 00000001 80000000
0 09 09 0 09 907127b1 353c7ad0 353c7ad0
0 09 09 0 00 00000000 353c7ad0 353c7ad0
0 0c 1f 1 0d 0000ffff 9f91e6b6 7fffffff
0 05 0e 0 14 2aa3571d deadbeef 62ca3f15
0 08 18 0 13 981fdb7a 16e015c1 5a6f9a40
0 13 12 0 19 deadbeef 00000001 6b80d26d
# --- read-back sweep ---
# i_rst i_rs1_raddr i_rs2_raddr i_rd_wen i_rd_waddr i_rd_wdata | o_rs1_rdata
#     o_rs2_rdata
0 00 1f 0 00 00000000 00000000 7fffffff
0 01 1e 0 00 00000000 f61784cc 0200cb10
0 02 1d 0 00 00000000 c1b3cf0b 3a6f42bc
0 03 1c 0 00 00000000 c6d73ba0 51194e9a
0 04 1b 0 00 00000000 deadbeef a92aaba3
0 05 1a 0 00 00000000 deadbeef 20ee5827
0 06 19 0 00 00000000 d972fc9b 33b34042
0 07 18 0 00 00000000 c39e8fe7 5a6f9a40
0 08 17 0 00 00000000 16e015c1 e0d3c3c4
0 09 16 0 00 00000000 353c7ad0 95d03ed2
0 0a 15 0 00 00000000 59d03126 bf5ef4b0
0 0b 14 0 00 00000000 80000000 3bc7a710
0 0c 13 0 00 00000000 9f91e6b6 00000001
0 0d 12 0 00 00000000 0000ffff 6b80d26d
0 0e 11 0 00 00000000 62ca3f15 ac9d8e13
0 0f 10 0 00 00000000 00000000 ffffffff
0 10 0f 0 00 00000000 ffffffff 00000000
0 11 0e 0 00 00000000 ac9d8e13 62ca3f15
0 12 0d 0 00 00000000 6b80d26d 0000ffff
0 13 0c 0 00 00000000 00000001 9f91e6b6
0 14 0b 0 00 00000000 3bc7a710 80000000
0 15 0a 0 00 00000000 bf5ef4b0 59d03126
0 16 09 0 00 00000000 95d03ed2 353c7ad0
0 17 08 0 00 00000000 e0d3c3c4 16e015c1
0 18 07 0 00 00000000 5a6f9a40 c39e8fe7
0 19 06 0 00 00000000 33b34042 d972fc9b
0 1a 05 0 00 00000000 20ee5827 deadbeef
0 1b 04 0 00 00000000 a92aaba3 deadbeef
0 1c 03 0 00 00000000 51194e9a c6d73ba0
0 1d 02 0 00 00000000 3a6f42bc c1b3cf0b
0 1e 01 0 00 00000000 0200cb10 f61784cc
0 1f 00 0 00 00000000 7fffffff 00000000
0 0f 0f 1 0f aaaaaaaa aaaaaaaa aaaaaaaa
0 14 0b 0 1e 481fc84f 3bc7a710 80000000
0 00 06 1 07 11efc347 00000000 d972fc9b
0 1d 1d 1 1d f0f94a75 f0f94a75 f0f94a75
0 0b 0b 1 0b aaaaaaaa aaaaaaaa aaaaaaaa
0 00 16 0 17 00000001 00000000 95d03ed2
0 07 07 1 07 29455467 29455467 29455467
0 10 07 0 11 55555555 ffffffff 29455467
0 08 0f 1 1b 6e0dd51e 16e015c1 aaaaaaaa
0 1b 1b 0 00 00000000 6e0dd51e 6e0dd51e
0 01 00 1 00 7fffffff f61784cc 00000000
0 1c 1c 1 1c b1be38c5 b1be38c5 b1be38c5
0 0a 0a 1 0a 5d5b2376 5d5b2376 5d5b2376
0 02 02 1 05 00000001 c1b3cf0b c1b3cf0b
0 1d 19 1 1d cbd64a6a cbd64a6a 33b34042
0 09 11 0 0b aaaaaaaa 353c7ad0 ac9d8e13
0 1e 0c 0 0e dbdaade4 0200cb10 9f91e6b6
0 19 08 1 08 b5bd891a 33b34042 b5bd891a
0 11 07 0 00 e4d97183 ac9d8e13 29455467
0 1b 1b 0 1b 20781d3f 6e0dd51e 6e0dd51e
0 1b 1b 0 00 00000000 6e0dd51e 6e0dd51e
0 02 00 0 00 b4de9ad4 c1b3cf0b 00000000
0 0f 11 0 00 06534540 aaaaaaaa ac9d8e13
0 04 19 0 12 3bd913b3 deadbeef 33b34042
0 07 05 1 04 80000000 29455467 00000001
0 1b 15 0 10 f2137715 6e0dd51e bf5ef4b0
0 1d 00 0 13 216d8766 cbd64a6a 00000000
0 1c 02 1 1b e236b601 b1be38c5 c1b3cf0b
0 0d 13 0 06 a3d3adc4 0000ffff 00000001
0 0b 11 1 1f 323ac002 aaaaaaaa ac9d8e13
0 0c 0c 0 00 3c3b604e 9f91e6b6 9f91e6b6
0 0e 1a 0 00 2207ce4e 62ca3f15 20ee5827
0 12 01 0 1f 26a8fa68 6b80d26d f61784cc
0 02 03 1 15 e0feb237 c1b3cf0b c6d73ba0
0 07 15 1 10 ffffffff 29455467 e0feb237
0 0f 0f 0 0d 0000ffff aaaaaaaa aaaaaaaa
0 0b 14 0 07 e05cb1d6 aaaaaaaa 3bc7a710
0 13 1c 1 13 0000ffff 0000ffff b1be38c5
0 18 02 1 02 98ed782b 5a6f9a40 98ed782b
0 01 03 1 0d deadbeef f61784cc c6d73ba0
0 13 06 1 13 d9fb66b6 d9fb66b6 d972fc9b
0 17 14 1 09 b852a3c8 e0d3c3c4 3bc7a710
0 0a 0a 1 0a 8565e9b5 8565e9b5 8565e9b5
0 0b 17 1 0b 0000ffff 0000ffff e0d3c3c4
0 00 12 1 13 f47bdcbc 00000000 6b80d26d
0 12 1d 0 08 97da9dae 6b80d26d cbd64a6a
0 0c 00 0 1a 272b0862 9f91e6b6 00000000
0 00 1d 1 00 cafebabe 00000000 cbd64a6a
0 00 04 0 0e 7fffffff 00000000 80000000
0 0f 10 0 12 80000000 aaaaaaaa ffffffff
0 1f 1f 1 1f 5e6ed562 5e6ed562 5e6ed562
0 00 19 1 0b 0cf3f8fb 00000000 33b34042
0 10 11 0 08 4c21733d ffffffff ac9d8e13
0 17 1f 1 10 aaaaaaaa e0d3c3c4 5e6ed562
0 17 17 1 17 1820c590 1820c590 1820c590
0 15 13 0 00 39ae7d20 e0feb237 f47bdcbc
0 17 00 1 07 17894297 1820c590 00000000
0 1d 0b 0 1a 5948bdd8 cbd64a6a 0cf3f8fb
0 15 1a 1 13 80000000 e0feb237 20ee5827
0 00 11 0 18 00000001 00000000 ac9d8e13
# --- read-back sweep ---
# i_rst i_rs1_raddr i_rs2_raddr i_rd_wen i_rd_waddr i_rd_wdata | o_rs1_rdata
#     o_rs2_rdata
0 00 1f 0 00 00000000 00000000 5e6ed562
0 01 1e 0 00 00000000 f61784cc 0200cb10
0 02 1d 0 00 00000000 98ed782b cbd64a6a
0 03 1c 0 00 00000000 c6d73ba0 b1be38c5
0 04 1b 0 00 00000000 80000000 e236b601
0 05 1a 0 00 00000000 00000001 20ee5827
0 06 19 0 00 00000000 d972fc9b 33b34042
0 07 18 0 00 00000000 17894297 5a6f9a40
0 08 17 0 00 00000000 b5bd891a 1820c590
0 09 16 0 00 00000000 b852a3c8 95d03ed2
0 0a 15 0 00 00000000 8565e9b5 e0feb237
0 0b 14 0 00 00000000 0cf3f8fb 3bc7a710
0 0c 13 0 00 00000000 9f91e6b6 80000000
0 0d 12 0 00 00000000 deadbeef 6b80d26d
0 0e 11 0 00 00000000 62ca3f15 ac9d8e13
0 0f 10 0 00 00000000 aaaaaaaa aaaaaaaa
0 10 0f 0 00 00000000 aaaaaaaa aaaaaaaa
0 11 0e 0 00 00000000 ac9d8e13 62ca3f15
0 12 0d 0 00 00000000 6b80d26d deadbeef
0 13 0c 0 00 00000000 80000000 9f91e6b6
0 14 0b 0 00 00000000 3bc7a710 0cf3f8fb
0 15 0a 0 00 00000000 e0feb237 8565e9b5
0 16 09 0 00 00000000 95d03ed2 b852a3c8
0 17 08 0 00 00000000 1820c590 b5bd891a
0 18 07 0 00 00000000 5a6f9a40 17894297
0 19 06 0 00 00000000 33b34042 d972fc9b
0 1a 05 0 00 00000000 20ee5827 00000001
0 1b 04 0 00 00000000 e236b601 80000000
0 1c 03 0 00 00000000 b1be38c5 c6d73ba0
0 1d 02 0 00 00000000 cbd64a6a 98ed782b
0 1e 01 0 00 00000000 0200cb10 f61784cc
0 1f 00 0 00 00000000 5e6ed562 00000000
0 17 07 1 1c 80000000 1820c590 17894297
0 1f 16 0 00 55555555 5e6ed562 95d03ed2
0 0b 01 1 01 a8e69c58 0cf3f8fb a8e69c58
0 01 01 0 00 00000000 a8e69c58 a8e69c58
0 18 10 1 18 546dce40 546dce40 aaaaaaaa
0 10 0f 1 02 80000000 aaaaaaaa aaaaaaaa
0 0e 08 1 00 f8537d6a 62ca3f15 b5bd891a
0 07 06 1 0a f8ca1dac 17894297 d972fc9b
0 0e 00 1 1b 4bda7ab6 62ca3f15 00000000
0 0b 11 1 11 c472c9db 0cf3f8fb c472c9db
0 07 02 0 03 323379b2 17894297 80000000
0 07 16 0 0a 1c3e3cf5 17894297 95d03ed2
0 14 02 0 0c deadbeef 3bc7a710 80000000
0 12 19 0 1e 09dc1e40 6b80d26d 33b34042
0 05 0d 1 00 e6c56217 00000001 deadbeef
0 10 10 0 10 c757b2cb aaaaaaaa aaaaaaaa
0 10 10 0 00 00000000 aaaaaaaa aaaaaaaa
0 13 13 1 13 03d1b719 03d1b719 03d1b719
0 18 00 0 08 6c71641e 546dce40 00000000
0 1f 1d 1 08 e4e1802b 5e6ed562 cbd64a6a
0 17 11 1 1f 55555555 1820c590 c472c9db
0 13 13 1 13 7fffffff 7fffffff 7fffffff
0 15 15 1 15 f192cbc7 f192cbc7 f192cbc7
0 1b 1a 1 06 7fffffff 4bda7ab6 20ee5827
0 0b 1e 1 00 1a9aebef 0cf3f8fb 0200cb10
0 06 09 1 16 5ae8589b 7fffffff b852a3c8
0 14 10 1 0b 8767a75a 3bc7a710 aaaaaaaa
0 0f 00 1 14 0000ffff aaaaaaaa 00000000
0 04 13 1 0e c08a3a5c 80000000 7fffffff
0 0d 0f 1 17 dc72938d deadbeef aaaaaaaa
0 11 05 0 0f aaaaaaaa c472c9db 00000001
0 19 03 0 00 7fffffff 33b34042 c6d73ba0
0 16 0c 0 0a 7b54949f 5ae8589b 9f91e6b6
0 1e 1f 0 03 e9a8c9ac 0200cb10 55555555
0 0f 0f 1 0f 0000ffff 0000ffff 0000ffff
0 07 00 1 07 9d6dc138 9d6dc138 00000000
0 12 1c 1 00 b5847ea5 6b80d26d 80000000
0 01 11 1 11 55555555 a8e69c58 55555555
0 15 09 1 16 7fffffff f192cbc7 b852a3c8
0 13 09 1 0c 0000ffff 7fffffff b852a3c8
0 07 00 1 07 673498d4 673498d4 00000000
0 0b 1f 1 1d d6d65639 8767a75a 55555555
0 06 13 0 02 0000ffff 7fffffff 7fffffff
0 10 07 1 19 8b9976f8 aaaaaaaa 673498d4
0 18 00 1 06 d6acaa8c 546dce40 00000000
0 17 12 1 12 414e76d1 dc72938d 414e76d1
0 1e 1e 0 1e 28c9c937 0200cb10 0200cb10
0 1e 1e 0 00 00000000 0200cb10 0200cb10
0 19 1c 1 1c f6fc7872 8b9976f8 f6fc7872
0 0f 0f 1 0f f0c60d90 f0c60d90 f0c60d90
0 1d 1a 1 09 2d0785bb d6d65639 20ee5827
0 01 0c 1 07 e0ddb0af a8e69c58 0000ffff
0 07 07 0 00 00000000 e0ddb0af e0ddb0af
0 10 10 1 10 00000001 00000001 00000001
0 10 18 1 0d e34ad3f1 00000001 546dce40
0 14 1c 1 14 aed46b01 aed46b01 f6fc7872
0 1d 1d 0 1d 96056099 d6d65639 d6d65639
0 1d 1d 0 00 00000000 d6d65639 d6d65639
0 19 0f 0 17 7d164c2b 8b9976f8 f0c60d90
0 15 0a 1 16 b8d20667 f192cbc7 f8ca1dac
0 14 04 1 14 8f0d3c74 8f0d3c74 80000000
0 09 08 1 15 55555555 2d0785bb e4e1802b
0 1c 00 1 07 e49ae486 f6fc7872 00000000
0 08 03 0 07 7906838e e4e1802b c6d73ba0
0 09 07 1 09 0000ffff 0000ffff e49ae486
0 08 15 1 11 5279f439 e4e1802b 55555555
0 03 09 1 0a cafebabe c6d73ba0 0000ffff
0 1f 12 1 0f 6b0ee04d 55555555 414e76d1
0 04 00 1 00 41342549 80000000 00000000
0 1d 1f 1 1e 50c9dfaf d6d65639 55555555
0 1e 19 0 08 8c598a4b 50c9dfaf 8b9976f8
0 05 03 1 13 df4e5d49 00000001 c6d73ba0
0 13 13 0 00 00000000 df4e5d49 df4e5d49
0 0c 01 0 13 2a9021a9 0000ffff a8e69c58
0 1d 0b 1 1d 4643466b 4643466b 8767a75a
0 1f 1f 1 1f c34a7dda c34a7dda c34a7dda
0 13 0f 1 10 cd22fcc6 df4e5d49 6b0ee04d
0 19 16 1 16 a4cf4ff0 8b9976f8 a4cf4ff0
0 00 1c 1 00 4fae4c5a 00000000 f6fc7872
0 00 1c 0 04 61d67d40 00000000 f6fc7872
0 11 15 1 11 cafebabe cafebabe 55555555
0 1c 0f 0 05 0e9b0821 f6fc7872 6b0ee04d
0 07 06 0 09 5f2b57da e49ae486 d6acaa8c
0 0a 14 1 0a 1abaa80b 1abaa80b 8f0d3c74
0 0b 0b 1 06 2362d948 8767a75a 8767a75a
0 12 0a 0 13 b3d7d92e 414e76d1 1abaa80b
0 1c 1c 1 1c 3378378f 3378378f 3378378f
0 0f 0b 1 0c e5ca3e4a 6b0ee04d 8767a75a
0 0a 00 0 00 933d16a4 1abaa80b 00000000
0 0b 1d 0 00 062d87f4 8767a75a 4643466b
0 1d 04 0 0e cafebabe 4643466b 80000000
0 01 0e 1 17 353a5674 a8e69c58 c08a3a5c
0 05 05 1 13 d174114e 00000001 00000001
0 1d 0a 0 1d 0f92c4a4 4643466b 1abaa80b
0 15 15 1 15 18891bc0 18891bc0 18891bc0
0 1b 06 1 04 ffffffff 4bda7ab6 2362d948
0 0e 01 1 06 aa6ef8b9 c08a3a5c a8e69c58
0 1e 06 0 0b da4de65c 50c9dfaf aa6ef8b9
0 0e 18 1 1a 35d8769e c08a3a5c 546dce40
0 17 02 1 17 0000ffff 0000ffff 80000000
0 0c 1a 1 0c 7934fde5 7934fde5 35d8769e
0 1f 0d 1 05 34b42075 c34a7dda e34ad3f1
0 1f 0c 1 05 7fffffff c34a7dda 7934fde5
0 04 14 1 04 57ccd7cd 57ccd7cd 8f0d3c74
0 16 0c 1 1d 9aea18d1 a4cf4ff0 7934fde5
0 16 1b 1 1d c8fcd0fe a4cf4ff0 4bda7ab6
0 0a 1a 1 10 be636b98 1abaa80b 35d8769e
0 19 06 1 19 55a1028f 55a1028f aa6ef8b9
0 00 16 1 1f 03d54dc9 00000000 a4cf4ff0
# --- read-back sweep ---
# i_rst i_rs1_raddr i_rs2_raddr i_rd_wen i_rd_waddr i_rd_wdata | o_rs1_rdata
#     o_rs2_rdata
0 00 1f 0 00 00000000 00000000 03d54dc9
0 01 1e 0 00 00000000 a8e69c58 50c9dfaf
0 02 1d 0 00 00000000 80000000 c8fcd0fe
0 03 1c 0 00 00000000 c6d73ba0 3378378f
0 04 1b 0 00 00000000 57ccd7cd 4bda7ab6
0 05 1a 0 00 00000000 7fffffff 35d8769e
0 06 19 0 00 00000000 aa6ef8b9 55a1028f
0 07 18 0 00 00000000 e49ae486 546dce40
0 08 17 0 00 00000000 e4e1802b 0000ffff
0 09 16 0 00 00000000 0000ffff a4cf4ff0
0 0a 15 0 00 00000000 1abaa80b 18891bc0
0 0b 14 0 00 00000000 8767a75a 8f0d3c74
0 0c 13 0 00 00000000 7934fde5 d174114e
0 0d 12 0 00 00000000 e34ad3f1 414e76d1
0 0e 11 0 00 00000000 c08a3a5c cafebabe
0 0f 10 0 00 00000000 6b0ee04d be636b98
0 10 0f 0 00 00000000 be636b98 6b0ee04d
0 11 0e 0 00 00000000 cafebabe c08a3a5c
0 12 0d 0 00 00000000 414e76d1 e34ad3f1
0 13 0c 0 00 00000000 d174114e 7934fde5
0 14 0b 0 00 00000000 8f0d3c74 8767a75a
0 15 0a 0 00 00000000 18891bc0 1abaa80b
0 16 09 0 00 00000000 a4cf4ff0 0000ffff
0 17 08 0 00 00000000 0000ffff e4e1802b
0 18 07 0 00 00000000 546dce40 e49ae486
0 19 06 0 00 00000000 55a1028f aa6ef8b9
0 1a 05 0 00 00000000 35d8769e 7fffffff
0 1b 04 0 00 00000000 4bda7ab6 57ccd7cd
0 1c 03 0 00 00000000 3378378f c6d73ba0
0 1d 02 0 00 00000000 c8fcd0fe 80000000
0 1e 01 0 00 00000000 50c9dfaf a8e69c58
0 1f 00 0 00 00000000 03d54dc9 00000000
0 1f 1f 1 1f 2befa638 2befa638 2befa638
0 08 03 1 15 6206766a e4e1802b c6d73ba0
0 14 1c 0 1c 5a309748 8f0d3c74 3378378f
0 1c 12 0 1f b41e3eb4 3378378f 414e76d1
0 12 19 0 00 a7230704 414e76d1 55a1028f
0 06 18 1 18 8f9439bb aa6ef8b9 8f9439bb
0 15 05 1 08 83c48c5d 6206766a 7fffffff
0 1c 1f 1 0b 3d153842 3378378f 2befa638
0 15 13 0 00 a1d6ddb3 6206766a d174114e
0 06 1c 1 0b 00000000 aa6ef8b9 3378378f
0 0b 05 0 18 7dca1f9c 00000000 7fffffff
0 1e 15 1 1e 5342881a 5342881a 6206766a
0 05 0e 0 01 8db080c1 7fffffff c08a3a5c
0 04 16 1 1f 63db4956 57ccd7cd a4cf4ff0
0 16 1e 1 10 e3d453ff a4cf4ff0 5342881a
0 10 18 0 03 1651c0c9 e3d453ff 8f9439bb
0 10 19 1 16 6da41050 e3d453ff 55a1028f
0 01 00 1 1a c4ee42cd a8e69c58 00000000
0 1a 1a 0 00 00000000 c4ee42cd c4ee42cd
0 14 00 0 1d 7111655c 8f0d3c74 00000000
0 1d 13 1 13 73c5257c c8fcd0fe 73c5257c
0 12 12 1 12 55555555 55555555 55555555
0 02 1b 1 0a deadbeef 80000000 4bda7ab6
0 1a 0b 1 11 c15c9a7a c4ee42cd 00000000
0 17 10 1 10 4dc3840a 0000ffff 4dc3840a
0 1a 03 1 1a d587579e d587579e c6d73ba0
0 16 1a 1 17 390e1319 6da41050 d587579e
0 0b 0b 1 0b 4fdd78bd 4fdd78bd 4fdd78bd
0 14 17 1 07 fb352565 8f0d3c74 390e1319
0 0e 07 1 09 cafebabe c08a3a5c fb352565
0 09 1d 1 14 71645664 cafebabe c8fcd0fe
0 14 14 0 00 00000000 71645664 71645664
0 0e 01 1 0e 55555555 55555555 a8e69c58
0 0d 0d 0 0d 336a7f76 e34ad3f1 e34ad3f1
0 0d 0d 0 00 00000000 e34ad3f1 e34ad3f1
0 08 0d 0 02 75979d0a 83c48c5d e34ad3f1
0 08 16 1 15 3630c009 83c48c5d 6da41050
0 00 1e 0 06 55555555 00000000 5342881a
0 09 1f 0 16 bd7c8396 cafebabe 63db4956
0 0c 0a 0 08 29c5802d 7934fde5 deadbeef
0 00 07 1 0b 55555555 00000000 fb352565
0 17 1a 1 00 00000000 390e1319 d587579e
0 12 14 1 12 be5ab3ae be5ab3ae 71645664
0 01 08 1 01 0f188e4a 0f188e4a 83c48c5d
0 18 15 1 0b 90de8c13 8f9439bb 3630c009
0 09 1d 1 16 55555555 cafebabe c8fcd0fe
0 00 14 1 0c 04cc60b7 00000000 71645664
0 0c 1b 1 00 ecf68d37 04cc60b7 4bda7ab6
0 0c 00 0 0f 088020f8 04cc60b7 00000000
0 00 0a 1 1d 8f252265 00000000 deadbeef
0 09 00 1 05 cafebabe cafebabe 00000000
0 17 08 1 0f 7e286309 390e1319 83c48c5d
0 06 07 0 12 ffffffff aa6ef8b9 fb352565
0 12 0a 0 10 cafebabe be5ab3ae deadbeef
0 08 14 0 1c 7fffffff 83c48c5d 71645664
0 1c 1c 1 1c 0000ffff 0000ffff 0000ffff
0 07 1e 0 1b aaaaaaaa fb352565 5342881a
0 0c 1c 1 1c cafebabe 04cc60b7 cafebabe
0 00 1a 1 00 bd8e09d2 00000000 d587579e
0 0f 15 1 15 80000000 7e286309 80000000
0 17 08 1 17 7836eb8e 7836eb8e 83c48c5d
0 1e 02 1 10 42ff68f2 5342881a 80000000
0 0a 01 1 0f b74ec140 deadbeef 0f188e4a
0 09 00 0 12 ee9532c0 cafebabe 00000000
0 0e 17 0 18 e4d905ea 55555555 7836eb8e
0 0f 05 0 00 ae19c6a7 b74ec140 cafebabe
0 00 01 0 12 00000000 00000000 0f188e4a
0 1d 1a 1 05 063d70e6 8f252265 d587579e
0 00 0a 1 12 3212e579 00000000 deadbeef
0 10 13 1 1a af0ab209 42ff68f2 73c5257c
0 08 1f 1 08 08561e28 08561e28 63db4956
0 17 0c 0 1c 00000000 7836eb8e 04cc60b7
0 18 0c 0 0e 80000000 8f9439bb 04cc60b7
0 11 10 1 03 54576d32 c15c9a7a 42ff68f2
0 05 17 1 1c ffffffff 063d70e6 7836eb8e
# --- read-back sweep ---
# i_rst i_rs1_raddr i_rs2_raddr i_rd_wen i_rd_waddr i_rd_wdata | o_rs1_rdata
#     o_rs2_rdata
0 00 1f 0 00 00000000 00000000 63db4956
0 01 1e 0 00 00000000 0f188e4a 5342881a
0 02 1d 0 00 00000000 80000000 8f252265
0 03 1c 0 00 00000000 54576d32 ffffffff
0 04 1b 0 00 00000000 57ccd7cd 4bda7ab6
0 05 1a 0 00 00000000 063d70e6 af0ab209
0 06 19 0 00 00000000 aa6ef8b9 55a1028f
0 07 18 0 00 00000000 fb352565 8f9439bb
0 08 17 0 00 00000000 08561e28 7836eb8e
0 09 16 0 00 00000000 cafebabe 55555555
0 0a 15 0 00 00000000 deadbeef 80000000
0 0b 14 0 00 00000000 90de8c13 71645664
0 0c 13 0 00 00000000 04cc60b7 73c5257c
0 0d 12 0 00 00000000 e34ad3f1 3212e579
0 0e 11 0 00 00000000 55555555 c15c9a7a
0 0f 10 0 00 00000000 b74ec140 42ff68f2
0 10 0f 0 00 00000000 42ff68f2 b74ec140
0 11 0e 0 00 00000000 c15c9a7a 55555555
0 12 0d 0 00 00000000 3212e579 e34ad3f1
0 13 0c 0 00 00000000 73c5257c 04cc60b7
0 14 0b 0 00 00000000 71645664 90de8c13
0 15 0a 0 00 00000000 80000000 deadbeef
0 16 09 0 00 00000000 55555555 cafebabe
0 17 08 0 00 00000000 7836eb8e 08561e28
0 18 07 0 00 00000000 8f9439bb fb352565
0 19 06 0 00 00000000 55a1028f aa6ef8b9
0 1a 05 0 00 00000000 af0ab209 063d70e6
0 1b 04 0 00 00000000 4bda7ab6 57ccd7cd
0 1c 03 0 00 00000000 ffffffff 54576d32
0 1d 02 0 00 00000000 8f252265 80000000
0 1e 01 0 00 00000000 5342881a 0f188e4a
0 1f 00 0 00 00000000 63db4956 00000000
0 1e 01 1 1e e8a6fa4b e8a6fa4b 0f188e4a
0 01 11 1 00 7075cc86 0f188e4a c15c9a7a
0 01 01 1 01 f6c33ff0 f6c33ff0 f6c33ff0
0 1a 12 1 1a 8eb40e60 8eb40e60 3212e579
0 1b 1b 1 1b 16e5a73e 16e5a73e 16e5a73e
0 00 00 1 16 7fffffff 00000000 00000000
0 1c 1c 1 1c 0000ffff 0000ffff 0000ffff
0 02 10 0 1a c635c1d0 80000000 42ff68f2
0 00 15 1 09 55555555 00000000 80000000
0 0b 15 1 00 ffffffff 90de8c13 80000000
0 1f 1f 1 1f 095caa41 095caa41 095caa41
0 0d 0e 0 00 68571445 e34ad3f1 55555555
0 13 06 1 0d 60e0967a 73c5257c aa6ef8b9
0 0d 0d 0 00 00000000 60e0967a 60e0967a
0 0f 0f 1 0f efd5c412 efd5c412 efd5c412
0 17 04 1 00 6b5c1010 7836eb8e 57ccd7cd
0 0f 1c 1 0f 1cc020b0 1cc020b0 0000ffff
0 02 05 0 08 00000000 80000000 063d70e6
0 0e 19 1 0e f0a36442 f0a36442 55a1028f
0 19 0b 1 12 55555555 55a1028f 90de8c13
0 10 1b 1 13 407dcfcb 42ff68f2 16e5a73e
0 11 18 0 11 c512bf8a c15c9a7a 8f9439bb
0 00 1a 1 00 0000ffff 00000000 8eb40e60
0 04 0f 1 12 55555555 57ccd7cd 1cc020b0
0 08 0f 1 0a 9072dbd8 08561e28 1cc020b0
0 18 01 1 01 6653e66a 8f9439bb 6653e66a
0 12 00 1 08 3dd12efa 55555555 00000000
0 01 18 1 0b 796b5f65 6653e66a 8f9439bb
0 18 0b 1 0b 5934f49b 8f9439bb 5934f49b
0 06 19 1 06 b20d4451 b20d4451 55a1028f
0 11 11 0 11 7e71dc1d c15c9a7a c15c9a7a
0 11 11 0 00 00000000 c15c9a7a c15c9a7a
0 0f 16 1 11 d203cd22 1cc020b0 7fffffff
0 11 11 0 00 00000000 d203cd22 d203cd22
0 1a 01 1 00 fed7e9f5 8eb40e60 6653e66a
0 01 17 1 00 b3378738 6653e66a 7836eb8e
0 00 1f 1 0b b67aa20d 00000000 095caa41
0 1a 0d 0 03 f41e178e 8eb40e60 60e0967a
0 09 05 0 13 ea3c8c0d 55555555 063d70e6
0 0b 0b 1 0b 6cc5c6fa 6cc5c6fa 6cc5c6fa
0 09 0b 0 02 b9f989e8 55555555 6cc5c6fa
0 0a 06 0 0c 17ed4564 9072dbd8 b20d4451
0 07 15 1 18 7fffffff fb352565 80000000
0 1a 11 1 1a 68e07a99 68e07a99 d203cd22
0 02 06 0 02 813f7621 80000000 b20d4451
0 07 1a 1 07 deadbeef deadbeef 68e07a99
0 00 13 1 00 adda8488 00000000 407dcfcb
0 0a 12 0 05 99f0526b 9072dbd8 55555555
0 05 05 1 05 6ce35cac 6ce35cac 6ce35cac
0 1e 1e 1 1e ffffffff ffffffff ffffffff
0 15 08 0 03 cafebabe 80000000 3dd12efa
0 09 0c 1 0f cafebabe 55555555 04cc60b7
0 02 08 0 00 dac255cc 80000000 3dd12efa
0 1d 1e 1 0e f934f980 8f252265 ffffffff
0 08 0d 1 00 5f02ff7a 3dd12efa 60e0967a
0 00 16 1 09 0000ffff 00000000 7fffffff
0 00 00 1 13 00000001 00000000 00000000
0 14 01 0 06 fa877b8e 71645664 6653e66a
0 06 0c 1 19 7fffffff b20d4451 04cc60b7
0 0f 0e 1 19 af9e5f49 cafebabe f934f980
0 0a 00 0 00 f0e61387 9072dbd8 00000000
0 06 15 1 06 667bfa8e 667bfa8e 80000000
0 19 15 0 0c e03ef6fc af9e5f49 80000000
0 15 08 0 0d 4c50f489 80000000 3dd12efa
0 00 1d 0 00 07b02db5 00000000 8f252265
0 15 07 0 06 0c4e1aa3 80000000 deadbeef
0 03 17 0 1a 1e3c5232 54576d32 7836eb8e
0 09 15 0 0b 1ee67316 0000ffff 80000000
0 07 17 1 11 40c775b7 deadbeef 7836eb8e
0 0e 00 0 05 7fffffff f934f980 00000000
0 00 02 1 16 deadbeef 00000000 80000000
0 1a 00 1 15 00000000 68e07a99 00000000
0 1d 1d 1 1d 159a86ba 159a86ba 159a86ba
0 00 12 0 16 79409ded 00000000 55555555
0 00 12 0 0f 94377ab8 00000000 55555555
0 06 1a 1 07 e842eadf 667bfa8e 68e07a99
0 16 06 1 00 00000001 deadbeef 667bfa8e
0 00 0e 1 13 cd7eb439 00000000 f934f980
0 02 02 0 02 84c5a2f6 80000000 80000000
0 02 02 0 00 00000000 80000000 80000000
0 1b 07 1 1b 26433439 26433439 e842eadf
0 1a 0b 1 1a 7fffffff 7fffffff 6cc5c6fa
0 09 10 1 1b 6b4108a2 0000ffff 42ff68f2
0 0e 14 1 08 6fadcf9e f934f980 71645664
0 02 1b 0 0b 80000000 80000000 6b4108a2
0 00 13 0 12 aaaaaaaa 00000000 cd7eb439
0 0d 1a 0 17 dae3d964 60e0967a 7fffffff
0 0e 13 0 16 7fffffff f934f980 cd7eb439
0 19 13 0 10 71a23af9 af9e5f49 cd7eb439
0 1d 18 1 16 da3e5c7d 159a86ba 7fffffff
0 13 18 1 0d e0c50a0b cd7eb439 7fffffff
0 0f 07 1 0f 13b9b0c4 13b9b0c4 e842eadf
0 01 00 1 07 00000001 6653e66a 00000000
0 19 0f 1 00 1c02f3bf af9e5f49 13b9b0c4
0 01 18 1 16 f712af76 6653e66a 7fffffff
0 05 03 0 1d c95a2526 6ce35cac 54576d32
0 03 1b 1 1c 00000001 54576d32 6b4108a2
0 10 04 1 1e 00000000 42ff68f2 57ccd7cd
0 10 19 1 19 e4527c86 42ff68f2 e4527c86
# --- read-back sweep ---
# i_rst i_rs1_raddr i_rs2_raddr i_rd_wen i_rd_waddr i_rd_wdata | o_rs1_rdata
#     o_rs2_rdata
0 00 1f 0 00 00000000 00000000 095caa41
0 01 1e 0 00 00000000 6653e66a 00000000
0 02 1d 0 00 00000000 80000000 159a86ba
0 03 1c 0 00 00000000 54576d32 00000001
0 04 1b 0 00 00000000 57ccd7cd 6b4108a2
0 05 1a 0 00 00000000 6ce35cac 7fffffff
0 06 19 0 00 00000000 667bfa8e e4527c86
0 07 18 0 00 00000000 00000001 7fffffff
0 08 17 0 00 00000000 6fadcf9e 7836eb8e
0 09 16 0 00 00000000 0000ffff f712af76
0 0a 15 0 00 00000000 9072dbd8 00000000
0 0b 14 0 00 00000000 6cc5c6fa 71645664
0 0c 13 0 00 00000000 04cc60b7 cd7eb439
0 0d 12 0 00 00000000 e0c50a0b 55555555
0 0e 11 0 00 00000000 f934f980 40c775b7
0 0f 10 0 00 00000000 13b9b0c4 42ff68f2
0 10 0f 0 00 00000000 42ff68f2 13b9b0c4
0 11 0e 0 00 00000000 40c775b7 f934f980
0 12 0d 0 00 00000000 55555555 e0c50a0b
0 13 0c 0 00 00000000 cd7eb439 04cc60b7
0 14 0b 0 00 00000000 71645664 6cc5c6fa
0 15 0a 0 00 00000000 00000000 9072dbd8
0 16 09 0 00 00000000 f712af76 0000ffff
0 17 08 0 00 00000000 7836eb8e 6fadcf9e
0 18 07 0 00 00000000 7fffffff 00000001
0 19 06 0 00 00000000 e4527c86 667bfa8e
0 1a 05 0 00 00000000 7fffffff 6ce35cac
0 1b 04 0 00 00000000 6b4108a2 57ccd7cd
0 1c 03 0 00 00000000 00000001 54576d32
0 1d 02 0 00 00000000 159a86ba 80000000
0 1e 01 0 00 00000000 00000000 6653e66a
0 1f 00 0 00 00000000 095caa41 00000000
0 0d 1e 1 1f 80000000 e0c50a0b 00000000
0 1c 14 1 1e 6eea37b7 00000001 71645664
0 09 09 1 0f 80000000 0000ffff 0000ffff
0 01 14 0 05 e6bfca87 6653e66a 71645664
0 01 07 1 07 e0e3da70 6653e66a e0e3da70
0 06 06 0 06 2929050d 667bfa8e 667bfa8e
0 06 06 0 00 00000000 667bfa8e 667bfa8e
0 0b 1f 1 10 f8fa97b6 6cc5c6fa 80000000
0 14 00 1 06 bbd621e2 71645664 00000000
0 00 11 0 16 6550914d 00000000 40c775b7
0 10 02 0 17 1d8ee9e5 f8fa97b6 80000000
0 02 1f 1 07 52bc2ffa 80000000 80000000
0 07 07 0 00 00000000 52bc2ffa 52bc2ffa
0 11 15 1 0a 88018f21 40c775b7 00000000
0 0a 0a 0 00 00000000 88018f21 88018f21
0 02 00 0 16 8579d9e1 80000000 00000000
0 0b 19 1 19 55555555 6cc5c6fa 55555555
0 13 03 1 13 01ca711a 01ca711a 54576d32
0 16 04 0 17 f1469021 f712af76 57ccd7cd
# --- read-back sweep ---
# i_rst i_rs1_raddr i_rs2_raddr i_rd_wen i_rd_waddr i_rd_wdata | o_rs1_rdata
#     o_rs2_rdata
0 00 1f 0 00 00000000 00000000 80000000
0 01 1e 0 00 00000000 6653e66a 6eea37b7
0 02 1d 0 00 00000000 80000000 159a86ba
0 03 1c 0 00 00000000 54576d32 00000001
0 04 1b 0 00 00000000 57ccd7cd 6b4108a2
0 05 1a 0 00 00000000 6ce35cac 7fffffff
0 06 19 0 00 00000000 bbd621e2 55555555
0 07 18 0 00 00000000 52bc2ffa 7fffffff
0 08 17 0 00 00000000 6fadcf9e 7836eb8e
0 09 16 0 00 00000000 0000ffff f712af76
0 0a 15 0 00 00000000 88018f21 00000000
0 0b 14 0 00 00000000 6cc5c6fa 71645664
0 0c 13 0 00 00000000 04cc60b7 01ca711a
0 0d 12 0 00 00000000 e0c50a0b 55555555
0 0e 11 0 00 00000000 f934f980 40c775b7
0 0f 10 0 00 00000000 80000000 f8fa97b6
0 10 0f 0 00 00000000 f8fa97b6 80000000
0 11 0e 0 00 00000000 40c775b7 f934f980
0 12 0d 0 00 00000000 55555555 e0c50a0b
0 13 0c 0 00 00000000 01ca711a 04cc60b7
0 14 0b 0 00 00000000 71645664 6cc5c6fa
0 15 0a 0 00 00000000 00000000 88018f21
0 16 09 0 00 00000000 f712af76 0000ffff
0 17 08 0 00 00000000 7836eb8e 6fadcf9e
0 18 07 0 00 00000000 7fffffff 52bc2ffa
0 19 06 0 00 00000000 55555555 bbd621e2
0 1a 05 0 00 00000000 7fffffff 6ce35cac
0 1b 04 0 00 00000000 6b4108a2 57ccd7cd
0 1c 03 0 00 00000000 00000001 54576d32
0 1d 02 0 00 00000000 159a86ba 80000000
0 1e 01 0 00 00000000 6eea37b7 6653e66a
0 1f 00 0 00 00000000 80000000 00000000
0 00 0c 1 12 cafebabe 00000000 04cc60b7
0 1c 0a 1 0b 6375be9d 00000001 88018f21
0 16 05 1 05 00000001 f712af76 00000001
0 19 0d 1 1a 1626a04a 55555555 e0c50a0b
0 17 15 1 0e f5369f74 7836eb8e 00000000
0 16 1f 0 15 e303be49 f712af76 80000000
0 10 01 1 05 a03acc6f f8fa97b6 6653e66a
0 15 0d 1 14 9910c36b 00000000 e0c50a0b
0 15 11 0 0b b195690e 00000000 40c775b7
0 1d 00 1 19 51aa6f97 159a86ba 00000000
0 0a 15 0 01 c0f44250 88018f21 00000000
0 15 08 0 01 cafebabe 00000000 6fadcf9e
0 08 00 1 11 a8ca5935 6fadcf9e 00000000
0 0f 0f 1 0f deadd76a deadd76a deadd76a
0 04 04 1 04 78b96fe1 78b96fe1 78b96fe1
0 0d 02 1 03 3a0b808c e0c50a0b 80000000
0 03 18 1 01 512f4223 3a0b808c 7fffffff
0 01 01 0 00 00000000 512f4223 512f4223
0 10 09 1 1a e4f96f81 f8fa97b6 0000ffff
0 00 15 1 05 5edffcaf 00000000 00000000
0 05 05 0 00 00000000 5edffcaf 5edffcaf
0 16 1c 1 19 2ce6a4ab f712af76 00000001
0 0a 0b 1 1b 2e11fa10 88018f21 6375be9d
0 1b 1b 0 00 00000000 2e11fa10 2e11fa10
0 16 19 1 16 ffffffff ffffffff 2ce6a4ab
0 06 12 1 12 d8f8c3fd bbd621e2 d8f8c3fd
0 03 03 1 03 7149db7a 7149db7a 7149db7a
0 00 0a 1 00 7fffffff 00000000 88018f21
0 08 08 1 08 80588fde 80588fde 80588fde
0 00 00 1 00 0000ffff 00000000 00000000
0 1d 08 1 02 deadbeef 159a86ba 80588fde
0 0a 1b 1 06 e124c018 88018f21 2e11fa10
0 0e 00 1 0e 117f794f 117f794f 00000000
0 0a 07 1 0f 7123eebd 88018f21 52bc2ffa
0 00 06 0 13 f39743d7 00000000 e124c018
0 00 12 1 0e 80000000 00000000 d8f8c3fd
0 00 19 1 0c cf13cacc 00000000 2ce6a4ab
0 02 0b 1 02 a821711c a821711c 6375be9d
0 03 12 1 19 e4b80408 7149db7a d8f8c3fd
0 01 0d 1 00 f3f1f608 512f4223 e0c50a0b
0 00 1e 1 1a 34e4f3fa 00000000 6eea37b7
0 10 0e 1 00 ffffffff f8fa97b6 80000000
0 04 05 0 1b 84d5e746 78b96fe1 5edffcaf
0 14 03 1 16 d7c3c1f9 9910c36b 7149db7a
0 1a 05 1 0b f81fb938 34e4f3fa 5edffcaf
0 0b 0b 0 00 00000000 f81fb938 f81fb938
0 00 1d 1 04 cfbe7bae 00000000 159a86ba
0 0b 0b 1 0b 87d32a0e 87d32a0e 87d32a0e
0 0e 10 1 10 fbb10ba9 80000000 fbb10ba9
0 0d 03 1 03 32a61f04 e0c50a0b 32a61f04
0 12 05 1 12 6fba8b68 6fba8b68 5edffcaf
0 06 11 1 06 ffffffff ffffffff a8ca5935
0 14 09 1 14 de507d31 de507d31 0000ffff
0 01 03 0 00 8c6994bb 512f4223 32a61f04
0 16 03 0 10 d3e78ed8 d7c3c1f9 32a61f04
0 1b 0b 1 15 f0ffacfe 2e11fa10 87d32a0e
0 0e 10 0 00 a04aea8b 80000000 fbb10ba9
0 06 06 1 06 a88f1db4 a88f1db4 a88f1db4
0 1c 0d 1 00 6acf324b 00000001 e0c50a0b
0 0f 1c 1 11 927e619a 7123eebd 00000001
0 11 11 0 00 00000000 927e619a 927e619a
0 18 15 1 01 7401f545 7fffffff f0ffacfe
0 0b 00 0 1c c13a03bd 87d32a0e 00000000
0 00 11 1 00 45c08634 00000000 927e619a
0 13 00 0 00 4b22df0e 01ca711a 00000000
0 12 0c 0 1c 6e721ddc 6fba8b68 cf13cacc
0 09 12 1 12 ef0f4a80 0000ffff ef0f4a80
0 02 1f 1 04 676fea11 a821711c 80000000
0 14 01 1 0d 4b7f47cb de507d31 7401f545
0 0e 0b 1 10 9716ddd1 80000000 87d32a0e
0 07 1f 1 07 b604d803 b604d803 80000000
0 12 05 1 12 55b8f59d 55b8f59d 5edffcaf
0 15 1b 1 16 74671445 f0ffacfe 2e11fa10
0 0d 0d 1 0d 360c5d47 360c5d47 360c5d47
0 0f 06 1 0a 00000001 7123eebd a88f1db4
0 10 0c 1 09 9ec65d2e 9716ddd1 cf13cacc
0 0a 1b 0 1c 5828f6c9 00000001 2e11fa10
0 16 00 1 16 54b0f154 54b0f154 00000000
0 16 16 0 00 00000000 54b0f154 54b0f154
0 0f 0c 0 02 7c63d6d3 7123eebd cf13cacc
0 1f 00 0 07 55555555 80000000 00000000
0 1e 18 1 14 5c6aeb4e 6eea37b7 7fffffff
0 13 01 0 0e 1174a702 01ca711a 7401f545
0 09 02 0 02 ca0c6911 9ec65d2e a821711c
0 03 0b 1 0e 779fbd35 32a61f04 87d32a0e
0 11 17 0 00 c7bf4270 927e619a 7836eb8e
0 1a 0a 0 12 522a8175 34e4f3fa 00000001
0 02 05 0 10 59d297ad a821711c 5edffcaf
0 0f 1c 1 0f b27b4e6e b27b4e6e 00000001
0 1a 0f 1 1e 8182bd65 34e4f3fa b27b4e6e
0 05 13 1 0e 55555555 5edffcaf 01ca711a
0 10 1f 1 10 35f6d48b 35f6d48b 80000000
0 05 00 1 09 35267a6e 5edffcaf 00000000
0 07 00 1 07 4759db4a 4759db4a 00000000
0 17 17 0 17 dc8a5096 7836eb8e 7836eb8e
0 17 17 0 00 00000000 7836eb8e 7836eb8e
0 07 0b 0 01 0703ddab 4759db4a 87d32a0e
0 0f 12 1 0c 7ef31878 b27b4e6e 55b8f59d
0 03 03 0 03 34656b95 32a61f04 32a61f04
0 03 03 0 00 00000000 32a61f04 32a61f04
0 08 1b 0 0d a24a734a 80588fde 2e11fa10
0 1c 1f 1 0c 70e253fb 00000001 80000000
0 0c 0c 0 00 00000000 70e253fb 70e253fb
0 1e 1a 1 13 a46e78b0 8182bd65 34e4f3fa
0 13 13 0 00 00000000 a46e78b0 a46e78b0
0 04 1d 0 15 00000001 676fea11 159a86ba
0 03 1f 1 0d a0b4fdb2 32a61f04 80000000
0 02 08 1 00 5716a315 a821711c 80588fde
0 16 18 1 1d 3c9bc1ab 54b0f154 7fffffff
0 1d 1d 0 00 00000000 3c9bc1ab 3c9bc1ab
0 0a 0a 0 0a 515a522c 00000001 00000001
0 0a 0a 0 00 00000000 00000001 00000001
0 15 10 1 17 14fbfe00 f0ffacfe 35f6d48b
0 11 05 0 00 00000000 927e619a 5edffcaf
0 14 16 1 06 ee67c18e 5c6aeb4e 54b0f154
0 14 09 1 1a 90f61985 5c6aeb4e 35267a6e
0 19 08 1 0e 29e4af30 e4b80408 80588fde
0 16 19 1 16 1be9e4af 1be9e4af e4b80408
0 00 19 0 14 77ad8011 00000000 e4b80408
0 14 08 1 0a 00000001 5c6aeb4e 80588fde
0 18 04 1 07 2b5283ab 7fffffff 676fea11
0 03 03 1 03 871174ba 871174ba 871174ba
0 00 1f 1 12 27285b37 00000000 80000000
# --- read-back sweep ---
# i_rst i_rs1_raddr i_rs2_raddr i_rd_wen i_rd_waddr i_rd_wdata | o_rs1_rdata
#     o_rs2_rdata
0 00 1f 0 00 00000000 00000000 80000000
0 01 1e 0 00 00000000 7401f545 8182bd65
0 02 1d 0 00 00000000 a821711c 3c9bc1ab
0 03 1c 0 00 00000000 871174ba 00000001
0 04 1b 0 00 00000000 676fea11 2e11fa10
0 05 1a 0 00 00000000 5edffcaf 90f61985
0 06 19 0 00 00000000 ee67c18e e4b80408
0 07 18 0 00 00000000 2b5283ab 7fffffff
0 08 17 0 00 00000000 80588fde 14fbfe00
0 09 16 0 00 00000000 35267a6e 1be9e4af
0 0a 15 0 00 00000000 00000001 f0ffacfe
0 0b 14 0 00 00000000 87d32a0e 5c6aeb4e
0 0c 13 0 00 00000000 70e253fb a46e78b0
0 0d 12 0 00 00000000 a0b4fdb2 27285b37
0 0e 11 0 00 00000000 29e4af30 927e619a
0 0f 10 0 00 00000000 b27b4e6e 35f6d48b
0 10 0f 0 00 00000000 35f6d48b b27b4e6e
0 11 0e 0 00 00000000 927e619a 29e4af30
0 12 0d 0 00 00000000 27285b37 a0b4fdb2
0 13 0c 0 00 00000000 a46e78b0 70e253fb
0 14 0b 0 00 00000000 5c6aeb4e 87d32a0e
0 15 0a 0 00 00000000 f0ffacfe 00000001
0 16 09 0 00 00000000 1be9e4af 35267a6e
0 17 08 0 00 00000000 14fbfe00 80588fde
0 18 07 0 00 00000000 7fffffff 2b5283ab
0 19 06 0 00 00000000 e4b80408 ee67c18e
0 1a 05 0 00 00000000 90f61985 5edffcaf
0 1b 04 0 00 00000000 2e11fa10 676fea11
0 1c 03 0 00 00000000 00000001 871174ba
0 1d 02 0 00 00000000 3c9bc1ab a821711c
0 1e 01 0 00 00000000 8182bd65 7401f545
0 1f 00 0 00 00000000 80000000 00000000
0 16 0f 1 09 8908c7e7 1be9e4af b27b4e6e
# --- read-back sweep ---
# i_rst i_rs1_raddr i_rs2_raddr i_rd_wen i_rd_waddr i_rd_wdata | o_rs1_rdata
#     o_rs2_rdata
0 00 1f 0 00 00000000 00000000 80000000
0 01 1e 0 00 00000000 7401f545 8182bd65
0 02 1d 0 00 00000000 a821711c 3c9bc1ab
0 03 1c 0 00 00000000 871174ba 00000001
0 04 1b 0 00 00000000 676fea11 2e11fa10
0 05 1a 0 00 00000000 5edffcaf 90f61985
0 06 19 0 00 00000000 ee67c18e e4b80408
0 07 18 0 00 00000000 2b5283ab 7fffffff
0 08 17 0 00 00000000 80588fde 14fbfe00
0 09 16 0 00 00000000 8908c7e7 1be9e4af
0 0a 15 0 00 00000000 00000001 f0ffacfe
0 0b 14 0 00 00000000 87d32a0e 5c6aeb4e
0 0c 13 0 00 00000000 70e253fb a46e78b0
0 0d 12 0 00 00000000 a0b4fdb2 27285b37
0 0e 11 0 00 00000000 29e4af30 927e619a
0 0f 10 0 00 00000000 b27b4e6e 35f6d48b
0 10 0f 0 00 00000000 35f6d48b b27b4e6e
0 11 0e 0 00 00000000 927e619a 29e4af30
0 12 0d 0 00 00000000 27285b37 a0b4fdb2
0 13 0c 0 00 00000000 a46e78b0 70e253fb
0 14 0b 0 00 00000000 5c6aeb4e 87d32a0e
0 15 0a 0 00 00000000 f0ffacfe 00000001
0 16 09 0 00 00000000 1be9e4af 8908c7e7
0 17 08 0 00 00000000 14fbfe00 80588fde
0 18 07 0 00 00000000 7fffffff 2b5283ab
0 19 06 0 00 00000000 e4b80408 ee67c18e
0 1a 05 0 00 00000000 90f61985 5edffcaf
0 1b 04 0 00 00000000 2e11fa10 676fea11
0 1c 03 0 00 00000000 00000001 871174ba
0 1d 02 0 00 00000000 3c9bc1ab a821711c
0 1e 01 0 00 00000000 8182bd65 7401f545
0 1f 00 0 00 00000000 80000000 00000000
0 13 06 1 06 41846a39 a46e78b0 41846a39
0 0f 13 1 0f c74af913 c74af913 a46e78b0
0 15 04 1 15 03f33d55 03f33d55 676fea11
0 17 07 1 10 00000000 14fbfe00 2b5283ab
0 18 17 1 0f e556ba6b 7fffffff 14fbfe00
0 0f 0f 0 00 00000000 e556ba6b e556ba6b
0 06 06 0 06 0110470c 41846a39 41846a39
0 06 06 0 00 00000000 41846a39 41846a39
0 1c 0d 1 11 719af5b3 00000001 a0b4fdb2
0 1c 10 0 05 7fffffff 00000001 00000000
0 11 00 0 11 13ec62ab 719af5b3 00000000
0 1c 19 1 04 1e6a04aa 00000001 e4b80408
0 05 04 0 17 2089e1a9 5edffcaf 1e6a04aa
0 12 0d 1 0d 0000ffff 27285b37 0000ffff
0 12 12 0 12 1fe399ef 27285b37 27285b37
0 12 12 0 00 00000000 27285b37 27285b37
0 1d 1d 1 1d 85bba675 85bba675 85bba675
0 00 1f 0 05 55555555 00000000 80000000
0 13 1b 0 19 f11880b7 a46e78b0 2e11fa10
0 00 01 1 12 958c2869 00000000 7401f545
0 12 12 0 00 00000000 958c2869 958c2869
0 07 03 1 07 1fe9ba84 1fe9ba84 871174ba
0 0d 13 1 0d 9447f0c2 9447f0c2 a46e78b0
0 0f 15 0 0a 00000001 e556ba6b 03f33d55
0 1f 16 0 00 cafebabe 80000000 1be9e4af
0 07 1a 1 07 8494b314 8494b314 90f61985
0 07 07 1 07 52b7ab3e 52b7ab3e 52b7ab3e
0 15 1f 1 0b deadbeef 03f33d55 80000000
0 1f 1f 1 1f 7fffffff 7fffffff 7fffffff
0 05 05 0 05 cb0e76e9 5edffcaf 5edffcaf
0 05 05 0 00 00000000 5edffcaf 5edffcaf
0 05 0b 1 05 cafebabe cafebabe deadbeef
0 03 12 0 1f 0000ffff 871174ba 958c2869
0 1c 1e 0 15 0fe05161 00000001 8182bd65
0 11 06 1 12 00000001 719af5b3 41846a39
0 08 08 1 08 ee3ae6b1 ee3ae6b1 ee3ae6b1
0 15 0c 1 1b 8b9943a8 03f33d55 70e253fb
# --- read-back sweep ---
# i_rst i_rs1_raddr i_rs2_raddr i_rd_wen i_rd_waddr i_rd_wdata | o_rs1_rdata
#     o_rs2_rdata
0 00 1f 0 00 00000000 00000000 7fffffff
0 01 1e 0 00 00000000 7401f545 8182bd65
0 02 1d 0 00 00000000 a821711c 85bba675
0 03 1c 0 00 00000000 871174ba 00000001
0 04 1b 0 00 00000000 1e6a04aa 8b9943a8
0 05 1a 0 00 00000000 cafebabe 90f61985
0 06 19 0 00 00000000 41846a39 e4b80408
0 07 18 0 00 00000000 52b7ab3e 7fffffff
0 08 17 0 00 00000000 ee3ae6b1 14fbfe00
0 09 16 0 00 00000000 8908c7e7 1be9e4af
0 0a 15 0 00 00000000 00000001 03f33d55
0 0b 14 0 00 00000000 deadbeef 5c6aeb4e
0 0c 13 0 00 00000000 70e253fb a46e78b0
0 0d 12 0 00 00000000 9447f0c2 00000001
0 0e 11 0 00 00000000 29e4af30 719af5b3
0 0f 10 0 00 00000000 e556ba6b 00000000
0 10 0f 0 00 00000000 00000000 e556ba6b
0 11 0e 0 00 00000000 719af5b3 29e4af30
0 12 0d 0 00 00000000 00000001 9447f0c2
0 13 0c 0 00 00000000 a46e78b0 70e253fb
0 14 0b 0 00 00000000 5c6aeb4e deadbeef
0 15 0a 0 00 00000000 03f33d55 00000001
0 16 09 0 00 00000000 1be9e4af 8908c7e7
0 17 08 0 00 00000000 14fbfe00 ee3ae6b1
0 18 07 0 00 00000000 7fffffff 52b7ab3e
0 19 06 0 00 00000000 e4b80408 41846a39
0 1a 05 0 00 00000000 90f61985 cafebabe
0 1b 04 0 00 00000000 8b9943a8 1e6a04aa
0 1c 03 0 00 00000000 00000001 871174ba
0 1d 02 0 00 00000000 85bba675 a821711c
0 1e 01 0 00 00000000 8182bd65 7401f545
0 1f 00 0 00 00000000 7fffffff 00000000
0 0d 05 0 02 d48d2fd8 9447f0c2 cafebabe
0 0e 07 0 08 91d4ba85 29e4af30 52b7ab3e
0 00 00 1 00 00c08dfa 00000000 00000000
0 0c 1a 1 17 d78fd150 70e253fb 90f61985
0 17 17 0 00 00000000 d78fd150 d78fd150
0 00 11 1 01 3ca586f0 00000000 719af5b3
0 03 0d 1 00 71f6f8fc 871174ba 9447f0c2
0 00 00 0 0d 7fffffff 00000000 00000000
0 1a 01 0 10 5136a0d6 90f61985 3ca586f0
0 1a 17 1 1a 50df25b5 50df25b5 d78fd150
0 1d 16 0 04 ffffffff 85bba675 1be9e4af
0 19 19 0 19 87f06387 e4b80408 e4b80408
0 19 19 0 00 00000000 e4b80408 e4b80408
0 04 11 1 00 3b33d77c 1e6a04aa 719af5b3
0 18 18 0 18 fadc7f3d 7fffffff 7fffffff
0 18 18 0 00 00000000 7fffffff 7fffffff
0 0a 07 1 15 55555555 00000001 52b7ab3e
0 11 02 1 11 77f4e396 77f4e396 a821711c
0 09 12 1 07 8dc52932 8908c7e7 00000001
0 1b 00 1 08 262c95fc 8b9943a8 00000000
0 17 17 1 17 77e1e5df 77e1e5df 77e1e5df
0 13 08 0 00 d4e47ff4 a46e78b0 262c95fc
0 17 1c 1 15 e77d14dd 77e1e5df 00000001
0 15 15 1 15 ba1d1fc1 ba1d1fc1 ba1d1fc1
0 10 0e 1 10 7fffffff 7fffffff 29e4af30
0 02 19 1 19 00000001 a821711c 00000001
0 1a 1c 1 12 c48700ca 50df25b5 00000001
0 0d 12 0 06 00000000 9447f0c2 c48700ca
0 1c 0c 0 0d 33cabaa7 00000001 70e253fb
0 1a 1d 0 0d 6e6e523c 50df25b5 85bba675
0 03 06 1 03 866916f1 866916f1 41846a39
0 0a 1f 1 1b 2df6a289 00000001 7fffffff
0 08 13 1 08 acf45d2f acf45d2f a46e78b0
0 12 13 0 1d 7fffffff c48700ca a46e78b0
0 0e 00 0 00 5e21da28 29e4af30 00000000
0 0d 0d 1 0d 8b65f5d5 8b65f5d5 8b65f5d5
0 01 14 1 1c 55555555 3ca586f0 5c6aeb4e
0 1e 12 0 1f f38adf82 8182bd65 c48700ca
0 0d 09 1 1d 3c509f71 8b65f5d5 8908c7e7
0 06 1e 1 03 5f27822b 41846a39 8182bd65
0 15 03 1 09 80000000 ba1d1fc1 5f27822b
0 04 11 0 00 ffffffff 1e6a04aa 77f4e396
0 14 13 0 15 063fa293 5c6aeb4e a46e78b0
0 1f 0a 1 10 98ac6e7b 7fffffff 00000001
0 17 00 1 08 fbc3f39d 77e1e5df 00000000
0 18 1d 1 18 d0f88ac4 d0f88ac4 3c509f71
0 18 18 0 00 00000000 d0f88ac4 d0f88ac4
0 0c 09 1 17 55555555 70e253fb 80000000
0 17 1b 1 1e 55555555 55555555 2df6a289
0 11 0b 1 12 4912172f 77f4e396 deadbeef
0 12 12 0 00 00000000 4912172f 4912172f
0 16 0a 1 16 a06d4ab1 a06d4ab1 00000001
0 0d 12 1 09 95ca9fa4 8b65f5d5 4912172f
0 03 12 1 0a aaaaaaaa 5f27822b 4912172f
0 1e 02 1 1e 0000ffff 0000ffff a821711c
0 10 04 1 05 a45effcc 98ac6e7b 1e6a04aa
0 16 16 0 16 5fa97b35 a06d4ab1 a06d4ab1
0 16 16 0 00 00000000 a06d4ab1 a06d4ab1
0 1e 1f 0 00 4205515b 0000ffff 7fffffff
0 0e 0e 1 0e 162b06f7 162b06f7 162b06f7
0 05 0c 1 09 5e66bc74 a45effcc 70e253fb
0 18 1e 1 03 5a811f3c d0f88ac4 0000ffff
0 10 15 1 18 dbce151a 98ac6e7b ba1d1fc1
0 17 03 0 1a 59a7e147 55555555 5a811f3c
0 1d 0a 1 1d 0000ffff 0000ffff aaaaaaaa
0 16 00 0 09 ffffffff a06d4ab1 00000000
0 16 14 1 19 f4c43fe6 a06d4ab1 5c6aeb4e
0 01 01 1 01 b2411959 b2411959 b2411959
0 17 16 1 17 55555555 55555555 a06d4ab1
0 1e 1f 1 1f 70c3d9b0 0000ffff 70c3d9b0
0 0d 09 1 08 00000000 8b65f5d5 5e66bc74
0 12 0e 1 11 451d0908 4912172f 162b06f7
0 04 04 1 17 14509ab2 1e6a04aa 1e6a04aa
# --- read-back sweep ---
# i_rst i_rs1_raddr i_rs2_raddr i_rd_wen i_rd_waddr i_rd_wdata | o_rs1_rdata
#     o_rs2_rdata
0 00 1f 0 00 00000000 00000000 70c3d9b0
0 01 1e 0 00 00000000 b2411959 0000ffff
0 02 1d 0 00 00000000 a821711c 0000ffff
0 03 1c 0 00 00000000 5a811f3c 55555555
0 04 1b 0 00 00000000 1e6a04aa 2df6a289
0 05 1a 0 00 00000000 a45effcc 50df25b5
0 06 19 0 00 00000000 41846a39 f4c43fe6
0 07 18 0 00 00000000 8dc52932 dbce151a
0 08 17 0 00 00000000 00000000 14509ab2
0 09 16 0 00 00000000 5e66bc74 a06d4ab1
0 0a 15 0 00 00000000 aaaaaaaa ba1d1fc1
0 0b 14 0 00 00000000 deadbeef 5c6aeb4e
0 0c 13 0 00 00000000 70e253fb a46e78b0
0 0d 12 0 00 00000000 8b65f5d5 4912172f
0 0e 11 0 00 00000000 162b06f7 451d0908
0 0f 10 0 00 00000000 e556ba6b 98ac6e7b
0 10 0f 0 00 00000000 98ac6e7b e556ba6b
0 11 0e 0 00 00000000 451d0908 162b06f7
0 12 0d 0 00 00000000 4912172f 8b65f5d5
0 13 0c 0 00 00000000 a46e78b0 70e253fb
0 14 0b 0 00 00000000 5c6aeb4e deadbeef
0 15 0a 0 00 00000000 ba1d1fc1 aaaaaaaa
0 16 09 0 00 00000000 a06d4ab1 5e66bc74
0 17 08 0 00 00000000 14509ab2 00000000
0 18 07 0 00 00000000 dbce151a 8dc52932
0 19 06 0 00 00000000 f4c43fe6 41846a39
0 1a 05 0 00 00000000 50df25b5 a45effcc
0 1b 04 0 00 00000000 2df6a289 1e6a04aa
0 1c 03 0 00 00000000 55555555 5a811f3c
0 1d 02 0 00 00000000 0000ffff a821711c
0 1e 01 0 00 00000000 0000ffff b2411959
0 1f 00 0 00 00000000 70c3d9b0 00000000
0 03 06 1 03 f4fc54dc f4fc54dc 41846a39
0 0c 0c 1 0c 5b6c4432 5b6c4432 5b6c4432
0 1f 03 1 0c cdb3a731 70c3d9b0 f4fc54dc
0 14 00 0 12 4272ae16 5c6aeb4e 00000000
0 11 04 1 1d 373895b8 451d0908 1e6a04aa
0 12 00 0 02 deadbeef 4912172f 00000000
0 01 16 0 08 adb76741 b2411959 a06d4ab1
0 1e 1e 1 1e b0f8618d b0f8618d b0f8618d
0 00 10 1 00 2a6d4fcf 00000000 98ac6e7b
0 04 04 1 04 0000ffff 0000ffff 0000ffff
0 1f 01 0 04 151afb71 70c3d9b0 b2411959
0 03 04 1 00 0000ffff f4fc54dc 0000ffff
0 15 00 0 11 0000ffff ba1d1fc1 00000000
0 12 0f 1 00 779758c6 4912172f e556ba6b
0 00 15 1 00 3ef12e8f 00000000 ba1d1fc1
0 11 07 1 11 cafebabe cafebabe 8dc52932
0 0f 19 1 0f 65dda228 65dda228 f4c43fe6
0 1d 01 0 0d ffffffff 373895b8 b2411959
0 0a 06 0 00 00000001 aaaaaaaa 41846a39
0 00 16 1 1d d28a2a16 00000000 a06d4ab1
0 04 04 0 04 84380fae 0000ffff 0000ffff
0 04 04 0 00 00000000 0000ffff 0000ffff
0 0b 03 0 05 05016980 deadbeef f4fc54dc
0 1d 0f 1 1d 80000000 80000000 65dda228
0 17 0d 1 17 00000001 00000001 8b65f5d5
0 00 04 1 19 0dc8e898 00000000 0000ffff
0 14 00 0 1e 153e141b 5c6aeb4e 00000000
0 09 0a 1 0a 0000ffff 5e66bc74 0000ffff
0 11 03 1 11 6047a4e5 6047a4e5 f4fc54dc
0 00 1a 1 13 73761db1 00000000 50df25b5
0 13 00 1 00 00000001 73761db1 00000000
0 17 14 1 17 ad0ffc49 ad0ffc49 5c6aeb4e
0 0c 00 1 00 7fffffff cdb3a731 00000000
0 04 00 0 0d 0adea9e8 0000ffff 00000000
0 1b 11 1 07 be327b5e 2df6a289 6047a4e5
0 18 1d 0 1c 8f766cfc dbce151a 80000000
0 10 1f 1 00 5c4faadd 98ac6e7b 70c3d9b0
0 00 1e 1 13 bd6c0fd0 00000000 b0f8618d
0 13 13 0 00 00000000 bd6c0fd0 bd6c0fd0
0 00 09 0 09 7fffffff 00000000 5e66bc74
0 1d 1f 1 1d deadbeef deadbeef 70c3d9b0
0 04 04 1 04 547112e3 547112e3 547112e3
0 1e 15 1 11 48ee24ee b0f8618d ba1d1fc1
0 00 19 1 18 52992f44 00000000 0dc8e898
0 02 00 1 0a 009075cc a821711c 00000000
0 00 0d 1 0d d1336630 00000000 d1336630
0 16 1a 1 06 a8bb09a1 a06d4ab1 50df25b5
0 1d 1d 1 1d 4823003f 4823003f 4823003f
0 07 07 0 13 b2c82fb1 be327b5e be327b5e
0 18 1b 0 1e 5d9ce358 52992f44 2df6a289
0 1b 0d 1 1e eef22b60 2df6a289 d1336630
0 03 04 1 03 66816749 66816749 547112e3
0 12 11 0 03 40f80180 4912172f 48ee24ee
0 1d 07 0 18 aaaaaaaa 4823003f be327b5e
0 05 04 0 00 00000001 a45effcc 547112e3
0 0b 14 0 14 c29b33da deadbeef 5c6aeb4e
0 00 16 0 0b 00000001 00000000 a06d4ab1
0 00 1e 1 1e cbb942bc 00000000 cbb942bc
0 00 00 1 1a e2662c79 00000000 00000000
0 07 0a 1 05 646f0b1d be327b5e 009075cc
0 1b 05 0 16 22c1031f 2df6a289 646f0b1d
0 05 1a 0 00 be23c1f6 646f0b1d e2662c79
0 00 00 1 00 5d40bbda 00000000 00000000
0 1b 14 1 17 9b29999d 2df6a289 5c6aeb4e
0 03 1c 1 0a c39dd324 66816749 55555555
0 13 1a 1 0b 00000000 bd6c0fd0 e2662c79
0 0e 11 1 1c 2a31f0a9 162b06f7 48ee24ee
0 12 01 1 00 321e6d99 4912172f b2411959
0 0a 02 0 00 31124804 c39dd324 a821711c
0 04 04 1 04 4d43be5c 4d43be5c 4d43be5c
0 06 0b 0 11 88a5927a a8bb09a1 00000000
0 00 00 0 1d 766d8e5a 00000000 00000000
0 0b 0d 0 18 5d0ebda5 00000000 d1336630
0 16 0f 0 0f cb9a2917 a06d4ab1 65dda228
0 00 14 1 00 d767fe43 00000000 5c6aeb4e
0 17 1c 1 0a 80000000 9b29999d 2a31f0a9
# --- read-back sweep ---
# i_rst i_rs1_raddr i_rs2_raddr i_rd_wen i_rd_waddr i_rd_wdata | o_rs1_rdata
#     o_rs2_rdata
0 00 1f 0 00 00000000 00000000 70c3d9b0
0 01 1e 0 00 00000000 b2411959 cbb942bc
0 02 1d 0 00 00000000 a821711c 4823003f
0 03 1c 0 00 00000000 66816749 2a31f0a9
0 04 1b 0 00 00000000 4d43be5c 2df6a289
0 05 1a 0 00 00000000 646f0b1d e2662c79
0 06 19 0 00 00000000 a8bb09a1 0dc8e898
0 07 18 0 00 00000000 be327b5e 52992f44
0 08 17 0 00 00000000 00000000 9b29999d
0 09 16 0 00 00000000 5e66bc74 a06d4ab1
0 0a 15 0 00 00000000 80000000 ba1d1fc1
0 0b 14 0 00 00000000 00000000 5c6aeb4e
0 0c 13 0 00 00000000 cdb3a731 bd6c0fd0
0 0d 12 0 00 00000000 d1336630 4912172f
0 0e 11 0 00 00000000 162b06f7 48ee24ee
0 0f 10 0 00 00000000 65dda228 98ac6e7b
0 10 0f 0 00 00000000 98ac6e7b 65dda228
0 11 0e 0 00 00000000 48ee24ee 162b06f7
0 12 0d 0 00 00000000 4912172f d1336630
0 13 0c 0 00 00000000 bd6c0fd0 cdb3a731
0 14 0b 0 00 00000000 5c6aeb4e 00000000
0 15 0a 0 00 00000000 ba1d1fc1 80000000
0 16 09 0 00 00000000 a06d4ab1 5e66bc74
0 17 08 0 00 00000000 9b29999d 00000000
0 18 07 0 00 00000000 52992f44 be327b5e
0 19 06 0 00 00000000 0dc8e898 a8bb09a1
0 1a 05 0 00 00000000 e2662c79 646f0b1d
0 1b 04 0 00 00000000 2df6a289 4d43be5c
0 1c 03 0 00 00000000 2a31f0a9 66816749
0 1d 02 0 00 00000000 4823003f a821711c
0 1e 01 0 00 00000000 cbb942bc b2411959
0 1f 00 0 00 00000000 70c3d9b0 00000000
0 1d 1d 1 1d ec19be8b ec19be8b ec19be8b
0 12 1f 1 12 212f4645 212f4645 70c3d9b0
0 10 00 1 0d 80000000 98ac6e7b 00000000
0 00 16 1 07 33ce8c28 00000000 a06d4ab1
0 07 07 0 00 00000000 33ce8c28 33ce8c28
0 00 11 0 1b f7f5f091 00000000 48ee24ee
0 04 0c 1 0c 181888db 4d43be5c 181888db
0 05 05 0 07 fe290056 646f0b1d 646f0b1d
0 1a 07 1 08 0fa5a9bc e2662c79 33ce8c28
0 08 0a 1 0a fafeaafc 0fa5a9bc fafeaafc
0 18 0a 1 0f 55555555 52992f44 fafeaafc
0 1d 12 0 1c 00000000 ec19be8b 212f4645
0 06 06 1 06 9c07adf2 9c07adf2 9c07adf2
0 0f 0d 1 10 abf8d3f4 55555555 80000000
0 10 10 0 00 00000000 abf8d3f4 abf8d3f4
0 09 02 1 1e ffffffff 5e66bc74 a821711c
0 0d 05 1 06 8493b934 80000000 646f0b1d
0 18 1c 0 02 171b5199 52992f44 2a31f0a9
0 00 0f 1 00 deadbeef 00000000 55555555
0 12 0f 1 1b aaaaaaaa 212f4645 55555555
0 10 1a 1 00 007b08e1 abf8d3f4 e2662c79
0 0a 0f 0 0b 5240daab fafeaafc 55555555
0 02 00 0 0e 537714f0 a821711c 00000000
0 1c 00 0 00 3b988b73 2a31f0a9 00000000
0 17 04 1 00 453dc4db 9b29999d 4d43be5c
0 0e 0e 1 0e 372dacb2 372dacb2 372dacb2
0 14 13 1 0b 00000001 5c6aeb4e bd6c0fd0
0 0d 1e 0 10 2f2a1bb6 80000000 ffffffff
0 09 00 0 1f f990d69d 5e66bc74 00000000
0 1f 06 1 06 a3b170ca 70c3d9b0 a3b170ca
0 11 17 0 1e de37c329 48ee24ee 9b29999d
0 18 18 0 18 a13b1f33 52992f44 52992f44
0 18 18 0 00 00000000 52992f44 52992f44
0 0a 1f 0 06 9c7877e5 fafeaafc 70c3d9b0
0 01 01 1 0c efa6ac1b b2411959 b2411959
0 1c 17 1 08 f634f310 2a31f0a9 9b29999d
0 1f 1d 1 1b a60ec16e 70c3d9b0 ec19be8b
0 13 1d 1 1d 6bedec23 bd6c0fd0 6bedec23
0 03 03 1 03 24ea7a90 24ea7a90 24ea7a90
0 0a 03 0 17 6d3e5bf6 fafeaafc 24ea7a90
0 0d 0b 1 14 7fffffff 80000000 00000001
0 15 16 0 11 cd6ae491 ba1d1fc1 a06d4ab1
0 04 0f 1 00 9cc3f2dd 4d43be5c 55555555
0 15 1b 0 16 973fcaae ba1d1fc1 a60ec16e
0 1c 16 0 1c 3ecaaf7e 2a31f0a9 a06d4ab1
0 17 00 0 05 00000001 9b29999d 00000000
0 09 06 0 11 5820df95 5e66bc74 a3b170ca
0 18 0c 1 18 55555555 55555555 efa6ac1b
0 13 00 0 0e 09a93e6f bd6c0fd0 00000000
0 0e 0e 0 0e 60863697 372dacb2 372dacb2
0 0e 0e 0 00 00000000 372dacb2 372dacb2
0 04 0d 1 04 9c09a65b 9c09a65b 80000000
0 01 03 1 0d 834ab957 b2411959 24ea7a90
0 1a 0f 0 02 bce35098 e2662c79 55555555
# --- read-back sweep ---
# i_rst i_rs1_raddr i_rs2_raddr i_rd_wen i_rd_waddr i_rd_wdata | o_rs1_rdata
#     o_rs2_rdata
0 00 1f 0 00 00000000 00000000 70c3d9b0
0 01 1e 0 00 00000000 b2411959 ffffffff
0 02 1d 0 00 00000000 a821711c 6bedec23
0 03 1c 0 00 00000000 24ea7a90 2a31f0a9
0 04 1b 0 00 00000000 9c09a65b a60ec16e
0 05 1a 0 00 00000000 646f0b1d e2662c79
0 06 19 0 00 00000000 a3b170ca 0dc8e898
0 07 18 0 00 00000000 33ce8c28 55555555
0 08 17 0 00 00000000 f634f310 9b29999d
0 09 16 0 00 00000000 5e66bc74 a06d4ab1
0 0a 15 0 00 00000000 fafeaafc ba1d1fc1
0 0b 14 0 00 00000000 00000001 7fffffff
0 0c 13 0 00 00000000 efa6ac1b bd6c0fd0
0 0d 12 0 00 00000000 834ab957 212f4645
0 0e 11 0 00 00000000 372dacb2 48ee24ee
0 0f 10 0 00 00000000 55555555 abf8d3f4
0 10 0f 0 00 00000000 abf8d3f4 55555555
0 11 0e 0 00 00000000 48ee24ee 372dacb2
0 12 0d 0 00 00000000 212f4645 834ab957
0 13 0c 0 00 00000000 bd6c0fd0 efa6ac1b
0 14 0b 0 00 00000000 7fffffff 00000001
0 15 0a 0 00 00000000 ba1d1fc1 fafeaafc
0 16 09 0 00 00000000 a06d4ab1 5e66bc74
0 17 08 0 00 00000000 9b29999d f634f310
0 18 07 0 00 00000000 55555555 33ce8c28
0 19 06 0 00 00000000 0dc8e898 a3b170ca
0 1a 05 0 00 00000000 e2662c79 646f0b1d
0 1b 04 0 00 00000000 a60ec16e 9c09a65b
0 1c 03 0 00 00000000 2a31f0a9 24ea7a90
0 1d 02 0 00 00000000 6bedec23 a821711c
0 1e 01 0 00 00000000 ffffffff b2411959
0 1f 00 0 00 00000000 70c3d9b0 00000000
0 0f 0f 1 0f 751ecd09 751ecd09 751ecd09
0 16 14 1 0d ed8735a2 a06d4ab1 7fffffff
0 1d 1b 0 10 58e67669 6bedec23 a60ec16e
0 18 05 1 1a 0a26862b 55555555 646f0b1d
0 07 1a 1 09 19dd61f1 33ce8c28 0a26862b
# --- read-back sweep ---
# i_rst i_rs1_raddr i_rs2_raddr i_rd_wen i_rd_waddr i_rd_wdata | o_rs1_rdata
#     o_rs2_rdata
0 00 1f 0 00 00000000 00000000 70c3d9b0
0 01 1e 0 00 00000000 b2411959 ffffffff
0 02 1d 0 00 00000000 a821711c 6bedec23
0 03 1c 0 00 00000000 24ea7a90 2a31f0a9
0 04 1b 0 00 00000000 9c09a65b a60ec16e
0 05 1a 0 00 00000000 646f0b1d 0a26862b
0 06 19 0 00 00000000 a3b170ca 0dc8e898
0 07 18 0 00 00000000 33ce8c28 55555555
0 08 17 0 00 00000000 f634f310 9b29999d
0 09 16 0 00 00000000 19dd61f1 a06d4ab1
0 0a 15 0 00 00000000 fafeaafc ba1d1fc1
0 0b 14 0 00 00000000 00000001 7fffffff
0 0c 13 0 00 00000000 efa6ac1b bd6c0fd0
0 0d 12 0 00 00000000 ed8735a2 212f4645
0 0e 11 0 00 00000000 372dacb2 48ee24ee
0 0f 10 0 00 00000000 751ecd09 abf8d3f4
0 10 0f 0 00 00000000 abf8d3f4 751ecd09
0 11 0e 0 00 00000000 48ee24ee 372dacb2
0 12 0d 0 00 00000000 212f4645 ed8735a2
0 13 0c 0 00 00000000 bd6c0fd0 efa6ac1b
0 14 0b 0 00 00000000 7fffffff 00000001
0 15 0a 0 00 00000000 ba1d1fc1 fafeaafc
0 16 09 0 00 00000000 a06d4ab1 19dd61f1
0 17 08 0 00 00000000 9b29999d f634f310
0 18 07 0 00 00000000 55555555 33ce8c28
0 19 06 0 00 00000000 0dc8e898 a3b170ca
0 1a 05 0 00 00000000 0a26862b 646f0b1d
0 1b 04 0 00 00000000 a60ec16e 9c09a65b
0 1c 03 0 00 00000000 2a31f0a9 24ea7a90
0 1d 02 0 00 00000000 6bedec23 a821711c
0 1e 01 0 00 00000000 ffffffff b2411959
0 1f 00 0 00 00000000 70c3d9b0 00000000
# --- read-back sweep ---
# i_rst i_rs1_raddr i_rs2_raddr i_rd_wen i_rd_waddr i_rd_wdata | o_rs1_rdata
#     o_rs2_rdata
0 00 1f 0 00 00000000 00000000 70c3d9b0
0 01 1e 0 00 00000000 b2411959 ffffffff
0 02 1d 0 00 00000000 a821711c 6bedec23
0 03 1c 0 00 00000000 24ea7a90 2a31f0a9
0 04 1b 0 00 00000000 9c09a65b a60ec16e
0 05 1a 0 00 00000000 646f0b1d 0a26862b
0 06 19 0 00 00000000 a3b170ca 0dc8e898
0 07 18 0 00 00000000 33ce8c28 55555555
0 08 17 0 00 00000000 f634f310 9b29999d
0 09 16 0 00 00000000 19dd61f1 a06d4ab1
0 0a 15 0 00 00000000 fafeaafc ba1d1fc1
0 0b 14 0 00 00000000 00000001 7fffffff
0 0c 13 0 00 00000000 efa6ac1b bd6c0fd0
0 0d 12 0 00 00000000 ed8735a2 212f4645
0 0e 11 0 00 00000000 372dacb2 48ee24ee
0 0f 10 0 00 00000000 751ecd09 abf8d3f4
0 10 0f 0 00 00000000 abf8d3f4 751ecd09
0 11 0e 0 00 00000000 48ee24ee 372dacb2
0 12 0d 0 00 00000000 212f4645 ed8735a2
0 13 0c 0 00 00000000 bd6c0fd0 efa6ac1b
0 14 0b 0 00 00000000 7fffffff 00000001
0 15 0a 0 00 00000000 ba1d1fc1 fafeaafc
0 16 09 0 00 00000000 a06d4ab1 19dd61f1
0 17 08 0 00 00000000 9b29999d f634f310
0 18 07 0 00 00000000 55555555 33ce8c28
0 19 06 0 00 00000000 0dc8e898 a3b170ca
0 1a 05 0 00 00000000 0a26862b 646f0b1d
0 1b 04 0 00 00000000 a60ec16e 9c09a65b
0 1c 03 0 00 00000000 2a31f0a9 24ea7a90
0 1d 02 0 00 00000000 6bedec23 a821711c
0 1e 01 0 00 00000000 ffffffff b2411959
0 1f 00 0 00 00000000 70c3d9b0 00000000
0 05 05 1 05 55555555 55555555 55555555
0 0f 18 1 0b 285899ed 751ecd09 55555555
0 0b 0e 1 0c 42a7a619 285899ed 372dacb2
0 0c 0c 0 00 00000000 42a7a619 42a7a619
0 1b 18 0 11 75322d18 a60ec16e 55555555
0 0f 07 1 07 deadbeef 751ecd09 deadbeef
0 17 10 0 06 c56b0684 9b29999d abf8d3f4
0 14 13 1 14 5dca0e6c 5dca0e6c bd6c0fd0
0 13 00 1 06 80000000 bd6c0fd0 00000000
# --- read-back sweep ---
# i_rst i_rs1_raddr i_rs2_raddr i_rd_wen i_rd_waddr i_rd_wdata | o_rs1_rdata
#     o_rs2_rdata
0 00 1f 0 00 00000000 00000000 70c3d9b0
0 01 1e 0 00 00000000 b2411959 ffffffff
0 02 1d 0 00 00000000 a821711c 6bedec23
0 03 1c 0 00 00000000 24ea7a90 2a31f0a9
0 04 1b 0 00 00000000 9c09a65b a60ec16e
0 05 1a 0 00 00000000 55555555 0a26862b
0 06 19 0 00 00000000 80000000 0dc8e898
0 07 18 0 00 00000000 deadbeef 55555555
0 08 17 0 00 00000000 f634f310 9b29999d
0 09 16 0 00 00000000 19dd61f1 a06d4ab1
0 0a 15 0 00 00000000 fafeaafc ba1d1fc1
0 0b 14 0 00 00000000 285899ed 5dca0e6c
0 0c 13 0 00 00000000 42a7a619 bd6c0fd0
0 0d 12 0 00 00000000 ed8735a2 212f4645
0 0e 11 0 00 00000000 372dacb2 48ee24ee
0 0f 10 0 00 00000000 751ecd09 abf8d3f4
0 10 0f 0 00 00000000 abf8d3f4 751ecd09
0 11 0e 0 00 00000000 48ee24ee 372dacb2
0 12 0d 0 00 00000000 212f4645 ed8735a2
0 13 0c 0 00 00000000 bd6c0fd0 42a7a619
0 14 0b 0 00 00000000 5dca0e6c 285899ed
0 15 0a 0 00 00000000 ba1d1fc1 fafeaafc
0 16 09 0 00 00000000 a06d4ab1 19dd61f1
0 17 08 0 00 00000000 9b29999d f634f310
0 18 07 0 00 00000000 55555555 deadbeef
0 19 06 0 00 00000000 0dc8e898 80000000
0 1a 05 0 00 00000000 0a26862b 55555555
0 1b 04 0 00 00000000 a60ec16e 9c09a65b
0 1c 03 0 00 00000000 2a31f0a9 24ea7a90
0 1d 02 0 00 00000000 6bedec23 a821711c
0 1e 01 0 00 00000000 ffffffff b2411959
0 1f 00 0 00 00000000 70c3d9b0 00000000
0 02 1a 1 0b 5eeda57c a821711c 0a26862b
0 16 17 1 15 158fa202 a06d4ab1 9b29999d
0 00 14 1 0d 23b45f93 00000000 5dca0e6c
0 0f 18 1 00 ac5702b6 751ecd09 55555555
0 0a 09 0 1a aa17ef5c fafeaafc 19dd61f1
0 06 05 0 06 a07a4e14 80000000 55555555
0 00 1c 1 1f efbe5822 00000000 2a31f0a9
0 0e 16 0 02 7eab7dcb 372dacb2 a06d4ab1
# --- final read-back: every register, both ports ---
# i_rst i_rs1_raddr i_rs2_raddr i_rd_wen i_rd_waddr i_rd_wdata | o_rs1_rdata
#     o_rs2_rdata
0 00 1f 0 00 00000000 00000000 efbe5822
0 01 1e 0 00 00000000 b2411959 ffffffff
0 02 1d 0 00 00000000 a821711c 6bedec23
0 03 1c 0 00 00000000 24ea7a90 2a31f0a9
0 04 1b 0 00 00000000 9c09a65b a60ec16e
0 05 1a 0 00 00000000 55555555 0a26862b
0 06 19 0 00 00000000 80000000 0dc8e898
0 07 18 0 00 00000000 deadbeef 55555555
0 08 17 0 00 00000000 f634f310 9b29999d
0 09 16 0 00 00000000 19dd61f1 a06d4ab1
0 0a 15 0 00 00000000 fafeaafc 158fa202
0 0b 14 0 00 00000000 5eeda57c 5dca0e6c
0 0c 13 0 00 00000000 42a7a619 bd6c0fd0
0 0d 12 0 00 00000000 23b45f93 212f4645
0 0e 11 0 00 00000000 372dacb2 48ee24ee
0 0f 10 0 00 00000000 751ecd09 abf8d3f4
0 10 0f 0 00 00000000 abf8d3f4 751ecd09
0 11 0e 0 00 00000000 48ee24ee 372dacb2
0 12 0d 0 00 00000000 212f4645 23b45f93
0 13 0c 0 00 00000000 bd6c0fd0 42a7a619
0 14 0b 0 00 00000000 5dca0e6c 5eeda57c
0 15 0a 0 00 00000000 158fa202 fafeaafc
0 16 09 0 00 00000000 a06d4ab1 19dd61f1
0 17 08 0 00 00000000 9b29999d f634f310
0 18 07 0 00 00000000 55555555 deadbeef
0 19 06 0 00 00000000 0dc8e898 80000000
0 1a 05 0 00 00000000 0a26862b 55555555
0 1b 04 0 00 00000000 a60ec16e 9c09a65b
0 1c 03 0 00 00000000 2a31f0a9 24ea7a90
0 1d 02 0 00 00000000 6bedec23 a821711c
0 1e 01 0 00 00000000 ffffffff b2411959
0 1f 00 0 00 00000000 efbe5822 00000000
