# columns, left to right:
#
#   drive these into the design:
#    1  i_rst
#    2  i_rs1_raddr    [4:0]
#    3  i_rs2_raddr    [4:0]
#    4  i_rd_wen
#    5  i_rd_waddr     [4:0]
#    6  i_rd_wdata     [31:0]
#
#   compare these against the design's outputs:
#    7  o_rs1_rdata    [31:0]
#    8  o_rs2_rdata    [31:0]

# --- reset ---
# i_rst i_rs1_raddr i_rs2_raddr i_rd_wen i_rd_waddr i_rd_wdata | o_rs1_rdata
#     o_rs2_rdata
1 00 00 0 00 00000000 00000000 00000000
1 00 00 0 00 00000000 00000000 00000000
# --- read-back after reset ---
# i_rst i_rs1_raddr i_rs2_raddr i_rd_wen i_rd_waddr i_rd_wdata | o_rs1_rdata
#     o_rs2_rdata
0 00 1f 0 00 00000000 00000000 00000000
0 01 1e 0 00 00000000 00000000 00000000
0 02 1d 0 00 00000000 00000000 00000000
0 03 1c 0 00 00000000 00000000 00000000
0 04 1b 0 00 00000000 00000000 00000000
0 05 1a 0 00 00000000 00000000 00000000
0 06 19 0 00 00000000 00000000 00000000
0 07 18 0 00 00000000 00000000 00000000
0 08 17 0 00 00000000 00000000 00000000
0 09 16 0 00 00000000 00000000 00000000
0 0a 15 0 00 00000000 00000000 00000000
0 0b 14 0 00 00000000 00000000 00000000
0 0c 13 0 00 00000000 00000000 00000000
0 0d 12 0 00 00000000 00000000 00000000
0 0e 11 0 00 00000000 00000000 00000000
0 0f 10 0 00 00000000 00000000 00000000
0 10 0f 0 00 00000000 00000000 00000000
0 11 0e 0 00 00000000 00000000 00000000
0 12 0d 0 00 00000000 00000000 00000000
0 13 0c 0 00 00000000 00000000 00000000
0 14 0b 0 00 00000000 00000000 00000000
0 15 0a 0 00 00000000 00000000 00000000
0 16 09 0 00 00000000 00000000 00000000
0 17 08 0 00 00000000 00000000 00000000
0 18 07 0 00 00000000 00000000 00000000
0 19 06 0 00 00000000 00000000 00000000
0 1a 05 0 00 00000000 00000000 00000000
0 1b 04 0 00 00000000 00000000 00000000
0 1c 03 0 00 00000000 00000000 00000000
0 1d 02 0 00 00000000 00000000 00000000
0 1e 01 0 00 00000000 00000000 00000000
0 1f 00 0 00 00000000 00000000 00000000
# --- random traffic, interleaved with full read-backs ---
# i_rst i_rs1_raddr i_rs2_raddr i_rd_wen i_rd_waddr i_rd_wdata | o_rs1_rdata
#     o_rs2_rdata
0 17 0c 1 04 13c9c7df 00000000 00000000
0 04 04 0 00 00000000 13c9c7df 13c9c7df
0 0d 04 1 0a 03a69d57 00000000 13c9c7df
0 00 11 1 00 d213d7d4 00000000 00000000
0 04 10 1 0d 55555555 13c9c7df 00000000
0 0d 13 0 13 00000001 55555555 00000000
0 10 00 1 1b 0000ffff 00000000 00000000
0 1c 00 1 0f 8935fb6a 00000000 00000000
0 0a 0a 1 1f cafebabe 03a69d57 03a69d57
0 18 06 1 03 2ec2601f 00000000 00000000
0 04 00 0 0d cc1b5167 13c9c7df 00000000
0 00 1f 1 07 1558fe49 00000000 cafebabe
0 0d 03 1 0c d59ce7d6 55555555 2ec2601f
0 15 0c 1 0b 2c3c221c 00000000 d59ce7d6
0 1a 13 0 07 55555555 00000000 00000000
0 1f 08 1 01 55555555 cafebabe 00000000
0 11 16 1 1a 7e7562aa 00000000 00000000
0 1d 13 0 06 7e5159ea 00000000 00000000
0 16 16 1 16 dc9f7f0a 00000000 00000000
0 0c 01 0 19 9b69b377 d59ce7d6 55555555
0 0f 02 0 1b 00000000 8935fb6a 00000000
0 11 0d 1 0c 7fffffff 00000000 55555555
0 12 12 0 12 05153689 00000000 00000000
0 12 12 0 00 00000000 00000000 00000000
0 1e 01 1 1e 9eab3367 00000000 55555555
0 00 16 1 0d 0f51a4bf 00000000 dc9f7f0a
0 19 00 1 19 ed80d8a4 00000000 00000000
0 0b 00 1 0b 54c584d2 2c3c221c 00000000
0 0d 07 1 03 d1e21f5e 0f51a4bf 1558fe49
0 04 1f 1 00 00000001 13c9c7df cafebabe
0 0e 00 1 0b e05d2adb 00000000 00000000
0 0d 0f 0 0b 801105b7 0f51a4bf 8935fb6a
# --- read-back sweep ---
# i_rst i_rs1_raddr i_rs2_raddr i_rd_wen i_rd_waddr i_rd_wdata | o_rs1_rdata
#     o_rs2_rdata
0 00 1f 0 00 00000000 00000000 cafebabe
0 01 1e 0 00 00000000 55555555 9eab3367
0 02 1d 0 00 00000000 00000000 00000000
0 03 1c 0 00 00000000 d1e21f5e 00000000
0 04 1b 0 00 00000000 13c9c7df 0000ffff
0 05 1a 0 00 00000000 00000000 7e7562aa
0 06 19 0 00 00000000 00000000 ed80d8a4
0 07 18 0 00 00000000 1558fe49 00000000
0 08 17 0 00 00000000 00000000 00000000
0 09 16 0 00 00000000 00000000 dc9f7f0a
0 0a 15 0 00 00000000 03a69d57 00000000
0 0b 14 0 00 00000000 e05d2adb 00000000
0 0c 13 0 00 00000000 7fffffff 00000000
0 0d 12 0 00 00000000 0f51a4bf 00000000
0 0e 11 0 00 00000000 00000000 00000000
0 0f 10 0 00 00000000 8935fb6a 00000000
0 10 0f 0 00 00000000 00000000 8935fb6a
0 11 0e 0 00 00000000 00000000 00000000
0 12 0d 0 00 00000000 00000000 0f51a4bf
0 13 0c 0 00 00000000 00000000 7fffffff
0 14 0b 0 00 00000000 00000000 e05d2adb
0 15 0a 0 00 00000000 00000000 03a69d57
0 16 09 0 00 00000000 dc9f7f0a 00000000
0 17 08 0 00 00000000 00000000 00000000
0 18 07 0 00 00000000 00000000 1558fe49
0 19 06 0 00 00000000 ed80d8a4 00000000
0 1a 05 0 00 00000000 7e7562aa 00000000
0 1b 04 0 00 00000000 0000ffff 13c9c7df
0 1c 03 0 00 00000000 00000000 d1e21f5e
0 1d 02 0 00 00000000 00000000 00000000
0 1e 01 0 00 00000000 9eab3367 55555555
0 1f 00 0 00 00000000 cafebabe 00000000
0 0d 04 1 1e 661eb705 0f51a4bf 13c9c7df
0 1e 1e 0 00 00000000 661eb705 661eb705
0 18 0c 1 06 69fb5c1a 00000000 7fffffff
0 0a 1a 0 13 e55b170b 03a69d57 7e7562aa
0 06 0f 1 11 eeb6ce5a 69fb5c1a 8935fb6a
0 09 0d 1 17 a1c593be 00000000 0f51a4bf
0 1f 12 1 05 343a1034 cafebabe 00000000
0 0b 08 1 13 ee097380 e05d2adb 00000000
0 13 0f 1 13 fd0b8308 ee097380 8935fb6a
0 19 16 0 07 80000000 ed80d8a4 dc9f7f0a
0 05 0a 0 07 fd0c800c 343a1034 03a69d57
0 0f 0f 0 0f 16dd1ba3 8935fb6a 8935fb6a
0 0f 0f 0 00 00000000 8935fb6a 8935fb6a
0 03 11 0 1b a7d27dd0 d1e21f5e eeb6ce5a
0 08 01 0 1b f2bb326f 00000000 55555555
0 1d 0a 1 1d 82821ab4 00000000 03a69d57
0 1f 11 1 03 892e1e84 cafebabe eeb6ce5a
0 15 13 1 1d 78c04b13 00000000 fd0b8308
0 13 0c 1 19 aaaaaaaa fd0b8308 7fffffff
0 0f 00 0 0c 1cf2eb4f 8935fb6a 00000000
0 0f 1b 1 1b 97ac30ba 8935fb6a 0000ffff
0 06 1f 1 06 9bda76d8 69fb5c1a cafebabe
0 07 00 1 07 de3e3bb9 1558fe49 00000000
0 10 1d 1 17 80000000 00000000 78c04b13
0 07 1f 0 0d 7fffffff de3e3bb9 cafebabe
0 18 18 0 18 a93b13b2 00000000 00000000
0 18 18 0 00 00000000 00000000 00000000
0 01 19 1 09 e7ea0633 55555555 aaaaaaaa
0 09 09 0 00 00000000 e7ea0633 e7ea0633
0 15 07 1 00 c2ba1955 00000000 de3e3bb9
0 0d 19 0 00 ffffffff 0f51a4bf aaaaaaaa
0 11 0c 0 15 8c1ea14d eeb6ce5a 7fffffff
0 06 06 1 06 d8001dfd 9bda76d8 9bda76d8
0 1a 1b 1 07 587aa665 7e7562aa 97ac30ba
0 0b 0b 1 0b 7a995fd2 e05d2adb e05d2adb
0 1a 14 1 15 6c9d093e 7e7562aa 00000000
0 1a 1d 1 10 bf183f4b 7e7562aa 78c04b13
0 00 19 1 01 f1c5340a 00000000 aaaaaaaa
0 08 00 0 14 44597e06 00000000 00000000
0 11 0f 1 16 f20b666c eeb6ce5a 8935fb6a
0 15 07 1 08 cb0ee271 6c9d093e 587aa665
0 13 16 0 05 4f638edb fd0b8308 f20b666c
0 08 04 0 17 0d49eaae cb0ee271 13c9c7df
0 00 05 1 04 3d27acc3 00000000 343a1034
0 06 19 1 19 331cf53a d8001dfd aaaaaaaa
0 08 01 0 01 aaaaaaaa cb0ee271 f1c5340a
0 07 1e 1 10 f0008cb8 587aa665 661eb705
0 09 10 1 1a be895f6a e7ea0633 f0008cb8
0 02 16 1 1f dfc15d16 00000000 f20b666c
0 07 07 1 07 756d7a4c 587aa665 587aa665
0 0e 11 0 02 0c260923 00000000 eeb6ce5a
0 16 09 1 08 391f30c9 f20b666c e7ea0633
0 14 02 1 05 deadbeef 00000000 00000000
0 11 0a 0 03 00000000 eeb6ce5a 03a69d57
0 00 05 1 01 2cba5774 00000000 deadbeef
0 02 05 0 08 20355426 00000000 deadbeef
0 03 17 1 08 79943b9a 892e1e84 80000000
0 1d 0d 0 15 4795cadc 78c04b13 0f51a4bf
0 19 1f 1 1d 9a7c70e0 331cf53a dfc15d16
0 1b 04 1 12 deadbeef 97ac30ba 3d27acc3
0 06 1e 0 16 00000000 d8001dfd 661eb705
0 13 13 1 13 d0a2aecc fd0b8308 fd0b8308
0 1b 19 0 1f aaaaaaaa 97ac30ba 331cf53a
0 10 01 1 14 3f30c46d f0008cb8 2cba5774
0 03 03 1 03 a0dd25f7 892e1e84 892e1e84
# --- read-back sweep ---
# i_rst i_rs1_raddr i_rs2_raddr i_rd_wen i_rd_waddr i_rd_wdata | o_rs1_rdata
#     o_rs2_rdata
0 00 1f 0 00 00000000 00000000 dfc15d16
0 01 1e 0 00 00000000 2cba5774 661eb705
0 02 1d 0 00 00000000 00000000 9a7c70e0
0 03 1c 0 00 00000000 a0dd25f7 00000000
0 04 1b 0 00 00000000 3d27acc3 97ac30ba
0 05 1a 0 00 00000000 deadbeef be895f6a
0 06 19 0 00 00000000 d8001dfd 331cf53a
0 07 18 0 00 00000000 756d7a4c 00000000
0 08 17 0 00 00000000 79943b9a 80000000
0 09 16 0 00 00000000 e7ea0633 f20b666c
0 0a 15 0 00 00000000 03a69d57 6c9d093e
0 0b 14 0 00 00000000 7a995fd2 3f30c46d
0 0c 13 0 00 00000000 7fffffff d0a2aecc
0 0d 12 0 00 00000000 0f51a4bf deadbeef
0 0e 11 0 00 00000000 00000000 eeb6ce5a
0 0f 10 0 00 00000000 8935fb6a f0008cb8
0 10 0f 0 00 00000000 f0008cb8 8935fb6a
0 11 0e 0 00 00000000 eeb6ce5a 00000000
0 12 0d 0 00 00000000 deadbeef 0f51a4bf
0 13 0c 0 00 00000000 d0a2aecc 7fffffff
0 14 0b 0 00 00000000 3f30c46d 7a995fd2
0 15 0a 0 00 00000000 6c9d093e 03a69d57
0 16 09 0 00 00000000 f20b666c e7ea0633
0 17 08 0 00 00000000 80000000 79943b9a
0 18 07 0 00 00000000 00000000 756d7a4c
0 19 06 0 00 00000000 331cf53a d8001dfd
0 1a 05 0 00 00000000 be895f6a deadbeef
0 1b 04 0 00 00000000 97ac30ba 3d27acc3
0 1c 03 0 00 00000000 00000000 a0dd25f7
0 1d 02 0 00 00000000 9a7c70e0 00000000
0 1e 01 0 00 00000000 661eb705 2cba5774
0 1f 00 0 00 00000000 dfc15d16 00000000
0 04 1e 1 15 55555555 3d27acc3 661eb705
0 14 00 1 1a deadbeef 3f30c46d 00000000
0 11 1e 1 10 dcb9bf5a eeb6ce5a 661eb705
0 1d 1d 1 1d b8ed6f3b 9a7c70e0 9a7c70e0
0 00 1b 1 0b e341b167 00000000 97ac30ba
0 0c 16 0 09 3256bf70 7fffffff f20b666c
0 08 14 1 17 40497352 79943b9a 3f30c46d
0 0c 02 1 02 05a22fbf 7fffffff 00000000
0 05 1d 0 10 8211d972 deadbeef b8ed6f3b
0 03 10 0 19 0000ffff a0dd25f7 dcb9bf5a
0 00 06 1 03 3772b388 00000000 d8001dfd
0 04 08 1 04 aaaaaaaa 3d27acc3 79943b9a
0 1b 15 1 1e e8c0cda2 97ac30ba 55555555
0 0a 01 1 11 d4f58d1b 03a69d57 2cba5774
# --- read-back sweep ---
# i_rst i_rs1_raddr i_rs2_raddr i_rd_wen i_rd_waddr i_rd_wdata | o_rs1_rdata
#     o_rs2_rdata
0 00 1f 0 00 00000000 00000000 dfc15d16
0 01 1e 0 00 00000000 2cba5774 e8c0cda2
0 02 1d 0 00 00000000 05a22fbf b8ed6f3b
0 03 1c 0 00 00000000 3772b388 00000000
0 04 1b 0 00 00000000 aaaaaaaa 97ac30ba
0 05 1a 0 00 00000000 deadbeef deadbeef
0 06 19 0 00 00000000 d8001dfd 331cf53a
0 07 18 0 00 00000000 756d7a4c 00000000
0 08 17 0 00 00000000 79943b9a 40497352
0 09 16 0 00 00000000 e7ea0633 f20b666c
0 0a 15 0 00 00000000 03a69d57 55555555
0 0b 14 0 00 00000000 e341b167 3f30c46d
0 0c 13 0 00 00000000 7fffffff d0a2aecc
0 0d 12 0 00 00000000 0f51a4bf deadbeef
0 0e 11 0 00 00000000 00000000 d4f58d1b
0 0f 10 0 00 00000000 8935fb6a dcb9bf5a
0 10 0f 0 00 00000000 dcb9bf5a 8935fb6a
0 11 0e 0 00 00000000 d4f58d1b 00000000
0 12 0d 0 00 00000000 deadbeef 0f51a4bf
0 13 0c 0 00 00000000 d0a2aecc 7fffffff
0 14 0b 0 00 00000000 3f30c46d e341b167
0 15 0a 0 00 00000000 55555555 03a69d57
0 16 09 0 00 00000000 f20b666c e7ea0633
0 17 08 0 00 00000000 40497352 79943b9a
0 18 07 0 00 00000000 00000000 756d7a4c
0 19 06 0 00 00000000 331cf53a d8001dfd
0 1a 05 0 00 00000000 deadbeef deadbeef
0 1b 04 0 00 00000000 97ac30ba aaaaaaaa
0 1c 03 0 00 00000000 00000000 3772b388
0 1d 02 0 00 00000000 b8ed6f3b 05a22fbf
0 1e 01 0 00 00000000 e8c0cda2 2cba5774
0 1f 00 0 00 00000000 dfc15d16 00000000
0 10 1e 1 0f 16318073 dcb9bf5a e8c0cda2
0 05 1f 0 0c 383e2cc5 deadbeef dfc15d16
0 0b 05 1 08 1bec72a5 e341b167 deadbeef
0 0b 02 1 02 8771a82c e341b167 05a22fbf
0 00 1e 1 0b 09bef354 00000000 e8c0cda2
0 10 04 0 14 00000001 dcb9bf5a aaaaaaaa
0 12 09 1 00 fef0faab deadbeef e7ea0633
0 11 00 0 1a 1974e68c d4f58d1b 00000000
0 05 19 1 11 f1468c49 deadbeef 331cf53a
0 0a 12 1 07 2ebbb90a 03a69d57 deadbeef
# --- read-back sweep ---
# i_rst i_rs1_raddr i_rs2_raddr i_rd_wen i_rd_waddr i_rd_wdata | o_rs1_rdata
#     o_rs2_rdata
0 00 1f 0 00 00000000 00000000 dfc15d16
0 01 1e 0 00 00000000 2cba5774 e8c0cda2
0 02 1d 0 00 00000000 8771a82c b8ed6f3b
0 03 1c 0 00 00000000 3772b388 00000000
0 04 1b 0 00 00000000 aaaaaaaa 97ac30ba
0 05 1a 0 00 00000000 deadbeef deadbeef
0 06 19 0 00 00000000 d8001dfd 331cf53a
0 07 18 0 00 00000000 2ebbb90a 00000000
0 08 17 0 00 00000000 1bec72a5 40497352
0 09 16 0 00 00000000 e7ea0633 f20b666c
0 0a 15 0 00 00000000 03a69d57 55555555
0 0b 14 0 00 00000000 09bef354 3f30c46d
0 0c 13 0 00 00000000 7fffffff d0a2aecc
0 0d 12 0 00 00000000 0f51a4bf deadbeef
0 0e 11 0 00 00000000 00000000 f1468c49
0 0f 10 0 00 00000000 16318073 dcb9bf5a
0 10 0f 0 00 00000000 dcb9bf5a 16318073
0 11 0e 0 00 00000000 f1468c49 00000000
0 12 0d 0 00 00000000 deadbeef 0f51a4bf
0 13 0c 0 00 00000000 d0a2aecc 7fffffff
0 14 0b 0 00 00000000 3f30c46d 09bef354
0 15 0a 0 00 00000000 55555555 03a69d57
0 16 09 0 00 00000000 f20b666c e7ea0633
0 17 08 0 00 00000000 40497352 1bec72a5
0 18 07 0 00 00000000 00000000 2ebbb90a
0 19 06 0 00 00000000 331cf53a d8001dfd
0 1a 05 0 00 00000000 deadbeef deadbeef
0 1b 04 0 00 00000000 97ac30ba aaaaaaaa
0 1c 03 0 00 00000000 00000000 3772b388
0 1d 02 0 00 00000000 b8ed6f3b 8771a82c
0 1e 01 0 00 00000000 e8c0cda2 2cba5774
0 1f 00 0 00 00000000 dfc15d16 00000000
0 0c 05 0 04 9c6dc193 7fffffff deadbeef
0 0b 0b 1 0b 86cb7149 09bef354 09bef354
0 05 1d 1 0f 55555555 deadbeef b8ed6f3b
0 1e 0d 1 01 9a3f5e50 e8c0cda2 0f51a4bf
0 00 00 0 15 2e807a37 00000000 00000000
0 1b 11 1 10 08b51bed 97ac30ba f1468c49
0 1e 15 1 16 6ad4a6ec e8c0cda2 55555555
0 16 16 0 00 00000000 6ad4a6ec 6ad4a6ec
0 1c 02 1 1c c12faa23 00000000 8771a82c
0 1d 03 1 06 9802c2b5 b8ed6f3b 3772b388
0 1f 0a 1 00 0ed2e7b9 dfc15d16 03a69d57
0 1f 1f 1 1f c5717c04 dfc15d16 dfc15d16
0 01 1a 0 18 80000000 9a3f5e50 deadbeef
0 09 06 1 1b deadbeef e7ea0633 9802c2b5
0 0f 1f 0 1c cafebabe 55555555 c5717c04
0 16 15 1 00 5250da33 6ad4a6ec 55555555
0 0d 0d 1 0d 7deaa443 0f51a4bf 0f51a4bf
0 18 09 1 18 1460925e 00000000 e7ea0633
0 01 00 1 01 f98ff71a 9a3f5e50 00000000
0 0f 19 1 0f 80000000 55555555 331cf53a
0 17 04 0 02 affe3a46 40497352 aaaaaaaa
0 00 04 1 00 8ffc8c9e 00000000 aaaaaaaa
0 1c 1f 0 01 9df62530 c12faa23 c5717c04
0 1f 19 0 0e cafebabe c5717c04 331cf53a
0 0c 0c 0 0c 06f2788c 7fffffff 7fffffff
0 0c 0c 0 00 00000000 7fffffff 7fffffff
0 0b 0b 1 0b a99559fc 86cb7149 86cb7149
0 1f 1f 0 1f 88db4874 c5717c04 c5717c04
0 1f 1f 0 00 00000000 c5717c04 c5717c04
0 01 13 1 0a 20e3bd8a f98ff71a d0a2aecc
0 00 0a 1 09 2a61ab3b 00000000 20e3bd8a
0 06 1c 1 1c 0000ffff 9802c2b5 c12faa23
0 11 11 1 11 bcaab035 f1468c49 f1468c49
0 1d 1b 1 0f affd69ab b8ed6f3b deadbeef
0 16 1f 1 16 cafebabe 6ad4a6ec c5717c04
0 19 01 0 17 80ebab16 331cf53a f98ff71a
0 19 1c 1 19 2cacfbdb 331cf53a 0000ffff
0 0b 00 1 00 80000000 a99559fc 00000000
0 0d 0c 1 0b 2a1c4357 7deaa443 7fffffff
0 13 1e 1 17 1214dc39 d0a2aecc e8c0cda2
0 00 05 1 1d ffffffff 00000000 deadbeef
0 10 11 1 10 00000000 08b51bed bcaab035
0 0e 15 1 0e 91842c28 00000000 55555555
0 0f 17 1 04 6f2645c8 affd69ab 1214dc39
0 1a 1f 1 1c 36374e9e deadbeef c5717c04
0 1d 15 1 00 80000000 ffffffff 55555555
0 15 0c 1 07 00000000 55555555 7fffffff
0 14 08 1 00 55555555 3f30c46d 1bec72a5
0 1b 1a 0 01 ffffffff deadbeef deadbeef
0 11 11 0 11 09809120 bcaab035 bcaab035
0 11 11 0 00 00000000 bcaab035 bcaab035
0 12 04 1 00 d35d0e8a deadbeef 6f2645c8
0 11 1b 1 0a f6c78a19 bcaab035 deadbeef
0 08 0f 1 0a 37bfde28 1bec72a5 affd69ab
0 0f 1a 1 0a 64ed85d0 affd69ab deadbeef
0 1d 03 1 0f 02cd8a1e ffffffff 3772b388
0 12 0e 0 0d 00000001 deadbeef 91842c28
0 19 19 1 06 0e80c31f 2cacfbdb 2cacfbdb
0 13 0c 1 00 07553061 d0a2aecc 7fffffff
0 08 0a 0 0a c691d7c3 1bec72a5 64ed85d0
0 0d 15 1 0d 5aa98bd3 7deaa443 55555555
0 1a 15 1 01 ece1bc73 deadbeef 55555555
0 01 1d 1 09 0ea00729 ece1bc73 ffffffff
0 0b 13 1 02 57ae4285 2a1c4357 d0a2aecc
0 15 0a 0 1c 398086da 55555555 64ed85d0
0 00 0b 1 00 fdef8cc2 00000000 2a1c4357
0 19 06 0 00 2717c34e 2cacfbdb 0e80c31f
0 01 00 0 03 95022c3d ece1bc73 00000000
0 03 1a 1 17 3fd8800a 3772b388 deadbeef
0 01 01 1 15 cafebabe ece1bc73 ece1bc73
0 03 18 1 0a fa3729c7 3772b388 1460925e
0 0a 03 0 00 cafebabe fa3729c7 3772b388
0 11 1f 1 00 711a45dc bcaab035 c5717c04
0 0f 11 1 08 3dd8fedf 02cd8a1e bcaab035
0 08 14 1 1c 2f2398d4 3dd8fedf 3f30c46d
0 1c 1c 0 00 00000000 2f2398d4 2f2398d4
0 17 17 0 17 78a6454a 3fd8800a 3fd8800a
0 17 17 0 00 00000000 3fd8800a 3fd8800a
0 0f 13 1 0f c38b2913 02cd8a1e d0a2aecc
0 04 0d 1 06 e954e410 6f2645c8 5aa98bd3
0 06 06 0 00 00000000 e954e410 e954e410
0 15 15 1 15 e25e65a6 cafebabe cafebabe
0 09 07 1 0a cafebabe 0ea00729 00000000
0 03 15 0 1f 2c37eef5 3772b388 e25e65a6
0 0f 19 1 1c cafebabe c38b2913 2cacfbdb
0 1d 00 1 05 14308872 ffffffff 00000000
0 0d 04 1 0d db0c84b1 5aa98bd3 6f2645c8
0 1d 1e 1 18 e0b49335 ffffffff e8c0cda2
0 09 15 1 14 e72109e9 0ea00729 e25e65a6
0 14 14 0 00 00000000 e72109e9 e72109e9
0 1a 1f 1 0c 94c3db3d deadbeef c5717c04
0 1b 1f 1 19 3725722b deadbeef c5717c04
0 12 02 1 18 cafebabe deadbeef 57ae4285
0 13 05 1 1c b1cf3115 d0a2aecc 14308872
0 10 1b 1 0a cafebabe 00000000 deadbeef
0 00 01 0 1e 07f220bc 00000000 ece1bc73
# --- read-back sweep ---
# i_rst i_rs1_raddr i_rs2_raddr i_rd_wen i_rd_waddr i_rd_wdata | o_rs1_rdata
#     o_rs2_rdata
0 00 1f 0 00 00000000 00000000 c5717c04
0 01 1e 0 00 00000000 ece1bc73 e8c0cda2
0 02 1d 0 00 00000000 57ae4285 ffffffff
0 03 1c 0 00 00000000 3772b388 b1cf3115
0 04 1b 0 00 00000000 6f2645c8 deadbeef
0 05 1a 0 00 00000000 14308872 deadbeef
0 06 19 0 00 00000000 e954e410 3725722b
0 07 18 0 00 00000000 00000000 cafebabe
0 08 17 0 00 00000000 3dd8fedf 3fd8800a
0 09 16 0 00 00000000 0ea00729 cafebabe
0 0a 15 0 00 00000000 cafebabe e25e65a6
0 0b 14 0 00 00000000 2a1c4357 e72109e9
0 0c 13 0 00 00000000 94c3db3d d0a2aecc
0 0d 12 0 00 00000000 db0c84b1 deadbeef
0 0e 11 0 00 00000000 91842c28 bcaab035
0 0f 10 0 00 00000000 c38b2913 00000000
0 10 0f 0 00 00000000 00000000 c38b2913
0 11 0e 0 00 00000000 bcaab035 91842c28
0 12 0d 0 00 00000000 deadbeef db0c84b1
0 13 0c 0 00 00000000 d0a2aecc 94c3db3d
0 14 0b 0 00 00000000 e72109e9 2a1c4357
0 15 0a 0 00 00000000 e25e65a6 cafebabe
0 16 09 0 00 00000000 cafebabe 0ea00729
0 17 08 0 00 00000000 3fd8800a 3dd8fedf
0 18 07 0 00 00000000 cafebabe 00000000
0 19 06 0 00 00000000 3725722b e954e410
0 1a 05 0 00 00000000 deadbeef 14308872
0 1b 04 0 00 00000000 deadbeef 6f2645c8
0 1c 03 0 00 00000000 b1cf3115 3772b388
0 1d 02 0 00 00000000 ffffffff 57ae4285
0 1e 01 0 00 00000000 e8c0cda2 ece1bc73
0 1f 00 0 00 00000000 c5717c04 00000000
0 1a 17 1 1a cafebabe deadbeef 3fd8800a
0 0c 0e 0 08 bb253d89 94c3db3d 91842c28
0 0a 0d 0 17 00000000 cafebabe db0c84b1
0 1a 06 1 1f 00000000 cafebabe e954e410
0 0e 0e 0 00 39735bfb 91842c28 91842c28
# --- read-back sweep ---
# i_rst i_rs1_raddr i_rs2_raddr i_rd_wen i_rd_waddr i_rd_wdata | o_rs1_rdata
#     o_rs2_rdata
0 00 1f 0 00 00000000 00000000 00000000
0 01 1e 0 00 00000000 ece1bc73 e8c0cda2
0 02 1d 0 00 00000000 57ae4285 ffffffff
0 03 1c 0 00 00000000 3772b388 b1cf3115
0 04 1b 0 00 00000000 6f2645c8 deadbeef
0 05 1a 0 00 00000000 14308872 cafebabe
0 06 19 0 00 00000000 e954e410 3725722b
0 07 18 0 00 00000000 00000000 cafebabe
0 08 17 0 00 00000000 3dd8fedf 3fd8800a
0 09 16 0 00 00000000 0ea00729 cafebabe
0 0a 15 0 00 00000000 cafebabe e25e65a6
0 0b 14 0 00 00000000 2a1c4357 e72109e9
0 0c 13 0 00 00000000 94c3db3d d0a2aecc
0 0d 12 0 00 00000000 db0c84b1 deadbeef
0 0e 11 0 00 00000000 91842c28 bcaab035
0 0f 10 0 00 00000000 c38b2913 00000000
0 10 0f 0 00 00000000 00000000 c38b2913
0 11 0e 0 00 00000000 bcaab035 91842c28
0 12 0d 0 00 00000000 deadbeef db0c84b1
0 13 0c 0 00 00000000 d0a2aecc 94c3db3d
0 14 0b 0 00 00000000 e72109e9 2a1c4357
0 15 0a 0 00 00000000 e25e65a6 cafebabe
0 16 09 0 00 00000000 cafebabe 0ea00729
0 17 08 0 00 00000000 3fd8800a 3dd8fedf
0 18 07 0 00 00000000 cafebabe 00000000
0 19 06 0 00 00000000 3725722b e954e410
0 1a 05 0 00 00000000 cafebabe 14308872
0 1b 04 0 00 00000000 deadbeef 6f2645c8
0 1c 03 0 00 00000000 b1cf3115 3772b388
0 1d 02 0 00 00000000 ffffffff 57ae4285
0 1e 01 0 00 00000000 e8c0cda2 ece1bc73
0 1f 00 0 00 00000000 00000000 00000000
0 1b 10 1 1b 7fffffff deadbeef 00000000
# --- read-back sweep ---
# i_rst i_rs1_raddr i_rs2_raddr i_rd_wen i_rd_waddr i_rd_wdata | o_rs1_rdata
#     o_rs2_rdata
0 00 1f 0 00 00000000 00000000 00000000
0 01 1e 0 00 00000000 ece1bc73 e8c0cda2
0 02 1d 0 00 00000000 57ae4285 ffffffff
0 03 1c 0 00 00000000 3772b388 b1cf3115
0 04 1b 0 00 00000000 6f2645c8 7fffffff
0 05 1a 0 00 00000000 14308872 cafebabe
0 06 19 0 00 00000000 e954e410 3725722b
0 07 18 0 00 00000000 00000000 cafebabe
0 08 17 0 00 00000000 3dd8fedf 3fd8800a
0 09 16 0 00 00000000 0ea00729 cafebabe
0 0a 15 0 00 00000000 cafebabe e25e65a6
0 0b 14 0 00 00000000 2a1c4357 e72109e9
0 0c 13 0 00 00000000 94c3db3d d0a2aecc
0 0d 12 0 00 00000000 db0c84b1 deadbeef
0 0e 11 0 00 00000000 91842c28 bcaab035
0 0f 10 0 00 00000000 c38b2913 00000000
0 10 0f 0 00 00000000 00000000 c38b2913
0 11 0e 0 00 00000000 bcaab035 91842c28
0 12 0d 0 00 00000000 deadbeef db0c84b1
0 13 0c 0 00 00000000 d0a2aecc 94c3db3d
0 14 0b 0 00 00000000 e72109e9 2a1c4357
0 15 0a 0 00 00000000 e25e65a6 cafebabe
0 16 09 0 00 00000000 cafebabe 0ea00729
0 17 08 0 00 00000000 3fd8800a 3dd8fedf
0 18 07 0 00 00000000 cafebabe 00000000
0 19 06 0 00 00000000 3725722b e954e410
0 1a 05 0 00 00000000 cafebabe 14308872
0 1b 04 0 00 00000000 7fffffff 6f2645c8
0 1c 03 0 00 00000000 b1cf3115 3772b388
0 1d 02 0 00 00000000 ffffffff 57ae4285
0 1e 01 0 00 00000000 e8c0cda2 ece1bc73
0 1f 00 0 00 00000000 00000000 00000000
0 1c 18 1 0a 54c17ca2 b1cf3115 cafebabe
0 06 0b 0 05 be114d36 e954e410 2a1c4357
0 18 1b 1 0f f2922f67 cafebabe 7fffffff
0 13 0b 0 0f 23bed839 d0a2aecc 2a1c4357
0 1f 09 1 1c 83cc5a1e 00000000 0ea00729
0 0b 10 1 0d a64a46e3 2a1c4357 00000000
0 1e 00 1 00 af6bf5c2 e8c0cda2 00000000
0 0a 04 0 1e d5f9cf9f 54c17ca2 6f2645c8
0 00 00 1 00 458759b7 00000000 00000000
# --- read-back sweep ---
# i_rst i_rs1_raddr i_rs2_raddr i_rd_wen i_rd_waddr i_rd_wdata | o_rs1_rdata
#     o_rs2_rdata
0 00 1f 0 00 00000000 00000000 00000000
0 01 1e 0 00 00000000 ece1bc73 e8c0cda2
0 02 1d 0 00 00000000 57ae4285 ffffffff
0 03 1c 0 00 00000000 3772b388 83cc5a1e
0 04 1b 0 00 00000000 6f2645c8 7fffffff
0 05 1a 0 00 00000000 14308872 cafebabe
0 06 19 0 00 00000000 e954e410 3725722b
0 07 18 0 00 00000000 00000000 cafebabe
0 08 17 0 00 00000000 3dd8fedf 3fd8800a
0 09 16 0 00 00000000 0ea00729 cafebabe
0 0a 15 0 00 00000000 54c17ca2 e25e65a6
0 0b 14 0 00 00000000 2a1c4357 e72109e9
0 0c 13 0 00 00000000 94c3db3d d0a2aecc
0 0d 12 0 00 00000000 a64a46e3 deadbeef
0 0e 11 0 00 00000000 91842c28 bcaab035
0 0f 10 0 00 00000000 f2922f67 00000000
0 10 0f 0 00 00000000 00000000 f2922f67
0 11 0e 0 00 00000000 bcaab035 91842c28
0 12 0d 0 00 00000000 deadbeef a64a46e3
0 13 0c 0 00 00000000 d0a2aecc 94c3db3d
0 14 0b 0 00 00000000 e72109e9 2a1c4357
0 15 0a 0 00 00000000 e25e65a6 54c17ca2
0 16 09 0 00 00000000 cafebabe 0ea00729
0 17 08 0 00 00000000 3fd8800a 3dd8fedf
0 18 07 0 00 00000000 cafebabe 00000000
0 19 06 0 00 00000000 3725722b e954e410
0 1a 05 0 00 00000000 cafebabe 14308872
0 1b 04 0 00 00000000 7fffffff 6f2645c8
0 1c 03 0 00 00000000 83cc5a1e 3772b388
0 1d 02 0 00 00000000 ffffffff 57ae4285
0 1e 01 0 00 00000000 e8c0cda2 ece1bc73
0 1f 00 0 00 00000000 00000000 00000000
0 14 09 0 00 7fffffff e72109e9 0ea00729
0 00 0a 1 0c 18a72373 00000000 54c17ca2
0 04 00 1 05 a03d2197 6f2645c8 00000000
0 01 13 1 03 0d83966e ece1bc73 d0a2aecc
0 1e 0e 1 1e 7a72c708 e8c0cda2 91842c28
# --- read-back sweep ---
# i_rst i_rs1_raddr i_rs2_raddr i_rd_wen i_rd_waddr i_rd_wdata | o_rs1_rdata
#     o_rs2_rdata
0 00 1f 0 00 00000000 00000000 00000000
0 01 1e 0 00 00000000 ece1bc73 7a72c708
0 02 1d 0 00 00000000 57ae4285 ffffffff
0 03 1c 0 00 00000000 0d83966e 83cc5a1e
0 04 1b 0 00 00000000 6f2645c8 7fffffff
0 05 1a 0 00 00000000 a03d2197 cafebabe
0 06 19 0 00 00000000 e954e410 3725722b
0 07 18 0 00 00000000 00000000 cafebabe
0 08 17 0 00 00000000 3dd8fedf 3fd8800a
0 09 16 0 00 00000000 0ea00729 cafebabe
0 0a 15 0 00 00000000 54c17ca2 e25e65a6
0 0b 14 0 00 00000000 2a1c4357 e72109e9
0 0c 13 0 00 00000000 18a72373 d0a2aecc
0 0d 12 0 00 00000000 a64a46e3 deadbeef
0 0e 11 0 00 00000000 91842c28 bcaab035
0 0f 10 0 00 00000000 f2922f67 00000000
0 10 0f 0 00 00000000 00000000 f2922f67
0 11 0e 0 00 00000000 bcaab035 91842c28
0 12 0d 0 00 00000000 deadbeef a64a46e3
0 13 0c 0 00 00000000 d0a2aecc 18a72373
0 14 0b 0 00 00000000 e72109e9 2a1c4357
0 15 0a 0 00 00000000 e25e65a6 54c17ca2
0 16 09 0 00 00000000 cafebabe 0ea00729
0 17 08 0 00 00000000 3fd8800a 3dd8fedf
0 18 07 0 00 00000000 cafebabe 00000000
0 19 06 0 00 00000000 3725722b e954e410
0 1a 05 0 00 00000000 cafebabe a03d2197
0 1b 04 0 00 00000000 7fffffff 6f2645c8
0 1c 03 0 00 00000000 83cc5a1e 0d83966e
0 1d 02 0 00 00000000 ffffffff 57ae4285
0 1e 01 0 00 00000000 7a72c708 ece1bc73
0 1f 00 0 00 00000000 00000000 00000000
0 07 09 1 0a 8f6564fa 00000000 0ea00729
0 12 1f 1 01 f5ba33cc deadbeef 00000000
0 15 1f 1 06 26f2c806 e25e65a6 00000000
0 00 1c 1 1c cafebabe 00000000 83cc5a1e
0 02 07 1 07 7fffffff 57ae4285 00000000
0 11 09 1 18 00000001 bcaab035 0ea00729
0 0b 19 1 1f 074aa9b9 2a1c4357 3725722b
0 09 00 1 00 a6139813 0ea00729 00000000
0 11 11 1 11 a8c9ab01 bcaab035 bcaab035
0 16 1c 1 07 7d681e9a cafebabe cafebabe
0 1d 0a 1 0b fdde4a86 ffffffff 8f6564fa
0 1e 1e 1 1e ba5bd346 7a72c708 7a72c708
0 11 11 0 11 bfc45a27 a8c9ab01 a8c9ab01
0 11 11 0 00 00000000 a8c9ab01 a8c9ab01
0 1a 11 0 0e 95851d2e cafebabe a8c9ab01
0 1f 0a 0 0b 2c22d49a 074aa9b9 8f6564fa
0 0b 03 1 0b 7f636692 fdde4a86 0d83966e
0 00 0b 0 18 1fd1a13a 00000000 7f636692
0 1e 16 0 18 3556d152 ba5bd346 cafebabe
# --- read-back sweep ---
# i_rst i_rs1_raddr i_rs2_raddr i_rd_wen i_rd_waddr i_rd_wdata | o_rs1_rdata
#     o_rs2_rdata
0 00 1f 0 00 00000000 00000000 074aa9b9
0 01 1e 0 00 00000000 f5ba33cc ba5bd346
0 02 1d 0 00 00000000 57ae4285 ffffffff
0 03 1c 0 00 00000000 0d83966e cafebabe
0 04 1b 0 00 00000000 6f2645c8 7fffffff
0 05 1a 0 00 00000000 a03d2197 cafebabe
0 06 19 0 00 00000000 26f2c806 3725722b
0 07 18 0 00 00000000 7d681e9a 00000001
0 08 17 0 00 00000000 3dd8fedf 3fd8800a
0 09 16 0 00 00000000 0ea00729 cafebabe
0 0a 15 0 00 00000000 8f6564fa e25e65a6
0 0b 14 0 00 00000000 7f636692 e72109e9
0 0c 13 0 00 00000000 18a72373 d0a2aecc
0 0d 12 0 00 00000000 a64a46e3 deadbeef
0 0e 11 0 00 00000000 91842c28 a8c9ab01
0 0f 10 0 00 00000000 f2922f67 00000000
0 10 0f 0 00 00000000 00000000 f2922f67
0 11 0e 0 00 00000000 a8c9ab01 91842c28
0 12 0d 0 00 00000000 deadbeef a64a46e3
0 13 0c 0 00 00000000 d0a2aecc 18a72373
0 14 0b 0 00 00000000 e72109e9 7f636692
0 15 0a 0 00 00000000 e25e65a6 8f6564fa
0 16 09 0 00 00000000 cafebabe 0ea00729
0 17 08 0 00 00000000 3fd8800a 3dd8fedf
0 18 07 0 00 00000000 00000001 7d681e9a
0 19 06 0 00 00000000 3725722b 26f2c806
0 1a 05 0 00 00000000 cafebabe a03d2197
0 1b 04 0 00 00000000 7fffffff 6f2645c8
0 1c 03 0 00 00000000 cafebabe 0d83966e
0 1d 02 0 00 00000000 ffffffff 57ae4285
0 1e 01 0 00 00000000 ba5bd346 f5ba33cc
0 1f 00 0 00 00000000 074aa9b9 00000000
0 1c 1d 1 1c 976d8e4a cafebabe ffffffff
0 07 08 0 00 b3fb653a 7d681e9a 3dd8fedf
0 09 00 0 0c 4c6a1b29 0ea00729 00000000
0 17 1a 0 01 2fbba014 3fd8800a cafebabe
0 1d 03 0 00 3094d675 ffffffff 0d83966e
0 08 1d 0 08 0de3a61b 3dd8fedf ffffffff
0 0d 05 0 12 09dfd87e a64a46e3 a03d2197
0 1c 0c 0 0e 3660aaee 976d8e4a 18a72373
0 1b 1b 1 1b b112a0a9 7fffffff 7fffffff
0 00 00 1 00 aaaaaaaa 00000000 00000000
0 13 1b 0 1b 48b85960 d0a2aecc b112a0a9
0 07 1a 0 1f c5cde0ca 7d681e9a cafebabe
0 1b 1b 0 1b 3f7ecf9f b112a0a9 b112a0a9
0 1b 1b 0 00 00000000 b112a0a9 b112a0a9
0 13 1b 1 0d b1fa5f70 d0a2aecc b112a0a9
0 0f 04 1 1b 7a7b2e69 f2922f67 6f2645c8
0 08 08 0 08 244dcd67 3dd8fedf 3dd8fedf
0 08 08 0 00 00000000 3dd8fedf 3dd8fedf
0 1c 1c 1 1c 00000000 976d8e4a 976d8e4a
0 1e 19 1 06 bb3a36b3 ba5bd346 3725722b
0 0c 0c 1 0c 80000000 18a72373 18a72373
0 1b 14 0 09 7b1f28d7 7a7b2e69 e72109e9
0 17 17 1 1a d915cf0f 3fd8800a 3fd8800a
0 08 03 1 09 5e0167fe 3dd8fedf 0d83966e
0 08 04 1 1d 0000ffff 3dd8fedf 6f2645c8
0 1e 1f 1 1c c30ba550 ba5bd346 074aa9b9
0 00 0f 0 17 2b6f2bf0 00000000 f2922f67
0 1e 1f 1 12 5363df20 ba5bd346 074aa9b9
0 12 12 0 00 00000000 5363df20 5363df20
0 15 0f 1 09 cf7fed5e e25e65a6 f2922f67
0 16 16 1 16 a9938323 cafebabe cafebabe
0 0b 07 1 1d ffffffff 7f636692 7d681e9a
0 00 00 1 00 fd086956 00000000 00000000
0 1f 14 0 16 8dd8de03 074aa9b9 e72109e9
0 06 1f 1 0b ce33c2f3 bb3a36b3 074aa9b9
0 1e 1f 1 1e 24cc7a8f ba5bd346 074aa9b9
0 13 1e 1 1e 29899632 d0a2aecc 24cc7a8f
0 10 03 0 07 aaaaaaaa 00000000 0d83966e
0 05 0a 0 19 5cac48c4 a03d2197 8f6564fa
0 1f 1f 0 1f 1b4d99b7 074aa9b9 074aa9b9
0 1f 1f 0 00 00000000 074aa9b9 074aa9b9
0 08 13 1 17 cc5eb5b0 3dd8fedf d0a2aecc
# --- read-back sweep ---
# i_rst i_rs1_raddr i_rs2_raddr i_rd_wen i_rd_waddr i_rd_wdata | o_rs1_rdata
#     o_rs2_rdata
0 00 1f 0 00 00000000 00000000 074aa9b9
0 01 1e 0 00 00000000 f5ba33cc 29899632
0 02 1d 0 00 00000000 57ae4285 ffffffff
0 03 1c 0 00 00000000 0d83966e c30ba550
0 04 1b 0 00 00000000 6f2645c8 7a7b2e69
0 05 1a 0 00 00000000 a03d2197 d915cf0f
0 06 19 0 00 00000000 bb3a36b3 3725722b
0 07 18 0 00 00000000 7d681e9a 00000001
0 08 17 0 00 00000000 3dd8fedf cc5eb5b0
0 09 16 0 00 00000000 cf7fed5e a9938323
0 0a 15 0 00 00000000 8f6564fa e25e65a6
0 0b 14 0 00 00000000 ce33c2f3 e72109e9
0 0c 13 0 00 00000000 80000000 d0a2aecc
0 0d 12 0 00 00000000 b1fa5f70 5363df20
0 0e 11 0 00 00000000 91842c28 a8c9ab01
0 0f 10 0 00 00000000 f2922f67 00000000
0 10 0f 0 00 00000000 00000000 f2922f67
0 11 0e 0 00 00000000 a8c9ab01 91842c28
0 12 0d 0 00 00000000 5363df20 b1fa5f70
0 13 0c 0 00 00000000 d0a2aecc 80000000
0 14 0b 0 00 00000000 e72109e9 ce33c2f3
0 15 0a 0 00 00000000 e25e65a6 8f6564fa
0 16 09 0 00 00000000 a9938323 cf7fed5e
0 17 08 0 00 00000000 cc5eb5b0 3dd8fedf
0 18 07 0 00 00000000 00000001 7d681e9a
0 19 06 0 00 00000000 3725722b bb3a36b3
0 1a 05 0 00 00000000 d915cf0f a03d2197
0 1b 04 0 00 00000000 7a7b2e69 6f2645c8
0 1c 03 0 00 00000000 c30ba550 0d83966e
0 1d 02 0 00 00000000 ffffffff 57ae4285
0 1e 01 0 00 00000000 29899632 f5ba33cc
0 1f 00 0 00 00000000 074aa9b9 00000000
0 0a 0c 1 11 d7b4fbeb 8f6564fa 80000000
0 17 03 1 04 5236b1b3 cc5eb5b0 0d83966e
0 04 04 0 00 00000000 5236b1b3 5236b1b3
0 04 07 1 05 3931fbb3 5236b1b3 7d681e9a
0 1b 1a 1 1b 2fab59b6 7a7b2e69 d915cf0f
0 1d 00 0 18 7cb87fff ffffffff 00000000
0 10 0e 0 07 cafebabe 00000000 91842c28
0 00 05 0 0c a0745f3d 00000000 3931fbb3
0 07 09 0 1c fa5001ac 7d681e9a cf7fed5e
0 0a 1f 1 05 2fb24b1b 8f6564fa 074aa9b9
0 05 05 0 00 00000000 2fb24b1b 2fb24b1b
0 08 11 1 08 fdfd19f2 3dd8fedf d7b4fbeb
0 0d 0d 0 0d 2e93d010 b1fa5f70 b1fa5f70
0 0d 0d 0 00 00000000 b1fa5f70 b1fa5f70
0 11 11 1 11 f1d20230 d7b4fbeb d7b4fbeb
0 0d 00 1 18 9335aaef b1fa5f70 00000000
0 00 0c 1 16 55555555 00000000 80000000
0 07 0e 0 1f aaaaaaaa 7d681e9a 91842c28
0 00 18 1 18 8686adff 00000000 9335aaef
0 1b 18 0 02 67d395d0 2fab59b6 8686adff
0 12 1e 0 1d 3658a46a 5363df20 29899632
0 0e 17 1 12 deadbeef 91842c28 cc5eb5b0
0 1f 0f 1 0b 55555555 074aa9b9 f2922f67
0 1c 1c 1 1c 259356a9 c30ba550 c30ba550
0 0a 1d 1 0a 33dfb86a 8f6564fa ffffffff
0 04 09 1 04 e8fb1755 5236b1b3 cf7fed5e
0 1a 13 1 17 a00dd5ed d915cf0f d0a2aecc
0 17 17 0 00 00000000 a00dd5ed a00dd5ed
0 18 18 0 18 036519de 8686adff 8686adff
0 18 18 0 00 00000000 8686adff 8686adff
0 1b 13 1 1b b859f529 2fab59b6 d0a2aecc
0 0a 10 1 18 cafebabe 33dfb86a 00000000
0 12 0e 1 11 8b14a5b6 deadbeef 91842c28
0 15 0c 1 0a 1071da36 e25e65a6 80000000
0 14 00 0 11 17678590 e72109e9 00000000
0 1c 0f 0 19 80000000 259356a9 f2922f67
0 17 09 1 14 cafebabe a00dd5ed cf7fed5e
0 0f 07 1 0a deadbeef f2922f67 7d681e9a
0 12 1e 1 18 c05ee5f6 deadbeef 29899632
0 09 09 1 09 5ff34a1f cf7fed5e cf7fed5e
0 14 00 1 0a ffffffff cafebabe 00000000
0 16 06 1 06 b6cd54d8 55555555 bb3a36b3
0 15 00 1 0a 6112f226 e25e65a6 00000000
# --- read-back sweep ---
# i_rst i_rs1_raddr i_rs2_raddr i_rd_wen i_rd_waddr i_rd_wdata | o_rs1_rdata
#     o_rs2_rdata
0 00 1f 0 00 00000000 00000000 074aa9b9
0 01 1e 0 00 00000000 f5ba33cc 29899632
0 02 1d 0 00 00000000 57ae4285 ffffffff
0 03 1c 0 00 00000000 0d83966e 259356a9
0 04 1b 0 00 00000000 e8fb1755 b859f529
0 05 1a 0 00 00000000 2fb24b1b d915cf0f
0 06 19 0 00 00000000 b6cd54d8 3725722b
0 07 18 0 00 00000000 7d681e9a c05ee5f6
0 08 17 0 00 00000000 fdfd19f2 a00dd5ed
0 09 16 0 00 00000000 5ff34a1f 55555555
0 0a 15 0 00 00000000 6112f226 e25e65a6
0 0b 14 0 00 00000000 55555555 cafebabe
0 0c 13 0 00 00000000 80000000 d0a2aecc
0 0d 12 0 00 00000000 b1fa5f70 deadbeef
0 0e 11 0 00 00000000 91842c28 8b14a5b6
0 0f 10 0 00 00000000 f2922f67 00000000
0 10 0f 0 00 00000000 00000000 f2922f67
0 11 0e 0 00 00000000 8b14a5b6 91842c28
0 12 0d 0 00 00000000 deadbeef b1fa5f70
0 13 0c 0 00 00000000 d0a2aecc 80000000
0 14 0b 0 00 00000000 cafebabe 55555555
0 15 0a 0 00 00000000 e25e65a6 6112f226
0 16 09 0 00 00000000 55555555 5ff34a1f
0 17 08 0 00 00000000 a00dd5ed fdfd19f2
0 18 07 0 00 00000000 c05ee5f6 7d681e9a
0 19 06 0 00 00000000 3725722b b6cd54d8
0 1a 05 0 00 00000000 d915cf0f 2fb24b1b
0 1b 04 0 00 00000000 b859f529 e8fb1755
0 1c 03 0 00 00000000 259356a9 0d83966e
0 1d 02 0 00 00000000 ffffffff 57ae4285
0 1e 01 0 00 00000000 29899632 f5ba33cc
0 1f 00 0 00 00000000 074aa9b9 00000000
0 05 1c 1 1a aaaaaaaa 2fb24b1b 259356a9
0 09 0e 1 12 20268f21 5ff34a1f 91842c28
0 12 12 0 00 00000000 20268f21 20268f21
0 0a 12 0 03 9ebfed1e 6112f226 20268f21
0 1a 0e 1 0a e18cca5e aaaaaaaa 91842c28
0 1d 1d 1 1d eb8d9ab8 ffffffff ffffffff
0 01 00 0 10 1d49e96c f5ba33cc 00000000
0 03 1e 0 0a 3c0eb62f 0d83966e 29899632
0 0f 03 1 16 17c34914 f2922f67 0d83966e
0 03 09 1 17 829d588e 0d83966e 5ff34a1f
0 04 01 0 00 ea2d5337 e8fb1755 f5ba33cc
0 01 19 1 05 deadbeef f5ba33cc 3725722b
0 15 1c 0 1e 0000ffff e25e65a6 259356a9
0 18 0b 1 08 8dee96cd c05ee5f6 55555555
0 0e 1a 1 04 3a1ff94a 91842c28 aaaaaaaa
0 04 04 0 00 00000000 3a1ff94a 3a1ff94a
0 00 00 1 00 a6659135 00000000 00000000
0 11 11 1 11 fb9c6e0f 8b14a5b6 8b14a5b6
0 0d 0c 1 12 ea3b1421 b1fa5f70 80000000
0 15 1b 1 1b 7fffffff e25e65a6 b859f529
0 1d 13 1 16 ddf50ae6 eb8d9ab8 d0a2aecc
0 0e 0c 1 12 8a6d2876 91842c28 80000000
0 00 10 1 00 0f5b4fb9 00000000 00000000
0 11 0e 1 19 75d69cb3 fb9c6e0f 91842c28
0 1c 08 0 00 b8ab809a 259356a9 8dee96cd
0 18 05 1 1d a37d9aa9 c05ee5f6 deadbeef
0 1d 1d 0 00 00000000 a37d9aa9 a37d9aa9
0 08 07 0 00 0d82b3b4 8dee96cd 7d681e9a
0 09 04 1 09 48ef8cd4 5ff34a1f 3a1ff94a
0 03 03 0 03 87906de9 0d83966e 0d83966e
0 03 03 0 00 00000000 0d83966e 0d83966e
0 12 07 1 0b aaaaaaaa 8a6d2876 7d681e9a
0 0a 16 0 00 375bc8da e18cca5e ddf50ae6
0 02 00 0 00 92052d70 57ae4285 00000000
0 1b 1b 1 1b 297d7901 7fffffff 7fffffff
0 16 1b 1 18 2a72fe20 ddf50ae6 297d7901
0 0d 0d 0 0d cc036341 b1fa5f70 b1fa5f70
0 0d 0d 0 00 00000000 b1fa5f70 b1fa5f70
0 00 0e 0 0c 0366cd1d 00000000 91842c28
0 15 1b 0 10 1dc5fbf8 e25e65a6 297d7901
0 17 00 1 17 b639acd1 829d588e 00000000
0 11 02 1 0a 876a039e fb9c6e0f 57ae4285
0 05 0a 1 09 aaaaaaaa deadbeef 876a039e
0 01 1b 1 06 9b1a6281 f5ba33cc 297d7901
0 1a 10 0 0a a9f68771 aaaaaaaa 00000000
0 05 04 0 1f aa739625 deadbeef 3a1ff94a
0 03 07 1 1c d7ea4ab6 0d83966e 7d681e9a
0 17 16 0 0a 98f917f6 b639acd1 ddf50ae6
0 0a 00 1 19 b09f1192 876a039e 00000000
0 0b 18 0 02 8540962d aaaaaaaa 2a72fe20
0 15 15 1 15 ffffffff e25e65a6 e25e65a6
0 17 17 1 17 30b5c27d b639acd1 b639acd1
0 19 19 1 19 29a94cfc b09f1192 b09f1192
0 04 02 1 0d 00000000 3a1ff94a 57ae4285
0 1e 1d 1 0d 401abfb4 29899632 a37d9aa9
0 0a 1b 1 09 ffffffff 876a039e 297d7901
0 1d 14 1 11 80000000 a37d9aa9 cafebabe
0 1d 0e 1 1d deadbeef a37d9aa9 91842c28
0 1c 08 1 12 80000000 d7ea4ab6 8dee96cd
0 0d 08 1 1c 4d2295da 401abfb4 8dee96cd
0 0f 11 1 05 9c1f12f4 f2922f67 80000000
0 0d 01 1 0a 6e929c56 401abfb4 f5ba33cc
0 0a 0a 0 00 00000000 6e929c56 6e929c56
0 1f 1f 0 1f 54429b94 074aa9b9 074aa9b9
0 1f 1f 0 00 00000000 074aa9b9 074aa9b9
0 00 00 1 00 628bcce6 00000000 00000000
0 05 17 1 10 320ed40c 9c1f12f4 30b5c27d
0 1b 12 1 08 8ee3f2d0 297d7901 80000000
0 08 08 0 00 00000000 8ee3f2d0 8ee3f2d0
0 13 00 1 00 2a47097b d0a2aecc 00000000
0 1f 1f 0 1f a8bdf909 074aa9b9 074aa9b9
0 1f 1f 0 00 00000000 074aa9b9 074aa9b9
0 1e 1f 1 14 7a2e99ce 29899632 074aa9b9
0 14 14 0 00 00000000 7a2e99ce 7a2e99ce
0 06 10 0 1c 00000001 9b1a6281 320ed40c
0 13 1c 1 18 97c7e01a d0a2aecc 4d2295da
0 0e 16 1 0a ea56fc6f 91842c28 ddf50ae6
0 01 01 0 01 3f3697bf f5ba33cc f5ba33cc
0 01 01 0 00 00000000 f5ba33cc f5ba33cc
0 1a 14 1 1e 0000ffff aaaaaaaa 7a2e99ce
0 08 08 1 08 70125e98 8ee3f2d0 8ee3f2d0
0 15 07 1 12 98e793e2 ffffffff 7d681e9a
0 07 05 0 08 deadbeef 7d681e9a 9c1f12f4
0 10 0f 1 10 3b53eac4 320ed40c f2922f67
0 17 0c 1 11 60adeb01 30b5c27d 80000000
0 17 17 1 17 e68f993f 30b5c27d 30b5c27d
0 01 08 0 1a 55555555 f5ba33cc 70125e98
0 0c 1a 0 1b 7fffffff 80000000 aaaaaaaa
0 1c 05 1 12 be8b02ad 4d2295da 9c1f12f4
0 0c 11 1 00 58d41f1f 80000000 60adeb01
0 03 1f 1 1f 0000ffff 0d83966e 074aa9b9
0 00 04 0 06 68a25fe6 00000000 3a1ff94a
0 17 07 0 1d ce4a47cc e68f993f 7d681e9a
0 0a 1d 1 00 80000000 ea56fc6f deadbeef
0 00 1f 1 00 80000000 00000000 0000ffff
0 00 0e 1 00 c178f887 00000000 91842c28
0 10 0e 1 17 3ad42a4d 3b53eac4 91842c28
0 18 14 1 00 00000000 97c7e01a 7a2e99ce
0 06 00 0 16 ffffffff 9b1a6281 00000000
0 1b 05 1 1f 5f623556 297d7901 9c1f12f4
0 0e 17 1 0c da5dd673 91842c28 3ad42a4d
0 19 16 1 0a 00000000 29a94cfc ddf50ae6
0 09 1c 0 16 7fffffff ffffffff 4d2295da
0 1e 0e 0 11 6e88a741 0000ffff 91842c28
0 11 18 0 17 7fffffff 60adeb01 97c7e01a
0 1e 00 0 0f 48c1ed1c 0000ffff 00000000
0 1d 15 1 1d 66519608 deadbeef ffffffff
0 07 07 0 07 5983d446 7d681e9a 7d681e9a
0 07 07 0 00 00000000 7d681e9a 7d681e9a
0 00 1c 1 00 2e146e4c 00000000 4d2295da
0 14 0c 0 1f 5bb4ab0a 7a2e99ce da5dd673
0 1d 1f 1 0d 512a4fe8 66519608 5f623556
0 13 1a 0 06 b2e24185 d0a2aecc aaaaaaaa
0 10 17 1 01 6e6c7c91 3b53eac4 3ad42a4d
0 19 07 1 0f ebed4351 29a94cfc 7d681e9a
0 1a 14 0 16 f3978bf4 aaaaaaaa 7a2e99ce
0 18 18 0 18 1c310358 97c7e01a 97c7e01a
0 18 18 0 00 00000000 97c7e01a 97c7e01a
0 11 1c 0 17 966e5238 60adeb01 4d2295da
0 1e 17 1 05 44157695 0000ffff 3ad42a4d
0 1f 1b 1 10 26b8ef4f 5f623556 297d7901
0 15 10 1 08 a23c6941 ffffffff 26b8ef4f
# --- read-back sweep ---
# i_rst i_rs1_raddr i_rs2_raddr i_rd_wen i_rd_waddr i_rd_wdata | o_rs1_rdata
#     o_rs2_rdata
0 00 1f 0 00 00000000 00000000 5f623556
0 01 1e 0 00 00000000 6e6c7c91 0000ffff
0 02 1d 0 00 00000000 57ae4285 66519608
0 03 1c 0 00 00000000 0d83966e 4d2295da
0 04 1b 0 00 00000000 3a1ff94a 297d7901
0 05 1a 0 00 00000000 44157695 aaaaaaaa
0 06 19 0 00 00000000 9b1a6281 29a94cfc
0 07 18 0 00 00000000 7d681e9a 97c7e01a
0 08 17 0 00 00000000 a23c6941 3ad42a4d
0 09 16 0 00 00000000 ffffffff ddf50ae6
0 0a 15 0 00 00000000 00000000 ffffffff
0 0b 14 0 00 00000000 aaaaaaaa 7a2e99ce
0 0c 13 0 00 00000000 da5dd673 d0a2aecc
0 0d 12 0 00 00000000 512a4fe8 be8b02ad
0 0e 11 0 00 00000000 91842c28 60adeb01
0 0f 10 0 00 00000000 ebed4351 26b8ef4f
0 10 0f 0 00 00000000 26b8ef4f ebed4351
0 11 0e 0 00 00000000 60adeb01 91842c28
0 12 0d 0 00 00000000 be8b02ad 512a4fe8
0 13 0c 0 00 00000000 d0a2aecc da5dd673
0 14 0b 0 00 00000000 7a2e99ce aaaaaaaa
0 15 0a 0 00 00000000 ffffffff 00000000
0 16 09 0 00 00000000 ddf50ae6 ffffffff
0 17 08 0 00 00000000 3ad42a4d a23c6941
0 18 07 0 00 00000000 97c7e01a 7d681e9a
0 19 06 0 00 00000000 29a94cfc 9b1a6281
0 1a 05 0 00 00000000 aaaaaaaa 44157695
0 1b 04 0 00 00000000 297d7901 3a1ff94a
0 1c 03 0 00 00000000 4d2295da 0d83966e
0 1d 02 0 00 00000000 66519608 57ae4285
0 1e 01 0 00 00000000 0000ffff 6e6c7c91
0 1f 00 0 00 00000000 5f623556 00000000
0 03 0f 1 0f a89c11a4 0d83966e ebed4351
0 15 0a 1 0a b6c25399 ffffffff 00000000
0 10 13 0 04 a4d348b3 26b8ef4f d0a2aecc
0 1d 14 1 00 505d4758 66519608 7a2e99ce
0 1c 1c 1 1c 8c4cc404 4d2295da 4d2295da
0 00 16 0 1c 6dc585cb 00000000 ddf50ae6
# --- read-back sweep ---
# i_rst i_rs1_raddr i_rs2_raddr i_rd_wen i_rd_waddr i_rd_wdata | o_rs1_rdata
#     o_rs2_rdata
0 00 1f 0 00 00000000 00000000 5f623556
0 01 1e 0 00 00000000 6e6c7c91 0000ffff
0 02 1d 0 00 00000000 57ae4285 66519608
0 03 1c 0 00 00000000 0d83966e 8c4cc404
0 04 1b 0 00 00000000 3a1ff94a 297d7901
0 05 1a 0 00 00000000 44157695 aaaaaaaa
0 06 19 0 00 00000000 9b1a6281 29a94cfc
0 07 18 0 00 00000000 7d681e9a 97c7e01a
0 08 17 0 00 00000000 a23c6941 3ad42a4d
0 09 16 0 00 00000000 ffffffff ddf50ae6
0 0a 15 0 00 00000000 b6c25399 ffffffff
0 0b 14 0 00 00000000 aaaaaaaa 7a2e99ce
0 0c 13 0 00 00000000 da5dd673 d0a2aecc
0 0d 12 0 00 00000000 512a4fe8 be8b02ad
0 0e 11 0 00 00000000 91842c28 60adeb01
0 0f 10 0 00 00000000 a89c11a4 26b8ef4f
0 10 0f 0 00 00000000 26b8ef4f a89c11a4
0 11 0e 0 00 00000000 60adeb01 91842c28
0 12 0d 0 00 00000000 be8b02ad 512a4fe8
0 13 0c 0 00 00000000 d0a2aecc da5dd673
0 14 0b 0 00 00000000 7a2e99ce aaaaaaaa
0 15 0a 0 00 00000000 ffffffff b6c25399
0 16 09 0 00 00000000 ddf50ae6 ffffffff
0 17 08 0 00 00000000 3ad42a4d a23c6941
0 18 07 0 00 00000000 97c7e01a 7d681e9a
0 19 06 0 00 00000000 29a94cfc 9b1a6281
0 1a 05 0 00 00000000 aaaaaaaa 44157695
0 1b 04 0 00 00000000 297d7901 3a1ff94a
0 1c 03 0 00 00000000 8c4cc404 0d83966e
0 1d 02 0 00 00000000 66519608 57ae4285
0 1e 01 0 00 00000000 0000ffff 6e6c7c91
0 1f 00 0 00 00000000 5f623556 00000000
0 08 02 0 1a 7fffffff a23c6941 57ae4285
0 1f 1b 0 0c 27a0f203 5f623556 297d7901
0 17 18 1 18 d47a2e23 3ad42a4d 97c7e01a
0 00 03 1 0a 0aab319b 00000000 0d83966e
0 0a 0a 0 00 00000000 0aab319b 0aab319b
0 01 14 1 00 e012b587 6e6c7c91 7a2e99ce
0 00 07 1 03 c6e09baf 00000000 7d681e9a
0 10 0b 1 0b 090c3f13 26b8ef4f aaaaaaaa
0 05 00 1 08 01c05311 44157695 00000000
0 1c 00 1 0f ecd3d272 8c4cc404 00000000
0 17 0a 1 14 fc717b6f 3ad42a4d 0aab319b
0 0c 0b 1 14 c5f6843e da5dd673 090c3f13
0 17 06 1 17 88ab8902 3ad42a4d 9b1a6281
0 1b 0b 0 1d 80000000 297d7901 090c3f13
0 03 19 0 1a 3af0c224 c6e09baf 29a94cfc
0 0a 1c 0 18 20b2388e 0aab319b 8c4cc404
0 07 0e 1 04 213f8b69 7d681e9a 91842c28
0 04 04 0 00 00000000 213f8b69 213f8b69
0 0c 11 1 0e b7467c63 da5dd673 60adeb01
0 18 19 1 00 3b238985 d47a2e23 29a94cfc
0 1a 16 1 16 cafebabe aaaaaaaa ddf50ae6
0 1c 15 1 0b 58547423 8c4cc404 ffffffff
0 1d 00 1 1d 5a91304c 66519608 00000000
0 1e 1b 1 04 aaaaaaaa 0000ffff 297d7901
0 1d 00 1 0f 8ba631f2 5a91304c 00000000
0 0f 0f 0 00 00000000 8ba631f2 8ba631f2
0 1c 01 1 1c 0000ffff 8c4cc404 6e6c7c91
0 05 12 1 06 536bba3b 44157695 be8b02ad
0 00 00 1 00 b2197be3 00000000 00000000
0 12 18 0 03 55555555 be8b02ad d47a2e23
0 09 0c 1 16 3181e45b ffffffff da5dd673
0 07 07 1 07 0000ffff 7d681e9a 7d681e9a
0 16 03 0 18 55555555 3181e45b c6e09baf
0 17 03 1 14 871cfef2 88ab8902 c6e09baf
0 04 14 1 04 b336ba56 aaaaaaaa 871cfef2
0 19 19 1 19 2087e7c2 29a94cfc 29a94cfc
0 1d 04 1 02 7aade17a 5a91304c b336ba56
0 0a 13 1 03 18991d97 0aab319b d0a2aecc
0 1b 0c 1 05 d35a9737 297d7901 da5dd673
0 00 1c 1 0f 0000ffff 00000000 0000ffff
0 1f 15 0 11 6036cd34 5f623556 ffffffff
0 01 08 0 1f ed6cd713 6e6c7c91 01c05311
0 0f 0f 0 0f c0e887f2 0000ffff 0000ffff
0 0f 0f 0 00 00000000 0000ffff 0000ffff
0 02 11 1 17 14aba69f 7aade17a 60adeb01
0 11 17 1 1b 1d66c546 60adeb01 14aba69f
0 13 1a 1 1d aaaaaaaa d0a2aecc aaaaaaaa
0 1c 12 1 0f a2f93162 0000ffff be8b02ad
0 06 02 1 1f 36f3944c 536bba3b 7aade17a
0 0e 00 0 1b 05c37875 b7467c63 00000000
0 07 07 1 1a 20edd9af 0000ffff 0000ffff
0 1a 1a 0 00 00000000 20edd9af 20edd9af
0 10 09 1 0a 4890fe76 26b8ef4f ffffffff
0 0d 1b 1 1d c041b344 512a4fe8 1d66c546
0 13 13 1 13 856273a5 d0a2aecc d0a2aecc
0 15 0c 1 0c 130b90d6 ffffffff da5dd673
0 00 18 1 02 ef0488f4 00000000 d47a2e23
0 1f 02 1 0a 05869c65 36f3944c ef0488f4
0 18 12 1 00 3f140ad1 d47a2e23 be8b02ad
0 1c 1c 1 1c 3841387b 0000ffff 0000ffff
0 14 11 1 12 f7e21f90 871cfef2 60adeb01
0 19 13 0 12 a7019f19 2087e7c2 856273a5
0 09 1c 0 1d deadbeef ffffffff 3841387b
0 00 13 1 07 e7554cb7 00000000 856273a5
0 0d 0a 0 1b 7fffffff 512a4fe8 05869c65
0 10 10 0 10 9255a67d 26b8ef4f 26b8ef4f
0 10 10 0 00 00000000 26b8ef4f 26b8ef4f
0 07 0d 1 06 c4c47cfc e7554cb7 512a4fe8
0 01 04 1 08 6697ad19 6e6c7c91 b336ba56
0 1f 0a 1 01 bdba5790 36f3944c 05869c65
0 00 0e 1 00 166c146d 00000000 b7467c63
0 07 1d 1 0e a85a6a91 e7554cb7 c041b344
0 15 12 0 1c 55555555 ffffffff f7e21f90
0 12 0a 0 13 aa223812 f7e21f90 05869c65
0 17 1e 1 03 00000000 14aba69f 0000ffff
# --- read-back sweep ---
# i_rst i_rs1_raddr i_rs2_raddr i_rd_wen i_rd_waddr i_rd_wdata | o_rs1_rdata
#     o_rs2_rdata
0 00 1f 0 00 00000000 00000000 36f3944c
0 01 1e 0 00 00000000 bdba5790 0000ffff
0 02 1d 0 00 00000000 ef0488f4 c041b344
0 03 1c 0 00 00000000 00000000 3841387b
0 04 1b 0 00 00000000 b336ba56 1d66c546
0 05 1a 0 00 00000000 d35a9737 20edd9af
0 06 19 0 00 00000000 c4c47cfc 2087e7c2
0 07 18 0 00 00000000 e7554cb7 d47a2e23
0 08 17 0 00 00000000 6697ad19 14aba69f
0 09 16 0 00 00000000 ffffffff 3181e45b
0 0a 15 0 00 00000000 05869c65 ffffffff
0 0b 14 0 00 00000000 58547423 871cfef2
0 0c 13 0 00 00000000 130b90d6 856273a5
0 0d 12 0 00 00000000 512a4fe8 f7e21f90
0 0e 11 0 00 00000000 a85a6a91 60adeb01
0 0f 10 0 00 00000000 a2f93162 26b8ef4f
0 10 0f 0 00 00000000 26b8ef4f a2f93162
0 11 0e 0 00 00000000 60adeb01 a85a6a91
0 12 0d 0 00 00000000 f7e21f90 512a4fe8
0 13 0c 0 00 00000000 856273a5 130b90d6
0 14 0b 0 00 00000000 871cfef2 58547423
0 15 0a 0 00 00000000 ffffffff 05869c65
0 16 09 0 00 00000000 3181e45b ffffffff
0 17 08 0 00 00000000 14aba69f 6697ad19
0 18 07 0 00 00000000 d47a2e23 e7554cb7
0 19 06 0 00 00000000 2087e7c2 c4c47cfc
0 1a 05 0 00 00000000 20edd9af d35a9737
0 1b 04 0 00 00000000 1d66c546 b336ba56
0 1c 03 0 00 00000000 3841387b 00000000
0 1d 02 0 00 00000000 c041b344 ef0488f4
0 1e 01 0 00 00000000 0000ffff bdba5790
0 1f 00 0 00 00000000 36f3944c 00000000
0 06 15 1 0d 193c2240 c4c47cfc ffffffff
0 0c 00 1 1b ec14ead1 130b90d6 00000000
0 0f 1a 1 1d 70085c7e a2f93162 20edd9af
0 1d 1d 0 00 00000000 70085c7e 70085c7e
0 1c 0f 1 19 00000001 3841387b a2f93162
0 03 19 1 1e 45a87743 00000000 00000001
0 0a 0e 1 00 7e8a6553 05869c65 a85a6a91
0 1f 10 1 1a 2eb1d087 36f3944c 26b8ef4f
0 1a 1a 0 00 00000000 2eb1d087 2eb1d087
0 00 00 1 00 930db755 00000000 00000000
0 0e 1d 1 0e 5f919137 a85a6a91 70085c7e
0 00 07 0 08 d61b223d 00000000 e7554cb7
0 00 09 1 15 f9ef5dda 00000000 ffffffff
0 1b 01 1 15 896b4c27 ec14ead1 bdba5790
0 1c 08 0 05 7e325f88 3841387b 6697ad19
0 0f 06 0 02 ffffffff a2f93162 c4c47cfc
0 00 05 0 1f 15a286ae 00000000 d35a9737
0 16 16 1 02 fcfb5629 3181e45b 3181e45b
0 1f 1f 0 1f 8600391c 36f3944c 36f3944c
0 1f 1f 0 00 00000000 36f3944c 36f3944c
0 02 17 1 13 ce249677 fcfb5629 14aba69f
0 19 04 1 11 035028d9 00000001 b336ba56
0 0d 04 1 07 95e27bc0 193c2240 b336ba56
0 11 02 1 1c 7c25d4a0 035028d9 fcfb5629
0 12 01 1 02 1c3ef906 f7e21f90 bdba5790
0 07 07 1 07 55555555 95e27bc0 95e27bc0
0 13 12 1 1d 80000000 ce249677 f7e21f90
0 13 0b 1 13 e08f3097 ce249677 58547423
0 02 12 1 1d 317acc6d 1c3ef906 f7e21f90
0 06 00 0 09 87b47200 c4c47cfc 00000000
0 14 1a 0 11 1ef20722 871cfef2 2eb1d087
0 00 0f 0 0a 43217e76 00000000 a2f93162
0 04 16 0 04 c7da5c24 b336ba56 3181e45b
0 14 0f 0 1b 2133121b 871cfef2 a2f93162
0 1a 1a 1 1a 80000000 2eb1d087 2eb1d087
0 1d 0f 1 0e 24be904d 317acc6d a2f93162
0 03 02 1 14 82c548d6 00000000 1c3ef906
0 04 18 1 00 e12b97b4 b336ba56 d47a2e23
0 18 03 1 03 9ad1b16c d47a2e23 00000000
0 17 17 1 17 6a7f4028 14aba69f 14aba69f
0 1d 05 1 0b 70dd0ac5 317acc6d d35a9737
0 09 00 1 1a 20348751 ffffffff 00000000
0 1d 09 1 1d 416b9c44 317acc6d ffffffff
0 19 10 1 10 32378015 00000001 26b8ef4f
0 18 07 1 15 75961848 d47a2e23 55555555
0 04 14 1 19 7dfa5541 b336ba56 82c548d6
0 14 1c 1 14 0bba4726 82c548d6 7c25d4a0
0 01 03 1 08 4d6bb332 bdba5790 9ad1b16c
0 0d 01 0 0f aaaaaaaa 193c2240 bdba5790
0 06 1d 0 00 a6260f0b c4c47cfc 416b9c44
0 1c 1c 0 1c ad3dcc25 7c25d4a0 7c25d4a0
0 1c 1c 0 00 00000000 7c25d4a0 7c25d4a0
0 0e 0b 0 1a 0c2a3df9 24be904d 70dd0ac5
0 0f 13 1 1d c67cbc92 a2f93162 e08f3097
0 19 19 0 19 99f1bc0a 7dfa5541 7dfa5541
0 19 19 0 00 00000000 7dfa5541 7dfa5541
0 18 03 1 0c aaaaaaaa d47a2e23 9ad1b16c
0 09 1a 0 0e 89ca3c6a ffffffff 20348751
0 00 16 1 12 e6176162 00000000 3181e45b
0 16 1c 0 1d b6b11eff 3181e45b 7c25d4a0
0 1c 10 1 00 deadbeef 7c25d4a0 32378015
0 07 0b 1 04 55555555 55555555 70dd0ac5
0 00 1d 1 0a 98e17d42 00000000 c67cbc92
0 13 1e 1 01 18273e0a e08f3097 45a87743
0 16 08 1 00 3836948a 3181e45b 4d6bb332
0 0c 1f 1 1f a20aea4a aaaaaaaa 36f3944c
0 1f 1f 0 00 00000000 a20aea4a a20aea4a
0 04 09 1 04 7157eb6b 55555555 ffffffff
0 15 06 1 0b b93e37fd 75961848 c4c47cfc
0 12 18 0 0d 7522f39b e6176162 d47a2e23
0 1a 03 0 01 f5c86434 20348751 9ad1b16c
0 0d 08 1 1a 7eaf4159 193c2240 4d6bb332
0 1a 1a 0 00 00000000 7eaf4159 7eaf4159
0 10 08 1 00 7b0cf40c 32378015 4d6bb332
# --- read-back sweep ---
# i_rst i_rs1_raddr i_rs2_raddr i_rd_wen i_rd_waddr i_rd_wdata | o_rs1_rdata
#     o_rs2_rdata
0 00 1f 0 00 00000000 00000000 a20aea4a
0 01 1e 0 00 00000000 18273e0a 45a87743
0 02 1d 0 00 00000000 1c3ef906 c67cbc92
0 03 1c 0 00 00000000 9ad1b16c 7c25d4a0
0 04 1b 0 00 00000000 7157eb6b ec14ead1
0 05 1a 0 00 00000000 d35a9737 7eaf4159
0 06 19 0 00 00000000 c4c47cfc 7dfa5541
0 07 18 0 00 00000000 55555555 d47a2e23
0 08 17 0 00 00000000 4d6bb332 6a7f4028
0 09 16 0 00 00000000 ffffffff 3181e45b
0 0a 15 0 00 00000000 98e17d42 75961848
0 0b 14 0 00 00000000 b93e37fd 0bba4726
0 0c 13 0 00 00000000 aaaaaaaa e08f3097
0 0d 12 0 00 00000000 193c2240 e6176162
0 0e 11 0 00 00000000 24be904d 035028d9
0 0f 10 0 00 00000000 a2f93162 32378015
0 10 0f 0 00 00000000 32378015 a2f93162
0 11 0e 0 00 00000000 035028d9 24be904d
0 12 0d 0 00 00000000 e6176162 193c2240
0 13 0c 0 00 00000000 e08f3097 aaaaaaaa
0 14 0b 0 00 00000000 0bba4726 b93e37fd
0 15 0a 0 00 00000000 75961848 98e17d42
0 16 09 0 00 00000000 3181e45b ffffffff
0 17 08 0 00 00000000 6a7f4028 4d6bb332
0 18 07 0 00 00000000 d47a2e23 55555555
0 19 06 0 00 00000000 7dfa5541 c4c47cfc
0 1a 05 0 00 00000000 7eaf4159 d35a9737
0 1b 04 0 00 00000000 ec14ead1 7157eb6b
0 1c 03 0 00 00000000 7c25d4a0 9ad1b16c
0 1d 02 0 00 00000000 c67cbc92 1c3ef906
0 1e 01 0 00 00000000 45a87743 18273e0a
0 1f 00 0 00 00000000 a20aea4a 00000000
0 15 03 1 10 722fff53 75961848 9ad1b16c
0 1b 18 1 00 deadbeef ec14ead1 d47a2e23
0 00 0d 0 13 9ece6acd 00000000 193c2240
0 09 09 1 09 595f5299 ffffffff ffffffff
0 13 02 1 02 762660e8 e08f3097 1c3ef906
0 10 04 1 11 00000000 722fff53 7157eb6b
0 02 0b 1 09 9d1585fb 762660e8 b93e37fd
0 09 09 0 00 00000000 9d1585fb 9d1585fb
0 09 12 1 07 34dcf9d1 9d1585fb e6176162
0 1d 14 1 1c 943504c2 c67cbc92 0bba4726
0 0f 03 1 11 8ae413e9 a2f93162 9ad1b16c
0 16 16 0 16 a94752b4 3181e45b 3181e45b
0 16 16 0 00 00000000 3181e45b 3181e45b
0 17 05 0 08 a3a12027 6a7f4028 d35a9737
0 07 16 1 07 408565dc 34dcf9d1 3181e45b
0 07 07 0 00 00000000 408565dc 408565dc
# --- read-back sweep ---
# i_rst i_rs1_raddr i_rs2_raddr i_rd_wen i_rd_waddr i_rd_wdata | o_rs1_rdata
#     o_rs2_rdata
0 00 1f 0 00 00000000 00000000 a20aea4a
0 01 1e 0 00 00000000 18273e0a 45a87743
0 02 1d 0 00 00000000 762660e8 c67cbc92
0 03 1c 0 00 00000000 9ad1b16c 943504c2
0 04 1b 0 00 00000000 7157eb6b ec14ead1
0 05 1a 0 00 00000000 d35a9737 7eaf4159
0 06 19 0 00 00000000 c4c47cfc 7dfa5541
0 07 18 0 00 00000000 408565dc d47a2e23
0 08 17 0 00 00000000 4d6bb332 6a7f4028
0 09 16 0 00 00000000 9d1585fb 3181e45b
0 0a 15 0 00 00000000 98e17d42 75961848
0 0b 14 0 00 00000000 b93e37fd 0bba4726
0 0c 13 0 00 00000000 aaaaaaaa e08f3097
0 0d 12 0 00 00000000 193c2240 e6176162
0 0e 11 0 00 00000000 24be904d 8ae413e9
0 0f 10 0 00 00000000 a2f93162 722fff53
0 10 0f 0 00 00000000 722fff53 a2f93162
0 11 0e 0 00 00000000 8ae413e9 24be904d
0 12 0d 0 00 00000000 e6176162 193c2240
0 13 0c 0 00 00000000 e08f3097 aaaaaaaa
0 14 0b 0 00 00000000 0bba4726 b93e37fd
0 15 0a 0 00 00000000 75961848 98e17d42
0 16 09 0 00 00000000 3181e45b 9d1585fb
0 17 08 0 00 00000000 6a7f4028 4d6bb332
0 18 07 0 00 00000000 d47a2e23 408565dc
0 19 06 0 00 00000000 7dfa5541 c4c47cfc
0 1a 05 0 00 00000000 7eaf4159 d35a9737
0 1b 04 0 00 00000000 ec14ead1 7157eb6b
0 1c 03 0 00 00000000 943504c2 9ad1b16c
0 1d 02 0 00 00000000 c67cbc92 762660e8
0 1e 01 0 00 00000000 45a87743 18273e0a
0 1f 00 0 00 00000000 a20aea4a 00000000
0 06 1a 0 17 dc61719b c4c47cfc 7eaf4159
0 07 0e 1 1f 2d6f1ae5 408565dc 24be904d
0 1f 1f 0 00 00000000 2d6f1ae5 2d6f1ae5
0 01 07 1 1e b947ad26 18273e0a 408565dc
0 08 00 1 0a aaf58df6 4d6bb332 00000000
0 05 05 1 05 960e0c7d d35a9737 d35a9737
0 13 16 0 02 cab0f24e e08f3097 3181e45b
0 00 00 1 00 93a8b89f 00000000 00000000
0 12 07 1 03 0f4ccc25 e6176162 408565dc
0 06 04 1 0d 2f798470 c4c47cfc 7157eb6b
0 01 01 1 01 7ed943dd 18273e0a 18273e0a
0 0d 16 1 0d 0000ffff 2f798470 3181e45b
0 03 03 0 03 d1a72c75 0f4ccc25 0f4ccc25
0 03 03 0 00 00000000 0f4ccc25 0f4ccc25
0 14 0e 1 0d 1350dc02 0bba4726 24be904d
0 12 09 1 10 6c49db52 e6176162 9d1585fb
0 11 08 1 11 aaaaaaaa 8ae413e9 4d6bb332
0 04 0c 1 04 f167538e 7157eb6b aaaaaaaa
0 0c 17 1 0b aaaaaaaa aaaaaaaa 6a7f4028
0 01 14 1 00 e885eddb 7ed943dd 0bba4726
0 17 1e 1 08 118f9811 6a7f4028 b947ad26
0 1f 1f 1 0d ab226f49 2d6f1ae5 2d6f1ae5
0 0a 09 0 1e 9b5034b4 aaf58df6 9d1585fb
0 13 12 1 0b 463bae89 e08f3097 e6176162
0 0b 0b 0 00 00000000 463bae89 463bae89
0 00 05 1 11 00052373 00000000 960e0c7d
0 11 11 0 00 00000000 00052373 00052373
0 15 1b 1 1d 92c062a3 75961848 ec14ead1
0 19 09 1 07 12dda2ab 7dfa5541 9d1585fb
0 12 00 1 02 55555555 e6176162 00000000
0 13 11 1 13 027c6a74 e08f3097 00052373
0 01 12 1 18 ec899ccd 7ed943dd e6176162
0 03 1e 1 04 deadbeef 0f4ccc25 b947ad26
0 00 12 1 0d 6a98359c 00000000 e6176162
0 0a 0a 0 0a 313fde3a aaf58df6 aaf58df6
0 0a 0a 0 00 00000000 aaf58df6 aaf58df6
# --- read-back sweep ---
# i_rst i_rs1_raddr i_rs2_raddr i_rd_wen i_rd_waddr i_rd_wdata | o_rs1_rdata
#     o_rs2_rdata
0 00 1f 0 00 00000000 00000000 2d6f1ae5
0 01 1e 0 00 00000000 7ed943dd b947ad26
0 02 1d 0 00 00000000 55555555 92c062a3
0 03 1c 0 00 00000000 0f4ccc25 943504c2
0 04 1b 0 00 00000000 deadbeef ec14ead1
0 05 1a 0 00 00000000 960e0c7d 7eaf4159
0 06 19 0 00 00000000 c4c47cfc 7dfa5541
0 07 18 0 00 00000000 12dda2ab ec899ccd
0 08 17 0 00 00000000 118f9811 6a7f4028
0 09 16 0 00 00000000 9d1585fb 3181e45b
0 0a 15 0 00 00000000 aaf58df6 75961848
0 0b 14 0 00 00000000 463bae89 0bba4726
0 0c 13 0 00 00000000 aaaaaaaa 027c6a74
0 0d 12 0 00 00000000 6a98359c e6176162
0 0e 11 0 00 00000000 24be904d 00052373
0 0f 10 0 00 00000000 a2f93162 6c49db52
0 10 0f 0 00 00000000 6c49db52 a2f93162
0 11 0e 0 00 00000000 00052373 24be904d
0 12 0d 0 00 00000000 e6176162 6a98359c
0 13 0c 0 00 00000000 027c6a74 aaaaaaaa
0 14 0b 0 00 00000000 0bba4726 463bae89
0 15 0a 0 00 00000000 75961848 aaf58df6
0 16 09 0 00 00000000 3181e45b 9d1585fb
0 17 08 0 00 00000000 6a7f4028 118f9811
0 18 07 0 00 00000000 ec899ccd 12dda2ab
0 19 06 0 00 00000000 7dfa5541 c4c47cfc
0 1a 05 0 00 00000000 7eaf4159 960e0c7d
0 1b 04 0 00 00000000 ec14ead1 deadbeef
0 1c 03 0 00 00000000 943504c2 0f4ccc25
0 1d 02 0 00 00000000 92c062a3 55555555
0 1e 01 0 00 00000000 b947ad26 7ed943dd
0 1f 00 0 00 00000000 2d6f1ae5 00000000
0 0f 05 0 13 9f51ab1b a2f93162 960e0c7d
0 1b 0e 1 01 80000000 ec14ead1 24be904d
0 15 14 0 13 5ee2a136 75961848 0bba4726
0 14 1b 1 10 3cc9204b 0bba4726 ec14ead1
0 0c 00 1 10 bef90ef3 aaaaaaaa 00000000
0 00 00 1 00 38056f9f 00000000 00000000
0 0a 1c 1 03 087ffaec aaf58df6 943504c2
0 06 16 1 19 deadbeef c4c47cfc 3181e45b
0 0b 00 1 0b 205fbf14 463bae89 00000000
0 13 00 1 0c 00000000 027c6a74 00000000
0 06 1c 1 17 3f24e876 c4c47cfc 943504c2
0 1f 1f 0 1f f4f17d5f 2d6f1ae5 2d6f1ae5
0 1f 1f 0 00 00000000 2d6f1ae5 2d6f1ae5
0 04 12 0 12 7fffffff deadbeef e6176162
0 02 0f 1 00 ad15140a 55555555 a2f93162
0 00 00 1 00 0000ffff 00000000 00000000
0 15 17 0 1e 10bb0778 75961848 3f24e876
0 14 1b 1 1c 6c08af77 0bba4726 ec14ead1
0 03 05 1 13 c286bbc3 087ffaec 960e0c7d
0 08 00 0 1d c4589167 118f9811 00000000
0 12 13 0 1b 7fffffff e6176162 c286bbc3
0 1f 09 1 0e 9ea7e15e 2d6f1ae5 9d1585fb
0 1d 1d 0 1d ef3cc7f3 92c062a3 92c062a3
0 1d 1d 0 00 00000000 92c062a3 92c062a3
0 07 01 1 1b e67b7b41 12dda2ab 80000000
0 15 15 1 15 787e7af2 75961848 75961848
0 03 06 0 00 220691c4 087ffaec c4c47cfc
0 14 0f 0 1f d5bd49c4 0bba4726 a2f93162
0 14 1a 1 07 225e1191 0bba4726 7eaf4159
0 05 02 0 0a 538a5622 960e0c7d 55555555
0 04 10 1 06 f91e56fe deadbeef bef90ef3
0 13 0f 1 00 f9cbe497 c286bbc3 a2f93162
0 0a 10 1 0a 4cd09e98 aaf58df6 bef90ef3
0 0f 1a 1 18 6329103f a2f93162 7eaf4159
0 1d 1d 0 1d 642d2a8d 92c062a3 92c062a3
0 1d 1d 0 00 00000000 92c062a3 92c062a3
0 00 0b 0 02 19eaae3d 00000000 205fbf14
0 00 16 0 0f 6bb0428a 00000000 3181e45b
0 03 0d 0 05 249d8550 087ffaec 6a98359c
0 0a 1f 0 15 c0cb01b7 4cd09e98 2d6f1ae5
0 03 01 1 1c 0abdcc95 087ffaec 80000000
0 11 09 0 1b 51bcb991 00052373 9d1585fb
0 1a 11 1 16 55555555 7eaf4159 00052373
0 00 09 1 03 5a2c0bb6 00000000 9d1585fb
0 02 01 0 1c c80c28e3 55555555 80000000
# --- read-back sweep ---
# i_rst i_rs1_raddr i_rs2_raddr i_rd_wen i_rd_waddr i_rd_wdata | o_rs1_rdata
#     o_rs2_rdata
0 00 1f 0 00 00000000 00000000 2d6f1ae5
0 01 1e 0 00 00000000 80000000 b947ad26
0 02 1d 0 00 00000000 55555555 92c062a3
0 03 1c 0 00 00000000 5a2c0bb6 0abdcc95
0 04 1b 0 00 00000000 deadbeef e67b7b41
0 05 1a 0 00 00000000 960e0c7d 7eaf4159
0 06 19 0 00 00000000 f91e56fe deadbeef
0 07 18 0 00 00000000 225e1191 6329103f
0 08 17 0 00 00000000 118f9811 3f24e876
0 09 16 0 00 00000000 9d1585fb 55555555
0 0a 15 0 00 00000000 4cd09e98 787e7af2
0 0b 14 0 00 00000000 205fbf14 0bba4726
0 0c 13 0 00 00000000 00000000 c286bbc3
0 0d 12 0 00 00000000 6a98359c e6176162
0 0e 11 0 00 00000000 9ea7e15e 00052373
0 0f 10 0 00 00000000 a2f93162 bef90ef3
0 10 0f 0 00 00000000 bef90ef3 a2f93162
0 11 0e 0 00 00000000 00052373 9ea7e15e
0 12 0d 0 00 00000000 e6176162 6a98359c
0 13 0c 0 00 00000000 c286bbc3 00000000
0 14 0b 0 00 00000000 0bba4726 205fbf14
0 15 0a 0 00 00000000 787e7af2 4cd09e98
0 16 09 0 00 00000000 55555555 9d1585fb
0 17 08 0 00 00000000 3f24e876 118f9811
0 18 07 0 00 00000000 6329103f 225e1191
0 19 06 0 00 00000000 deadbeef f91e56fe
0 1a 05 0 00 00000000 7eaf4159 960e0c7d
0 1b 04 0 00 00000000 e67b7b41 deadbeef
0 1c 03 0 00 00000000 0abdcc95 5a2c0bb6
0 1d 02 0 00 00000000 92c062a3 55555555
0 1e 01 0 00 00000000 b947ad26 80000000
0 1f 00 0 00 00000000 2d6f1ae5 00000000
0 0f 1d 0 15 27676ae2 a2f93162 92c062a3
0 1b 0c 1 0c 89249136 e67b7b41 00000000
0 17 05 0 00 0e493767 3f24e876 960e0c7d
0 16 1c 1 0d 24b31cc9 55555555 0abdcc95
0 16 12 1 1c 00000001 55555555 e6176162
0 14 05 0 06 ee508228 0bba4726 960e0c7d
0 0a 0d 1 0a bc4b4a7c 4cd09e98 24b31cc9
0 1e 07 0 11 dc020586 b947ad26 225e1191
0 12 06 0 0a 10f8c3e1 e6176162 f91e56fe
0 1f 14 0 01 394db809 2d6f1ae5 0bba4726
0 1b 06 1 06 e09dcd8b e67b7b41 f91e56fe
0 15 0e 1 19 80000000 787e7af2 9ea7e15e
0 00 06 1 05 70fe881a 00000000 e09dcd8b
0 03 06 1 06 7fffffff 5a2c0bb6 e09dcd8b
0 18 13 1 1b c9f9b231 6329103f c286bbc3
0 10 10 1 10 deadbeef bef90ef3 bef90ef3
0 09 01 1 1b 1c99b5d3 9d1585fb 80000000
0 17 0e 1 17 c3848b65 3f24e876 9ea7e15e
0 00 19 1 1f 598d6312 00000000 80000000
0 15 14 0 10 81077568 787e7af2 0bba4726
0 0f 02 1 0f 7fffffff a2f93162 55555555
0 12 03 0 0f bf020159 e6176162 5a2c0bb6
0 04 05 1 0c f3020dd9 deadbeef 70fe881a
0 1a 1a 0 1a 3986799f 7eaf4159 7eaf4159
0 1a 1a 0 00 00000000 7eaf4159 7eaf4159
0 03 13 0 0d 462186bb 5a2c0bb6 c286bbc3
0 10 12 0 1d 80000000 deadbeef e6176162
0 1f 0e 0 03 7fffffff 598d6312 9ea7e15e
0 18 04 1 0b 7fffffff 6329103f deadbeef
0 00 1a 0 07 cafebabe 00000000 7eaf4159
0 0c 0b 1 16 52a1cfa9 f3020dd9 7fffffff
0 00 07 1 00 547bebcd 00000000 225e1191
0 13 08 0 00 7cf3a33c c286bbc3 118f9811
0 01 16 1 1e 34a2db53 80000000 52a1cfa9
0 1f 09 1 0a 8ffb8d94 598d6312 9d1585fb
0 00 00 1 00 7fffffff 00000000 00000000
0 16 13 1 10 7fffffff 52a1cfa9 c286bbc3
0 0f 0f 0 0f 89a0b260 7fffffff 7fffffff
0 0f 0f 0 00 00000000 7fffffff 7fffffff
0 03 03 0 03 19ef0c32 5a2c0bb6 5a2c0bb6
0 03 03 0 00 00000000 5a2c0bb6 5a2c0bb6
0 10 16 1 06 433945c6 7fffffff 52a1cfa9
0 1d 1d 0 1d c2c78bbe 92c062a3 92c062a3
0 1d 1d 0 00 00000000 92c062a3 92c062a3
0 12 07 1 15 1e832305 e6176162 225e1191
0 1f 0b 1 1f 55555555 598d6312 7fffffff
0 0f 02 0 1d 9db204bb 7fffffff 55555555
0 1c 0a 0 12 49ede2e7 00000001 8ffb8d94
0 0a 1a 0 14 7d1468d7 8ffb8d94 7eaf4159
0 0c 12 1 19 7288a42e f3020dd9 e6176162
0 0b 19 1 0b 00000001 7fffffff 7288a42e
0 1c 00 1 0b b552173f 00000001 00000000
# --- read-back sweep ---
# i_rst i_rs1_raddr i_rs2_raddr i_rd_wen i_rd_waddr i_rd_wdata | o_rs1_rdata
#     o_rs2_rdata
0 00 1f 0 00 00000000 00000000 55555555
0 01 1e 0 00 00000000 80000000 34a2db53
0 02 1d 0 00 00000000 55555555 92c062a3
0 03 1c 0 00 00000000 5a2c0bb6 00000001
0 04 1b 0 00 00000000 deadbeef 1c99b5d3
0 05 1a 0 00 00000000 70fe881a 7eaf4159
0 06 19 0 00 00000000 433945c6 7288a42e
0 07 18 0 00 00000000 225e1191 6329103f
0 08 17 0 00 00000000 118f9811 c3848b65
0 09 16 0 00 00000000 9d1585fb 52a1cfa9
0 0a 15 0 00 00000000 8ffb8d94 1e832305
0 0b 14 0 00 00000000 b552173f 0bba4726
0 0c 13 0 00 00000000 f3020dd9 c286bbc3
0 0d 12 0 00 00000000 24b31cc9 e6176162
0 0e 11 0 00 00000000 9ea7e15e 00052373
0 0f 10 0 00 00000000 7fffffff 7fffffff
0 10 0f 0 00 00000000 7fffffff 7fffffff
0 11 0e 0 00 00000000 00052373 9ea7e15e
0 12 0d 0 00 00000000 e6176162 24b31cc9
0 13 0c 0 00 00000000 c286bbc3 f3020dd9
0 14 0b 0 00 00000000 0bba4726 b552173f
0 15 0a 0 00 00000000 1e832305 8ffb8d94
0 16 09 0 00 00000000 52a1cfa9 9d1585fb
0 17 08 0 00 00000000 c3848b65 118f9811
0 18 07 0 00 00000000 6329103f 225e1191
0 19 06 0 00 00000000 7288a42e 433945c6
0 1a 05 0 00 00000000 7eaf4159 70fe881a
0 1b 04 0 00 00000000 1c99b5d3 deadbeef
0 1c 03 0 00 00000000 00000001 5a2c0bb6
0 1d 02 0 00 00000000 92c062a3 55555555
0 1e 01 0 00 00000000 34a2db53 80000000
0 1f 00 0 00 00000000 55555555 00000000
0 1d 08 1 10 35faaee9 92c062a3 118f9811
0 1a 16 0 11 7b5b1a4d 7eaf4159 52a1cfa9
0 01 0e 1 0c 4e88c516 80000000 9ea7e15e
0 04 0a 0 1e 9b55d494 deadbeef 8ffb8d94
0 12 12 1 12 05863889 e6176162 e6176162
0 13 13 0 1e 67e90ab4 c286bbc3 c286bbc3
0 1b 1f 1 00 abd9c21a 1c99b5d3 55555555
0 06 1b 1 00 55555555 433945c6 1c99b5d3
0 18 00 1 03 deadbeef 6329103f 00000000
0 00 17 1 00 9cbbac1f 00000000 c3848b65
0 17 0a 1 0a 5e6fe359 c3848b65 8ffb8d94
0 04 02 0 1d 7618d1fb deadbeef 55555555
0 02 07 1 07 e197f38b 55555555 225e1191
0 0f 17 1 0f 7fffffff 7fffffff c3848b65
0 0f 07 0 18 936403cc 7fffffff e197f38b
0 0e 0f 1 19 ce9eabac 9ea7e15e 7fffffff
0 07 0b 0 0d d0af08d9 e197f38b b552173f
0 00 0b 0 0b 78a4c902 00000000 b552173f
0 12 12 1 12 11a6d095 05863889 05863889
0 0d 11 0 03 b1049558 24b31cc9 00052373
0 13 13 0 13 75f7c84a c286bbc3 c286bbc3
0 13 13 0 00 00000000 c286bbc3 c286bbc3
0 1f 18 1 1b 13117817 55555555 6329103f
0 17 0f 1 14 016d1eb7 c3848b65 7fffffff
0 00 19 1 19 936c4fc4 00000000 ce9eabac
0 0b 17 1 01 355ca81d b552173f c3848b65
0 00 11 1 00 f1ad2d68 00000000 00052373
0 04 00 1 00 55555555 deadbeef 00000000
0 08 0c 0 04 6a75ed26 118f9811 4e88c516
0 13 1b 0 18 29d69b86 c286bbc3 13117817
0 11 0b 0 06 dd9b1fb7 00052373 b552173f
0 18 05 0 0f 00000000 6329103f 70fe881a
0 0b 0b 1 0b 116eb1f1 b552173f b552173f
0 04 04 1 04 4d9899c6 deadbeef deadbeef
0 13 13 1 13 e86f5e8d c286bbc3 c286bbc3
0 13 09 1 13 55555555 e86f5e8d 9d1585fb
0 14 15 1 11 1afb3c38 016d1eb7 1e832305
0 09 10 0 11 79cfcd00 9d1585fb 35faaee9
0 1f 02 1 16 3485412f 55555555 55555555
0 0c 19 1 05 e34df999 4e88c516 936c4fc4
0 12 11 0 15 70a95cce 11a6d095 1afb3c38
0 03 06 0 0f 18945976 deadbeef 433945c6
0 07 1f 1 14 0a944e4a e197f38b 55555555
0 0d 14 1 05 0000ffff 24b31cc9 0a944e4a
0 09 09 1 09 79ef1d16 9d1585fb 9d1585fb
0 00 00 1 00 a9b5c89c 00000000 00000000
0 12 17 0 1e 6a9e2c23 11a6d095 c3848b65
0 11 0e 0 01 419a89f3 1afb3c38 9ea7e15e
0 0b 06 0 09 d3a5da1d 116eb1f1 433945c6
0 0c 0e 1 0e 129c3e21 4e88c516 9ea7e15e
0 13 1f 1 1f 7e7ad35f 55555555 55555555
0 0a 15 1 0a a1eedd53 5e6fe359 1e832305
0 01 01 1 01 7fffffff 355ca81d 355ca81d
0 07 1f 1 1c d0bce81d e197f38b 7e7ad35f
0 05 1e 0 0f 00000001 0000ffff 34a2db53
0 0b 10 1 0b b1bf10ba 116eb1f1 35faaee9
0 07 07 1 07 646bef3a e197f38b e197f38b
0 1f 0a 0 14 414185bf 7e7ad35f a1eedd53
0 1b 08 0 07 b9513e92 13117817 118f9811
0 0a 1a 1 00 e9a39b6e a1eedd53 7eaf4159
0 04 04 1 04 c08bf122 4d9899c6 4d9899c6
0 1a 08 0 00 9ba03c0a 7eaf4159 118f9811
0 00 14 1 12 deadbeef 00000000 0a944e4a
0 12 14 1 1d ffffffff deadbeef 0a944e4a
0 0e 06 1 17 d859c5b4 129c3e21 433945c6
0 17 17 0 00 00000000 d859c5b4 d859c5b4
0 09 11 1 19 68e4bcad 79ef1d16 1afb3c38
0 08 0b 1 08 80000000 118f9811 b1bf10ba
0 0c 0c 1 0c 10a624e5 4e88c516 4e88c516
0 19 00 1 19 74d1a8dd 68e4bcad 00000000
0 03 03 1 03 d44a3584 deadbeef deadbeef
0 09 05 1 05 00000000 79ef1d16 0000ffff
0 15 1b 1 02 a3e2db10 1e832305 13117817
0 0d 10 0 10 f71fe436 24b31cc9 35faaee9
0 18 12 1 05 12469c5f 6329103f deadbeef
0 11 0e 1 07 5f0ea499 1afb3c38 129c3e21
0 06 14 1 14 8bed1856 433945c6 0a944e4a
0 13 1e 0 0d debad7aa 55555555 34a2db53
0 05 03 1 00 a0352784 12469c5f d44a3584
0 13 0b 0 00 72d984a0 55555555 b1bf10ba
0 13 13 1 13 2d898875 55555555 55555555
0 06 00 1 06 ad168814 433945c6 00000000
0 01 09 1 11 4eb7f429 7fffffff 79ef1d16
0 19 14 1 19 4c97650d 74d1a8dd 8bed1856
0 1c 1a 0 17 dc13718b d0bce81d 7eaf4159
0 1e 0b 0 00 1ce187d4 34a2db53 b1bf10ba
0 04 0f 0 0c 0000ffff c08bf122 7fffffff
0 1f 04 1 05 f46c1383 7e7ad35f c08bf122
0 1d 07 0 1e ad6993d2 ffffffff 5f0ea499
0 0d 0d 1 0d c3303d1c 24b31cc9 24b31cc9
0 13 00 1 00 170d5959 2d898875 00000000
0 0e 00 0 15 b95d4383 129c3e21 00000000
0 00 0c 1 15 00000001 00000000 10a624e5
0 0a 1b 0 19 a1b0f1f0 a1eedd53 13117817
0 01 05 1 14 af5209b3 7fffffff f46c1383
0 1c 1c 0 1c b0421f8a d0bce81d d0bce81d
0 1c 1c 0 00 00000000 d0bce81d d0bce81d
0 18 1d 1 02 d5fee091 6329103f ffffffff
0 06 11 1 1e d345d72d ad168814 4eb7f429
0 18 14 1 15 55555555 6329103f af5209b3
0 18 0f 0 0e 1a9760aa 6329103f 7fffffff
0 00 09 1 03 47a5ae04 00000000 79ef1d16
0 1e 00 1 1e 55555555 d345d72d 00000000
0 10 0b 0 01 7fffffff 35faaee9 b1bf10ba
0 1a 0d 1 1a 1174039c 7eaf4159 c3303d1c
0 1e 0d 1 00 605da9a5 55555555 c3303d1c
0 0f 00 1 1e c84c1284 7fffffff 00000000
0 05 11 1 09 ae9ca036 f46c1383 4eb7f429
0 16 16 1 01 7fffffff 3485412f 3485412f
0 0a 16 0 00 eeaa3c43 a1eedd53 3485412f
0 0d 19 1 18 2a7c3e56 c3303d1c 4c97650d
0 0d 06 1 15 e6743f2f c3303d1c ad168814
0 13 13 1 13 49b1a69f 2d898875 2d898875
0 00 1c 0 00 80000000 00000000 d0bce81d
0 06 13 1 06 d6f1e022 ad168814 49b1a69f
0 03 16 1 00 55555555 47a5ae04 3485412f
0 0a 0a 1 0a 9ed017d9 a1eedd53 a1eedd53
0 0f 14 1 10 deadbeef 7fffffff af5209b3
0 1f 0b 1 1d 80000000 7e7ad35f b1bf10ba
0 08 19 1 1a d28c427d 80000000 4c97650d
0 12 12 1 12 7fffffff deadbeef deadbeef
0 14 14 0 14 96855f74 af5209b3 af5209b3
0 14 14 0 00 00000000 af5209b3 af5209b3
0 00 1b 0 1d da21346e 00000000 13117817
0 06 0b 1 05 0fa7d378 d6f1e022 b1bf10ba
0 0e 1d 1 0f 0000ffff 129c3e21 80000000
0 1d 0d 1 1b c1e21f9c 80000000 c3303d1c
0 1b 1b 0 00 00000000 c1e21f9c c1e21f9c
0 1c 1e 1 00 ba5705d6 d0bce81d c84c1284
0 0e 15 1 1b 5603d11f 129c3e21 e6743f2f
0 1e 00 1 1e deadbeef c84c1284 00000000
0 19 0a 1 03 8065a4c4 4c97650d 9ed017d9
0 01 08 0 17 0413099f 7fffffff 80000000
0 0e 00 1 0d aaaaaaaa 129c3e21 00000000
0 05 13 0 14 2df54fd8 0fa7d378 49b1a69f
0 14 00 1 19 84c2f493 af5209b3 00000000
0 1f 01 1 17 00000000 7e7ad35f 7fffffff
0 05 05 1 05 da012ea2 0fa7d378 0fa7d378
0 12 12 1 12 756da620 7fffffff 7fffffff
0 00 06 1 0a 5397acb1 00000000 d6f1e022
0 0a 0a 1 0a 1ea34e43 5397acb1 5397acb1
0 01 1b 1 16 4178765b 7fffffff 5603d11f
0 15 01 1 01 4b07fb68 e6743f2f 7fffffff
0 08 01 0 1d 246a1fb8 80000000 4b07fb68
0 0f 1c 1 05 f855a343 0000ffff d0bce81d
0 05 05 0 00 00000000 f855a343 f855a343
0 00 17 1 1e 5676642e 00000000 00000000
0 09 04 0 15 70c1cca3 ae9ca036 c08bf122
0 1a 0e 0 02 7e302493 d28c427d 129c3e21
0 1f 18 1 13 00000001 7e7ad35f 2a7c3e56
0 03 1b 1 0c e1250962 8065a4c4 5603d11f
0 13 1c 0 06 fa163a8d 00000001 d0bce81d
0 0b 01 1 00 ca2d0d89 b1bf10ba 4b07fb68
0 03 04 0 1b cafebabe 8065a4c4 c08bf122
0 1e 08 1 08 daa03f97 5676642e 80000000
0 02 0f 1 11 29dace61 d5fee091 0000ffff
0 08 08 1 08 00000001 daa03f97 daa03f97
0 10 13 1 04 00000001 deadbeef 00000001
0 1e 1e 1 1e 27d1e793 5676642e 5676642e
0 04 16 0 01 f7b7a549 00000001 4178765b
0 13 1a 1 07 ed48e76d 00000001 d28c427d
0 1a 17 1 1a 7c6fa345 d28c427d 00000000
0 1f 0e 1 11 8c0bb05a 7e7ad35f 129c3e21
0 11 11 0 00 00000000 8c0bb05a 8c0bb05a
0 04 11 1 11 356ee270 00000001 8c0bb05a
0 03 03 1 03 27cda502 8065a4c4 8065a4c4
0 19 19 0 19 3e0a5530 84c2f493 84c2f493
0 19 19 0 00 00000000 84c2f493 84c2f493
0 0c 0c 0 0c 6654ad03 e1250962 e1250962
0 0c 0c 0 00 00000000 e1250962 e1250962
0 1a 01 0 18 d7c7eed3 7c6fa345 4b07fb68
0 14 0c 1 18 e8a175aa af5209b3 e1250962
0 13 13 0 13 42f07dd6 00000001 00000001
0 13 13 0 00 00000000 00000001 00000001
0 09 09 1 18 0000ffff ae9ca036 ae9ca036
0 0c 0c 1 0c 00000001 e1250962 e1250962
0 06 06 0 06 94f7d10d d6f1e022 d6f1e022
0 06 06 0 00 00000000 d6f1e022 d6f1e022
0 0a 0a 1 0a 081239f6 1ea34e43 1ea34e43
0 02 0b 1 05 2749627e d5fee091 b1bf10ba
0 08 16 0 08 188c7bd2 00000001 4178765b
0 1a 17 1 0d 80000000 7c6fa345 00000000
0 00 0f 0 0f 55555555 00000000 0000ffff
0 09 18 0 12 c407135b ae9ca036 0000ffff
0 1f 12 0 17 90b8a320 7e7ad35f 756da620
0 0e 0e 0 0e ffa01f95 129c3e21 129c3e21
0 0e 0e 0 00 00000000 129c3e21 129c3e21
0 10 00 1 12 635bbdee deadbeef 00000000
0 12 12 0 00 00000000 635bbdee 635bbdee
0 16 17 1 0f fc3881a2 4178765b 00000000
0 1b 05 0 0d 410b5d65 5603d11f 2749627e
0 00 0b 0 14 a012c44c 00000000 b1bf10ba
0 1a 1b 1 1e a9a321cc 7c6fa345 5603d11f
0 0c 0c 1 07 eb16e0d1 00000001 00000001
0 1b 1b 1 04 6667778d 5603d11f 5603d11f
0 1a 17 1 17 d48af497 7c6fa345 00000000
0 00 1d 1 0e 18f598b7 00000000 80000000
0 13 07 0 10 00000000 00000001 eb16e0d1
0 1c 0b 1 1c aaaaaaaa d0bce81d b1bf10ba
0 16 14 1 04 694958e2 4178765b af5209b3
0 04 04 0 04 1997ddbc 694958e2 694958e2
0 04 04 0 00 00000000 694958e2 694958e2
0 1f 00 0 0c 17f4add2 7e7ad35f 00000000
0 0a 14 1 1b ff656cbb 081239f6 af5209b3
0 1b 1b 0 00 00000000 ff656cbb ff656cbb
0 13 00 0 0a d838cbf0 00000001 00000000
0 00 18 0 05 80000000 00000000 0000ffff
0 00 18 1 1f 0ea43909 00000000 0000ffff
0 0f 08 1 0b e5baefbc fc3881a2 00000001
0 03 09 1 10 117fd05a 27cda502 ae9ca036
0 09 14 0 11 cafebabe ae9ca036 af5209b3
0 1a 18 0 0a 80000000 7c6fa345 0000ffff
0 07 06 0 16 aaa950fb eb16e0d1 d6f1e022
0 11 03 1 19 00000001 356ee270 27cda502
0 01 01 0 01 3d5a6082 4b07fb68 4b07fb68
0 01 01 0 00 00000000 4b07fb68 4b07fb68
0 0d 0a 0 1d faa9e70c 80000000 081239f6
0 0d 0e 1 16 00000000 80000000 18f598b7
0 0c 10 0 0f 928428fa 00000001 117fd05a
0 0a 0b 1 08 04590469 081239f6 e5baefbc
0 18 09 1 10 42f82adc 0000ffff ae9ca036
0 12 17 1 18 0000ffff 635bbdee d48af497
0 03 1b 1 0e b1ae64ae 27cda502 ff656cbb
0 11 11 0 11 6e3cf7ad 356ee270 356ee270
0 11 11 0 00 00000000 356ee270 356ee270
0 04 13 1 03 80000000 694958e2 00000001
0 06 02 0 1f 900d159a d6f1e022 d5fee091
0 07 09 1 03 87fe779c eb16e0d1 ae9ca036
0 10 1d 1 01 aaa4d7e4 42f82adc 80000000
0 0a 1c 1 1c 90400d85 081239f6 aaaaaaaa
0 13 04 0 11 80000000 00000001 694958e2
0 02 09 1 00 00000001 d5fee091 ae9ca036
0 11 1a 1 11 18e89f9a 356ee270 7c6fa345
0 1d 12 0 1d f0e77deb 80000000 635bbdee
0 0f 0e 0 15 ffffffff fc3881a2 b1ae64ae
0 01 02 1 01 b0768f97 aaa4d7e4 d5fee091
0 0b 07 0 04 1fd532ec e5baefbc eb16e0d1
0 0a 0a 0 0a 4d6f56c2 081239f6 081239f6
0 0a 0a 0 00 00000000 081239f6 081239f6
0 04 00 1 0f ed40a375 694958e2 00000000
0 0d 1f 1 0d 55555555 80000000 0ea43909
0 07 01 1 1d ffffffff eb16e0d1 b0768f97
0 03 0a 1 11 eadd6dc8 87fe779c 081239f6
0 05 11 0 02 2bce0bd4 2749627e eadd6dc8
0 04 1e 1 10 fdd2fe60 694958e2 a9a321cc
# --- read-back sweep ---
# i_rst i_rs1_raddr i_rs2_raddr i_rd_wen i_rd_waddr i_rd_wdata | o_rs1_rdata
#     o_rs2_rdata
0 00 1f 0 00 00000000 00000000 0ea43909
0 01 1e 0 00 00000000 b0768f97 a9a321cc
0 02 1d 0 00 00000000 d5fee091 ffffffff
0 03 1c 0 00 00000000 87fe779c 90400d85
0 04 1b 0 00 00000000 694958e2 ff656cbb
0 05 1a 0 00 00000000 2749627e 7c6fa345
0 06 19 0 00 00000000 d6f1e022 00000001
0 07 18 0 00 00000000 eb16e0d1 0000ffff
0 08 17 0 00 00000000 04590469 d48af497
0 09 16 0 00 00000000 ae9ca036 00000000
0 0a 15 0 00 00000000 081239f6 e6743f2f
0 0b 14 0 00 00000000 e5baefbc af5209b3
0 0c 13 0 00 00000000 00000001 00000001
0 0d 12 0 00 00000000 55555555 635bbdee
0 0e 11 0 00 00000000 b1ae64ae eadd6dc8
0 0f 10 0 00 00000000 ed40a375 fdd2fe60
0 10 0f 0 00 00000000 fdd2fe60 ed40a375
0 11 0e 0 00 00000000 eadd6dc8 b1ae64ae
0 12 0d 0 00 00000000 635bbdee 55555555
0 13 0c 0 00 00000000 00000001 00000001
0 14 0b 0 00 00000000 af5209b3 e5baefbc
0 15 0a 0 00 00000000 e6743f2f 081239f6
0 16 09 0 00 00000000 00000000 ae9ca036
0 17 08 0 00 00000000 d48af497 04590469
0 18 07 0 00 00000000 0000ffff eb16e0d1
0 19 06 0 00 00000000 00000001 d6f1e022
0 1a 05 0 00 00000000 7c6fa345 2749627e
0 1b 04 0 00 00000000 ff656cbb 694958e2
0 1c 03 0 00 00000000 90400d85 87fe779c
0 1d 02 0 00 00000000 ffffffff d5fee091
0 1e 01 0 00 00000000 a9a321cc b0768f97
0 1f 00 0 00 00000000 0ea43909 00000000
0 1e 1c 0 01 ea75f15a a9a321cc 90400d85
0 1a 1a 1 1a 16f9a441 7c6fa345 7c6fa345
0 04 0e 1 1e 847312f3 694958e2 b1ae64ae
0 0e 16 1 1c 667eeb78 b1ae64ae 00000000
0 07 00 1 07 832c1c88 eb16e0d1 00000000
0 04 15 1 04 55555555 694958e2 e6743f2f
0 17 0e 1 17 1765dfab d48af497 b1ae64ae
0 08 08 0 08 08f81ef3 04590469 04590469
0 08 08 0 00 00000000 04590469 04590469
0 13 0d 0 0d d18fbc24 00000001 55555555
0 01 1a 1 1b d570f0dd b0768f97 16f9a441
0 00 05 1 05 6fd7e6fd 00000000 2749627e
0 1c 17 0 0d e84e2382 667eeb78 1765dfab
0 15 0f 1 10 1c6b7d3c e6743f2f ed40a375
0 13 1e 1 1f be7430f6 00000001 847312f3
0 04 10 1 1f 8196cd0b 55555555 1c6b7d3c
0 1d 08 1 1d 81da72aa ffffffff 04590469
0 14 04 1 04 f8c8db4c af5209b3 55555555
0 00 18 1 06 00000001 00000000 0000ffff
0 0e 12 0 05 85b7d29f b1ae64ae 635bbdee
0 0b 00 0 10 8b08823e e5baefbc 00000000
0 10 06 0 11 89badf4b 1c6b7d3c 00000001
0 0e 12 1 0e 433da301 b1ae64ae 635bbdee
0 0d 00 0 00 a04bad99 55555555 00000000
0 15 15 1 15 55555555 e6743f2f e6743f2f
0 01 04 0 03 a43f68fe b0768f97 f8c8db4c
0 02 1c 0 14 55f9e18c d5fee091 667eeb78
0 1f 06 1 09 c5c85993 8196cd0b 00000001
0 1d 1c 1 08 08fea837 81da72aa 667eeb78
0 11 00 1 10 480e01e6 eadd6dc8 00000000
0 15 15 1 15 101e91cf 55555555 55555555
0 0b 0b 0 0b 53db9b60 e5baefbc e5baefbc
0 0b 0b 0 00 00000000 e5baefbc e5baefbc
0 1a 15 0 0c 760bc072 16f9a441 101e91cf
0 11 14 1 1c 1396a23d eadd6dc8 af5209b3
0 19 1b 0 1a fb688ec9 00000001 d570f0dd
0 12 13 1 08 80000000 635bbdee 00000001
0 01 0f 1 01 00000001 b0768f97 ed40a375
0 0a 12 0 00 4745496b 081239f6 635bbdee
0 00 00 1 00 55555555 00000000 00000000
0 1a 0d 1 03 f8cf2bbd 16f9a441 55555555
0 17 1f 1 16 e15d4613 1765dfab 8196cd0b
0 16 16 0 00 00000000 e15d4613 e15d4613
0 0a 1e 1 0a 09f1d346 081239f6 847312f3
0 02 11 1 01 699d4003 d5fee091 eadd6dc8
0 0e 14 1 02 00000000 433da301 af5209b3
0 15 00 1 0d fd8d26c9 101e91cf 00000000
0 1b 14 0 14 aaaaaaaa d570f0dd af5209b3
0 1a 1a 0 1a c04d9069 16f9a441 16f9a441
0 1a 1a 0 00 00000000 16f9a441 16f9a441
0 16 0a 1 0a 225346aa e15d4613 09f1d346
0 1d 0e 0 0d 803f6763 81da72aa 433da301
0 12 01 1 0d 55555555 635bbdee 699d4003
0 05 04 0 1a 6a533ac9 6fd7e6fd f8c8db4c
0 13 09 0 0c 6e05b58c 00000001 c5c85993
0 10 0b 1 0d 0000ffff 480e01e6 e5baefbc
0 10 05 0 0a 00000001 480e01e6 6fd7e6fd
0 1f 04 1 1c d3aa242f 8196cd0b f8c8db4c
0 04 1a 1 1a deadbeef f8c8db4c 16f9a441
0 02 00 1 1d 27fa0afd 00000000 00000000
0 1a 1a 0 1a 3a493984 deadbeef deadbeef
0 1a 1a 0 00 00000000 deadbeef deadbeef
0 00 1b 0 0b 6314bec6 00000000 d570f0dd
0 18 18 0 18 331eb71c 0000ffff 0000ffff
0 18 18 0 00 00000000 0000ffff 0000ffff
0 1e 1f 1 1e 5ff48ad3 847312f3 8196cd0b
0 0c 03 1 1e 00000000 00000001 f8cf2bbd
0 19 18 1 03 cafebabe 00000001 0000ffff
0 0f 0f 1 0f 729477a1 ed40a375 ed40a375
0 0e 03 1 1d d99fc314 433da301 cafebabe
0 1f 12 1 0d 7b07a0ba 8196cd0b 635bbdee
0 12 1b 0 11 811c8847 635bbdee d570f0dd
0 0d 06 0 1c 10428f91 7b07a0ba 00000001
0 06 06 0 06 bb0b7995 00000001 00000001
0 06 06 0 00 00000000 00000001 00000001
0 07 14 1 14 cc33a5b4 832c1c88 af5209b3
0 14 14 0 00 00000000 cc33a5b4 cc33a5b4
# --- read-back sweep ---
# i_rst i_rs1_raddr i_rs2_raddr i_rd_wen i_rd_waddr i_rd_wdata | o_rs1_rdata
#     o_rs2_rdata
0 00 1f 0 00 00000000 00000000 8196cd0b
0 01 1e 0 00 00000000 699d4003 00000000
0 02 1d 0 00 00000000 00000000 d99fc314
0 03 1c 0 00 00000000 cafebabe d3aa242f
0 04 1b 0 00 00000000 f8c8db4c d570f0dd
0 05 1a 0 00 00000000 6fd7e6fd deadbeef
0 06 19 0 00 00000000 00000001 00000001
0 07 18 0 00 00000000 832c1c88 0000ffff
0 08 17 0 00 00000000 80000000 1765dfab
0 09 16 0 00 00000000 c5c85993 e15d4613
0 0a 15 0 00 00000000 225346aa 101e91cf
0 0b 14 0 00 00000000 e5baefbc cc33a5b4
0 0c 13 0 00 00000000 00000001 00000001
0 0d 12 0 00 00000000 7b07a0ba 635bbdee
0 0e 11 0 00 00000000 433da301 eadd6dc8
0 0f 10 0 00 00000000 729477a1 480e01e6
0 10 0f 0 00 00000000 480e01e6 729477a1
0 11 0e 0 00 00000000 eadd6dc8 433da301
0 12 0d 0 00 00000000 635bbdee 7b07a0ba
0 13 0c 0 00 00000000 00000001 00000001
0 14 0b 0 00 00000000 cc33a5b4 e5baefbc
0 15 0a 0 00 00000000 101e91cf 225346aa
0 16 09 0 00 00000000 e15d4613 c5c85993
0 17 08 0 00 00000000 1765dfab 80000000
0 18 07 0 00 00000000 0000ffff 832c1c88
0 19 06 0 00 00000000 00000001 00000001
0 1a 05 0 00 00000000 deadbeef 6fd7e6fd
0 1b 04 0 00 00000000 d570f0dd f8c8db4c
0 1c 03 0 00 00000000 d3aa242f cafebabe
0 1d 02 0 00 00000000 d99fc314 00000000
0 1e 01 0 00 00000000 00000000 699d4003
0 1f 00 0 00 00000000 8196cd0b 00000000
0 1d 1d 0 1d b94fb647 d99fc314 d99fc314
0 1d 1d 0 00 00000000 d99fc314 d99fc314
0 13 13 1 13 f71f2641 00000001 00000001
0 06 02 1 19 ef0d2d29 00000001 00000000
0 01 02 0 05 aded48f3 699d4003 00000000
0 11 18 1 16 92f0ad34 eadd6dc8 0000ffff
0 0a 02 1 13 00000001 225346aa 00000000
0 0e 19 1 15 3412479f 433da301 ef0d2d29
0 00 09 1 00 80000000 00000000 c5c85993
0 00 0e 0 0f 54267e56 00000000 433da301
0 12 1f 1 0f aaaaaaaa 635bbdee 8196cd0b
0 02 0d 1 15 81532b0e 00000000 7b07a0ba
0 0f 1b 1 00 00000000 aaaaaaaa d570f0dd
0 00 0b 1 06 00000000 00000000 e5baefbc
0 10 00 1 10 185786f5 480e01e6 00000000
0 16 06 0 0a b8ca0bb0 92f0ad34 00000000
0 04 1c 1 05 aaaaaaaa f8c8db4c d3aa242f
0 1d 0e 1 1d 820bb75b d99fc314 433da301
0 1a 15 1 1c a427b92e deadbeef 81532b0e
0 01 0c 1 01 21bda8b1 699d4003 00000001
0 10 08 1 0d 6b2b3df0 185786f5 80000000
0 0c 13 1 16 ed25291a 00000001 00000001
0 0f 1c 1 19 061fc75f aaaaaaaa a427b92e
0 09 06 0 07 1bf4b61f c5c85993 00000000
0 09 09 1 09 5cc0a872 c5c85993 c5c85993
0 1a 04 1 0d 9234aac2 deadbeef f8c8db4c
0 0e 12 0 00 2fa7517a 433da301 635bbdee
0 05 00 1 00 7fffffff aaaaaaaa 00000000
0 01 07 1 11 0000ffff 21bda8b1 832c1c88
0 0e 0a 1 15 40e1cf0b 433da301 225346aa
0 15 15 0 00 00000000 40e1cf0b 40e1cf0b
0 00 19 1 04 8967b5e9 00000000 061fc75f
0 04 0f 0 00 aaaaaaaa 8967b5e9 aaaaaaaa
0 10 00 0 1c 54d3f7ca 185786f5 00000000
0 09 08 0 06 d6c63384 5cc0a872 80000000
0 03 11 0 14 00000000 cafebabe 0000ffff
0 11 1b 1 04 5dbb3310 0000ffff d570f0dd
0 10 10 1 10 c807d6ac 185786f5 185786f5
0 10 00 0 10 00000001 c807d6ac 00000000
0 1f 09 0 0e c9e7a54e 8196cd0b 5cc0a872
0 04 1c 1 08 cee1ef92 5dbb3310 a427b92e
0 0b 1e 1 00 e591ab22 e5baefbc 00000000
0 0e 04 1 00 d2a26390 433da301 5dbb3310
0 13 0a 0 00 deadbeef 00000001 225346aa
0 16 05 1 00 00000001 ed25291a aaaaaaaa
0 00 01 0 1c 7fffffff 00000000 21bda8b1
0 15 06 0 10 1bd4d024 40e1cf0b 00000000
0 05 15 1 0d b8f1d8bc aaaaaaaa 40e1cf0b
0 03 1a 0 03 7fffffff cafebabe deadbeef
0 0f 12 1 0e aaaaaaaa aaaaaaaa 635bbdee
0 14 07 1 0f 430d46e5 cc33a5b4 832c1c88
# --- read-back sweep ---
# i_rst i_rs1_raddr i_rs2_raddr i_rd_wen i_rd_waddr i_rd_wdata | o_rs1_rdata
#     o_rs2_rdata
0 00 1f 0 00 00000000 00000000 8196cd0b
0 01 1e 0 00 00000000 21bda8b1 00000000
0 02 1d 0 00 00000000 00000000 820bb75b
0 03 1c 0 00 00000000 cafebabe a427b92e
0 04 1b 0 00 00000000 5dbb3310 d570f0dd
0 05 1a 0 00 00000000 aaaaaaaa deadbeef
0 06 19 0 00 00000000 00000000 061fc75f
0 07 18 0 00 00000000 832c1c88 0000ffff
0 08 17 0 00 00000000 cee1ef92 1765dfab
0 09 16 0 00 00000000 5cc0a872 ed25291a
0 0a 15 0 00 00000000 225346aa 40e1cf0b
0 0b 14 0 00 00000000 e5baefbc cc33a5b4
0 0c 13 0 00 00000000 00000001 00000001
0 0d 12 0 00 00000000 b8f1d8bc 635bbdee
0 0e 11 0 00 00000000 aaaaaaaa 0000ffff
0 0f 10 0 00 00000000 430d46e5 c807d6ac
0 10 0f 0 00 00000000 c807d6ac 430d46e5
0 11 0e 0 00 00000000 0000ffff aaaaaaaa
0 12 0d 0 00 00000000 635bbdee b8f1d8bc
0 13 0c 0 00 00000000 00000001 00000001
0 14 0b 0 00 00000000 cc33a5b4 e5baefbc
0 15 0a 0 00 00000000 40e1cf0b 225346aa
0 16 09 0 00 00000000 ed25291a 5cc0a872
0 17 08 0 00 00000000 1765dfab cee1ef92
0 18 07 0 00 00000000 0000ffff 832c1c88
0 19 06 0 00 00000000 061fc75f 00000000
0 1a 05 0 00 00000000 deadbeef aaaaaaaa
0 1b 04 0 00 00000000 d570f0dd 5dbb3310
0 1c 03 0 00 00000000 a427b92e cafebabe
0 1d 02 0 00 00000000 820bb75b 00000000
0 1e 01 0 00 00000000 00000000 21bda8b1
0 1f 00 0 00 00000000 8196cd0b 00000000
0 0b 12 1 0b 0000ffff e5baefbc 635bbdee
0 05 0b 0 10 57cc0904 aaaaaaaa 0000ffff
0 03 12 0 05 cafebabe cafebabe 635bbdee
0 08 08 1 08 00000000 cee1ef92 cee1ef92
0 13 10 0 05 ffffffff 00000001 c807d6ac
0 12 05 0 19 b3da63a7 635bbdee aaaaaaaa
# --- read-back sweep ---
# i_rst i_rs1_raddr i_rs2_raddr i_rd_wen i_rd_waddr i_rd_wdata | o_rs1_rdata
#     o_rs2_rdata
0 00 1f 0 00 00000000 00000000 8196cd0b
0 01 1e 0 00 00000000 21bda8b1 00000000
0 02 1d 0 00 00000000 00000000 820bb75b
0 03 1c 0 00 00000000 cafebabe a427b92e
0 04 1b 0 00 00000000 5dbb3310 d570f0dd
0 05 1a 0 00 00000000 aaaaaaaa deadbeef
0 06 19 0 00 00000000 00000000 061fc75f
0 07 18 0 00 00000000 832c1c88 0000ffff
0 08 17 0 00 00000000 00000000 1765dfab
0 09 16 0 00 00000000 5cc0a872 ed25291a
0 0a 15 0 00 00000000 225346aa 40e1cf0b
0 0b 14 0 00 00000000 0000ffff cc33a5b4
0 0c 13 0 00 00000000 00000001 00000001
0 0d 12 0 00 00000000 b8f1d8bc 635bbdee
0 0e 11 0 00 00000000 aaaaaaaa 0000ffff
0 0f 10 0 00 00000000 430d46e5 c807d6ac
0 10 0f 0 00 00000000 c807d6ac 430d46e5
0 11 0e 0 00 00000000 0000ffff aaaaaaaa
0 12 0d 0 00 00000000 635bbdee b8f1d8bc
0 13 0c 0 00 00000000 00000001 00000001
0 14 0b 0 00 00000000 cc33a5b4 0000ffff
0 15 0a 0 00 00000000 40e1cf0b 225346aa
0 16 09 0 00 00000000 ed25291a 5cc0a872
0 17 08 0 00 00000000 1765dfab 00000000
0 18 07 0 00 00000000 0000ffff 832c1c88
0 19 06 0 00 00000000 061fc75f 00000000
0 1a 05 0 00 00000000 deadbeef aaaaaaaa
0 1b 04 0 00 00000000 d570f0dd 5dbb3310
0 1c 03 0 00 00000000 a427b92e cafebabe
0 1d 02 0 00 00000000 820bb75b 00000000
0 1e 01 0 00 00000000 00000000 21bda8b1
0 1f 00 0 00 00000000 8196cd0b 00000000
0 00 1e 1 02 fb77d858 00000000 00000000
0 0a 19 0 1c 4e740a55 225346aa 061fc75f
0 0e 13 1 19 91ae66b3 aaaaaaaa 00000001
0 14 1d 1 14 f164d156 cc33a5b4 820bb75b
0 04 0c 1 04 612aa296 5dbb3310 00000001
0 0f 0e 1 0f abd99724 430d46e5 aaaaaaaa
0 0e 00 0 00 13583814 aaaaaaaa 00000000
0 07 09 1 07 8a748d16 832c1c88 5cc0a872
0 0b 0f 1 1e 25101179 0000ffff abd99724
0 06 0c 0 14 cdc50d04 00000000 00000001
0 08 01 1 03 a44a44bf 00000000 21bda8b1
0 06 0e 1 06 45de5afa 00000000 aaaaaaaa
0 0e 04 1 0e 105b799d aaaaaaaa 612aa296
# --- read-back sweep ---
# i_rst i_rs1_raddr i_rs2_raddr i_rd_wen i_rd_waddr i_rd_wdata | o_rs1_rdata
#     o_rs2_rdata
0 00 1f 0 00 00000000 00000000 8196cd0b
0 01 1e 0 00 00000000 21bda8b1 25101179
0 02 1d 0 00 00000000 fb77d858 820bb75b
0 03 1c 0 00 00000000 a44a44bf a427b92e
0 04 1b 0 00 00000000 612aa296 d570f0dd
0 05 1a 0 00 00000000 aaaaaaaa deadbeef
0 06 19 0 00 00000000 45de5afa 91ae66b3
0 07 18 0 00 00000000 8a748d16 0000ffff
0 08 17 0 00 00000000 00000000 1765dfab
0 09 16 0 00 00000000 5cc0a872 ed25291a
0 0a 15 0 00 00000000 225346aa 40e1cf0b
0 0b 14 0 00 00000000 0000ffff f164d156
0 0c 13 0 00 00000000 00000001 00000001
0 0d 12 0 00 00000000 b8f1d8bc 635bbdee
0 0e 11 0 00 00000000 105b799d 0000ffff
0 0f 10 0 00 00000000 abd99724 c807d6ac
0 10 0f 0 00 00000000 c807d6ac abd99724
0 11 0e 0 00 00000000 0000ffff 105b799d
0 12 0d 0 00 00000000 635bbdee b8f1d8bc
0 13 0c 0 00 00000000 00000001 00000001
0 14 0b 0 00 00000000 f164d156 0000ffff
0 15 0a 0 00 00000000 40e1cf0b 225346aa
0 16 09 0 00 00000000 ed25291a 5cc0a872
0 17 08 0 00 00000000 1765dfab 00000000
0 18 07 0 00 00000000 0000ffff 8a748d16
0 19 06 0 00 00000000 91ae66b3 45de5afa
0 1a 05 0 00 00000000 deadbeef aaaaaaaa
0 1b 04 0 00 00000000 d570f0dd 612aa296
0 1c 03 0 00 00000000 a427b92e a44a44bf
0 1d 02 0 00 00000000 820bb75b fb77d858
0 1e 01 0 00 00000000 25101179 21bda8b1
0 1f 00 0 00 00000000 8196cd0b 00000000
0 02 00 1 14 620eac08 fb77d858 00000000
0 14 0a 1 03 24e878aa 620eac08 225346aa
0 12 01 1 00 413a6736 635bbdee 21bda8b1
0 09 03 1 09 ea7bfea6 5cc0a872 24e878aa
0 00 00 1 17 aad28747 00000000 00000000
0 1b 12 0 1b 0000ffff d570f0dd 635bbdee
0 1e 1b 1 14 4ffe240a 25101179 d570f0dd
0 14 14 0 00 00000000 4ffe240a 4ffe240a
0 06 01 1 09 b84291fe 45de5afa 21bda8b1
0 0e 03 0 02 7f017550 105b799d 24e878aa
0 18 14 0 05 184172da 0000ffff 4ffe240a
0 0c 00 1 08 55555555 00000001 00000000
0 1e 04 0 18 aaaaaaaa 25101179 612aa296
0 00 00 1 00 94f8e921 00000000 00000000
0 08 01 1 18 aaaaaaaa 55555555 21bda8b1
0 07 10 1 16 af16bfc7 8a748d16 c807d6ac
0 09 1b 0 0b 83dc4a57 b84291fe d570f0dd
0 1e 1e 0 1e 1bdb6767 25101179 25101179
0 1e 1e 0 00 00000000 25101179 25101179
0 00 0d 1 00 06fd4e83 00000000 b8f1d8bc
0 1e 11 1 0d a685c68b 25101179 0000ffff
0 08 0b 0 0a 6fa4b602 55555555 0000ffff
# --- read-back sweep ---
# i_rst i_rs1_raddr i_rs2_raddr i_rd_wen i_rd_waddr i_rd_wdata | o_rs1_rdata
#     o_rs2_rdata
0 00 1f 0 00 00000000 00000000 8196cd0b
0 01 1e 0 00 00000000 21bda8b1 25101179
0 02 1d 0 00 00000000 fb77d858 820bb75b
0 03 1c 0 00 00000000 24e878aa a427b92e
0 04 1b 0 00 00000000 612aa296 d570f0dd
0 05 1a 0 00 00000000 aaaaaaaa deadbeef
0 06 19 0 00 00000000 45de5afa 91ae66b3
0 07 18 0 00 00000000 8a748d16 aaaaaaaa
0 08 17 0 00 00000000 55555555 aad28747
0 09 16 0 00 00000000 b84291fe af16bfc7
0 0a 15 0 00 00000000 225346aa 40e1cf0b
0 0b 14 0 00 00000000 0000ffff 4ffe240a
0 0c 13 0 00 00000000 00000001 00000001
0 0d 12 0 00 00000000 a685c68b 635bbdee
0 0e 11 0 00 00000000 105b799d 0000ffff
0 0f 10 0 00 00000000 abd99724 c807d6ac
0 10 0f 0 00 00000000 c807d6ac abd99724
0 11 0e 0 00 00000000 0000ffff 105b799d
0 12 0d 0 00 00000000 635bbdee a685c68b
0 13 0c 0 00 00000000 00000001 00000001
0 14 0b 0 00 00000000 4ffe240a 0000ffff
0 15 0a 0 00 00000000 40e1cf0b 225346aa
0 16 09 0 00 00000000 af16bfc7 b84291fe
0 17 08 0 00 00000000 aad28747 55555555
0 18 07 0 00 00000000 aaaaaaaa 8a748d16
0 19 06 0 00 00000000 91ae66b3 45de5afa
0 1a 05 0 00 00000000 deadbeef aaaaaaaa
0 1b 04 0 00 00000000 d570f0dd 612aa296
0 1c 03 0 00 00000000 a427b92e 24e878aa
0 1d 02 0 00 00000000 820bb75b fb77d858
0 1e 01 0 00 00000000 25101179 21bda8b1
0 1f 00 0 00 00000000 8196cd0b 00000000
0 19 1e 0 10 c058bedf 91ae66b3 25101179
0 1e 11 1 1e 6e14ac8a 25101179 0000ffff
0 1e 1e 0 00 00000000 6e14ac8a 6e14ac8a
0 16 16 0 0c 80000000 af16bfc7 af16bfc7
0 00 01 0 0c 3885d26d 00000000 21bda8b1
# --- read-back sweep ---
# i_rst i_rs1_raddr i_rs2_raddr i_rd_wen i_rd_waddr i_rd_wdata | o_rs1_rdata
#     o_rs2_rdata
0 00 1f 0 00 00000000 00000000 8196cd0b
0 01 1e 0 00 00000000 21bda8b1 6e14ac8a
0 02 1d 0 00 00000000 fb77d858 820bb75b
0 03 1c 0 00 00000000 24e878aa a427b92e
0 04 1b 0 00 00000000 612aa296 d570f0dd
0 05 1a 0 00 00000000 aaaaaaaa deadbeef
0 06 19 0 00 00000000 45de5afa 91ae66b3
0 07 18 0 00 00000000 8a748d16 aaaaaaaa
0 08 17 0 00 00000000 55555555 aad28747
0 09 16 0 00 00000000 b84291fe af16bfc7
0 0a 15 0 00 00000000 225346aa 40e1cf0b
0 0b 14 0 00 00000000 0000ffff 4ffe240a
0 0c 13 0 00 00000000 00000001 00000001
0 0d 12 0 00 00000000 a685c68b 635bbdee
0 0e 11 0 00 00000000 105b799d 0000ffff
0 0f 10 0 00 00000000 abd99724 c807d6ac
0 10 0f 0 00 00000000 c807d6ac abd99724
0 11 0e 0 00 00000000 0000ffff 105b799d
0 12 0d 0 00 00000000 635bbdee a685c68b
0 13 0c 0 00 00000000 00000001 00000001
0 14 0b 0 00 00000000 4ffe240a 0000ffff
0 15 0a 0 00 00000000 40e1cf0b 225346aa
0 16 09 0 00 00000000 af16bfc7 b84291fe
0 17 08 0 00 00000000 aad28747 55555555
0 18 07 0 00 00000000 aaaaaaaa 8a748d16
0 19 06 0 00 00000000 91ae66b3 45de5afa
0 1a 05 0 00 00000000 deadbeef aaaaaaaa
0 1b 04 0 00 00000000 d570f0dd 612aa296
0 1c 03 0 00 00000000 a427b92e 24e878aa
0 1d 02 0 00 00000000 820bb75b fb77d858
0 1e 01 0 00 00000000 6e14ac8a 21bda8b1
0 1f 00 0 00 00000000 8196cd0b 00000000
0 02 02 0 02 01ffa3ed fb77d858 fb77d858
0 02 02 0 00 00000000 fb77d858 fb77d858
0 1f 00 1 1e cca139aa 8196cd0b 00000000
0 1e 1e 0 00 00000000 cca139aa cca139aa
0 18 18 0 18 81f641cc aaaaaaaa aaaaaaaa
0 18 18 0 00 00000000 aaaaaaaa aaaaaaaa
0 0c 1c 1 0d d333a3ac 00000001 a427b92e
0 12 03 1 0e 51e4366a 635bbdee 24e878aa
0 08 09 1 1f b198e5f5 55555555 b84291fe
0 00 1d 1 01 5a21db4a 00000000 820bb75b
0 07 1a 0 0c 223fd65f 8a748d16 deadbeef
0 00 05 1 19 00000000 00000000 aaaaaaaa
0 18 07 0 1d ad13aa6a aaaaaaaa 8a748d16
0 1d 17 1 19 100ce02c 820bb75b aad28747
0 08 16 1 05 dc3ff698 55555555 af16bfc7
0 06 0f 1 11 eae8f0f9 45de5afa abd99724
0 04 14 1 19 a1961155 612aa296 4ffe240a
0 0e 05 1 0d 0000ffff 51e4366a dc3ff698
0 0a 00 1 1f 7b3af416 225346aa 00000000
0 1f 00 1 00 93c4bc3f 7b3af416 00000000
0 08 05 0 07 50209c23 55555555 dc3ff698
0 05 05 1 05 3838d1fe dc3ff698 dc3ff698
0 01 1c 1 1e 9bff6e75 5a21db4a a427b92e
0 07 15 1 12 d7cd1cf1 8a748d16 40e1cf0b
0 01 00 0 11 c8fc88f2 5a21db4a 00000000
0 1c 1f 0 01 aaaaaaaa a427b92e 7b3af416
0 00 09 1 00 ffffffff 00000000 b84291fe
0 00 00 0 00 90f263a8 00000000 00000000
# --- read-back sweep ---
# i_rst i_rs1_raddr i_rs2_raddr i_rd_wen i_rd_waddr i_rd_wdata | o_rs1_rdata
#     o_rs2_rdata
0 00 1f 0 00 00000000 00000000 7b3af416
0 01 1e 0 00 00000000 5a21db4a 9bff6e75
0 02 1d 0 00 00000000 fb77d858 820bb75b
0 03 1c 0 00 00000000 24e878aa a427b92e
0 04 1b 0 00 00000000 612aa296 d570f0dd
0 05 1a 0 00 00000000 3838d1fe deadbeef
0 06 19 0 00 00000000 45de5afa a1961155
0 07 18 0 00 00000000 8a748d16 aaaaaaaa
0 08 17 0 00 00000000 55555555 aad28747
0 09 16 0 00 00000000 b84291fe af16bfc7
0 0a 15 0 00 00000000 225346aa 40e1cf0b
0 0b 14 0 00 00000000 0000ffff 4ffe240a
0 0c 13 0 00 00000000 00000001 00000001
0 0d 12 0 00 00000000 0000ffff d7cd1cf1
0 0e 11 0 00 00000000 51e4366a eae8f0f9
0 0f 10 0 00 00000000 abd99724 c807d6ac
0 10 0f 0 00 00000000 c807d6ac abd99724
0 11 0e 0 00 00000000 eae8f0f9 51e4366a
0 12 0d 0 00 00000000 d7cd1cf1 0000ffff
0 13 0c 0 00 00000000 00000001 00000001
0 14 0b 0 00 00000000 4ffe240a 0000ffff
0 15 0a 0 00 00000000 40e1cf0b 225346aa
0 16 09 0 00 00000000 af16bfc7 b84291fe
0 17 08 0 00 00000000 aad28747 55555555
0 18 07 0 00 00000000 aaaaaaaa 8a748d16
0 19 06 0 00 00000000 a1961155 45de5afa
0 1a 05 0 00 00000000 deadbeef 3838d1fe
0 1b 04 0 00 00000000 d570f0dd 612aa296
0 1c 03 0 00 00000000 a427b92e 24e878aa
0 1d 02 0 00 00000000 820bb75b fb77d858
0 1e 01 0 00 00000000 9bff6e75 5a21db4a
0 1f 00 0 00 00000000 7b3af416 00000000
0 0c 13 0 11 400fa4eb 00000001 00000001
0 15 07 0 01 92bb9a72 40e1cf0b 8a748d16
0 18 1b 1 10 cafebabe aaaaaaaa d570f0dd
0 11 07 1 1e aedde91d eae8f0f9 8a748d16
0 0b 03 0 1b 80000000 0000ffff 24e878aa
0 13 1f 1 13 fd9d9076 00000001 7b3af416
0 0d 16 0 1f 5a23578d 0000ffff af16bfc7
0 0d 1e 0 01 7345f498 0000ffff aedde91d
0 1d 1d 0 1d 03b7dd8c 820bb75b 820bb75b
0 1d 1d 0 00 00000000 820bb75b 820bb75b
0 16 16 1 16 d168a956 af16bfc7 af16bfc7
0 00 0a 0 13 0dccdffe 00000000 225346aa
0 0e 14 1 1d 7fffffff 51e4366a 4ffe240a
0 1e 03 1 05 65ef0159 aedde91d 24e878aa
0 04 00 0 00 4311d97d 612aa296 00000000
0 16 14 1 16 b516e0f6 d168a956 4ffe240a
0 0e 10 0 09 a7111b95 51e4366a cafebabe
0 17 0b 1 04 deadbeef aad28747 0000ffff
0 14 06 1 0d 9f88d62d 4ffe240a 45de5afa
0 0a 00 1 05 e66f846c 225346aa 00000000
0 18 12 1 15 0000ffff aaaaaaaa d7cd1cf1
0 07 07 1 06 17ff2438 8a748d16 8a748d16
0 0a 05 1 0b 3fb04395 225346aa e66f846c
0 07 15 1 07 96edc513 8a748d16 0000ffff
0 16 03 1 16 c7b54b6f b516e0f6 24e878aa
0 09 1f 0 1c 80000000 b84291fe 7b3af416
0 1f 18 1 1f 2cce5781 7b3af416 aaaaaaaa
0 1b 1b 1 1b 00000001 d570f0dd d570f0dd
0 03 0e 1 0b 7bce44a1 24e878aa 51e4366a
0 03 16 1 03 9ce37d66 24e878aa c7b54b6f
0 0e 1e 1 00 00000001 51e4366a aedde91d
0 03 17 0 11 cb62fc15 9ce37d66 aad28747
0 04 0e 1 07 2206457a deadbeef 51e4366a
0 1b 0a 1 13 d2340d59 00000001 225346aa
0 15 00 0 01 00000001 0000ffff 00000000
0 0e 02 0 11 c75e4ee2 51e4366a fb77d858
0 00 0f 1 02 80000000 00000000 abd99724
0 18 15 0 00 bc1fd5b4 aaaaaaaa 0000ffff
0 1b 1b 1 02 5331d116 00000001 00000001
0 02 02 0 00 00000000 5331d116 5331d116
0 0b 12 1 0c 3ca79e13 7bce44a1 d7cd1cf1
0 1b 1a 1 14 07642703 00000001 deadbeef
0 09 1c 1 12 ffffffff b84291fe a427b92e
0 02 09 1 02 83864eee 5331d116 b84291fe
0 19 04 1 01 9468405d a1961155 deadbeef
0 05 1c 1 1a 045c81f7 e66f846c a427b92e
0 06 11 1 0d da5f0b13 17ff2438 eae8f0f9
0 0d 0d 0 00 00000000 da5f0b13 da5f0b13
0 05 01 1 0a 36783148 e66f846c 9468405d
0 1e 01 1 08 2af74a3b aedde91d 9468405d
0 1e 1a 1 10 745ada9c aedde91d 045c81f7
0 13 00 0 18 c2468e87 d2340d59 00000000
0 16 1f 1 15 93e1a1d2 c7b54b6f 2cce5781
0 1e 16 1 12 00000001 aedde91d c7b54b6f
0 1b 18 1 13 f237bb25 00000001 aaaaaaaa
0 13 13 0 00 00000000 f237bb25 f237bb25
0 0e 17 0 14 79e6e02f 51e4366a aad28747
0 0a 13 1 11 57746154 36783148 f237bb25
0 15 1a 1 1a 3a305403 93e1a1d2 045c81f7
0 12 18 1 12 6146c6d3 00000001 aaaaaaaa
0 11 00 1 00 7abaa329 57746154 00000000
0 1b 13 1 0f ec3c9cde 00000001 f237bb25
0 1a 14 0 18 7df29fad 3a305403 07642703
0 12 15 1 0a 55555555 6146c6d3 93e1a1d2
# --- read-back sweep ---
# i_rst i_rs1_raddr i_rs2_raddr i_rd_wen i_rd_waddr i_rd_wdata | o_rs1_rdata
#     o_rs2_rdata
0 00 1f 0 00 00000000 00000000 2cce5781
0 01 1e 0 00 00000000 9468405d aedde91d
0 02 1d 0 00 00000000 83864eee 7fffffff
0 03 1c 0 00 00000000 9ce37d66 a427b92e
0 04 1b 0 00 00000000 deadbeef 00000001
0 05 1a 0 00 00000000 e66f846c 3a305403
0 06 19 0 00 00000000 17ff2438 a1961155
0 07 18 0 00 00000000 2206457a aaaaaaaa
0 08 17 0 00 00000000 2af74a3b aad28747
0 09 16 0 00 00000000 b84291fe c7b54b6f
0 0a 15 0 00 00000000 55555555 93e1a1d2
0 0b 14 0 00 00000000 7bce44a1 07642703
0 0c 13 0 00 00000000 3ca79e13 f237bb25
0 0d 12 0 00 00000000 da5f0b13 6146c6d3
0 0e 11 0 00 00000000 51e4366a 57746154
0 0f 10 0 00 00000000 ec3c9cde 745ada9c
0 10 0f 0 00 00000000 745ada9c ec3c9cde
0 11 0e 0 00 00000000 57746154 51e4366a
0 12 0d 0 00 00000000 6146c6d3 da5f0b13
0 13 0c 0 00 00000000 f237bb25 3ca79e13
0 14 0b 0 00 00000000 07642703 7bce44a1
0 15 0a 0 00 00000000 93e1a1d2 55555555
0 16 09 0 00 00000000 c7b54b6f b84291fe
0 17 08 0 00 00000000 aad28747 2af74a3b
0 18 07 0 00 00000000 aaaaaaaa 2206457a
0 19 06 0 00 00000000 a1961155 17ff2438
0 1a 05 0 00 00000000 3a305403 e66f846c
0 1b 04 0 00 00000000 00000001 deadbeef
0 1c 03 0 00 00000000 a427b92e 9ce37d66
0 1d 02 0 00 00000000 7fffffff 83864eee
0 1e 01 0 00 00000000 aedde91d 9468405d
0 1f 00 0 00 00000000 2cce5781 00000000
0 15 1b 1 1b 53b57a35 93e1a1d2 00000001
0 00 09 1 0f deadbeef 00000000 b84291fe
0 0f 17 0 07 2557f2f3 deadbeef aad28747
0 15 01 0 0d db75bb87 93e1a1d2 9468405d
0 15 10 0 06 acc6da10 93e1a1d2 745ada9c
0 0f 18 0 19 ffffffff deadbeef aaaaaaaa
0 0f 09 1 0a f7e348b8 deadbeef b84291fe
0 00 09 0 0e 00000001 00000000 b84291fe
0 07 18 0 10 cafebabe 2206457a aaaaaaaa
0 04 18 0 00 476a0670 deadbeef aaaaaaaa
0 16 0f 1 08 0000ffff c7b54b6f deadbeef
0 0c 0f 1 0e f0b7334b 3ca79e13 deadbeef
0 00 1f 1 05 78fd1e18 00000000 2cce5781
0 17 01 1 17 a26ee8c2 aad28747 9468405d
0 05 1b 1 0b 1d911a66 78fd1e18 53b57a35
0 1b 17 1 08 55555555 53b57a35 a26ee8c2
0 07 15 0 12 a219cb86 2206457a 93e1a1d2
0 1f 06 1 09 f7138881 2cce5781 17ff2438
0 09 12 1 1f b9370043 f7138881 6146c6d3
0 1f 1c 1 15 a5555bd6 b9370043 a427b92e
0 1c 00 1 16 35fd9821 a427b92e 00000000
0 09 17 1 09 33cdd75c f7138881 a26ee8c2
0 09 02 1 11 69f1e7d1 33cdd75c 83864eee
0 12 12 0 18 fad5893d 6146c6d3 6146c6d3
0 0a 0d 1 0f 6d5b2cfa f7e348b8 da5f0b13
0 0e 00 0 11 deadbeef f0b7334b 00000000
0 0e 0e 1 0e 2e0d0f2c f0b7334b f0b7334b
0 16 10 1 0c 3d32fd07 35fd9821 745ada9c
0 0c 0c 0 00 00000000 3d32fd07 3d32fd07
0 1f 00 0 17 483966a8 b9370043 00000000
0 00 0c 1 00 190b8f3d 00000000 3d32fd07
0 05 19 1 1e 47086569 78fd1e18 a1961155
0 1d 0f 1 0b cee33440 7fffffff 6d5b2cfa
0 03 00 0 03 80000000 9ce37d66 00000000
0 15 06 1 15 aaaaaaaa a5555bd6 17ff2438
0 12 17 1 16 00000001 6146c6d3 a26ee8c2
0 1a 08 1 05 80000000 3a305403 55555555
0 09 0e 0 1d 8da310fe 33cdd75c 2e0d0f2c
0 05 1b 1 00 5dbf4d35 80000000 53b57a35
0 06 02 0 11 cf543d1f 17ff2438 83864eee
0 00 1b 0 18 7cc642da 00000000 53b57a35
0 13 13 0 13 40eec00a f237bb25 f237bb25
0 13 13 0 00 00000000 f237bb25 f237bb25
0 0f 1f 1 07 8589a318 6d5b2cfa b9370043
0 14 19 1 01 deadbeef 07642703 a1961155
0 0e 00 1 19 9240b433 2e0d0f2c 00000000
0 0d 13 1 00 422d92d4 da5f0b13 f237bb25
0 10 18 1 0d ac2e2f88 745ada9c aaaaaaaa
0 19 0b 0 0e a6442f18 9240b433 cee33440
0 1b 05 0 18 395bc94a 53b57a35 80000000
0 0e 02 1 0a c998a4b4 2e0d0f2c 83864eee
0 00 02 1 0a 7f7a76f4 00000000 83864eee
0 0f 1d 1 1b fdd0a2c2 6d5b2cfa 7fffffff
0 10 10 1 10 7e542dc0 745ada9c 745ada9c
0 10 10 1 10 e8fe053b 7e542dc0 7e542dc0
0 0f 0f 1 0f 00000001 6d5b2cfa 6d5b2cfa
0 00 00 1 16 32caa104 00000000 00000000
0 16 16 0 00 00000000 32caa104 32caa104
0 0b 0d 1 0d c7ca4c27 cee33440 ac2e2f88
0 0b 1b 1 08 f4f95a4c cee33440 fdd0a2c2
0 1a 1a 0 1a f5f79ec1 3a305403 3a305403
0 1a 1a 0 00 00000000 3a305403 3a305403
0 04 1d 0 03 80000000 deadbeef 7fffffff
0 1d 00 1 06 deadbeef 7fffffff 00000000
0 01 19 1 07 7fffffff deadbeef 9240b433
0 06 1d 0 03 a073fc7f deadbeef 7fffffff
0 00 0d 1 0d 177b5835 00000000 c7ca4c27
0 00 0c 0 00 cafebabe 00000000 3d32fd07
0 12 0c 1 0b 59f2f7da 6146c6d3 3d32fd07
0 17 1a 1 0b 0d6ce462 a26ee8c2 3a305403
0 07 00 1 07 a83140d4 7fffffff 00000000
0 0d 0f 1 19 db5d16ae 177b5835 00000001
0 11 19 1 0c 00000000 69f1e7d1 db5d16ae
0 1a 1d 1 1a 7b21d70f 3a305403 7fffffff
0 1a 05 0 13 00000000 7b21d70f 80000000
0 15 0e 1 1c 12bd3c42 aaaaaaaa 2e0d0f2c
0 1d 10 1 00 5653679b 7fffffff e8fe053b
0 17 0d 1 00 0000ffff a26ee8c2 177b5835
0 14 14 1 03 3499aef5 07642703 07642703
0 03 03 0 00 00000000 3499aef5 3499aef5
0 1d 12 1 00 b2140a3b 7fffffff 6146c6d3
0 05 06 1 05 d7f20ad6 80000000 deadbeef
# --- read-back sweep ---
# i_rst i_rs1_raddr i_rs2_raddr i_rd_wen i_rd_waddr i_rd_wdata | o_rs1_rdata
#     o_rs2_rdata
0 00 1f 0 00 00000000 00000000 b9370043
0 01 1e 0 00 00000000 deadbeef 47086569
0 02 1d 0 00 00000000 83864eee 7fffffff
0 03 1c 0 00 00000000 3499aef5 12bd3c42
0 04 1b 0 00 00000000 deadbeef fdd0a2c2
0 05 1a 0 00 00000000 d7f20ad6 7b21d70f
0 06 19 0 00 00000000 deadbeef db5d16ae
0 07 18 0 00 00000000 a83140d4 aaaaaaaa
0 08 17 0 00 00000000 f4f95a4c a26ee8c2
0 09 16 0 00 00000000 33cdd75c 32caa104
0 0a 15 0 00 00000000 7f7a76f4 aaaaaaaa
0 0b 14 0 00 00000000 0d6ce462 07642703
0 0c 13 0 00 00000000 00000000 f237bb25
0 0d 12 0 00 00000000 177b5835 6146c6d3
0 0e 11 0 00 00000000 2e0d0f2c 69f1e7d1
0 0f 10 0 00 00000000 00000001 e8fe053b
0 10 0f 0 00 00000000 e8fe053b 00000001
0 11 0e 0 00 00000000 69f1e7d1 2e0d0f2c
0 12 0d 0 00 00000000 6146c6d3 177b5835
0 13 0c 0 00 00000000 f237bb25 00000000
0 14 0b 0 00 00000000 07642703 0d6ce462
0 15 0a 0 00 00000000 aaaaaaaa 7f7a76f4
0 16 09 0 00 00000000 32caa104 33cdd75c
0 17 08 0 00 00000000 a26ee8c2 f4f95a4c
0 18 07 0 00 00000000 aaaaaaaa a83140d4
0 19 06 0 00 00000000 db5d16ae deadbeef
0 1a 05 0 00 00000000 7b21d70f d7f20ad6
0 1b 04 0 00 00000000 fdd0a2c2 deadbeef
0 1c 03 0 00 00000000 12bd3c42 3499aef5
0 1d 02 0 00 00000000 7fffffff 83864eee
0 1e 01 0 00 00000000 47086569 deadbeef
0 1f 00 0 00 00000000 b9370043 00000000
0 0c 1c 1 12 0000ffff 00000000 12bd3c42
0 06 06 1 06 d6147177 deadbeef deadbeef
0 06 08 0 01 aaaaaaaa d6147177 f4f95a4c
0 04 12 1 0e d39e935d deadbeef 0000ffff
0 0e 0e 0 00 00000000 d39e935d d39e935d
# --- read-back sweep ---
# i_rst i_rs1_raddr i_rs2_raddr i_rd_wen i_rd_waddr i_rd_wdata | o_rs1_rdata
#     o_rs2_rdata
0 00 1f 0 00 00000000 00000000 b9370043
0 01 1e 0 00 00000000 deadbeef 47086569
0 02 1d 0 00 00000000 83864eee 7fffffff
0 03 1c 0 00 00000000 3499aef5 12bd3c42
0 04 1b 0 00 00000000 deadbeef fdd0a2c2
0 05 1a 0 00 00000000 d7f20ad6 7b21d70f
0 06 19 0 00 00000000 d6147177 db5d16ae
0 07 18 0 00 00000000 a83140d4 aaaaaaaa
0 08 17 0 00 00000000 f4f95a4c a26ee8c2
0 09 16 0 00 00000000 33cdd75c 32caa104
0 0a 15 0 00 00000000 7f7a76f4 aaaaaaaa
0 0b 14 0 00 00000000 0d6ce462 07642703
0 0c 13 0 00 00000000 00000000 f237bb25
0 0d 12 0 00 00000000 177b5835 0000ffff
0 0e 11 0 00 00000000 d39e935d 69f1e7d1
0 0f 10 0 00 00000000 00000001 e8fe053b
0 10 0f 0 00 00000000 e8fe053b 00000001
0 11 0e 0 00 00000000 69f1e7d1 d39e935d
0 12 0d 0 00 00000000 0000ffff 177b5835
0 13 0c 0 00 00000000 f237bb25 00000000
0 14 0b 0 00 00000000 07642703 0d6ce462
0 15 0a 0 00 00000000 aaaaaaaa 7f7a76f4
0 16 09 0 00 00000000 32caa104 33cdd75c
0 17 08 0 00 00000000 a26ee8c2 f4f95a4c
0 18 07 0 00 00000000 aaaaaaaa a83140d4
0 19 06 0 00 00000000 db5d16ae d6147177
0 1a 05 0 00 00000000 7b21d70f d7f20ad6
0 1b 04 0 00 00000000 fdd0a2c2 deadbeef
0 1c 03 0 00 00000000 12bd3c42 3499aef5
0 1d 02 0 00 00000000 7fffffff 83864eee
0 1e 01 0 00 00000000 47086569 deadbeef
0 1f 00 0 00 00000000 b9370043 00000000
0 10 08 1 1b c993ca20 e8fe053b f4f95a4c
0 17 00 1 0e f2db9c5f a26ee8c2 00000000
0 0e 0e 0 00 00000000 f2db9c5f f2db9c5f
0 14 00 0 0d 80000000 07642703 00000000
0 1e 0c 1 04 c9a4a72e 47086569 00000000
0 05 0a 1 01 972a13e9 d7f20ad6 7f7a76f4
0 00 00 1 17 80000000 00000000 00000000
# --- read-back sweep ---
# i_rst i_rs1_raddr i_rs2_raddr i_rd_wen i_rd_waddr i_rd_wdata | o_rs1_rdata
#     o_rs2_rdata
0 00 1f 0 00 00000000 00000000 b9370043
0 01 1e 0 00 00000000 972a13e9 47086569
0 02 1d 0 00 00000000 83864eee 7fffffff
0 03 1c 0 00 00000000 3499aef5 12bd3c42
0 04 1b 0 00 00000000 c9a4a72e c993ca20
0 05 1a 0 00 00000000 d7f20ad6 7b21d70f
0 06 19 0 00 00000000 d6147177 db5d16ae
0 07 18 0 00 00000000 a83140d4 aaaaaaaa
0 08 17 0 00 00000000 f4f95a4c 80000000
0 09 16 0 00 00000000 33cdd75c 32caa104
0 0a 15 0 00 00000000 7f7a76f4 aaaaaaaa
0 0b 14 0 00 00000000 0d6ce462 07642703
0 0c 13 0 00 00000000 00000000 f237bb25
0 0d 12 0 00 00000000 177b5835 0000ffff
0 0e 11 0 00 00000000 f2db9c5f 69f1e7d1
0 0f 10 0 00 00000000 00000001 e8fe053b
0 10 0f 0 00 00000000 e8fe053b 00000001
0 11 0e 0 00 00000000 69f1e7d1 f2db9c5f
0 12 0d 0 00 00000000 0000ffff 177b5835
0 13 0c 0 00 00000000 f237bb25 00000000
0 14 0b 0 00 00000000 07642703 0d6ce462
0 15 0a 0 00 00000000 aaaaaaaa 7f7a76f4
0 16 09 0 00 00000000 32caa104 33cdd75c
0 17 08 0 00 00000000 80000000 f4f95a4c
0 18 07 0 00 00000000 aaaaaaaa a83140d4
0 19 06 0 00 00000000 db5d16ae d6147177
0 1a 05 0 00 00000000 7b21d70f d7f20ad6
0 1b 04 0 00 00000000 c993ca20 c9a4a72e
0 1c 03 0 00 00000000 12bd3c42 3499aef5
0 1d 02 0 00 00000000 7fffffff 83864eee
0 1e 01 0 00 00000000 47086569 972a13e9
0 1f 00 0 00 00000000 b9370043 00000000
0 16 16 0 16 61f0e437 32caa104 32caa104
0 16 16 0 00 00000000 32caa104 32caa104
0 11 11 1 11 80000000 69f1e7d1 69f1e7d1
0 05 1e 0 07 ffffffff d7f20ad6 47086569
# --- read-back sweep ---
# i_rst i_rs1_raddr i_rs2_raddr i_rd_wen i_rd_waddr i_rd_wdata | o_rs1_rdata
#     o_rs2_rdata
0 00 1f 0 00 00000000 00000000 b9370043
0 01 1e 0 00 00000000 972a13e9 47086569
0 02 1d 0 00 00000000 83864eee 7fffffff
0 03 1c 0 00 00000000 3499aef5 12bd3c42
0 04 1b 0 00 00000000 c9a4a72e c993ca20
0 05 1a 0 00 00000000 d7f20ad6 7b21d70f
0 06 19 0 00 00000000 d6147177 db5d16ae
0 07 18 0 00 00000000 a83140d4 aaaaaaaa
0 08 17 0 00 00000000 f4f95a4c 80000000
0 09 16 0 00 00000000 33cdd75c 32caa104
0 0a 15 0 00 00000000 7f7a76f4 aaaaaaaa
0 0b 14 0 00 00000000 0d6ce462 07642703
0 0c 13 0 00 00000000 00000000 f237bb25
0 0d 12 0 00 00000000 177b5835 0000ffff
0 0e 11 0 00 00000000 f2db9c5f 80000000
0 0f 10 0 00 00000000 00000001 e8fe053b
0 10 0f 0 00 00000000 e8fe053b 00000001
0 11 0e 0 00 00000000 80000000 f2db9c5f
0 12 0d 0 00 00000000 0000ffff 177b5835
0 13 0c 0 00 00000000 f237bb25 00000000
0 14 0b 0 00 00000000 07642703 0d6ce462
0 15 0a 0 00 00000000 aaaaaaaa 7f7a76f4
0 16 09 0 00 00000000 32caa104 33cdd75c
0 17 08 0 00 00000000 80000000 f4f95a4c
0 18 07 0 00 00000000 aaaaaaaa a83140d4
0 19 06 0 00 00000000 db5d16ae d6147177
0 1a 05 0 00 00000000 7b21d70f d7f20ad6
0 1b 04 0 00 00000000 c993ca20 c9a4a72e
0 1c 03 0 00 00000000 12bd3c42 3499aef5
0 1d 02 0 00 00000000 7fffffff 83864eee
0 1e 01 0 00 00000000 47086569 972a13e9
0 1f 00 0 00 00000000 b9370043 00000000
0 1a 1a 1 1a f192da23 7b21d70f 7b21d70f
0 1f 14 1 1f ffffffff b9370043 07642703
0 05 12 1 0d 792b8c6e d7f20ad6 0000ffff
0 13 16 1 09 306159a5 f237bb25 32caa104
0 00 00 1 18 92002f32 00000000 00000000
0 14 04 0 0c 1d4ce50e 07642703 c9a4a72e
0 14 16 0 00 b5f2b25f 07642703 32caa104
0 04 00 1 0d 8cbbab26 c9a4a72e 00000000
0 16 16 0 16 0dd112b3 32caa104 32caa104
0 16 16 0 00 00000000 32caa104 32caa104
0 16 16 0 19 7fffffff 32caa104 32caa104
0 1d 0d 1 1a 7fffffff 7fffffff 8cbbab26
0 1d 1e 1 00 01fedd94 7fffffff 47086569
0 0e 0e 1 0e df5ca069 f2db9c5f f2db9c5f
0 0a 0c 0 02 d5cab7b2 7f7a76f4 00000000
0 1d 0f 1 05 9d5b1eef 7fffffff 00000001
0 10 00 1 14 27d43680 e8fe053b 00000000
0 08 0c 0 04 cafebabe f4f95a4c 00000000
# --- read-back sweep ---
# i_rst i_rs1_raddr i_rs2_raddr i_rd_wen i_rd_waddr i_rd_wdata | o_rs1_rdata
#     o_rs2_rdata
0 00 1f 0 00 00000000 00000000 ffffffff
0 01 1e 0 00 00000000 972a13e9 47086569
0 02 1d 0 00 00000000 83864eee 7fffffff
0 03 1c 0 00 00000000 3499aef5 12bd3c42
0 04 1b 0 00 00000000 c9a4a72e c993ca20
0 05 1a 0 00 00000000 9d5b1eef 7fffffff
0 06 19 0 00 00000000 d6147177 db5d16ae
0 07 18 0 00 00000000 a83140d4 92002f32
0 08 17 0 00 00000000 f4f95a4c 80000000
0 09 16 0 00 00000000 306159a5 32caa104
0 0a 15 0 00 00000000 7f7a76f4 aaaaaaaa
0 0b 14 0 00 00000000 0d6ce462 27d43680
0 0c 13 0 00 00000000 00000000 f237bb25
0 0d 12 0 00 00000000 8cbbab26 0000ffff
0 0e 11 0 00 00000000 df5ca069 80000000
0 0f 10 0 00 00000000 00000001 e8fe053b
0 10 0f 0 00 00000000 e8fe053b 00000001
0 11 0e 0 00 00000000 80000000 df5ca069
0 12 0d 0 00 00000000 0000ffff 8cbbab26
0 13 0c 0 00 00000000 f237bb25 00000000
0 14 0b 0 00 00000000 27d43680 0d6ce462
0 15 0a 0 00 00000000 aaaaaaaa 7f7a76f4
0 16 09 0 00 00000000 32caa104 306159a5
0 17 08 0 00 00000000 80000000 f4f95a4c
0 18 07 0 00 00000000 92002f32 a83140d4
0 19 06 0 00 00000000 db5d16ae d6147177
0 1a 05 0 00 00000000 7fffffff 9d5b1eef
0 1b 04 0 00 00000000 c993ca20 c9a4a72e
0 1c 03 0 00 00000000 12bd3c42 3499aef5
0 1d 02 0 00 00000000 7fffffff 83864eee
0 1e 01 0 00 00000000 47086569 972a13e9
0 1f 00 0 00 00000000 ffffffff 00000000
0 00 12 1 1d 0a8d5805 00000000 0000ffff
0 07 0e 1 01 7fffffff a83140d4 df5ca069
0 15 02 1 02 adea6693 aaaaaaaa 83864eee
0 1e 1d 0 04 b422c5a9 47086569 0a8d5805
0 00 00 1 00 2784d9ef 00000000 00000000
0 08 1f 0 0d 284fb14e f4f95a4c ffffffff
0 02 17 0 1d 92378fc9 adea6693 80000000
0 04 11 1 1f ffffffff c9a4a72e 80000000
0 00 1d 1 1b 86683d25 00000000 0a8d5805
0 0d 0d 0 0d c8bc9f0f 8cbbab26 8cbbab26
0 0d 0d 0 00 00000000 8cbbab26 8cbbab26
0 13 11 0 01 ac5fd1d9 f237bb25 80000000
0 07 0b 0 1c 6de66ba3 a83140d4 0d6ce462
0 0e 14 0 07 755e957d df5ca069 27d43680
0 02 0c 0 18 3c10ca13 adea6693 00000000
0 0c 1a 1 00 00000000 00000000 7fffffff
0 15 11 1 14 4781883b aaaaaaaa 80000000
0 10 0f 1 00 4757c4d3 e8fe053b 00000001
0 1d 1c 1 1f 606af3f5 0a8d5805 12bd3c42
0 05 1c 0 03 a9da1332 9d5b1eef 12bd3c42
0 16 0f 0 0a 171f3b76 32caa104 00000001
0 1f 1a 0 04 3493fae7 606af3f5 7fffffff
0 0b 10 0 1e 00000001 0d6ce462 e8fe053b
0 04 01 1 12 cafebabe c9a4a72e 7fffffff
0 01 02 0 18 d96535d6 7fffffff adea6693
0 00 19 1 1e 08b0952d 00000000 db5d16ae
0 17 05 1 0b ca1d6aa0 80000000 9d5b1eef
0 15 07 1 04 1b212ad2 aaaaaaaa a83140d4
0 05 0b 1 05 c226f80c 9d5b1eef ca1d6aa0
0 06 06 0 06 70792bba d6147177 d6147177
0 06 06 0 00 00000000 d6147177 d6147177
0 1b 1b 1 1b 12041536 86683d25 86683d25
0 1e 19 1 00 4ff30fce 08b0952d db5d16ae
0 00 07 1 1d f672dd3d 00000000 a83140d4
0 09 1f 1 10 8a84e610 306159a5 606af3f5
0 1f 05 1 1f cafebabe 606af3f5 c226f80c
0 00 09 0 07 80000000 00000000 306159a5
0 12 1b 1 19 1b9132c0 cafebabe 12041536
0 03 02 1 03 e0c47381 3499aef5 adea6693
0 1d 06 1 00 7fffffff f672dd3d d6147177
0 0b 11 1 01 5a1b0fc0 ca1d6aa0 80000000
0 1f 18 0 0c 72f9081e cafebabe 92002f32
0 07 07 1 07 c6bdbf92 a83140d4 a83140d4
0 1d 08 1 0c 507b6f57 f672dd3d f4f95a4c
0 1d 00 1 03 5deac24c f672dd3d 00000000
0 09 1e 0 0e 0e5e709b 306159a5 08b0952d
0 12 02 1 06 f097a3c8 cafebabe adea6693
0 02 00 1 00 35b75ba2 adea6693 00000000
0 00 10 1 00 b295cd3f 00000000 8a84e610
0 0c 0c 0 0c 85644994 507b6f57 507b6f57
0 0c 0c 0 00 00000000 507b6f57 507b6f57
0 17 01 0 1f a090db4f 80000000 5a1b0fc0
0 1e 00 0 1f e0d75535 08b0952d 00000000
0 16 10 1 11 7c10cc0b 32caa104 8a84e610
0 1e 00 1 00 5d84e24f 08b0952d 00000000
0 1b 00 1 15 0f56029f 12041536 00000000
0 1d 14 1 1d a54ad441 f672dd3d 4781883b
0 17 0b 1 16 d7895ff5 80000000 ca1d6aa0
0 15 09 1 10 ddd40845 0f56029f 306159a5
0 05 03 1 0d 7fffffff c226f80c 5deac24c
0 1d 13 1 03 f08ecc76 a54ad441 f237bb25
0 1d 0a 1 15 ac0d1672 a54ad441 7f7a76f4
0 07 00 1 17 55555555 c6bdbf92 00000000
0 04 00 1 09 2fd90956 1b212ad2 00000000
0 15 09 0 00 46b09243 ac0d1672 2fd90956
0 11 15 1 11 85ef9dc5 7c10cc0b ac0d1672
0 05 02 1 05 5a6d369b c226f80c adea6693
0 10 1d 1 1d 27e1a26a ddd40845 a54ad441
0 18 19 1 19 deadbeef 92002f32 1b9132c0
0 04 05 1 12 aaaaaaaa 1b212ad2 5a6d369b
0 00 02 0 1d 0414d6c8 00000000 adea6693
0 10 10 1 10 80000000 ddd40845 ddd40845
0 09 0c 1 00 cafebabe 2fd90956 507b6f57
0 06 06 1 06 3a6889b6 f097a3c8 f097a3c8
0 14 05 0 07 1313784a 4781883b 5a6d369b
0 1d 1a 1 06 cf455f30 27e1a26a 7fffffff
0 14 0f 1 14 8965d6dd 4781883b 00000001
0 19 1a 0 14 deadbeef deadbeef 7fffffff
0 10 06 1 06 b29d7397 80000000 cf455f30
0 17 1f 0 02 deadbeef 55555555 cafebabe
0 14 14 0 14 5cc19d42 8965d6dd 8965d6dd
0 14 14 0 00 00000000 8965d6dd 8965d6dd
0 1b 1f 1 0a 604b3398 12041536 cafebabe
0 1f 05 1 12 b9e9e36e cafebabe 5a6d369b
0 09 12 0 04 aaaaaaaa 2fd90956 b9e9e36e
0 18 00 0 01 3bc3af30 92002f32 00000000
0 15 0f 1 0a 9c08c9d8 ac0d1672 00000001
0 16 16 1 16 55555555 d7895ff5 d7895ff5
0 0a 1e 1 1e 4c8d0120 9c08c9d8 08b0952d
0 0d 0f 0 1a 80000000 7fffffff 00000001
0 00 0c 1 00 7d0cb76d 00000000 507b6f57
0 09 15 1 15 7d09f938 2fd90956 ac0d1672
0 00 0e 1 00 ba7ad781 00000000 df5ca069
0 15 00 1 06 b1ab1224 7d09f938 00000000
0 07 02 0 02 deadbeef c6bdbf92 adea6693
0 08 0b 0 18 c2e2d3a4 f4f95a4c ca1d6aa0
0 1b 0d 1 0c 5b3f385e 12041536 7fffffff
0 1b 0f 1 0d c4251d6a 12041536 00000001
0 09 1a 1 17 dc879e14 2fd90956 7fffffff
0 00 16 0 01 c73868cb 00000000 55555555
0 06 12 1 00 2db7ebd1 b1ab1224 b9e9e36e
0 1e 0b 1 19 00000000 4c8d0120 ca1d6aa0
0 06 06 1 06 75fca68a b1ab1224 b1ab1224
0 08 07 0 1d 03473396 f4f95a4c c6bdbf92
0 0d 09 1 00 eabc6e29 c4251d6a 2fd90956
0 14 03 1 14 cafebabe 8965d6dd f08ecc76
0 09 13 1 00 720c8cca 2fd90956 f237bb25
0 0b 00 0 0e cc9fa6fa ca1d6aa0 00000000
0 19 19 1 19 5e761af0 00000000 00000000
0 1f 19 0 1d 088b9179 cafebabe 5e761af0
0 19 03 1 17 cafebabe 5e761af0 f08ecc76
0 0e 06 1 09 dbd74c94 df5ca069 75fca68a
0 1d 07 1 10 f0bdf131 27e1a26a c6bdbf92
0 00 00 0 13 6b478440 00000000 00000000
0 1e 11 1 11 deadbeef 4c8d0120 85ef9dc5
0 12 12 1 12 44c4b6c5 b9e9e36e b9e9e36e
0 0f 0d 0 10 7aa6c7bb 00000001 c4251d6a
0 0b 12 0 19 1e28277b ca1d6aa0 44c4b6c5
0 0d 0d 1 0d ca9b6f5c c4251d6a c4251d6a
0 03 04 1 00 bce4fa3a f08ecc76 1b212ad2
0 1f 15 1 14 ff158dcd cafebabe 7d09f938
0 00 08 1 08 6d52fee4 00000000 f4f95a4c
0 07 19 1 0c caa67e17 c6bdbf92 5e761af0
0 10 17 0 1c fad7b22d f0bdf131 cafebabe
0 1a 1a 1 1a e9a03814 7fffffff 7fffffff
0 12 00 0 08 cafebabe 44c4b6c5 00000000
0 14 00 0 00 f534e885 ff158dcd 00000000
0 0e 00 0 12 3d3b687b df5ca069 00000000
0 1a 0b 1 05 deadbeef e9a03814 ca1d6aa0
0 15 1c 0 1f 5931c5fd 7d09f938 12bd3c42
0 04 10 0 01 adacb5ca 1b212ad2 f0bdf131
0 10 10 1 10 be39a587 f0bdf131 f0bdf131
0 08 0f 0 0c 05139e21 6d52fee4 00000001
0 15 15 0 00 0f33935c 7d09f938 7d09f938
0 01 17 0 07 5d21d417 5a1b0fc0 cafebabe
0 0d 0b 1 08 17eed9c7 ca9b6f5c ca1d6aa0
0 1e 0e 1 08 2a62b32b 4c8d0120 df5ca069
0 15 0d 0 07 cf982f92 7d09f938 ca9b6f5c
0 08 0c 0 1e da2bf92e 2a62b32b caa67e17
0 0b 03 0 19 20b995a9 ca1d6aa0 f08ecc76
0 0d 17 1 1c aca6fb6e ca9b6f5c cafebabe
0 1c 1c 0 00 00000000 aca6fb6e aca6fb6e
0 1b 1a 1 1b 5fdd6391 12041536 e9a03814
0 18 1f 1 14 1c3230db 92002f32 cafebabe
0 10 1d 0 01 280286fe be39a587 27e1a26a
0 1c 16 1 0d 032c3bb2 aca6fb6e 55555555
0 0d 0d 0 00 00000000 032c3bb2 032c3bb2
0 1d 1d 1 1d aaaaaaaa 27e1a26a 27e1a26a
0 06 08 1 06 93c750dc 75fca68a 2a62b32b
0 0f 0c 1 0f deadbeef 00000001 caa67e17
0 0a 1f 1 02 cafebabe 9c08c9d8 cafebabe
0 1a 0a 0 06 60149f67 e9a03814 9c08c9d8
0 0b 09 1 0b 912fa0f8 ca1d6aa0 dbd74c94
0 05 0e 0 00 260dcdba deadbeef df5ca069
0 04 10 0 04 fbc2055d 1b212ad2 be39a587
0 19 0d 1 01 1c73c004 5e761af0 032c3bb2
0 1a 0a 0 05 5b483c55 e9a03814 9c08c9d8
0 1f 1f 0 1f c3779586 cafebabe cafebabe
0 1f 1f 0 00 00000000 cafebabe cafebabe
0 0f 1d 1 03 cafebabe deadbeef aaaaaaaa
0 19 18 1 13 aaaaaaaa 5e761af0 92002f32
0 14 0b 1 0b c632864b 1c3230db 912fa0f8
0 03 1a 1 18 c78aa59e cafebabe e9a03814
0 14 00 0 00 7545697a 1c3230db 00000000
0 0e 00 1 0e 6c48a70c df5ca069 00000000
0 10 10 1 10 1b438ab9 be39a587 be39a587
0 00 00 1 00 b2676afa 00000000 00000000
0 1b 0d 1 1b e7bde2ed 5fdd6391 032c3bb2
0 18 0c 1 02 aaaaaaaa c78aa59e caa67e17
0 00 00 1 1d 2499c269 00000000 00000000
0 04 05 1 16 83848808 1b212ad2 deadbeef
0 05 06 1 1f fa9606bf deadbeef 93c750dc
0 14 0c 0 17 ffffffff 1c3230db caa67e17
0 02 02 1 02 367ab0fa aaaaaaaa aaaaaaaa
0 18 17 0 16 00000001 c78aa59e cafebabe
0 03 16 1 1a 18cf42fc cafebabe 83848808
0 18 1b 0 17 78af055b c78aa59e e7bde2ed
0 03 00 1 03 89e0acbc cafebabe 00000000
0 00 1b 1 06 5ad1d0af 00000000 e7bde2ed
0 1e 03 1 19 add3f5f4 4c8d0120 89e0acbc
0 01 0f 1 0f 0a941ad2 1c73c004 deadbeef
0 01 00 1 03 5eb80d9f 1c73c004 00000000
0 18 11 0 06 e8102ed2 c78aa59e deadbeef
0 00 0b 0 0c cafebabe 00000000 c632864b
0 06 0a 1 15 55555555 5ad1d0af 9c08c9d8
0 0b 1b 1 08 6e75d50e c632864b e7bde2ed
0 11 05 1 1d 09bd0ba1 deadbeef deadbeef
0 0e 15 1 07 deadbeef 6c48a70c 55555555
0 00 03 0 14 61a6851b 00000000 5eb80d9f
0 15 08 1 17 c134c725 55555555 6e75d50e
0 1e 1a 1 02 c23ea22d 4c8d0120 18cf42fc
0 1b 03 1 01 a0f9b1af e7bde2ed 5eb80d9f
0 17 09 1 09 9a264cdc c134c725 dbd74c94
0 08 11 1 1c 15263312 6e75d50e deadbeef
# --- read-back sweep ---
# i_rst i_rs1_raddr i_rs2_raddr i_rd_wen i_rd_waddr i_rd_wdata | o_rs1_rdata
#     o_rs2_rdata
0 00 1f 0 00 00000000 00000000 fa9606bf
0 01 1e 0 00 00000000 a0f9b1af 4c8d0120
0 02 1d 0 00 00000000 c23ea22d 09bd0ba1
0 03 1c 0 00 00000000 5eb80d9f 15263312
0 04 1b 0 00 00000000 1b212ad2 e7bde2ed
0 05 1a 0 00 00000000 deadbeef 18cf42fc
0 06 19 0 00 00000000 5ad1d0af add3f5f4
0 07 18 0 00 00000000 deadbeef c78aa59e
0 08 17 0 00 00000000 6e75d50e c134c725
0 09 16 0 00 00000000 9a264cdc 83848808
0 0a 15 0 00 00000000 9c08c9d8 55555555
0 0b 14 0 00 00000000 c632864b 1c3230db
0 0c 13 0 00 00000000 caa67e17 aaaaaaaa
0 0d 12 0 00 00000000 032c3bb2 44c4b6c5
0 0e 11 0 00 00000000 6c48a70c deadbeef
0 0f 10 0 00 00000000 0a941ad2 1b438ab9
0 10 0f 0 00 00000000 1b438ab9 0a941ad2
0 11 0e 0 00 00000000 deadbeef 6c48a70c
0 12 0d 0 00 00000000 44c4b6c5 032c3bb2
0 13 0c 0 00 00000000 aaaaaaaa caa67e17
0 14 0b 0 00 00000000 1c3230db c632864b
0 15 0a 0 00 00000000 55555555 9c08c9d8
0 16 09 0 00 00000000 83848808 9a264cdc
0 17 08 0 00 00000000 c134c725 6e75d50e
0 18 07 0 00 00000000 c78aa59e deadbeef
0 19 06 0 00 00000000 add3f5f4 5ad1d0af
0 1a 05 0 00 00000000 18cf42fc deadbeef
0 1b 04 0 00 00000000 e7bde2ed 1b212ad2
0 1c 03 0 00 00000000 15263312 5eb80d9f
0 1d 02 0 00 00000000 09bd0ba1 c23ea22d
0 1e 01 0 00 00000000 4c8d0120 a0f9b1af
0 1f 00 0 00 00000000 fa9606bf 00000000
0 0b 0b 1 0b deadbeef c632864b c632864b
0 02 00 1 1b cafebabe c23ea22d 00000000
0 06 06 1 06 00000000 5ad1d0af 5ad1d0af
0 01 08 1 08 315773ae a0f9b1af 6e75d50e
0 1e 15 1 00 3e001d46 4c8d0120 55555555
0 00 00 1 08 cafebabe 00000000 00000000
0 0d 0d 0 0d 558b9506 032c3bb2 032c3bb2
0 0d 0d 0 00 00000000 032c3bb2 032c3bb2
0 1f 0f 0 17 6857f9aa fa9606bf 0a941ad2
0 0e 12 0 00 290f29bb 6c48a70c 44c4b6c5
0 00 0e 0 08 fe7130c3 00000000 6c48a70c
0 03 12 1 1f 7dcb0251 5eb80d9f 44c4b6c5
0 00 00 1 00 caeba0ad 00000000 00000000
0 0a 1e 1 1f fd96c158 9c08c9d8 4c8d0120
0 01 10 1 01 b608274a a0f9b1af 1b438ab9
0 18 00 1 14 3c84a113 c78aa59e 00000000
0 06 06 1 06 33bdf430 00000000 00000000
0 12 12 1 12 e6c8249f 44c4b6c5 44c4b6c5
0 1f 0f 0 00 f0715b0e fd96c158 0a941ad2
0 0a 19 0 05 deadbeef 9c08c9d8 add3f5f4
0 1c 16 1 19 b1385931 15263312 83848808
0 18 12 1 08 ea66d747 c78aa59e e6c8249f
0 0f 16 1 1d 080505a1 0a941ad2 83848808
0 16 1d 0 13 83310f89 83848808 080505a1
0 17 19 1 19 ce289a28 c134c725 b1385931
0 02 18 1 0f ae5323b3 c23ea22d c78aa59e
0 08 08 1 08 a7b83de2 ea66d747 ea66d747
0 05 17 1 12 c0ff747a deadbeef c134c725
0 12 1e 0 05 80000000 c0ff747a 4c8d0120
0 1f 1a 1 0d 07a0ebbb fd96c158 18cf42fc
0 18 13 0 1d 55555555 c78aa59e aaaaaaaa
0 12 13 1 0a 00000000 c0ff747a aaaaaaaa
0 0e 01 1 0e 9e7f2b5a 6c48a70c b608274a
0 00 04 1 12 b564d642 00000000 1b212ad2
0 19 19 0 19 4a40275c ce289a28 ce289a28
0 19 19 0 00 00000000 ce289a28 ce289a28
0 1b 00 0 12 55555555 cafebabe 00000000
0 00 0e 0 1b 0000ffff 00000000 9e7f2b5a
0 18 13 1 14 68f26ce6 c78aa59e aaaaaaaa
0 03 03 0 03 235309b0 5eb80d9f 5eb80d9f
0 03 03 0 00 00000000 5eb80d9f 5eb80d9f
0 08 0c 1 09 ffffffff a7b83de2 caa67e17
0 00 00 1 00 93148185 00000000 00000000
0 1a 00 1 04 6062326f 18cf42fc 00000000
0 00 1a 0 10 bcabfd53 00000000 18cf42fc
0 0b 0b 1 0b b91af759 deadbeef deadbeef
0 01 14 0 00 410bdb63 b608274a 68f26ce6
0 00 05 1 00 3c888eb9 00000000 deadbeef
0 1a 1a 1 1a 64aab799 18cf42fc 18cf42fc
0 09 00 1 10 7700c925 ffffffff 00000000
0 10 10 0 00 00000000 7700c925 7700c925
0 02 00 0 00 cafebabe c23ea22d 00000000
0 00 1e 1 1b 00000001 00000000 4c8d0120
0 1c 02 1 18 62233a43 15263312 c23ea22d
0 12 1a 1 11 7bf6b2ef b564d642 64aab799
0 11 11 0 00 00000000 7bf6b2ef 7bf6b2ef
0 13 13 0 13 f0fecd69 aaaaaaaa aaaaaaaa
0 13 13 0 00 00000000 aaaaaaaa aaaaaaaa
0 02 03 1 03 1f21510e c23ea22d 5eb80d9f
0 07 07 1 07 19daef06 deadbeef deadbeef
0 0a 15 1 04 00000000 00000000 55555555
0 1e 16 1 1a 41724a5c 4c8d0120 83848808
0 0e 00 1 12 0000ffff 9e7f2b5a 00000000
0 01 17 0 1b 55495776 b608274a c134c725
0 06 04 1 0b f1c44f34 33bdf430 00000000
0 03 1a 0 1b 55555555 1f21510e 41724a5c
0 00 1e 0 15 b1bcd98c 00000000 4c8d0120
0 14 16 1 19 e1e6a0a5 68f26ce6 83848808
0 1e 02 0 17 4b79436f 4c8d0120 c23ea22d
# --- read-back sweep ---
# i_rst i_rs1_raddr i_rs2_raddr i_rd_wen i_rd_waddr i_rd_wdata | o_rs1_rdata
#     o_rs2_rdata
0 00 1f 0 00 00000000 00000000 fd96c158
0 01 1e 0 00 00000000 b608274a 4c8d0120
0 02 1d 0 00 00000000 c23ea22d 080505a1
0 03 1c 0 00 00000000 1f21510e 15263312
0 04 1b 0 00 00000000 00000000 00000001
0 05 1a 0 00 00000000 deadbeef 41724a5c
0 06 19 0 00 00000000 33bdf430 e1e6a0a5
0 07 18 0 00 00000000 19daef06 62233a43
0 08 17 0 00 00000000 a7b83de2 c134c725
0 09 16 0 00 00000000 ffffffff 83848808
0 0a 15 0 00 00000000 00000000 55555555
0 0b 14 0 00 00000000 f1c44f34 68f26ce6
0 0c 13 0 00 00000000 caa67e17 aaaaaaaa
0 0d 12 0 00 00000000 07a0ebbb 0000ffff
0 0e 11 0 00 00000000 9e7f2b5a 7bf6b2ef
0 0f 10 0 00 00000000 ae5323b3 7700c925
0 10 0f 0 00 00000000 7700c925 ae5323b3
0 11 0e 0 00 00000000 7bf6b2ef 9e7f2b5a
0 12 0d 0 00 00000000 0000ffff 07a0ebbb
0 13 0c 0 00 00000000 aaaaaaaa caa67e17
0 14 0b 0 00 00000000 68f26ce6 f1c44f34
0 15 0a 0 00 00000000 55555555 00000000
0 16 09 0 00 00000000 83848808 ffffffff
0 17 08 0 00 00000000 c134c725 a7b83de2
0 18 07 0 00 00000000 62233a43 19daef06
0 19 06 0 00 00000000 e1e6a0a5 33bdf430
0 1a 05 0 00 00000000 41724a5c deadbeef
0 1b 04 0 00 00000000 00000001 00000000
0 1c 03 0 00 00000000 15263312 1f21510e
0 1d 02 0 00 00000000 080505a1 c23ea22d
0 1e 01 0 00 00000000 4c8d0120 b608274a
0 1f 00 0 00 00000000 fd96c158 00000000
0 01 12 1 12 d26630b6 b608274a 0000ffff
0 0f 11 1 1f 55555555 ae5323b3 7bf6b2ef
0 1c 1c 1 1c e1d2a30e 15263312 15263312
0 03 0f 1 05 ef3ee4c1 1f21510e ae5323b3
0 16 16 1 16 c5246f17 83848808 83848808
0 1f 07 1 03 2c015220 55555555 19daef06
0 09 01 1 0a 7f2970c0 ffffffff b608274a
0 12 18 1 1b 9cbcb0c4 d26630b6 62233a43
0 08 12 0 13 1cd77654 a7b83de2 d26630b6
0 01 03 0 0d 51fecceb b608274a 2c015220
0 0d 04 1 06 3402d0f2 07a0ebbb 00000000
0 13 1f 1 0a 00b8c685 aaaaaaaa 55555555
0 06 0b 1 1b 446bd8bf 3402d0f2 f1c44f34
0 04 05 0 12 85be4796 00000000 ef3ee4c1
0 07 0e 1 02 0c2fed05 19daef06 9e7f2b5a
0 13 18 1 1d 5edebaad aaaaaaaa 62233a43
0 18 03 0 14 7fffffff 62233a43 2c015220
0 05 17 0 1e deadbeef ef3ee4c1 c134c725
# --- read-back sweep ---
# i_rst i_rs1_raddr i_rs2_raddr i_rd_wen i_rd_waddr i_rd_wdata | o_rs1_rdata
#     o_rs2_rdata
0 00 1f 0 00 00000000 00000000 55555555
0 01 1e 0 00 00000000 b608274a 4c8d0120
0 02 1d 0 00 00000000 0c2fed05 5edebaad
0 03 1c 0 00 00000000 2c015220 e1d2a30e
0 04 1b 0 00 00000000 00000000 446bd8bf
0 05 1a 0 00 00000000 ef3ee4c1 41724a5c
0 06 19 0 00 00000000 3402d0f2 e1e6a0a5
0 07 18 0 00 00000000 19daef06 62233a43
0 08 17 0 00 00000000 a7b83de2 c134c725
0 09 16 0 00 00000000 ffffffff c5246f17
0 0a 15 0 00 00000000 00b8c685 55555555
0 0b 14 0 00 00000000 f1c44f34 68f26ce6
0 0c 13 0 00 00000000 caa67e17 aaaaaaaa
0 0d 12 0 00 00000000 07a0ebbb d26630b6
0 0e 11 0 00 00000000 9e7f2b5a 7bf6b2ef
0 0f 10 0 00 00000000 ae5323b3 7700c925
0 10 0f 0 00 00000000 7700c925 ae5323b3
0 11 0e 0 00 00000000 7bf6b2ef 9e7f2b5a
0 12 0d 0 00 00000000 d26630b6 07a0ebbb
0 13 0c 0 00 00000000 aaaaaaaa caa67e17
0 14 0b 0 00 00000000 68f26ce6 f1c44f34
0 15 0a 0 00 00000000 55555555 00b8c685
0 16 09 0 00 00000000 c5246f17 ffffffff
0 17 08 0 00 00000000 c134c725 a7b83de2
0 18 07 0 00 00000000 62233a43 19daef06
0 19 06 0 00 00000000 e1e6a0a5 3402d0f2
0 1a 05 0 00 00000000 41724a5c ef3ee4c1
0 1b 04 0 00 00000000 446bd8bf 00000000
0 1c 03 0 00 00000000 e1d2a30e 2c015220
0 1d 02 0 00 00000000 5edebaad 0c2fed05
0 1e 01 0 00 00000000 4c8d0120 b608274a
0 1f 00 0 00 00000000 55555555 00000000
0 0c 17 1 00 0000ffff caa67e17 c134c725
0 13 10 0 06 dcde79da aaaaaaaa 7700c925
0 17 00 1 09 8199df90 c134c725 00000000
0 04 15 1 0f 3067a58d 00000000 55555555
0 03 03 1 03 5c9041a4 2c015220 2c015220
0 17 14 0 01 55555555 c134c725 68f26ce6
0 0e 16 1 1d 7e16d6b0 9e7f2b5a c5246f17
0 15 04 0 1d e1defb8d 55555555 00000000
0 10 11 1 00 b1bae643 7700c925 7bf6b2ef
0 11 1c 0 1a deadbeef 7bf6b2ef e1d2a30e
0 01 0b 0 13 ab65fcee b608274a f1c44f34
0 0d 11 0 01 2576e233 07a0ebbb 7bf6b2ef
0 19 19 0 19 86173ab9 e1e6a0a5 e1e6a0a5
0 19 19 0 00 00000000 e1e6a0a5 e1e6a0a5
0 03 05 1 1c 561b0828 5c9041a4 ef3ee4c1
0 0e 10 1 17 a5f7a774 9e7f2b5a 7700c925
0 1b 15 1 07 bf9c63d7 446bd8bf 55555555
0 07 07 0 00 00000000 bf9c63d7 bf9c63d7
0 03 0e 1 1f e68bf9b0 5c9041a4 9e7f2b5a
0 0c 0e 1 17 0427fc3d caa67e17 9e7f2b5a
0 17 17 0 00 00000000 0427fc3d 0427fc3d
0 00 0a 1 13 2808a413 00000000 00b8c685
0 03 12 1 18 e9a5b428 5c9041a4 d26630b6
0 00 01 1 1d d1dd3ec9 00000000 b608274a
0 1a 1a 0 1a b0fc8577 41724a5c 41724a5c
0 1a 1a 0 00 00000000 41724a5c 41724a5c
0 05 06 1 0c 19f11c3c ef3ee4c1 3402d0f2
0 0b 04 1 04 542864be f1c44f34 00000000
0 0c 05 0 12 2ed04bd9 19f11c3c ef3ee4c1
0 03 0a 1 05 6211d46a 5c9041a4 00b8c685
0 01 01 0 00 f0cead04 b608274a b608274a
0 0b 06 1 02 cafebabe f1c44f34 3402d0f2
0 19 01 1 19 0a9f66d5 e1e6a0a5 b608274a
0 13 06 1 07 aaaaaaaa 2808a413 3402d0f2
0 00 17 1 0c 80000000 00000000 0427fc3d
0 00 04 0 10 deadbeef 00000000 542864be
0 19 02 1 0b a5e801db 0a9f66d5 cafebabe
0 00 14 1 1a d162e4e5 00000000 68f26ce6
0 17 17 1 17 57e90014 0427fc3d 0427fc3d
0 14 16 1 14 33fe7f8e 68f26ce6 c5246f17
0 1b 01 1 06 ddcf1508 446bd8bf b608274a
0 1a 01 1 15 2bb95593 d162e4e5 b608274a
0 15 0c 1 05 af45a9ab 2bb95593 80000000
0 03 08 1 06 286b9e6c 5c9041a4 a7b83de2
0 1d 1d 1 01 2ec867b1 d1dd3ec9 d1dd3ec9
0 0f 04 1 0b 92277d97 3067a58d 542864be
0 0f 0f 0 0f cb45a766 3067a58d 3067a58d
0 0f 0f 0 00 00000000 3067a58d 3067a58d
0 1e 08 1 0b a8d2d929 4c8d0120 a7b83de2
0 1a 04 0 0c b70a8709 d162e4e5 542864be
0 12 1e 0 19 0f46448d d26630b6 4c8d0120
0 03 0d 1 1a 39bcdc53 5c9041a4 07a0ebbb
0 1b 10 1 0e d5295ef9 446bd8bf 7700c925
0 0e 0e 0 00 00000000 d5295ef9 d5295ef9
0 11 15 1 00 0000ffff 7bf6b2ef 2bb95593
0 16 09 0 08 91dd2be9 c5246f17 8199df90
0 01 12 1 02 99f1cd32 2ec867b1 d26630b6
# --- read-back sweep ---
# i_rst i_rs1_raddr i_rs2_raddr i_rd_wen i_rd_waddr i_rd_wdata | o_rs1_rdata
#     o_rs2_rdata
0 00 1f 0 00 00000000 00000000 e68bf9b0
0 01 1e 0 00 00000000 2ec867b1 4c8d0120
0 02 1d 0 00 00000000 99f1cd32 d1dd3ec9
0 03 1c 0 00 00000000 5c9041a4 561b0828
0 04 1b 0 00 00000000 542864be 446bd8bf
0 05 1a 0 00 00000000 af45a9ab 39bcdc53
0 06 19 0 00 00000000 286b9e6c 0a9f66d5
0 07 18 0 00 00000000 aaaaaaaa e9a5b428
0 08 17 0 00 00000000 a7b83de2 57e90014
0 09 16 0 00 00000000 8199df90 c5246f17
0 0a 15 0 00 00000000 00b8c685 2bb95593
0 0b 14 0 00 00000000 a8d2d929 33fe7f8e
0 0c 13 0 00 00000000 80000000 2808a413
0 0d 12 0 00 00000000 07a0ebbb d26630b6
0 0e 11 0 00 00000000 d5295ef9 7bf6b2ef
0 0f 10 0 00 00000000 3067a58d 7700c925
0 10 0f 0 00 00000000 7700c925 3067a58d
0 11 0e 0 00 00000000 7bf6b2ef d5295ef9
0 12 0d 0 00 00000000 d26630b6 07a0ebbb
0 13 0c 0 00 00000000 2808a413 80000000
0 14 0b 0 00 00000000 33fe7f8e a8d2d929
0 15 0a 0 00 00000000 2bb95593 00b8c685
0 16 09 0 00 00000000 c5246f17 8199df90
0 17 08 0 00 00000000 57e90014 a7b83de2
0 18 07 0 00 00000000 e9a5b428 aaaaaaaa
0 19 06 0 00 00000000 0a9f66d5 286b9e6c
0 1a 05 0 00 00000000 39bcdc53 af45a9ab
0 1b 04 0 00 00000000 446bd8bf 542864be
0 1c 03 0 00 00000000 561b0828 5c9041a4
0 1d 02 0 00 00000000 d1dd3ec9 99f1cd32
0 1e 01 0 00 00000000 4c8d0120 2ec867b1
0 1f 00 0 00 00000000 e68bf9b0 00000000
0 06 06 0 1f ffffffff 286b9e6c 286b9e6c
0 12 0e 1 1f 84e22cdd d26630b6 d5295ef9
0 1c 1f 1 0d ca473760 561b0828 84e22cdd
0 1c 00 1 01 ad8ec9b2 561b0828 00000000
0 07 07 0 07 564e0f1f aaaaaaaa aaaaaaaa
0 07 07 0 00 00000000 aaaaaaaa aaaaaaaa
0 00 07 1 00 7fffffff 00000000 aaaaaaaa
0 07 0c 1 00 86e0f90c aaaaaaaa 80000000
0 11 00 0 0d 00000001 7bf6b2ef 00000000
0 09 17 0 07 2397cb34 8199df90 57e90014
0 1b 1d 0 03 05827e6c 446bd8bf d1dd3ec9
0 03 08 0 15 00000001 5c9041a4 a7b83de2
0 1f 15 0 18 a002238d 84e22cdd 2bb95593
0 1d 18 1 13 af77f3c5 d1dd3ec9 e9a5b428
0 18 1f 0 07 00000001 e9a5b428 84e22cdd
0 07 00 1 00 aaaaaaaa aaaaaaaa 00000000
0 07 17 1 11 18349cbe aaaaaaaa 57e90014
0 13 07 1 13 b0baafd7 af77f3c5 aaaaaaaa
0 11 11 1 0d ff7cffa1 18349cbe 18349cbe
0 18 03 1 1b a5ef1ee0 e9a5b428 5c9041a4
0 1c 1c 0 1c 6a719858 561b0828 561b0828
0 1c 1c 0 00 00000000 561b0828 561b0828
0 13 05 0 0b cd7b52c0 b0baafd7 af45a9ab
0 00 1a 0 15 7c80137d 00000000 39bcdc53
0 1b 1b 0 1b d5353e58 a5ef1ee0 a5ef1ee0
0 1b 1b 0 00 00000000 a5ef1ee0 a5ef1ee0
0 17 09 1 0a afd1f53c 57e90014 8199df90
0 13 06 1 06 c9696a78 b0baafd7 286b9e6c
0 04 12 1 02 3f3e228f 542864be d26630b6
0 1e 10 1 06 9443c760 4c8d0120 7700c925
0 09 17 0 01 55853ffd 8199df90 57e90014
0 09 1f 0 06 ce26c53b 8199df90 84e22cdd
0 16 09 1 10 b941cb39 c5246f17 8199df90
0 0b 0e 1 04 c80e7b2d a8d2d929 d5295ef9
0 1f 1b 1 01 fa103a78 84e22cdd a5ef1ee0
0 14 1f 0 13 5faa73af 33fe7f8e 84e22cdd
0 12 12 0 12 0f62e496 d26630b6 d26630b6
0 12 12 0 00 00000000 d26630b6 d26630b6
0 05 0d 0 16 8ba8af20 af45a9ab ff7cffa1
0 1c 07 1 03 afd1af96 561b0828 aaaaaaaa
0 03 03 0 00 00000000 afd1af96 afd1af96
0 0b 0b 0 1f 2718031c a8d2d929 a8d2d929
0 1d 1a 1 13 0000ffff d1dd3ec9 39bcdc53
0 10 1e 1 19 aaaaaaaa b941cb39 4c8d0120
0 09 1b 1 0b 95d3b1bb 8199df90 a5ef1ee0
0 0e 0c 0 10 de5974dc d5295ef9 80000000
0 0c 0c 1 0c 5b230d10 80000000 80000000
0 1d 09 1 07 3843b6d9 d1dd3ec9 8199df90
0 14 0a 1 11 57570781 33fe7f8e afd1f53c
0 00 05 0 18 bc9422a8 00000000 af45a9ab
0 18 05 1 1f eaf8f332 e9a5b428 af45a9ab
0 17 17 1 17 b7549dcd 57e90014 57e90014
0 03 03 1 03 2168ed18 afd1af96 afd1af96
0 1d 00 1 00 248c008e d1dd3ec9 00000000
0 1b 1f 0 18 71ddb3e8 a5ef1ee0 eaf8f332
0 19 19 1 19 97d207a9 aaaaaaaa aaaaaaaa
0 11 03 1 16 552939d3 57570781 2168ed18
0 1d 0b 1 03 445ffd5d d1dd3ec9 95d3b1bb
0 18 18 1 18 5366c7df e9a5b428 e9a5b428
0 1c 1c 1 1c aaaaaaaa 561b0828 561b0828
0 11 04 1 01 00000001 57570781 c80e7b2d
0 00 13 0 0e 16b5b14f 00000000 0000ffff
0 17 0d 1 0e 37b30169 b7549dcd ff7cffa1
0 0b 1f 0 1d 42828d98 95d3b1bb eaf8f332
0 17 09 1 17 e35e5129 b7549dcd 8199df90
0 01 07 0 04 55555555 00000001 3843b6d9
0 12 0e 1 00 a36b8bd8 d26630b6 37b30169
0 1c 01 1 01 815b233d aaaaaaaa 00000001
0 07 19 1 14 0ec5584d 3843b6d9 97d207a9
0 13 16 1 18 4d1a26fc 0000ffff 552939d3
0 15 15 1 15 d4b63fb7 2bb95593 2bb95593
0 18 14 0 06 deadbeef 4d1a26fc 0ec5584d
0 07 00 1 04 00000001 3843b6d9 00000000
0 15 0d 1 0b 712140a9 d4b63fb7 ff7cffa1
0 04 14 0 19 6dd1ab6f 00000001 0ec5584d
0 14 1c 1 0b 216c29e4 0ec5584d aaaaaaaa
0 1f 1a 1 00 dffe2f7d eaf8f332 39bcdc53
0 11 05 1 15 7fffffff 57570781 af45a9ab
0 00 09 0 09 2da61fb8 00000000 8199df90
0 1a 0e 1 1c 106029ae 39bcdc53 37b30169
0 12 12 1 1b b33ebe1b d26630b6 d26630b6
0 19 17 1 1e 591c87ea 97d207a9 e35e5129
0 06 00 1 11 3fd35a80 9443c760 00000000
0 1e 1e 1 1e 44541775 591c87ea 591c87ea
0 05 04 0 00 3faa8b76 af45a9ab 00000001
0 15 1d 1 1d c0ee6cc1 7fffffff d1dd3ec9
0 09 1e 0 18 df2868e7 8199df90 44541775
0 00 1e 0 00 ffffffff 00000000 44541775
0 08 0b 1 08 aaaaaaaa a7b83de2 216c29e4
0 12 15 1 15 f5a3b5de d26630b6 7fffffff
0 00 00 1 00 a00d6b00 00000000 00000000
0 1c 13 1 0b 9c2862e9 106029ae 0000ffff
0 1a 0f 1 0b 07cc183c 39bcdc53 3067a58d
0 1a 1b 0 00 faf36b58 39bcdc53 b33ebe1b
0 0f 13 1 1c 870576b1 3067a58d 0000ffff
0 02 05 1 04 9c558d83 3f3e228f af45a9ab
0 08 0b 1 07 c09c6518 aaaaaaaa 07cc183c
0 1b 0d 0 07 682a311c b33ebe1b ff7cffa1
# --- read-back sweep ---
# i_rst i_rs1_raddr i_rs2_raddr i_rd_wen i_rd_waddr i_rd_wdata | o_rs1_rdata
#     o_rs2_rdata
0 00 1f 0 00 00000000 00000000 eaf8f332
0 01 1e 0 00 00000000 815b233d 44541775
0 02 1d 0 00 00000000 3f3e228f c0ee6cc1
0 03 1c 0 00 00000000 445ffd5d 870576b1
0 04 1b 0 00 00000000 9c558d83 b33ebe1b
0 05 1a 0 00 00000000 af45a9ab 39bcdc53
0 06 19 0 00 00000000 9443c760 97d207a9
0 07 18 0 00 00000000 c09c6518 4d1a26fc
0 08 17 0 00 00000000 aaaaaaaa e35e5129
0 09 16 0 00 00000000 8199df90 552939d3
0 0a 15 0 00 00000000 afd1f53c f5a3b5de
0 0b 14 0 00 00000000 07cc183c 0ec5584d
0 0c 13 0 00 00000000 5b230d10 0000ffff
0 0d 12 0 00 00000000 ff7cffa1 d26630b6
0 0e 11 0 00 00000000 37b30169 3fd35a80
0 0f 10 0 00 00000000 3067a58d b941cb39
0 10 0f 0 00 00000000 b941cb39 3067a58d
0 11 0e 0 00 00000000 3fd35a80 37b30169
0 12 0d 0 00 00000000 d26630b6 ff7cffa1
0 13 0c 0 00 00000000 0000ffff 5b230d10
0 14 0b 0 00 00000000 0ec5584d 07cc183c
0 15 0a 0 00 00000000 f5a3b5de afd1f53c
0 16 09 0 00 00000000 552939d3 8199df90
0 17 08 0 00 00000000 e35e5129 aaaaaaaa
0 18 07 0 00 00000000 4d1a26fc c09c6518
0 19 06 0 00 00000000 97d207a9 9443c760
0 1a 05 0 00 00000000 39bcdc53 af45a9ab
0 1b 04 0 00 00000000 b33ebe1b 9c558d83
0 1c 03 0 00 00000000 870576b1 445ffd5d
0 1d 02 0 00 00000000 c0ee6cc1 3f3e228f
0 1e 01 0 00 00000000 44541775 815b233d
0 1f 00 0 00 00000000 eaf8f332 00000000
0 1e 12 0 10 00000001 44541775 d26630b6
0 0d 19 0 17 6eaa58b1 ff7cffa1 97d207a9
0 17 0f 1 19 86556d8c e35e5129 3067a58d
0 08 00 1 1f aaaaaaaa aaaaaaaa 00000000
0 10 10 1 10 00000001 b941cb39 b941cb39
0 07 18 1 10 f7a3c6a4 c09c6518 4d1a26fc
0 11 0e 1 11 7fffffff 3fd35a80 37b30169
0 17 14 1 14 137bf992 e35e5129 0ec5584d
0 14 14 0 00 00000000 137bf992 137bf992
0 1d 07 1 1d 00000001 c0ee6cc1 c09c6518
0 11 11 1 11 00000000 7fffffff 7fffffff
0 09 09 1 09 a8ead8a4 8199df90 8199df90
0 1f 1f 1 1f b243ce7a aaaaaaaa aaaaaaaa
0 00 19 1 15 35d013a1 00000000 86556d8c
0 02 0e 1 13 ed0de0a8 3f3e228f 37b30169
0 0e 0e 1 17 7fffffff 37b30169 37b30169
0 11 1a 1 07 b4036a0a 00000000 39bcdc53
0 0b 0b 1 0b 0711fcb5 07cc183c 07cc183c
0 0e 12 1 04 9de4ecd7 37b30169 d26630b6
0 05 0d 1 17 548f6a89 af45a9ab ff7cffa1
0 17 17 0 00 00000000 548f6a89 548f6a89
0 0d 0d 1 0d 69d001ca ff7cffa1 ff7cffa1
0 0c 0f 0 03 37d7917c 5b230d10 3067a58d
0 09 09 1 09 cbee3493 a8ead8a4 a8ead8a4
0 04 0c 1 12 a4a57454 9de4ecd7 5b230d10
0 08 00 1 10 4eed3668 aaaaaaaa 00000000
0 06 1a 1 02 650afe2e 9443c760 39bcdc53
0 08 17 1 08 05fd4ab4 aaaaaaaa 548f6a89
0 0d 0e 1 12 6e82c779 69d001ca 37b30169
0 12 12 0 00 00000000 6e82c779 6e82c779
0 0c 06 1 1b 466fa1f5 5b230d10 9443c760
0 03 16 0 1d e2845fbd 445ffd5d 552939d3
0 0d 0d 1 1e b30349d2 69d001ca 69d001ca
0 0c 12 1 1d b670dd8d 5b230d10 6e82c779
0 00 00 0 05 364c4172 00000000 00000000
0 00 0c 1 0c 6941f088 00000000 5b230d10
0 17 13 1 0d 74d03099 548f6a89 ed0de0a8
0 00 09 1 09 44eb52e7 00000000 cbee3493
0 14 0b 1 17 22e34ac1 137bf992 0711fcb5
0 0e 0a 1 0e 664c4d31 37b30169 afd1f53c
0 04 1a 1 04 00000001 9de4ecd7 39bcdc53
0 14 14 1 14 235f0823 137bf992 137bf992
0 1e 1e 0 1e afc4cbf1 b30349d2 b30349d2
0 1e 1e 0 00 00000000 b30349d2 b30349d2
0 15 0d 1 00 f1e1f281 35d013a1 74d03099
0 03 1f 1 1f 80000000 445ffd5d b243ce7a
0 15 05 1 06 b4fdaef3 35d013a1 af45a9ab
0 08 14 0 0c 344c6f42 05fd4ab4 235f0823
0 1d 13 1 06 6510313a b670dd8d ed0de0a8
0 0f 1d 1 1b 2e22f60e 3067a58d b670dd8d
0 0b 1a 1 03 bff61ecc 0711fcb5 39bcdc53
0 10 10 1 10 29611538 4eed3668 4eed3668
0 02 11 0 00 00000000 650afe2e 00000000
0 0b 00 0 00 00000001 0711fcb5 00000000
0 04 00 0 12 bbd41520 00000001 00000000
0 00 00 0 03 9de244d9 00000000 00000000
0 18 1a 1 02 fa432c84 4d1a26fc 39bcdc53
0 17 1d 1 1e 48a6da9a 22e34ac1 b670dd8d
0 06 0d 0 10 a03b3702 6510313a 74d03099
0 00 08 1 13 9acdb89e 00000000 05fd4ab4
0 10 1b 1 10 576ba990 29611538 2e22f60e
0 01 18 1 08 18f99de6 815b233d 4d1a26fc
0 09 01 0 0e 1b5b6a49 44eb52e7 815b233d
0 0c 1d 1 0f 68ab353c 6941f088 b670dd8d
0 0f 0f 0 00 00000000 68ab353c 68ab353c
0 19 1c 1 19 23e6bff7 86556d8c 870576b1
# --- read-back sweep ---
# i_rst i_rs1_raddr i_rs2_raddr i_rd_wen i_rd_waddr i_rd_wdata | o_rs1_rdata
#     o_rs2_rdata
0 00 1f 0 00 00000000 00000000 80000000
0 01 1e 0 00 00000000 815b233d 48a6da9a
0 02 1d 0 00 00000000 fa432c84 b670dd8d
0 03 1c 0 00 00000000 bff61ecc 870576b1
0 04 1b 0 00 00000000 00000001 2e22f60e
0 05 1a 0 00 00000000 af45a9ab 39bcdc53
0 06 19 0 00 00000000 6510313a 23e6bff7
0 07 18 0 00 00000000 b4036a0a 4d1a26fc
0 08 17 0 00 00000000 18f99de6 22e34ac1
0 09 16 0 00 00000000 44eb52e7 552939d3
0 0a 15 0 00 00000000 afd1f53c 35d013a1
0 0b 14 0 00 00000000 0711fcb5 235f0823
0 0c 13 0 00 00000000 6941f088 9acdb89e
0 0d 12 0 00 00000000 74d03099 6e82c779
0 0e 11 0 00 00000000 664c4d31 00000000
0 0f 10 0 00 00000000 68ab353c 576ba990
0 10 0f 0 00 00000000 576ba990 68ab353c
0 11 0e 0 00 00000000 00000000 664c4d31
0 12 0d 0 00 00000000 6e82c779 74d03099
0 13 0c 0 00 00000000 9acdb89e 6941f088
0 14 0b 0 00 00000000 235f0823 0711fcb5
0 15 0a 0 00 00000000 35d013a1 afd1f53c
0 16 09 0 00 00000000 552939d3 44eb52e7
0 17 08 0 00 00000000 22e34ac1 18f99de6
0 18 07 0 00 00000000 4d1a26fc b4036a0a
0 19 06 0 00 00000000 23e6bff7 6510313a
0 1a 05 0 00 00000000 39bcdc53 af45a9ab
0 1b 04 0 00 00000000 2e22f60e 00000001
0 1c 03 0 00 00000000 870576b1 bff61ecc
0 1d 02 0 00 00000000 b670dd8d fa432c84
0 1e 01 0 00 00000000 48a6da9a 815b233d
0 1f 00 0 00 00000000 80000000 00000000
0 06 1a 1 07 80000000 6510313a 39bcdc53
0 03 0e 1 0e 0c618097 bff61ecc 664c4d31
0 18 11 1 18 693c419c 4d1a26fc 00000000
0 03 11 1 0e 3577b3cc bff61ecc 00000000
0 0e 0e 0 00 00000000 3577b3cc 3577b3cc
# --- read-back sweep ---
# i_rst i_rs1_raddr i_rs2_raddr i_rd_wen i_rd_waddr i_rd_wdata | o_rs1_rdata
#     o_rs2_rdata
0 00 1f 0 00 00000000 00000000 80000000
0 01 1e 0 00 00000000 815b233d 48a6da9a
0 02 1d 0 00 00000000 fa432c84 b670dd8d
0 03 1c 0 00 00000000 bff61ecc 870576b1
0 04 1b 0 00 00000000 00000001 2e22f60e
0 05 1a 0 00 00000000 af45a9ab 39bcdc53
0 06 19 0 00 00000000 6510313a 23e6bff7
0 07 18 0 00 00000000 80000000 693c419c
0 08 17 0 00 00000000 18f99de6 22e34ac1
0 09 16 0 00 00000000 44eb52e7 552939d3
0 0a 15 0 00 00000000 afd1f53c 35d013a1
0 0b 14 0 00 00000000 0711fcb5 235f0823
0 0c 13 0 00 00000000 6941f088 9acdb89e
0 0d 12 0 00 00000000 74d03099 6e82c779
0 0e 11 0 00 00000000 3577b3cc 00000000
0 0f 10 0 00 00000000 68ab353c 576ba990
0 10 0f 0 00 00000000 576ba990 68ab353c
0 11 0e 0 00 00000000 00000000 3577b3cc
0 12 0d 0 00 00000000 6e82c779 74d03099
0 13 0c 0 00 00000000 9acdb89e 6941f088
0 14 0b 0 00 00000000 235f0823 0711fcb5
0 15 0a 0 00 00000000 35d013a1 afd1f53c
0 16 09 0 00 00000000 552939d3 44eb52e7
0 17 08 0 00 00000000 22e34ac1 18f99de6
0 18 07 0 00 00000000 693c419c 80000000
0 19 06 0 00 00000000 23e6bff7 6510313a
0 1a 05 0 00 00000000 39bcdc53 af45a9ab
0 1b 04 0 00 00000000 2e22f60e 00000001
0 1c 03 0 00 00000000 870576b1 bff61ecc
0 1d 02 0 00 00000000 b670dd8d fa432c84
0 1e 01 0 00 00000000 48a6da9a 815b233d
0 1f 00 0 00 00000000 80000000 00000000
0 1c 1c 1 1c 7fe5f3fd 870576b1 870576b1
0 0e 1e 1 13 78e3eb63 3577b3cc 48a6da9a
0 01 10 1 01 ffffffff 815b233d 576ba990
0 1e 1e 1 1e 57b64e5e 48a6da9a 48a6da9a
0 18 01 1 15 e4edb2cd 693c419c ffffffff
0 17 1f 1 0c e69d7aa6 22e34ac1 80000000
0 06 18 0 19 fea05427 6510313a 693c419c
0 05 1b 1 05 387481e1 af45a9ab 2e22f60e
0 18 19 0 1e 30e48e37 693c419c 23e6bff7
0 05 14 1 19 7fffffff 387481e1 235f0823
0 07 0b 1 03 1167b575 80000000 0711fcb5
0 03 03 0 00 00000000 1167b575 1167b575
0 08 04 1 12 00000001 18f99de6 00000001
0 14 05 0 1a 94458382 235f0823 387481e1
0 13 09 1 06 fcf4e239 78e3eb63 44eb52e7
0 16 0f 0 1a ff70ef84 552939d3 68ab353c
0 06 1f 1 10 526945b6 fcf4e239 80000000
0 00 12 1 0f 07a32ca5 00000000 00000001
0 12 00 1 15 aee9925d 00000001 00000000
0 17 06 1 06 aaaaaaaa 22e34ac1 fcf4e239
0 0c 18 1 19 aaaaaaaa e69d7aa6 693c419c
0 08 17 0 0a 571d9dac 18f99de6 22e34ac1
0 1e 1e 0 1e 5546d8cd 57b64e5e 57b64e5e
0 1e 1e 0 00 00000000 57b64e5e 57b64e5e
0 08 08 1 1c 93bc4f9e 18f99de6 18f99de6
0 1c 1c 0 00 00000000 93bc4f9e 93bc4f9e
0 0f 13 1 13 ffffffff 07a32ca5 78e3eb63
0 1e 1a 1 1a 00000000 57b64e5e 39bcdc53
0 01 0b 0 12 00000000 ffffffff 0711fcb5
0 11 18 0 0f deadbeef 00000000 693c419c
0 1d 0a 1 13 e135e86b b670dd8d afd1f53c
0 15 0c 0 09 ab1c3bb0 aee9925d e69d7aa6
0 1f 0e 1 1f 30e843d3 80000000 3577b3cc
0 0a 02 1 02 dc4769ef afd1f53c fa432c84
0 11 1e 0 18 210da1e4 00000000 57b64e5e
0 00 0c 0 02 b58a8135 00000000 e69d7aa6
0 00 13 0 12 b7510409 00000000 e135e86b
0 11 11 1 11 4d2a19e2 00000000 00000000
0 02 1f 1 02 48d891c6 dc4769ef 30e843d3
0 1a 01 1 14 b6aa34d6 00000000 ffffffff
0 14 14 0 00 00000000 b6aa34d6 b6aa34d6
0 04 0d 0 04 8700b732 00000001 74d03099
0 13 13 1 13 7fffffff e135e86b e135e86b
0 07 15 1 08 269aa5e9 80000000 aee9925d
0 08 03 1 03 a1d0c6d4 269aa5e9 1167b575
0 18 0a 1 1c 3456df74 693c419c afd1f53c
0 11 02 1 12 9953a1bc 4d2a19e2 48d891c6
0 1d 1e 1 1d ac0f1dd7 b670dd8d 57b64e5e
0 10 07 1 00 0000ffff 526945b6 80000000
0 1d 00 1 11 0bb25a49 ac0f1dd7 00000000
0 05 0a 0 02 107d3656 387481e1 afd1f53c
0 0e 1c 1 0e aaaaaaaa 3577b3cc 3456df74
0 00 02 1 02 77e62d43 00000000 48d891c6
0 0b 01 0 09 3298378c 0711fcb5 ffffffff
0 07 06 1 11 0035765c 80000000 aaaaaaaa
0 07 10 1 05 55555555 80000000 526945b6
0 1a 0f 1 01 cfd0ec38 00000000 07a32ca5
0 01 01 0 00 00000000 cfd0ec38 cfd0ec38
0 05 05 1 05 478a48b9 55555555 55555555
0 0d 1f 1 1a fac4048f 74d03099 30e843d3
0 1c 00 0 03 cb17bf58 3456df74 00000000
0 1c 01 1 06 2b1b448b 3456df74 cfd0ec38
0 01 02 1 01 60d882d0 cfd0ec38 77e62d43
0 0c 12 1 12 a288f070 e69d7aa6 9953a1bc
0 04 17 1 03 88fe0f1c 00000001 22e34ac1
0 15 12 0 09 db02aa14 aee9925d a288f070
0 17 0f 1 01 69809eda 22e34ac1 07a32ca5
0 0d 1b 1 1b 00d94858 74d03099 2e22f60e
0 00 01 1 01 f8c16e33 00000000 69809eda
0 1e 1e 1 1e fd636c58 57b64e5e 57b64e5e
0 16 00 1 08 00000000 552939d3 00000000
0 0c 00 0 13 d4d49890 e69d7aa6 00000000
0 10 14 0 10 6568a2c7 526945b6 b6aa34d6
0 00 0c 1 00 59f497ff 00000000 e69d7aa6
0 06 1e 1 06 0000ffff 2b1b448b fd636c58
0 15 02 0 02 0000ffff aee9925d 77e62d43
0 0d 00 1 0d 22359cf3 74d03099 00000000
0 00 00 1 00 db810572 00000000 00000000
0 12 08 1 12 e76e113a a288f070 00000000
0 19 1f 0 06 45011029 aaaaaaaa 30e843d3
0 00 09 0 06 cc755ed6 00000000 44eb52e7
0 13 13 1 14 4939927d 7fffffff 7fffffff
0 03 00 1 03 424c65d5 88fe0f1c 00000000
0 14 07 1 14 deadbeef 4939927d 80000000
0 13 00 1 18 7fffffff 7fffffff 00000000
0 09 14 1 05 f833b8f9 44eb52e7 deadbeef
0 13 1e 1 1e 00000001 7fffffff fd636c58
0 04 10 1 14 344b9615 00000001 526945b6
0 00 09 1 0c 7d395df4 00000000 44eb52e7
0 1c 17 0 13 a06ad67a 3456df74 22e34ac1
0 08 03 1 0c 1a04f002 00000000 424c65d5
# --- read-back sweep ---
# i_rst i_rs1_raddr i_rs2_raddr i_rd_wen i_rd_waddr i_rd_wdata | o_rs1_rdata
#     o_rs2_rdata
0 00 1f 0 00 00000000 00000000 30e843d3
0 01 1e 0 00 00000000 f8c16e33 00000001
0 02 1d 0 00 00000000 77e62d43 ac0f1dd7
0 03 1c 0 00 00000000 424c65d5 3456df74
0 04 1b 0 00 00000000 00000001 00d94858
0 05 1a 0 00 00000000 f833b8f9 fac4048f
0 06 19 0 00 00000000 0000ffff aaaaaaaa
0 07 18 0 00 00000000 80000000 7fffffff
0 08 17 0 00 00000000 00000000 22e34ac1
0 09 16 0 00 00000000 44eb52e7 552939d3
0 0a 15 0 00 00000000 afd1f53c aee9925d
0 0b 14 0 00 00000000 0711fcb5 344b9615
0 0c 13 0 00 00000000 1a04f002 7fffffff
0 0d 12 0 00 00000000 22359cf3 e76e113a
0 0e 11 0 00 00000000 aaaaaaaa 0035765c
0 0f 10 0 00 00000000 07a32ca5 526945b6
0 10 0f 0 00 00000000 526945b6 07a32ca5
0 11 0e 0 00 00000000 0035765c aaaaaaaa
0 12 0d 0 00 00000000 e76e113a 22359cf3
0 13 0c 0 00 00000000 7fffffff 1a04f002
0 14 0b 0 00 00000000 344b9615 0711fcb5
0 15 0a 0 00 00000000 aee9925d afd1f53c
0 16 09 0 00 00000000 552939d3 44eb52e7
0 17 08 0 00 00000000 22e34ac1 00000000
0 18 07 0 00 00000000 7fffffff 80000000
0 19 06 0 00 00000000 aaaaaaaa 0000ffff
0 1a 05 0 00 00000000 fac4048f f833b8f9
0 1b 04 0 00 00000000 00d94858 00000001
0 1c 03 0 00 00000000 3456df74 424c65d5
0 1d 02 0 00 00000000 ac0f1dd7 77e62d43
0 1e 01 0 00 00000000 00000001 f8c16e33
0 1f 00 0 00 00000000 30e843d3 00000000
0 1d 1d 1 1d 00000000 ac0f1dd7 ac0f1dd7
0 0c 1e 1 1a 4cfafcdc 1a04f002 00000001
0 06 1f 1 01 00000001 0000ffff 30e843d3
0 1e 19 1 0f fe426902 00000001 aaaaaaaa
0 0a 08 1 10 21dd72b0 afd1f53c 00000000
0 09 05 1 05 320f69cc 44eb52e7 f833b8f9
0 05 05 1 05 3126e8b8 320f69cc 320f69cc
0 1c 1c 0 1c da0103fc 3456df74 3456df74
0 1c 1c 0 00 00000000 3456df74 3456df74
0 0c 0a 1 00 55555555 1a04f002 afd1f53c
0 15 0d 0 1b 5690641a aee9925d 22359cf3
0 14 02 1 00 5e083049 344b9615 77e62d43
0 1f 0f 1 19 48a47070 30e843d3 fe426902
0 04 04 1 06 dea71064 00000001 00000001
0 1d 06 1 0a 3d93bb31 00000000 dea71064
0 0a 0a 0 00 00000000 3d93bb31 3d93bb31
0 09 00 1 1f b86e2ad0 44eb52e7 00000000
0 1f 1f 0 00 00000000 b86e2ad0 b86e2ad0
0 00 00 1 1f 7fffffff 00000000 00000000
0 12 1c 1 02 6a0c47e9 e76e113a 3456df74
0 00 18 0 04 919695cd 00000000 7fffffff
0 09 18 1 09 4d718bf1 44eb52e7 7fffffff
0 08 06 0 1f 787a36e8 00000000 dea71064
# --- read-back sweep ---
# i_rst i_rs1_raddr i_rs2_raddr i_rd_wen i_rd_waddr i_rd_wdata | o_rs1_rdata
#     o_rs2_rdata
0 00 1f 0 00 00000000 00000000 7fffffff
0 01 1e 0 00 00000000 00000001 00000001
0 02 1d 0 00 00000000 6a0c47e9 00000000
0 03 1c 0 00 00000000 424c65d5 3456df74
0 04 1b 0 00 00000000 00000001 00d94858
0 05 1a 0 00 00000000 3126e8b8 4cfafcdc
0 06 19 0 00 00000000 dea71064 48a47070
0 07 18 0 00 00000000 80000000 7fffffff
0 08 17 0 00 00000000 00000000 22e34ac1
0 09 16 0 00 00000000 4d718bf1 552939d3
0 0a 15 0 00 00000000 3d93bb31 aee9925d
0 0b 14 0 00 00000000 0711fcb5 344b9615
0 0c 13 0 00 00000000 1a04f002 7fffffff
0 0d 12 0 00 00000000 22359cf3 e76e113a
0 0e 11 0 00 00000000 aaaaaaaa 0035765c
0 0f 10 0 00 00000000 fe426902 21dd72b0
0 10 0f 0 00 00000000 21dd72b0 fe426902
0 11 0e 0 00 00000000 0035765c aaaaaaaa
0 12 0d 0 00 00000000 e76e113a 22359cf3
0 13 0c 0 00 00000000 7fffffff 1a04f002
0 14 0b 0 00 00000000 344b9615 0711fcb5
0 15 0a 0 00 00000000 aee9925d 3d93bb31
0 16 09 0 00 00000000 552939d3 4d718bf1
0 17 08 0 00 00000000 22e34ac1 00000000
0 18 07 0 00 00000000 7fffffff 80000000
0 19 06 0 00 00000000 48a47070 dea71064
0 1a 05 0 00 00000000 4cfafcdc 3126e8b8
0 1b 04 0 00 00000000 00d94858 00000001
0 1c 03 0 00 00000000 3456df74 424c65d5
0 1d 02 0 00 00000000 00000000 6a0c47e9
0 1e 01 0 00 00000000 00000001 00000001
0 1f 00 0 00 00000000 7fffffff 00000000
0 0a 08 1 1f 5f3cfca6 3d93bb31 00000000
0 07 00 1 00 ff0892b7 80000000 00000000
0 15 15 0 15 29ac64c0 aee9925d aee9925d
0 15 15 0 00 00000000 aee9925d aee9925d
0 19 0e 0 02 901bce47 48a47070 aaaaaaaa
0 1f 08 1 01 1f8dca49 5f3cfca6 00000000
0 0c 00 1 18 7fffffff 1a04f002 00000000
0 14 0d 1 07 dc26198b 344b9615 22359cf3
0 04 02 0 0f 1d2c9a2a 00000001 6a0c47e9
0 0e 0e 1 0e 7bf683d9 aaaaaaaa aaaaaaaa
0 1b 0a 1 1b e14ae6bb 00d94858 3d93bb31
0 0e 18 1 0e 5c1d0768 7bf683d9 7fffffff
0 08 1c 1 0f 00000000 00000000 3456df74
0 12 15 0 03 ace8dc6a e76e113a aee9925d
0 0f 11 0 08 ae5f2827 00000000 0035765c
0 19 0d 1 12 ffffffff 48a47070 22359cf3
0 0f 0f 0 0f 25e9f277 00000000 00000000
0 0f 0f 0 00 00000000 00000000 00000000
0 17 02 1 02 deadbeef 22e34ac1 6a0c47e9
0 1a 13 1 0f 00000001 4cfafcdc 7fffffff
0 0a 10 1 0c 2eb88e8d 3d93bb31 21dd72b0
0 0d 1b 0 00 deadbeef 22359cf3 e14ae6bb
0 1f 0d 1 1f 80ea855e 5f3cfca6 22359cf3
0 1f 1d 1 09 984d3c08 80ea855e 00000000
0 09 1e 1 06 7fffffff 984d3c08 00000001
0 19 00 1 00 cafebabe 48a47070 00000000
0 1c 0e 0 00 531f7dc6 3456df74 5c1d0768
0 0d 1f 1 1e 02c1c4ab 22359cf3 80ea855e
0 1e 1e 1 1e deadbeef 02c1c4ab 02c1c4ab
0 00 00 1 00 80000000 00000000 00000000
0 0b 07 1 00 6f65ad5c 0711fcb5 dc26198b
0 05 01 1 0b 0000ffff 3126e8b8 1f8dca49
0 06 1c 1 09 115d1d67 7fffffff 3456df74
0 09 09 0 00 00000000 115d1d67 115d1d67
0 1c 0b 0 06 bbad72ab 3456df74 0000ffff
0 16 0b 0 1b 763b827b 552939d3 0000ffff
0 12 05 1 0a 7c33df10 ffffffff 3126e8b8
# --- read-back sweep ---
# i_rst i_rs1_raddr i_rs2_raddr i_rd_wen i_rd_waddr i_rd_wdata | o_rs1_rdata
#     o_rs2_rdata
0 00 1f 0 00 00000000 00000000 80ea855e
0 01 1e 0 00 00000000 1f8dca49 deadbeef
0 02 1d 0 00 00000000 deadbeef 00000000
0 03 1c 0 00 00000000 424c65d5 3456df74
0 04 1b 0 00 00000000 00000001 e14ae6bb
0 05 1a 0 00 00000000 3126e8b8 4cfafcdc
0 06 19 0 00 00000000 7fffffff 48a47070
0 07 18 0 00 00000000 dc26198b 7fffffff
0 08 17 0 00 00000000 00000000 22e34ac1
0 09 16 0 00 00000000 115d1d67 552939d3
0 0a 15 0 00 00000000 7c33df10 aee9925d
0 0b 14 0 00 00000000 0000ffff 344b9615
0 0c 13 0 00 00000000 2eb88e8d 7fffffff
0 0d 12 0 00 00000000 22359cf3 ffffffff
0 0e 11 0 00 00000000 5c1d0768 0035765c
0 0f 10 0 00 00000000 00000001 21dd72b0
0 10 0f 0 00 00000000 21dd72b0 00000001
0 11 0e 0 00 00000000 0035765c 5c1d0768
0 12 0d 0 00 00000000 ffffffff 22359cf3
0 13 0c 0 00 00000000 7fffffff 2eb88e8d
0 14 0b 0 00 00000000 344b9615 0000ffff
0 15 0a 0 00 00000000 aee9925d 7c33df10
0 16 09 0 00 00000000 552939d3 115d1d67
0 17 08 0 00 00000000 22e34ac1 00000000
0 18 07 0 00 00000000 7fffffff dc26198b
0 19 06 0 00 00000000 48a47070 7fffffff
0 1a 05 0 00 00000000 4cfafcdc 3126e8b8
0 1b 04 0 00 00000000 e14ae6bb 00000001
0 1c 03 0 00 00000000 3456df74 424c65d5
0 1d 02 0 00 00000000 00000000 deadbeef
0 1e 01 0 00 00000000 deadbeef 1f8dca49
0 1f 00 0 00 00000000 80ea855e 00000000
0 00 11 1 19 4b3a97a2 00000000 0035765c
0 05 1b 1 03 9101dfb1 3126e8b8 e14ae6bb
0 00 19 0 1d 8bdf0ca4 00000000 4b3a97a2
0 0d 00 1 0b 440ae49c 22359cf3 00000000
0 15 09 0 0d 7fffffff aee9925d 115d1d67
0 00 0c 1 0a 679e1e6c 00000000 2eb88e8d
0 09 09 1 09 7065748a 115d1d67 115d1d67
0 0b 00 1 00 30d1d4b3 440ae49c 00000000
0 1a 09 1 0f 2ec54863 4cfafcdc 7065748a
0 10 0e 1 10 7fffffff 21dd72b0 5c1d0768
0 1d 1d 1 1d 6590af35 00000000 00000000
0 04 08 1 04 bd333713 00000001 00000000
0 09 09 0 09 f0f90fa9 7065748a 7065748a
0 09 09 0 00 00000000 7065748a 7065748a
0 1a 1a 1 1a 6860a518 4cfafcdc 4cfafcdc
0 0a 1d 1 19 55555555 679e1e6c 6590af35
0 0d 12 1 0d 81203292 22359cf3 ffffffff
0 1e 1e 0 1e a7f4d17c deadbeef deadbeef
0 1e 1e 0 00 00000000 deadbeef deadbeef
0 19 19 0 19 29a2ab38 55555555 55555555
0 19 19 0 00 00000000 55555555 55555555
0 0b 19 1 19 d282bdc4 440ae49c 55555555
0 01 15 1 01 00000000 1f8dca49 aee9925d
0 06 17 1 01 1643ccae 7fffffff 22e34ac1
0 0b 1e 0 07 fe37191c 440ae49c deadbeef
0 1a 1c 1 0d 80000000 6860a518 3456df74
0 11 11 0 11 f1f98e8e 0035765c 0035765c
0 11 11 0 00 00000000 0035765c 0035765c
0 05 10 1 0e 1ef64883 3126e8b8 7fffffff
0 06 11 0 13 9e46dcc6 7fffffff 0035765c
0 0d 0d 1 0b d0c9e9b0 80000000 80000000
0 0a 0f 1 16 b69bc8da 679e1e6c 2ec54863
0 12 12 1 12 70cb06ee ffffffff ffffffff
0 0b 1d 0 17 ed57fa3a d0c9e9b0 6590af35
0 0c 0c 1 0c 7b84feff 2eb88e8d 2eb88e8d
0 0d 18 0 06 9cd3d6e9 80000000 7fffffff
0 05 05 1 05 07669228 3126e8b8 3126e8b8
0 09 1c 0 0e ac70090a 7065748a 3456df74
0 07 11 1 07 00000000 dc26198b 0035765c
0 18 03 1 02 7fffffff 7fffffff 9101dfb1
0 1f 0f 1 04 c0c793b3 80ea855e 2ec54863
0 06 06 1 06 d26d3677 7fffffff 7fffffff
0 0f 1b 0 0c cafebabe 2ec54863 e14ae6bb
0 06 03 1 15 00000000 d26d3677 9101dfb1
0 1c 10 0 17 80c2cef8 3456df74 7fffffff
0 00 00 1 00 0000ffff 00000000 00000000
0 16 19 1 04 d750bca7 b69bc8da d282bdc4
0 02 05 1 1d 00000001 7fffffff 07669228
0 16 00 1 1f b56967e9 b69bc8da 00000000
0 1f 1f 0 00 00000000 b56967e9 b56967e9
0 13 06 0 0a d5fd79d2 7fffffff d26d3677
0 04 06 1 0c d3f94a41 d750bca7 d26d3677
0 06 1d 1 00 e5cae83c d26d3677 00000001
0 0e 1f 1 1e 225364cf 1ef64883 b56967e9
0 1e 1e 0 00 00000000 225364cf 225364cf
0 08 00 1 17 55555555 00000000 00000000
0 14 08 1 18 c08caad2 344b9615 00000000
0 15 0b 1 1c 4287684e 00000000 d0c9e9b0
0 13 05 1 09 00000001 7fffffff 07669228
0 19 10 1 1f 55555555 d282bdc4 7fffffff
0 04 12 1 00 aaaaaaaa d750bca7 70cb06ee
0 02 07 0 1d 91b5e959 7fffffff 00000000
0 0e 14 1 03 16d0d333 1ef64883 344b9615
0 03 03 0 00 00000000 16d0d333 16d0d333
0 11 0c 1 14 658bb2b9 0035765c d3f94a41
# --- read-back sweep ---
# i_rst i_rs1_raddr i_rs2_raddr i_rd_wen i_rd_waddr i_rd_wdata | o_rs1_rdata
#     o_rs2_rdata
0 00 1f 0 00 00000000 00000000 55555555
0 01 1e 0 00 00000000 1643ccae 225364cf
0 02 1d 0 00 00000000 7fffffff 00000001
0 03 1c 0 00 00000000 16d0d333 4287684e
0 04 1b 0 00 00000000 d750bca7 e14ae6bb
0 05 1a 0 00 00000000 07669228 6860a518
0 06 19 0 00 00000000 d26d3677 d282bdc4
0 07 18 0 00 00000000 00000000 c08caad2
0 08 17 0 00 00000000 00000000 55555555
0 09 16 0 00 00000000 00000001 b69bc8da
0 0a 15 0 00 00000000 679e1e6c 00000000
0 0b 14 0 00 00000000 d0c9e9b0 658bb2b9
0 0c 13 0 00 00000000 d3f94a41 7fffffff
0 0d 12 0 00 00000000 80000000 70cb06ee
0 0e 11 0 00 00000000 1ef64883 0035765c
0 0f 10 0 00 00000000 2ec54863 7fffffff
0 10 0f 0 00 00000000 7fffffff 2ec54863
0 11 0e 0 00 00000000 0035765c 1ef64883
0 12 0d 0 00 00000000 70cb06ee 80000000
0 13 0c 0 00 00000000 7fffffff d3f94a41
0 14 0b 0 00 00000000 658bb2b9 d0c9e9b0
0 15 0a 0 00 00000000 00000000 679e1e6c
0 16 09 0 00 00000000 b69bc8da 00000001
0 17 08 0 00 00000000 55555555 00000000
0 18 07 0 00 00000000 c08caad2 00000000
0 19 06 0 00 00000000 d282bdc4 d26d3677
0 1a 05 0 00 00000000 6860a518 07669228
0 1b 04 0 00 00000000 e14ae6bb d750bca7
0 1c 03 0 00 00000000 4287684e 16d0d333
0 1d 02 0 00 00000000 00000001 7fffffff
0 1e 01 0 00 00000000 225364cf 1643ccae
0 1f 00 0 00 00000000 55555555 00000000
0 13 06 1 1b ccf70f6b 7fffffff d26d3677
0 1b 1b 1 1b 18de0154 ccf70f6b ccf70f6b
0 14 00 1 06 cafebabe 658bb2b9 00000000
0 03 0c 1 0e ab7e2638 16d0d333 d3f94a41
0 19 09 0 0a 79bd1089 d282bdc4 00000001
0 0c 0b 1 02 d6ed029d d3f94a41 d0c9e9b0
0 00 00 1 00 12a74959 00000000 00000000
0 0a 0e 1 03 00000000 679e1e6c ab7e2638
0 0e 07 1 1b bac04e51 ab7e2638 00000000
0 1f 00 1 1d c6ba4988 55555555 00000000
0 1a 12 0 0b 55555555 6860a518 70cb06ee
0 0f 0d 1 01 acdcf08d 2ec54863 80000000
0 1c 00 1 04 19a1421c 4287684e 00000000
0 01 15 0 1f 9f0bd582 acdcf08d 00000000
0 00 0b 1 06 43678088 00000000 d0c9e9b0
0 0c 00 0 01 c597e405 d3f94a41 00000000
0 1f 1f 1 1f 55555555 55555555 55555555
0 15 17 1 09 074dbddb 00000000 55555555
0 0e 0f 0 0b c4ae003d ab7e2638 2ec54863
0 1e 0b 1 1e 8ab65761 225364cf d0c9e9b0
0 16 16 1 16 3da27957 b69bc8da b69bc8da
0 0b 0b 1 0b 545bee62 d0c9e9b0 d0c9e9b0
0 05 02 1 08 a43f406a 07669228 d6ed029d
0 06 1f 1 1f 00000001 43678088 55555555
0 05 18 1 13 5e91bd96 07669228 c08caad2
0 00 10 1 10 1dd921a4 00000000 7fffffff
0 04 0e 1 04 2c521f1c 19a1421c ab7e2638
0 1e 1f 1 1e ea6e0436 8ab65761 00000001
0 10 08 1 10 f6f4dcca 1dd921a4 a43f406a
0 10 10 1 10 55555555 f6f4dcca f6f4dcca
0 0b 0d 0 1f cafebabe 545bee62 80000000
0 09 13 1 17 80000000 074dbddb 5e91bd96
0 0a 19 1 00 00000000 679e1e6c d282bdc4
0 17 02 0 00 d4b0664d 80000000 d6ed029d
0 15 16 0 1d 7fffffff 00000000 3da27957
0 00 00 1 0d 80000000 00000000 00000000
0 05 19 1 05 aaaaaaaa 07669228 d282bdc4
0 02 02 1 02 c80ac9a8 d6ed029d d6ed029d
0 0e 1f 1 0e aadc7caf ab7e2638 00000001
0 17 0d 1 09 00000000 80000000 80000000
0 0d 00 1 00 98920c06 80000000 00000000
0 00 19 0 05 970ec35d 00000000 d282bdc4
0 0e 12 1 0f 24b08a2c aadc7caf 70cb06ee
0 0f 15 1 15 fe2438f1 24b08a2c 00000000
0 00 00 1 00 f7657135 00000000 00000000
0 1b 1b 1 02 8d30ecd0 bac04e51 bac04e51
0 1c 1b 0 0e 1baa1867 4287684e bac04e51
0 0d 1c 1 0d 80000000 80000000 4287684e
0 0d 19 1 02 2c82ce3b 80000000 d282bdc4
0 1e 1e 1 1e 59ce29a3 ea6e0436 ea6e0436
0 1e 08 1 08 47b3b68f 59ce29a3 a43f406a
0 0b 07 1 0e 45e8345b 545bee62 00000000
0 00 17 0 09 af5a4314 00000000 80000000
0 00 10 1 00 7fffffff 00000000 55555555
0 0b 0b 1 0b 20b36104 545bee62 545bee62
0 09 1e 0 06 ade7bc6b 00000000 59ce29a3
0 02 1e 1 14 a26c8f45 2c82ce3b 59ce29a3
0 18 17 1 12 1d663d72 c08caad2 80000000
0 04 0d 1 00 a07d6177 2c521f1c 80000000
0 1a 1a 0 1a 87add2a8 6860a518 6860a518
0 1a 1a 0 00 00000000 6860a518 6860a518
0 02 02 1 02 f6857455 2c82ce3b 2c82ce3b
0 1f 1f 1 1f d1398d1f 00000001 00000001
0 0f 12 1 11 00000001 24b08a2c 1d663d72
0 0e 0d 1 15 d7d976c6 45e8345b 80000000
0 16 07 0 0e deadbeef 3da27957 00000000
0 1f 10 1 0c f5c53c2e d1398d1f 55555555
0 0c 0c 0 00 00000000 f5c53c2e f5c53c2e
0 13 0e 1 00 d6798a6f 5e91bd96 45e8345b
0 0b 0a 1 07 a6fdfc8d 20b36104 679e1e6c
0 17 1c 1 01 17f775e5 80000000 4287684e
0 12 02 0 00 ee613705 1d663d72 f6857455
0 08 11 1 00 deadbeef 47b3b68f 00000001
0 00 12 0 1f a27d62cf 00000000 1d663d72
0 15 12 1 12 ff2414ad d7d976c6 1d663d72
0 03 03 1 03 b4b1d944 00000000 00000000
0 11 08 1 09 ffffffff 00000001 47b3b68f
0 15 0d 1 0d e46e1a72 d7d976c6 80000000
0 0a 19 0 1e 7fffffff 679e1e6c d282bdc4
0 12 12 1 12 cafebabe ff2414ad ff2414ad
0 1f 1e 0 05 0000ffff d1398d1f 59ce29a3
0 0e 0e 1 0e 8da4f454 45e8345b 45e8345b
0 1e 00 1 00 0a6271ae 59ce29a3 00000000
0 15 0b 1 12 02b39a6c d7d976c6 20b36104
0 1c 1f 1 1c 3e7adebd 4287684e d1398d1f
0 0a 01 0 07 0000ffff 679e1e6c 17f775e5
0 00 0e 1 00 00000000 00000000 8da4f454
0 05 0c 0 03 aaaaaaaa aaaaaaaa f5c53c2e
0 14 0a 1 09 a8a7ab4b a26c8f45 679e1e6c
0 18 1d 1 18 d12b4034 c08caad2 c6ba4988
0 18 00 1 18 1c78ec62 d12b4034 00000000
# --- read-back sweep ---
# i_rst i_rs1_raddr i_rs2_raddr i_rd_wen i_rd_waddr i_rd_wdata | o_rs1_rdata
#     o_rs2_rdata
0 00 1f 0 00 00000000 00000000 d1398d1f
0 01 1e 0 00 00000000 17f775e5 59ce29a3
0 02 1d 0 00 00000000 f6857455 c6ba4988
0 03 1c 0 00 00000000 b4b1d944 3e7adebd
0 04 1b 0 00 00000000 2c521f1c bac04e51
0 05 1a 0 00 00000000 aaaaaaaa 6860a518
0 06 19 0 00 00000000 43678088 d282bdc4
0 07 18 0 00 00000000 a6fdfc8d 1c78ec62
0 08 17 0 00 00000000 47b3b68f 80000000
0 09 16 0 00 00000000 a8a7ab4b 3da27957
0 0a 15 0 00 00000000 679e1e6c d7d976c6
0 0b 14 0 00 00000000 20b36104 a26c8f45
0 0c 13 0 00 00000000 f5c53c2e 5e91bd96
0 0d 12 0 00 00000000 e46e1a72 02b39a6c
0 0e 11 0 00 00000000 8da4f454 00000001
0 0f 10 0 00 00000000 24b08a2c 55555555
0 10 0f 0 00 00000000 55555555 24b08a2c
0 11 0e 0 00 00000000 00000001 8da4f454
0 12 0d 0 00 00000000 02b39a6c e46e1a72
0 13 0c 0 00 00000000 5e91bd96 f5c53c2e
0 14 0b 0 00 00000000 a26c8f45 20b36104
0 15 0a 0 00 00000000 d7d976c6 679e1e6c
0 16 09 0 00 00000000 3da27957 a8a7ab4b
0 17 08 0 00 00000000 80000000 47b3b68f
0 18 07 0 00 00000000 1c78ec62 a6fdfc8d
0 19 06 0 00 00000000 d282bdc4 43678088
0 1a 05 0 00 00000000 6860a518 aaaaaaaa
0 1b 04 0 00 00000000 bac04e51 2c521f1c
0 1c 03 0 00 00000000 3e7adebd b4b1d944
0 1d 02 0 00 00000000 c6ba4988 f6857455
0 1e 01 0 00 00000000 59ce29a3 17f775e5
0 1f 00 0 00 00000000 d1398d1f 00000000
0 09 07 1 0c deadbeef a8a7ab4b a6fdfc8d
0 0e 00 1 16 0517fa7d 8da4f454 00000000
0 07 13 0 0b 3bc002c0 a6fdfc8d 5e91bd96
0 16 14 1 11 80000000 0517fa7d a26c8f45
0 1b 1e 1 18 b39a0ea9 bac04e51 59ce29a3
0 1f 1f 1 1f 6f58c395 d1398d1f d1398d1f
0 15 07 1 16 358c20c9 d7d976c6 a6fdfc8d
0 0b 0b 0 0b 63f816f2 20b36104 20b36104
0 0b 0b 0 00 00000000 20b36104 20b36104
0 0d 00 1 1c 00000000 e46e1a72 00000000
0 13 0d 0 16 cafebabe 5e91bd96 e46e1a72
0 11 03 1 12 64b56ac9 80000000 b4b1d944
0 12 12 0 00 00000000 64b56ac9 64b56ac9
0 00 0c 1 1f bfd18b6b 00000000 deadbeef
0 18 1c 1 0d 7fffffff b39a0ea9 00000000
0 05 15 1 02 10e66d07 aaaaaaaa d7d976c6
0 08 08 1 08 cafebabe 47b3b68f 47b3b68f
0 0c 15 1 1e b46d09dd deadbeef d7d976c6
0 12 1f 1 1f 00000001 64b56ac9 bfd18b6b
0 0a 11 1 1c dc637202 679e1e6c 80000000
0 16 13 1 11 f9eaaf9f 358c20c9 5e91bd96
0 00 07 1 00 cafebabe 00000000 a6fdfc8d
0 0f 00 1 11 10923fbc 24b08a2c 00000000
0 00 1a 0 1c 00000000 00000000 6860a518
0 0a 17 1 17 e50dcb6e 679e1e6c 80000000
0 03 0f 1 03 deadbeef b4b1d944 24b08a2c
0 09 1c 1 07 5282bbc5 a8a7ab4b dc637202
0 07 07 0 00 00000000 5282bbc5 5282bbc5
0 19 19 1 19 d1a12e18 d282bdc4 d282bdc4
0 07 0b 1 07 e9f819b6 5282bbc5 20b36104
0 00 00 1 00 bf50418c 00000000 00000000
0 08 09 0 0b c1a6371c cafebabe a8a7ab4b
0 1b 10 1 1b 8c55e30b bac04e51 55555555
0 00 17 0 12 b78fbc56 00000000 e50dcb6e
0 05 05 1 05 711249e9 aaaaaaaa aaaaaaaa
0 02 0d 1 17 cafebabe 10e66d07 7fffffff
0 13 08 0 08 5c09f68d 5e91bd96 cafebabe
0 01 0d 1 01 73fbfe5c 17f775e5 7fffffff
0 1c 16 1 15 0bb647c6 dc637202 358c20c9
0 15 15 0 00 00000000 0bb647c6 0bb647c6
0 18 16 1 0e a7e143ab b39a0ea9 358c20c9
0 17 17 0 17 9f4133db cafebabe cafebabe
0 17 17 0 00 00000000 cafebabe cafebabe
0 1a 00 0 16 deadbeef 6860a518 00000000
0 11 08 1 0a 00000000 10923fbc cafebabe
0 14 1b 1 08 5ad768b7 a26c8f45 8c55e30b
0 06 17 1 0e afd2565f 43678088 cafebabe
0 1f 1f 1 1f ffffffff 00000001 00000001
0 16 08 1 1f 7f068a30 358c20c9 5ad768b7
0 1a 1f 1 19 ae18a7e0 6860a518 7f068a30
0 01 06 1 12 df083cf3 73fbfe5c 43678088
0 1b 0e 0 1d bfe7360c 8c55e30b afd2565f
0 01 0b 1 18 e1d029f9 73fbfe5c 20b36104
0 09 14 1 00 0ac6dec9 a8a7ab4b a26c8f45
0 10 10 1 10 64657c78 55555555 55555555
0 0b 1b 1 16 ffffffff 20b36104 8c55e30b
0 1e 1e 1 1e e2ee928a b46d09dd b46d09dd
0 07 04 1 0e fd0822bb e9f819b6 2c521f1c
0 09 0d 1 13 69989301 a8a7ab4b 7fffffff
0 0c 00 0 1d deadbeef deadbeef 00000000
0 19 0d 1 09 deadbeef ae18a7e0 7fffffff
0 0c 0d 0 11 aaaaaaaa deadbeef 7fffffff
0 19 00 1 00 80000000 ae18a7e0 00000000
0 1b 05 0 1a 72625e2c 8c55e30b 711249e9
# --- read-back sweep ---
# i_rst i_rs1_raddr i_rs2_raddr i_rd_wen i_rd_waddr i_rd_wdata | o_rs1_rdata
#     o_rs2_rdata
0 00 1f 0 00 00000000 00000000 7f068a30
0 01 1e 0 00 00000000 73fbfe5c e2ee928a
0 02 1d 0 00 00000000 10e66d07 c6ba4988
0 03 1c 0 00 00000000 deadbeef dc637202
0 04 1b 0 00 00000000 2c521f1c 8c55e30b
0 05 1a 0 00 00000000 711249e9 6860a518
0 06 19 0 00 00000000 43678088 ae18a7e0
0 07 18 0 00 00000000 e9f819b6 e1d029f9
0 08 17 0 00 00000000 5ad768b7 cafebabe
0 09 16 0 00 00000000 deadbeef ffffffff
0 0a 15 0 00 00000000 00000000 0bb647c6
0 0b 14 0 00 00000000 20b36104 a26c8f45
0 0c 13 0 00 00000000 deadbeef 69989301
0 0d 12 0 00 00000000 7fffffff df083cf3
0 0e 11 0 00 00000000 fd0822bb 10923fbc
0 0f 10 0 00 00000000 24b08a2c 64657c78
0 10 0f 0 00 00000000 64657c78 24b08a2c
0 11 0e 0 00 00000000 10923fbc fd0822bb
0 12 0d 0 00 00000000 df083cf3 7fffffff
0 13 0c 0 00 00000000 69989301 deadbeef
0 14 0b 0 00 00000000 a26c8f45 20b36104
0 15 0a 0 00 00000000 0bb647c6 00000000
0 16 09 0 00 00000000 ffffffff deadbeef
0 17 08 0 00 00000000 cafebabe 5ad768b7
0 18 07 0 00 00000000 e1d029f9 e9f819b6
0 19 06 0 00 00000000 ae18a7e0 43678088
0 1a 05 0 00 00000000 6860a518 711249e9
0 1b 04 0 00 00000000 8c55e30b 2c521f1c
0 1c 03 0 00 00000000 dc637202 deadbeef
0 1d 02 0 00 00000000 c6ba4988 10e66d07
0 1e 01 0 00 00000000 e2ee928a 73fbfe5c
0 1f 00 0 00 00000000 7f068a30 00000000
0 04 05 1 1a ef57246f 2c521f1c 711249e9
0 00 0d 0 04 d1d04e6e 00000000 7fffffff
0 15 19 0 19 10f6d204 0bb647c6 ae18a7e0
0 1e 03 0 02 1a6e5729 e2ee928a deadbeef
0 10 03 1 0a 61566ac1 64657c78 deadbeef
0 03 07 0 14 8141c88f deadbeef e9f819b6
0 1b 17 1 1f 715613d3 8c55e30b cafebabe
0 0e 11 1 00 0000ffff fd0822bb 10923fbc
0 17 04 1 17 e759da0c cafebabe 2c521f1c
0 11 11 1 0a 76737e7d 10923fbc 10923fbc
0 0b 1b 1 0b d114838d 20b36104 8c55e30b
0 1b 01 1 18 e259f1dc 8c55e30b 73fbfe5c
0 00 00 1 00 00000001 00000000 00000000
0 08 12 1 01 d9c6bb40 5ad768b7 df083cf3
0 05 1f 0 05 844494ca 711249e9 715613d3
0 0b 08 1 0f a483d7ff d114838d 5ad768b7
0 1a 16 0 02 cafebabe ef57246f ffffffff
0 13 18 1 18 65996353 69989301 e259f1dc
0 13 1b 1 11 931029cf 69989301 8c55e30b
0 06 09 1 0f 80000000 43678088 deadbeef
0 0a 1c 1 19 d84fb37b 76737e7d dc637202
0 0a 1d 1 1d aaaaaaaa 76737e7d c6ba4988
0 1e 1e 0 0e 7fffffff e2ee928a e2ee928a
0 0b 0f 1 14 00000001 d114838d 80000000
0 16 09 1 0d 735c24f1 ffffffff deadbeef
0 0f 07 1 17 05ebded4 80000000 e9f819b6
0 10 10 1 10 e5f4692f 64657c78 64657c78
0 04 0f 1 19 cbc93e88 2c521f1c 80000000
0 19 15 1 03 aae41b8b cbc93e88 0bb647c6
0 1b 1b 0 1b a5f6de02 8c55e30b 8c55e30b
0 1b 1b 0 00 00000000 8c55e30b 8c55e30b
0 03 0e 0 09 00000000 aae41b8b fd0822bb
0 1d 00 1 00 7fffffff aaaaaaaa 00000000
0 18 08 1 0d aa5a1db4 65996353 5ad768b7
0 1a 00 1 1d 6aa4d874 ef57246f 00000000
0 07 07 1 09 82cf7e04 e9f819b6 e9f819b6
0 00 0a 0 13 81eb4eb9 00000000 76737e7d
0 00 1d 0 1c 00000001 00000000 6aa4d874
0 0e 0e 1 0e a8f09044 fd0822bb fd0822bb
0 06 0b 1 17 aaaaaaaa 43678088 d114838d
0 1d 08 1 00 55555555 6aa4d874 5ad768b7
0 17 12 1 1c 10c7123c aaaaaaaa df083cf3
0 0f 0f 1 0f 80000000 80000000 80000000
0 03 06 1 17 80000000 aae41b8b 43678088
0 0f 1e 1 17 10257d35 80000000 e2ee928a
0 0e 0e 0 0e 4f8eae5c a8f09044 a8f09044
0 0e 0e 0 00 00000000 a8f09044 a8f09044
0 10 1a 1 09 1076cc53 e5f4692f ef57246f
0 00 1d 1 03 9917dcf1 00000000 6aa4d874
0 00 13 0 14 eab90bbc 00000000 69989301
0 1c 13 1 00 0000ffff 10c7123c 69989301
0 01 1d 1 0e 7fffffff d9c6bb40 6aa4d874
0 01 01 1 01 7fcc874c d9c6bb40 d9c6bb40
0 18 04 1 06 2863eeb4 65996353 2c521f1c
0 13 18 0 16 a8ae3325 69989301 65996353
0 1f 0a 1 15 0c7935c9 715613d3 76737e7d
0 0f 19 0 01 00000001 80000000 cbc93e88
0 10 03 1 10 55555555 e5f4692f 9917dcf1
0 15 01 1 18 a04f02fc 0c7935c9 7fcc874c
0 10 00 1 1e 4ae9de2c 55555555 00000000
0 15 0f 1 04 b40e3b1e 0c7935c9 80000000
0 1a 1e 1 14 8253e47b ef57246f 4ae9de2c
0 17 12 1 03 443c6167 10257d35 df083cf3
0 03 03 0 00 00000000 443c6167 443c6167
0 02 06 1 13 55555555 10e66d07 2863eeb4
0 1b 17 1 02 19bd1f19 8c55e30b 10257d35
0 0b 06 0 1d 0022b3c1 d114838d 2863eeb4
0 0c 1e 0 12 916a3062 deadbeef 4ae9de2c
0 1a 10 1 13 d9909fa5 ef57246f 55555555
0 00 00 1 00 68591b34 00000000 00000000
0 06 18 1 16 af4068e1 2863eeb4 a04f02fc
0 16 16 0 00 00000000 af4068e1 af4068e1
0 03 17 1 07 e57df9c7 443c6167 10257d35
0 11 07 1 1a 7f29cce3 931029cf e57df9c7
0 12 17 1 0b 7c448085 df083cf3 10257d35
0 1c 0c 0 15 84ef380b 10c7123c deadbeef
0 08 17 0 16 aaaaaaaa 5ad768b7 10257d35
0 0a 0a 1 0a 5db33d4a 76737e7d 76737e7d
0 14 05 1 01 84a8df30 8253e47b 711249e9
0 05 10 1 15 d5d39353 711249e9 55555555
0 1c 0c 1 09 51f832ca 10c7123c deadbeef
0 16 0b 1 0b 80000000 af4068e1 7c448085
0 1a 12 0 13 4aeae45a 7f29cce3 df083cf3
0 0a 1f 0 0c f667a68d 5db33d4a 715613d3
0 0b 00 1 05 00000001 80000000 00000000
0 05 10 1 04 0cd9643f 00000001 55555555
0 04 04 0 00 00000000 0cd9643f 0cd9643f
0 1d 16 1 1c 947490b8 6aa4d874 af4068e1
0 1e 00 1 0c cc97b422 4ae9de2c 00000000
0 0c 0c 0 00 00000000 cc97b422 cc97b422
0 1c 06 1 1f 48fb719a 947490b8 2863eeb4
0 10 00 1 1f 7044ede7 55555555 00000000
0 1f 1f 0 00 00000000 7044ede7 7044ede7
0 05 08 1 05 39914d64 00000001 5ad768b7
0 10 1a 1 0a c9c4f09f 55555555 7f29cce3
0 0a 13 1 0a d60a1ae7 c9c4f09f d9909fa5
0 0e 10 1 0b 2d88f078 7fffffff 55555555
0 1f 1f 0 1f 463e3fa1 7044ede7 7044ede7
0 1f 1f 0 00 00000000 7044ede7 7044ede7
0 00 17 0 1d 00000000 00000000 10257d35
0 1c 0d 1 00 0000ffff 947490b8 aa5a1db4
0 0e 06 1 11 a6fc391e 7fffffff 2863eeb4
0 01 15 1 0f 0000ffff 84a8df30 d5d39353
0 18 16 0 18 7971897a a04f02fc af4068e1
0 19 08 1 03 cafebabe cbc93e88 5ad768b7
0 1d 18 0 17 a1a7e365 6aa4d874 a04f02fc
0 0d 03 1 08 7a5107ca aa5a1db4 cafebabe
0 00 01 1 00 4d44d69f 00000000 84a8df30
0 00 00 1 02 907c2ee1 00000000 00000000
0 19 12 1 12 869d58db cbc93e88 df083cf3
0 03 05 0 00 41a96e5a cafebabe 39914d64
0 0f 1e 1 0d 3c3096e1 0000ffff 4ae9de2c
0 0d 0d 0 00 00000000 3c3096e1 3c3096e1
0 14 00 0 00 ffffffff 8253e47b 00000000
0 11 05 0 18 faa52410 a6fc391e 39914d64
0 15 03 1 12 00000001 d5d39353 cafebabe
0 18 07 1 1f 4524fbd9 a04f02fc e57df9c7
0 1f 1f 0 00 00000000 4524fbd9 4524fbd9
0 19 15 1 17 b1d5a528 cbc93e88 d5d39353
0 09 0f 1 00 aaaaaaaa 51f832ca 0000ffff
0 08 07 1 01 00000001 7a5107ca e57df9c7
0 0e 0e 1 0d 403cbb4b 7fffffff 7fffffff
0 0d 0d 0 00 00000000 403cbb4b 403cbb4b
0 1b 0d 1 1b deadbeef 8c55e30b 403cbb4b
0 08 06 0 0f 00000000 7a5107ca 2863eeb4
0 18 0d 1 15 3c7d9a26 a04f02fc 403cbb4b
0 0b 16 0 10 aaaaaaaa 2d88f078 af4068e1
0 1e 1e 1 00 e482c54f 4ae9de2c 4ae9de2c
0 18 00 1 0e 38472e3f a04f02fc 00000000
0 15 1e 1 15 402e0382 3c7d9a26 4ae9de2c
0 02 0a 0 17 9daf11a6 907c2ee1 d60a1ae7
0 18 02 0 0a e8a994f2 a04f02fc 907c2ee1
0 05 05 0 05 2587f48a 39914d64 39914d64
0 05 05 0 00 00000000 39914d64 39914d64
0 14 14 0 14 2fb4f8b8 8253e47b 8253e47b
0 14 14 0 00 00000000 8253e47b 8253e47b
0 0f 1a 1 03 765ca0ba 0000ffff 7f29cce3
# --- read-back sweep ---
# i_rst i_rs1_raddr i_rs2_raddr i_rd_wen i_rd_waddr i_rd_wdata | o_rs1_rdata
#     o_rs2_rdata
0 00 1f 0 00 00000000 00000000 4524fbd9
0 01 1e 0 00 00000000 00000001 4ae9de2c
0 02 1d 0 00 00000000 907c2ee1 6aa4d874
0 03 1c 0 00 00000000 765ca0ba 947490b8
0 04 1b 0 00 00000000 0cd9643f deadbeef
0 05 1a 0 00 00000000 39914d64 7f29cce3
0 06 19 0 00 00000000 2863eeb4 cbc93e88
0 07 18 0 00 00000000 e57df9c7 a04f02fc
0 08 17 0 00 00000000 7a5107ca b1d5a528
0 09 16 0 00 00000000 51f832ca af4068e1
0 0a 15 0 00 00000000 d60a1ae7 402e0382
0 0b 14 0 00 00000000 2d88f078 8253e47b
0 0c 13 0 00 00000000 cc97b422 d9909fa5
0 0d 12 0 00 00000000 403cbb4b 00000001
0 0e 11 0 00 00000000 38472e3f a6fc391e
0 0f 10 0 00 00000000 0000ffff 55555555
0 10 0f 0 00 00000000 55555555 0000ffff
0 11 0e 0 00 00000000 a6fc391e 38472e3f
0 12 0d 0 00 00000000 00000001 403cbb4b
0 13 0c 0 00 00000000 d9909fa5 cc97b422
0 14 0b 0 00 00000000 8253e47b 2d88f078
0 15 0a 0 00 00000000 402e0382 d60a1ae7
0 16 09 0 00 00000000 af4068e1 51f832ca
0 17 08 0 00 00000000 b1d5a528 7a5107ca
0 18 07 0 00 00000000 a04f02fc e57df9c7
0 19 06 0 00 00000000 cbc93e88 2863eeb4
0 1a 05 0 00 00000000 7f29cce3 39914d64
0 1b 04 0 00 00000000 deadbeef 0cd9643f
0 1c 03 0 00 00000000 947490b8 765ca0ba
0 1d 02 0 00 00000000 6aa4d874 907c2ee1
0 1e 01 0 00 00000000 4ae9de2c 00000001
0 1f 00 0 00 00000000 4524fbd9 00000000
0 1c 1f 0 12 aaaaaaaa 947490b8 4524fbd9
0 08 11 1 08 7e1bc4f0 7a5107ca a6fc391e
0 1a 18 0 02 0308c9d7 7f29cce3 a04f02fc
0 03 0a 0 0b ea774529 765ca0ba d60a1ae7
0 00 0b 1 1c 5d92d323 00000000 2d88f078
# --- read-back sweep ---
# i_rst i_rs1_raddr i_rs2_raddr i_rd_wen i_rd_waddr i_rd_wdata | o_rs1_rdata
#     o_rs2_rdata
0 00 1f 0 00 00000000 00000000 4524fbd9
0 01 1e 0 00 00000000 00000001 4ae9de2c
0 02 1d 0 00 00000000 907c2ee1 6aa4d874
0 03 1c 0 00 00000000 765ca0ba 5d92d323
0 04 1b 0 00 00000000 0cd9643f deadbeef
0 05 1a 0 00 00000000 39914d64 7f29cce3
0 06 19 0 00 00000000 2863eeb4 cbc93e88
0 07 18 0 00 00000000 e57df9c7 a04f02fc
0 08 17 0 00 00000000 7e1bc4f0 b1d5a528
0 09 16 0 00 00000000 51f832ca af4068e1
0 0a 15 0 00 00000000 d60a1ae7 402e0382
0 0b 14 0 00 00000000 2d88f078 8253e47b
0 0c 13 0 00 00000000 cc97b422 d9909fa5
0 0d 12 0 00 00000000 403cbb4b 00000001
0 0e 11 0 00 00000000 38472e3f a6fc391e
0 0f 10 0 00 00000000 0000ffff 55555555
0 10 0f 0 00 00000000 55555555 0000ffff
0 11 0e 0 00 00000000 a6fc391e 38472e3f
0 12 0d 0 00 00000000 00000001 403cbb4b
0 13 0c 0 00 00000000 d9909fa5 cc97b422
0 14 0b 0 00 00000000 8253e47b 2d88f078
0 15 0a 0 00 00000000 402e0382 d60a1ae7
0 16 09 0 00 00000000 af4068e1 51f832ca
0 17 08 0 00 00000000 b1d5a528 7e1bc4f0
0 18 07 0 00 00000000 a04f02fc e57df9c7
0 19 06 0 00 00000000 cbc93e88 2863eeb4
0 1a 05 0 00 00000000 7f29cce3 39914d64
0 1b 04 0 00 00000000 deadbeef 0cd9643f
0 1c 03 0 00 00000000 5d92d323 765ca0ba
0 1d 02 0 00 00000000 6aa4d874 907c2ee1
0 1e 01 0 00 00000000 4ae9de2c 00000001
0 1f 00 0 00 00000000 4524fbd9 00000000
0 1f 04 1 17 e64a2b06 4524fbd9 0cd9643f
0 1c 00 0 01 5d2f2404 5d92d323 00000000
0 03 18 1 18 96c32773 765ca0ba a04f02fc
0 11 07 0 04 deadbeef a6fc391e e57df9c7
0 18 0e 1 00 0000ffff 96c32773 38472e3f
0 00 00 0 1d bc7cfbe7 00000000 00000000
0 16 02 1 19 00000000 af4068e1 907c2ee1
0 08 10 1 08 9d7b5e32 7e1bc4f0 55555555
0 1a 1a 1 1a cf482560 7f29cce3 7f29cce3
0 08 1a 1 1d 8d09b455 9d7b5e32 cf482560
0 1c 0b 1 04 2fb29d8b 5d92d323 2d88f078
0 00 1b 0 03 137e0864 00000000 deadbeef
0 04 02 1 19 01e95c31 2fb29d8b 907c2ee1
0 01 00 1 14 861b14d8 00000001 00000000
0 0c 11 1 0f 784f6304 cc97b422 a6fc391e
0 0f 0f 0 00 00000000 784f6304 784f6304
0 0c 0c 1 00 fade06f2 cc97b422 cc97b422
0 1b 1b 1 1b 7fffffff deadbeef deadbeef
0 1d 09 0 14 70a72866 8d09b455 51f832ca
0 00 08 0 1b 55555555 00000000 9d7b5e32
0 1c 0b 0 0b 0000ffff 5d92d323 2d88f078
0 1f 16 1 0d 8084ed19 4524fbd9 af4068e1
0 15 1f 1 04 c352360a 402e0382 4524fbd9
0 0e 0f 1 0c 7fffffff 38472e3f 784f6304
0 0f 12 1 12 a49f64ed 784f6304 00000001
0 11 0c 1 11 9d45bacd a6fc391e 7fffffff
0 1f 17 1 05 f00e208c 4524fbd9 e64a2b06
0 0d 07 0 10 8454fbcf 8084ed19 e57df9c7
0 14 1f 0 05 723c962f 861b14d8 4524fbd9
0 07 09 1 04 dd089fa9 e57df9c7 51f832ca
0 01 00 1 09 41e3ab82 00000001 00000000
0 1a 01 0 1e ec5965bc cf482560 00000001
0 1d 02 1 01 00fa8696 8d09b455 907c2ee1
0 1b 0b 1 0a 5824ec76 7fffffff 2d88f078
0 00 19 1 02 aaaaaaaa 00000000 01e95c31
0 13 13 0 13 a641190a d9909fa5 d9909fa5
0 13 13 0 00 00000000 d9909fa5 d9909fa5
0 0c 10 1 06 1bc6905e 7fffffff 55555555
0 10 1a 1 1e 6d614bb8 55555555 cf482560
0 16 13 0 17 3be60f2d af4068e1 d9909fa5
0 10 14 0 0d deadbeef 55555555 861b14d8
0 18 07 1 16 c17b9f6e 96c32773 e57df9c7
0 1d 15 1 16 b61b81fb 8d09b455 402e0382
0 08 03 1 08 a6770b24 9d7b5e32 765ca0ba
0 02 13 0 1e ec2eb961 aaaaaaaa d9909fa5
0 1d 16 1 1d dba283eb 8d09b455 b61b81fb
0 00 09 0 00 65de3ce8 00000000 41e3ab82
0 00 15 1 03 3b1d631a 00000000 402e0382
0 16 1e 1 13 cafebabe b61b81fb 6d614bb8
0 00 19 1 0b ab1e9826 00000000 01e95c31
0 15 0b 0 18 d9030293 402e0382 ab1e9826
0 08 08 0 03 32f01336 a6770b24 a6770b24
0 1e 1e 1 00 9728855f 6d614bb8 6d614bb8
0 0e 06 0 02 eb6a014d 38472e3f 1bc6905e
0 12 10 0 1b 31c4f392 a49f64ed 55555555
0 1a 1c 0 1e 8e8e0d95 cf482560 5d92d323
0 10 18 1 14 80000000 55555555 96c32773
0 01 0c 1 00 eca358ce 00fa8696 7fffffff
0 16 11 0 16 de5ab99a b61b81fb 9d45bacd
0 18 06 0 0d 80000000 96c32773 1bc6905e
0 0a 07 1 08 cf647424 5824ec76 e57df9c7
0 0a 1b 1 00 aa0af5d2 5824ec76 7fffffff
0 0b 05 1 0b 00000001 ab1e9826 f00e208c
0 10 14 1 14 c97b3b57 55555555 80000000
0 00 00 1 00 d061f80a 00000000 00000000
0 0b 09 1 09 834ff0ca 00000001 41e3ab82
0 05 09 1 15 deadbeef f00e208c 834ff0ca
0 09 13 0 04 79c49e26 834ff0ca cafebabe
0 13 1d 1 17 f58488d1 cafebabe dba283eb
0 0b 1c 0 0a 5c3a4ff6 00000001 5d92d323
0 05 19 1 06 93cfa0d6 f00e208c 01e95c31
0 05 0a 1 0a 006244ab f00e208c 5824ec76
0 0e 00 1 1b 83c537b2 38472e3f 00000000
0 1b 1b 0 00 00000000 83c537b2 83c537b2
0 18 00 1 05 1135298f 96c32773 00000000
0 05 05 0 00 00000000 1135298f 1135298f
0 09 05 1 09 4c518a7c 834ff0ca 1135298f
0 04 06 1 1b aaaaaaaa dd089fa9 93cfa0d6
0 15 00 1 04 a1f7085e deadbeef 00000000
0 1d 06 1 11 8f92e6c1 dba283eb 93cfa0d6
0 11 11 0 00 00000000 8f92e6c1 8f92e6c1
0 06 11 1 01 f4b503a6 93cfa0d6 8f92e6c1
0 17 08 1 0e 53de9ea9 f58488d1 cf647424
0 0e 07 0 11 fb8909c7 53de9ea9 e57df9c7
0 09 0a 1 03 94567635 4c518a7c 006244ab
0 17 01 1 17 fc5b8d07 f58488d1 f4b503a6
0 1b 15 1 1a 06432f10 aaaaaaaa deadbeef
0 05 11 1 0f 6f49301a 1135298f 8f92e6c1
0 14 14 1 14 121e6ed2 c97b3b57 c97b3b57
0 05 15 0 07 80000000 1135298f deadbeef
0 1e 16 1 1f 6d7ec675 6d614bb8 b61b81fb
0 0e 0d 1 18 99ef3c16 53de9ea9 8084ed19
0 18 18 0 00 00000000 99ef3c16 99ef3c16
0 0a 03 1 05 1b64e0a9 006244ab 94567635
0 1b 0f 0 05 c0b3a9a3 aaaaaaaa 6f49301a
0 1d 00 0 00 717872c2 dba283eb 00000000
0 1a 07 0 07 aaaaaaaa 06432f10 e57df9c7
0 00 1b 1 17 bf6b798e 00000000 aaaaaaaa
0 12 16 0 00 2be87e9c a49f64ed b61b81fb
0 01 19 1 18 19a2227b f4b503a6 01e95c31
0 05 18 0 1b a46f1af2 1b64e0a9 19a2227b
0 02 07 1 08 1cbd834f aaaaaaaa e57df9c7
0 1b 0d 1 0f 28985d18 aaaaaaaa 8084ed19
0 00 09 0 14 a781ea96 00000000 4c518a7c
0 00 04 0 0d eb4726d8 00000000 a1f7085e
0 0f 06 1 10 ab4a1668 28985d18 93cfa0d6
0 09 02 0 00 95ab2a0c 4c518a7c aaaaaaaa
0 17 00 0 06 8eb7a931 bf6b798e 00000000
0 03 11 1 05 b6b41567 94567635 8f92e6c1
0 17 10 1 03 af6ce945 bf6b798e ab4a1668
0 0d 00 1 00 55555555 8084ed19 00000000
0 03 08 0 00 aaaaaaaa af6ce945 1cbd834f
0 13 08 0 14 72732c91 cafebabe 1cbd834f
0 01 1f 0 07 21fb95c7 f4b503a6 6d7ec675
0 00 0e 1 10 6531830b 00000000 53de9ea9
0 07 1e 0 0e 45c6fc22 e57df9c7 6d614bb8
0 00 00 0 14 832c7350 00000000 00000000
0 0f 0e 1 0d bdea94fb 28985d18 53de9ea9
0 06 0a 1 10 bf57f7a7 93cfa0d6 006244ab
0 18 0c 1 10 00000001 19a2227b 7fffffff
0 0e 06 0 00 6f74aa0c 53de9ea9 93cfa0d6
0 13 19 0 00 cebd1719 cafebabe 01e95c31
0 1b 05 1 07 78c3a1ae aaaaaaaa b6b41567
0 08 18 0 18 9f082681 1cbd834f 19a2227b
0 10 15 0 10 28e4e60a 00000001 deadbeef
0 16 12 0 0d 8e8bc525 b61b81fb a49f64ed
0 17 09 1 15 aaaaaaaa bf6b798e 4c518a7c
0 0d 08 1 0d 8cdb9c91 bdea94fb 1cbd834f
0 19 00 0 01 78e71d22 01e95c31 00000000
0 13 1c 1 00 79cd3de4 cafebabe 5d92d323
0 0c 10 1 07 80000000 7fffffff 00000001
0 00 00 1 0c 054d2568 00000000 00000000
0 1b 18 0 0f c4a9a536 aaaaaaaa 19a2227b
0 10 0c 0 1e d1690d71 00000001 054d2568
0 01 0c 1 0f 49db2afa f4b503a6 054d2568
0 0f 10 1 1b 318418c9 49db2afa 00000001
0 0f 19 1 16 6ce7982c 49db2afa 01e95c31
0 08 09 1 08 cafebabe 1cbd834f 4c518a7c
0 04 04 1 04 6f7c9141 a1f7085e a1f7085e
0 12 00 0 08 ed53ed61 a49f64ed 00000000
0 1a 00 0 0b aaaaaaaa 06432f10 00000000
0 00 06 1 0c 8fec5112 00000000 93cfa0d6
0 0c 0c 0 00 00000000 8fec5112 8fec5112
0 00 11 1 00 ad8a1743 00000000 8f92e6c1
0 1a 08 1 11 71143d2f 06432f10 cafebabe
0 04 07 1 00 701b6ff2 6f7c9141 80000000
0 19 11 1 0b d16b4e92 01e95c31 71143d2f
0 00 17 1 02 57879add 00000000 bf6b798e
0 00 08 1 08 aecf5a8d 00000000 cafebabe
0 18 00 0 19 f2013f24 19a2227b 00000000
0 14 04 1 19 200b0c26 121e6ed2 6f7c9141
0 13 18 1 18 deadbeef cafebabe 19a2227b
0 14 07 1 0d 29c0465e 121e6ed2 80000000
0 0d 0d 0 00 00000000 29c0465e 29c0465e
0 00 1c 1 00 75b67702 00000000 5d92d323
0 00 08 1 00 0000ffff 00000000 aecf5a8d
0 0d 0d 0 12 58ebaf23 29c0465e 29c0465e
0 03 04 0 1f 4473f71b af6ce945 6f7c9141
0 00 1d 0 19 37fb78de 00000000 dba283eb
0 16 19 0 1c bb00dbac 6ce7982c 200b0c26
0 0d 18 1 1d 52e4db54 29c0465e deadbeef
0 1d 1d 0 00 00000000 52e4db54 52e4db54
0 0e 17 1 0e 61ccec8e 53de9ea9 bf6b798e
0 05 05 1 05 00000000 b6b41567 b6b41567
0 11 11 0 17 6c84a86c 71143d2f 71143d2f
0 0f 0f 1 0f 3dc15fbb 49db2afa 49db2afa
0 1a 05 1 16 1d2126d4 06432f10 00000000
0 18 1c 0 1d 7fffffff deadbeef 5d92d323
0 0e 15 1 11 8f845b05 61ccec8e aaaaaaaa
0 0f 17 1 03 0000ffff 3dc15fbb bf6b798e
0 01 1f 1 19 9469fd46 f4b503a6 6d7ec675
0 0d 11 0 00 ffffffff 29c0465e 8f845b05
0 1f 1d 1 17 7fffffff 6d7ec675 52e4db54
0 17 17 1 17 baefa79c 7fffffff 7fffffff
0 19 00 1 16 7da66a30 9469fd46 00000000
0 10 09 0 08 93bfadae 00000001 4c518a7c
0 0d 00 0 1d cafebabe 29c0465e 00000000
0 12 0d 0 04 f767178b a49f64ed 29c0465e
0 01 00 1 1d 83caf083 f4b503a6 00000000
0 11 11 1 11 f9deb062 8f845b05 8f845b05
0 15 12 1 14 00000000 aaaaaaaa a49f64ed
0 0b 1b 1 0d 992fa287 d16b4e92 318418c9
0 0a 12 0 11 d6613c40 006244ab a49f64ed
0 1e 1e 0 1e 2eaf6cbe 6d614bb8 6d614bb8
0 1e 1e 0 00 00000000 6d614bb8 6d614bb8
0 06 1b 1 15 ffffffff 93cfa0d6 318418c9
0 16 02 1 19 0000ffff 7da66a30 57879add
0 0f 07 1 01 2b7c25c1 3dc15fbb 80000000
# --- read-back sweep ---
# i_rst i_rs1_raddr i_rs2_raddr i_rd_wen i_rd_waddr i_rd_wdata | o_rs1_rdata
#     o_rs2_rdata
0 00 1f 0 00 00000000 00000000 6d7ec675
0 01 1e 0 00 00000000 2b7c25c1 6d614bb8
0 02 1d 0 00 00000000 57879add 83caf083
0 03 1c 0 00 00000000 0000ffff 5d92d323
0 04 1b 0 00 00000000 6f7c9141 318418c9
0 05 1a 0 00 00000000 00000000 06432f10
0 06 19 0 00 00000000 93cfa0d6 0000ffff
0 07 18 0 00 00000000 80000000 deadbeef
0 08 17 0 00 00000000 aecf5a8d baefa79c
0 09 16 0 00 00000000 4c518a7c 7da66a30
0 0a 15 0 00 00000000 006244ab ffffffff
0 0b 14 0 00 00000000 d16b4e92 00000000
0 0c 13 0 00 00000000 8fec5112 cafebabe
0 0d 12 0 00 00000000 992fa287 a49f64ed
0 0e 11 0 00 00000000 61ccec8e f9deb062
0 0f 10 0 00 00000000 3dc15fbb 00000001
0 10 0f 0 00 00000000 00000001 3dc15fbb
0 11 0e 0 00 00000000 f9deb062 61ccec8e
0 12 0d 0 00 00000000 a49f64ed 992fa287
0 13 0c 0 00 00000000 cafebabe 8fec5112
0 14 0b 0 00 00000000 00000000 d16b4e92
0 15 0a 0 00 00000000 ffffffff 006244ab
0 16 09 0 00 00000000 7da66a30 4c518a7c
0 17 08 0 00 00000000 baefa79c aecf5a8d
0 18 07 0 00 00000000 deadbeef 80000000
0 19 06 0 00 00000000 0000ffff 93cfa0d6
0 1a 05 0 00 00000000 06432f10 00000000
0 1b 04 0 00 00000000 318418c9 6f7c9141
0 1c 03 0 00 00000000 5d92d323 0000ffff
0 1d 02 0 00 00000000 83caf083 57879add
0 1e 01 0 00 00000000 6d614bb8 2b7c25c1
0 1f 00 0 00 00000000 6d7ec675 00000000
0 18 0b 1 13 52e1a8e5 deadbeef d16b4e92
0 08 1d 1 0a b332d5a6 aecf5a8d 83caf083
0 10 19 1 00 7027dc97 00000001 0000ffff
0 00 00 1 15 80000000 00000000 00000000
0 0e 0a 0 1f 5ffc8c18 61ccec8e b332d5a6
0 00 09 0 1a 320a5ef2 00000000 4c518a7c
0 0f 1e 1 07 0a99c7b8 3dc15fbb 6d614bb8
0 1d 1d 1 1d c39ff062 83caf083 83caf083
0 09 09 1 13 92eaade1 4c518a7c 4c518a7c
0 09 10 0 0d aa2d4815 4c518a7c 00000001
0 00 00 1 00 6f37fc04 00000000 00000000
0 0a 0a 1 0a 48516f15 b332d5a6 b332d5a6
0 1d 00 1 1c ae401fd7 c39ff062 00000000
0 10 08 0 00 0000ffff 00000001 aecf5a8d
0 16 16 1 16 7c9a3fb2 7da66a30 7da66a30
0 18 18 1 18 39dc6e82 deadbeef deadbeef
# --- read-back sweep ---
# i_rst i_rs1_raddr i_rs2_raddr i_rd_wen i_rd_waddr i_rd_wdata | o_rs1_rdata
#     o_rs2_rdata
0 00 1f 0 00 00000000 00000000 6d7ec675
0 01 1e 0 00 00000000 2b7c25c1 6d614bb8
0 02 1d 0 00 00000000 57879add c39ff062
0 03 1c 0 00 00000000 0000ffff ae401fd7
0 04 1b 0 00 00000000 6f7c9141 318418c9
0 05 1a 0 00 00000000 00000000 06432f10
0 06 19 0 00 00000000 93cfa0d6 0000ffff
0 07 18 0 00 00000000 0a99c7b8 39dc6e82
0 08 17 0 00 00000000 aecf5a8d baefa79c
0 09 16 0 00 00000000 4c518a7c 7c9a3fb2
0 0a 15 0 00 00000000 48516f15 80000000
0 0b 14 0 00 00000000 d16b4e92 00000000
0 0c 13 0 00 00000000 8fec5112 92eaade1
0 0d 12 0 00 00000000 992fa287 a49f64ed
0 0e 11 0 00 00000000 61ccec8e f9deb062
0 0f 10 0 00 00000000 3dc15fbb 00000001
0 10 0f 0 00 00000000 00000001 3dc15fbb
0 11 0e 0 00 00000000 f9deb062 61ccec8e
0 12 0d 0 00 00000000 a49f64ed 992fa287
0 13 0c 0 00 00000000 92eaade1 8fec5112
0 14 0b 0 00 00000000 00000000 d16b4e92
0 15 0a 0 00 00000000 80000000 48516f15
0 16 09 0 00 00000000 7c9a3fb2 4c518a7c
0 17 08 0 00 00000000 baefa79c aecf5a8d
0 18 07 0 00 00000000 39dc6e82 0a99c7b8
0 19 06 0 00 00000000 0000ffff 93cfa0d6
0 1a 05 0 00 00000000 06432f10 00000000
0 1b 04 0 00 00000000 318418c9 6f7c9141
0 1c 03 0 00 00000000 ae401fd7 0000ffff
0 1d 02 0 00 00000000 c39ff062 57879add
0 1e 01 0 00 00000000 6d614bb8 2b7c25c1
0 1f 00 0 00 00000000 6d7ec675 00000000
0 1c 0e 0 1d 1b649017 ae401fd7 61ccec8e
0 16 16 1 16 55555555 7c9a3fb2 7c9a3fb2
0 0b 03 1 0c f7f6a75e d16b4e92 0000ffff
0 16 17 1 1d aaaaaaaa 55555555 baefa79c
0 1a 18 1 11 7fffffff 06432f10 39dc6e82
0 10 00 1 10 01ca93e5 00000001 00000000
0 1b 0d 1 11 deadbeef 318418c9 992fa287
0 0e 0b 0 15 ae7079bd 61ccec8e d16b4e92
0 10 10 1 10 55555555 01ca93e5 01ca93e5
0 09 1c 1 09 55555555 4c518a7c ae401fd7
0 16 19 1 00 00000001 55555555 0000ffff
0 1a 16 1 00 ebe9b03a 06432f10 55555555
0 01 14 0 0b 7b10ba70 2b7c25c1 00000000
0 1b 06 0 00 cafebabe 318418c9 93cfa0d6
0 00 19 1 1f 0d76fb41 00000000 0000ffff
0 11 09 1 04 d0beb765 deadbeef 55555555
0 09 0c 0 0f 022b9555 55555555 f7f6a75e
0 09 09 1 09 df9bf50e 55555555 55555555
0 17 09 0 14 072952d9 baefa79c df9bf50e
0 14 06 1 1b ca3d9554 00000000 93cfa0d6
0 02 05 1 0d e944f767 57879add 00000000
0 00 19 1 19 0f9c1b3b 00000000 0000ffff
0 10 0c 1 05 8b3bbccd 55555555 f7f6a75e
0 1d 0a 0 1f 9a886cb4 aaaaaaaa 48516f15
0 0b 05 1 16 93d936f2 d16b4e92 8b3bbccd
0 11 12 0 0d 80000000 deadbeef a49f64ed
0 05 00 0 0b 0000ffff 8b3bbccd 00000000
0 0e 11 0 1c 44f1fee4 61ccec8e deadbeef
0 05 1e 1 1e dae58441 8b3bbccd 6d614bb8
0 18 03 1 18 dbbda138 39dc6e82 0000ffff
0 1d 0c 1 09 da16e7b5 aaaaaaaa f7f6a75e
0 00 00 0 00 e561889f 00000000 00000000
0 0c 16 1 11 99cf9679 f7f6a75e 93d936f2
0 03 03 0 0c deadbeef 0000ffff 0000ffff
0 1b 0b 0 05 331e3050 ca3d9554 d16b4e92
0 13 07 1 0b 0b41d495 92eaade1 0a99c7b8
0 12 12 1 12 d789d3e6 a49f64ed a49f64ed
0 1a 1a 1 1a 4945dc2b 06432f10 06432f10
0 1a 05 0 00 0180e2c6 4945dc2b 8b3bbccd
0 02 0c 1 0f ffffffff 57879add f7f6a75e
0 1e 00 1 1e 80000000 dae58441 00000000
0 12 12 1 12 b69cc092 d789d3e6 d789d3e6
0 0a 18 0 0f aaaaaaaa 48516f15 dbbda138
0 00 1a 1 12 08ec97c0 00000000 4945dc2b
0 04 14 1 03 d7dfee46 d0beb765 00000000
0 05 05 1 05 aaaaaaaa 8b3bbccd 8b3bbccd
0 16 12 1 14 00000001 93d936f2 08ec97c0
0 09 00 1 1f 203c1648 da16e7b5 00000000
0 0c 10 1 12 00659485 f7f6a75e 55555555
0 0c 08 0 0b 28eb2d8c f7f6a75e aecf5a8d
0 1c 12 1 0a 38e6248f ae401fd7 00659485
0 16 16 0 16 379c6b60 93d936f2 93d936f2
0 16 16 0 00 00000000 93d936f2 93d936f2
0 1f 1c 0 03 940bc2eb 203c1648 ae401fd7
0 07 1b 1 0a ffffffff 0a99c7b8 ca3d9554
0 06 1d 0 01 0000ffff 93cfa0d6 aaaaaaaa
0 05 12 0 1a d388dd46 aaaaaaaa 00659485
0 07 14 1 02 9496e52a 0a99c7b8 00000001
0 00 1b 0 12 414595f3 00000000 ca3d9554
0 18 00 1 0a 8ede0ae4 dbbda138 00000000
0 18 12 1 10 45f2e3ec dbbda138 00659485
0 15 1c 0 11 39294470 80000000 ae401fd7
0 11 0a 1 15 55555555 99cf9679 8ede0ae4
0 08 1c 1 0c 7fffffff aecf5a8d ae401fd7
0 15 0c 0 1c 506afe4f 55555555 7fffffff
0 18 0c 0 0a f1b4f9a9 dbbda138 7fffffff
0 14 1f 0 1a 30f0dfeb 00000001 203c1648
0 14 10 1 12 86759448 00000001 45f2e3ec
0 07 09 1 12 7c4485b5 0a99c7b8 da16e7b5
0 14 12 1 11 55555555 00000001 7c4485b5
0 03 0e 1 0e 1431fd69 d7dfee46 61ccec8e
0 14 1a 0 06 850c901c 00000001 4945dc2b
0 0f 13 0 0a ffffffff ffffffff 92eaade1
0 0d 16 1 0a aaaaaaaa e944f767 93d936f2
0 12 06 1 12 29f77c13 7c4485b5 93cfa0d6
0 14 0a 0 00 ad3fec31 00000001 aaaaaaaa
0 04 16 1 11 cafebabe d0beb765 93d936f2
0 15 1e 1 10 deadbeef 55555555 80000000
0 04 05 1 13 72da3a53 d0beb765 aaaaaaaa
0 1d 10 0 07 f3b0c8c5 aaaaaaaa deadbeef
0 16 1a 1 02 8c84b73a 93d936f2 4945dc2b
0 00 0d 0 1d adf017dc 00000000 e944f767
0 0a 0c 1 15 deadbeef aaaaaaaa 7fffffff
0 11 00 1 0b e094f2b4 cafebabe 00000000
0 0f 18 1 06 da3e52b1 ffffffff dbbda138
0 09 0c 1 1f 912ff1a8 da16e7b5 7fffffff
0 08 08 0 09 ffffffff aecf5a8d aecf5a8d
0 10 19 0 03 deadbeef deadbeef 0f9c1b3b
0 1b 18 0 17 225a4e47 ca3d9554 dbbda138
0 1f 15 1 04 35aba7ad 912ff1a8 deadbeef
0 00 09 1 14 89759382 00000000 da16e7b5
0 09 09 0 09 2d9cfcf9 da16e7b5 da16e7b5
0 09 09 0 00 00000000 da16e7b5 da16e7b5
0 12 04 1 0f 52a391f1 29f77c13 35aba7ad
0 00 00 1 13 086920de 00000000 00000000
0 1b 1b 1 1d 69eb32c7 ca3d9554 ca3d9554
0 0a 07 1 0a 8604279d aaaaaaaa 0a99c7b8
0 14 0a 1 14 9c5f190c 89759382 8604279d
0 04 1f 1 1f 4666cd36 35aba7ad 912ff1a8
0 07 0e 1 10 2e39df88 0a99c7b8 1431fd69
0 10 10 1 10 9ce28e19 2e39df88 2e39df88
0 06 0e 0 13 f8f6d7aa da3e52b1 1431fd69
0 1c 12 0 00 ffffffff ae401fd7 29f77c13
0 09 10 1 0d ffffffff da16e7b5 9ce28e19
0 11 13 1 03 55555555 cafebabe 086920de
0 09 01 0 0c 7b62fc23 da16e7b5 2b7c25c1
0 1a 04 1 1e 26736ad5 4945dc2b 35aba7ad
0 06 00 1 11 0000ffff da3e52b1 00000000
0 18 10 1 0c ef876424 dbbda138 9ce28e19
0 00 13 1 07 7fffffff 00000000 086920de
0 03 03 1 03 f92afd9d 55555555 55555555
0 1f 1f 0 1f 78538d91 4666cd36 4666cd36
0 1f 1f 0 00 00000000 4666cd36 4666cd36
0 01 1e 1 01 8ec09788 2b7c25c1 26736ad5
0 0f 00 0 1b b4c9cae5 52a391f1 00000000
0 12 0f 0 09 f38bf26a 29f77c13 52a391f1
0 06 0c 1 03 7e61e64f da3e52b1 ef876424
0 0c 00 1 0d b04ae294 ef876424 00000000
0 12 00 0 13 eaf06024 29f77c13 00000000
0 1a 16 0 10 b0315b56 4945dc2b 93d936f2
0 0b 0b 1 0b 3f901e29 e094f2b4 e094f2b4
0 03 1a 1 09 cafebabe 7e61e64f 4945dc2b
0 0e 1a 1 0e 9c9060dd 1431fd69 4945dc2b
0 19 11 1 16 cafebabe 0f9c1b3b 0000ffff
0 0c 0c 1 0c 55555555 ef876424 ef876424
0 08 00 1 08 52a24226 aecf5a8d 00000000
0 16 06 1 06 448cafe5 cafebabe da3e52b1
0 06 06 0 00 00000000 448cafe5 448cafe5
0 00 06 1 00 00000001 00000000 448cafe5
0 1f 00 1 00 1c3e0dc9 4666cd36 00000000
0 1a 15 1 15 ffffffff 4945dc2b deadbeef
0 11 1a 1 11 73d04baa 0000ffff 4945dc2b
0 01 16 1 00 ac40d721 8ec09788 cafebabe
0 09 10 1 13 ffffffff cafebabe 9ce28e19
0 17 00 1 07 d0c055fe baefa79c 00000000
0 07 11 1 03 3a783001 d0c055fe 73d04baa
# --- read-back sweep ---
# i_rst i_rs1_raddr i_rs2_raddr i_rd_wen i_rd_waddr i_rd_wdata | o_rs1_rdata
#     o_rs2_rdata
0 00 1f 0 00 00000000 00000000 4666cd36
0 01 1e 0 00 00000000 8ec09788 26736ad5
0 02 1d 0 00 00000000 8c84b73a 69eb32c7
0 03 1c 0 00 00000000 3a783001 ae401fd7
0 04 1b 0 00 00000000 35aba7ad ca3d9554
0 05 1a 0 00 00000000 aaaaaaaa 4945dc2b
0 06 19 0 00 00000000 448cafe5 0f9c1b3b
0 07 18 0 00 00000000 d0c055fe dbbda138
0 08 17 0 00 00000000 52a24226 baefa79c
0 09 16 0 00 00000000 cafebabe cafebabe
0 0a 15 0 00 00000000 8604279d ffffffff
0 0b 14 0 00 00000000 3f901e29 9c5f190c
0 0c 13 0 00 00000000 55555555 ffffffff
0 0d 12 0 00 00000000 b04ae294 29f77c13
0 0e 11 0 00 00000000 9c9060dd 73d04baa
0 0f 10 0 00 00000000 52a391f1 9ce28e19
0 10 0f 0 00 00000000 9ce28e19 52a391f1
0 11 0e 0 00 00000000 73d04baa 9c9060dd
0 12 0d 0 00 00000000 29f77c13 b04ae294
0 13 0c 0 00 00000000 ffffffff 55555555
0 14 0b 0 00 00000000 9c5f190c 3f901e29
0 15 0a 0 00 00000000 ffffffff 8604279d
0 16 09 0 00 00000000 cafebabe cafebabe
0 17 08 0 00 00000000 baefa79c 52a24226
0 18 07 0 00 00000000 dbbda138 d0c055fe
0 19 06 0 00 00000000 0f9c1b3b 448cafe5
0 1a 05 0 00 00000000 4945dc2b aaaaaaaa
0 1b 04 0 00 00000000 ca3d9554 35aba7ad
0 1c 03 0 00 00000000 ae401fd7 3a783001
0 1d 02 0 00 00000000 69eb32c7 8c84b73a
0 1e 01 0 00 00000000 26736ad5 8ec09788
0 1f 00 0 00 00000000 4666cd36 00000000
0 0c 01 0 00 00000000 55555555 8ec09788
0 11 0f 0 13 11d541ff 73d04baa 52a391f1
0 18 14 0 00 222dab77 dbbda138 9c5f190c
0 15 15 0 15 28dc4e9f ffffffff ffffffff
0 15 15 0 00 00000000 ffffffff ffffffff
0 1f 0a 1 00 b7c3dc0b 4666cd36 8604279d
0 02 00 0 16 80000000 8c84b73a 00000000
0 16 11 1 1b 00000000 cafebabe 73d04baa
0 14 10 1 00 9a4b26e0 9c5f190c 9ce28e19
0 09 13 0 0c f8aae3a8 cafebabe ffffffff
0 00 00 1 00 9c0f17d7 00000000 00000000
0 00 00 1 00 66eac212 00000000 00000000
# --- read-back sweep ---
# i_rst i_rs1_raddr i_rs2_raddr i_rd_wen i_rd_waddr i_rd_wdata | o_rs1_rdata
#     o_rs2_rdata
0 00 1f 0 00 00000000 00000000 4666cd36
0 01 1e 0 00 00000000 8ec09788 26736ad5
0 02 1d 0 00 00000000 8c84b73a 69eb32c7
0 03 1c 0 00 00000000 3a783001 ae401fd7
0 04 1b 0 00 00000000 35aba7ad 00000000
0 05 1a 0 00 00000000 aaaaaaaa 4945dc2b
0 06 19 0 00 00000000 448cafe5 0f9c1b3b
0 07 18 0 00 00000000 d0c055fe dbbda138
0 08 17 0 00 00000000 52a24226 baefa79c
0 09 16 0 00 00000000 cafebabe cafebabe
0 0a 15 0 00 00000000 8604279d ffffffff
0 0b 14 0 00 00000000 3f901e29 9c5f190c
0 0c 13 0 00 00000000 55555555 ffffffff
0 0d 12 0 00 00000000 b04ae294 29f77c13
0 0e 11 0 00 00000000 9c9060dd 73d04baa
0 0f 10 0 00 00000000 52a391f1 9ce28e19
0 10 0f 0 00 00000000 9ce28e19 52a391f1
0 11 0e 0 00 00000000 73d04baa 9c9060dd
0 12 0d 0 00 00000000 29f77c13 b04ae294
0 13 0c 0 00 00000000 ffffffff 55555555
0 14 0b 0 00 00000000 9c5f190c 3f901e29
0 15 0a 0 00 00000000 ffffffff 8604279d
0 16 09 0 00 00000000 cafebabe cafebabe
0 17 08 0 00 00000000 baefa79c 52a24226
0 18 07 0 00 00000000 dbbda138 d0c055fe
0 19 06 0 00 00000000 0f9c1b3b 448cafe5
0 1a 05 0 00 00000000 4945dc2b aaaaaaaa
0 1b 04 0 00 00000000 00000000 35aba7ad
0 1c 03 0 00 00000000 ae401fd7 3a783001
0 1d 02 0 00 00000000 69eb32c7 8c84b73a
0 1e 01 0 00 00000000 26736ad5 8ec09788
0 1f 00 0 00 00000000 4666cd36 00000000
0 0d 01 1 11 90c8f6e0 b04ae294 8ec09788
0 0e 11 1 06 01c4daeb 9c9060dd 90c8f6e0
0 09 17 1 17 5847062d cafebabe baefa79c
0 07 0c 1 14 ffffffff d0c055fe 55555555
0 0c 08 1 03 0278b4f5 55555555 52a24226
0 0c 15 1 07 b665c86f 55555555 ffffffff
0 1d 1e 1 17 ac8dc109 69eb32c7 26736ad5
0 16 0e 1 11 80000000 cafebabe 9c9060dd
0 0c 0c 0 0c 6890daba 55555555 55555555
0 0c 0c 0 00 00000000 55555555 55555555
0 07 1c 1 07 94345907 b665c86f ae401fd7
# --- read-back sweep ---
# i_rst i_rs1_raddr i_rs2_raddr i_rd_wen i_rd_waddr i_rd_wdata | o_rs1_rdata
#     o_rs2_rdata
0 00 1f 0 00 00000000 00000000 4666cd36
0 01 1e 0 00 00000000 8ec09788 26736ad5
0 02 1d 0 00 00000000 8c84b73a 69eb32c7
0 03 1c 0 00 00000000 0278b4f5 ae401fd7
0 04 1b 0 00 00000000 35aba7ad 00000000
0 05 1a 0 00 00000000 aaaaaaaa 4945dc2b
0 06 19 0 00 00000000 01c4daeb 0f9c1b3b
0 07 18 0 00 00000000 94345907 dbbda138
0 08 17 0 00 00000000 52a24226 ac8dc109
0 09 16 0 00 00000000 cafebabe cafebabe
0 0a 15 0 00 00000000 8604279d ffffffff
0 0b 14 0 00 00000000 3f901e29 ffffffff
0 0c 13 0 00 00000000 55555555 ffffffff
0 0d 12 0 00 00000000 b04ae294 29f77c13
0 0e 11 0 00 00000000 9c9060dd 80000000
0 0f 10 0 00 00000000 52a391f1 9ce28e19
0 10 0f 0 00 00000000 9ce28e19 52a391f1
0 11 0e 0 00 00000000 80000000 9c9060dd
0 12 0d 0 00 00000000 29f77c13 b04ae294
0 13 0c 0 00 00000000 ffffffff 55555555
0 14 0b 0 00 00000000 ffffffff 3f901e29
0 15 0a 0 00 00000000 ffffffff 8604279d
0 16 09 0 00 00000000 cafebabe cafebabe
0 17 08 0 00 00000000 ac8dc109 52a24226
0 18 07 0 00 00000000 dbbda138 94345907
0 19 06 0 00 00000000 0f9c1b3b 01c4daeb
0 1a 05 0 00 00000000 4945dc2b aaaaaaaa
0 1b 04 0 00 00000000 00000000 35aba7ad
0 1c 03 0 00 00000000 ae401fd7 0278b4f5
0 1d 02 0 00 00000000 69eb32c7 8c84b73a
0 1e 01 0 00 00000000 26736ad5 8ec09788
0 1f 00 0 00 00000000 4666cd36 00000000
0 11 11 0 00 eaf90596 80000000 80000000
0 09 1e 1 1e 5ee477d7 cafebabe 26736ad5
0 1a 03 1 13 82105c8f 4945dc2b 0278b4f5
0 0b 17 0 17 6bc4ce3f 3f901e29 ac8dc109
0 1d 1a 1 12 ccaeb0a5 69eb32c7 4945dc2b
0 1d 1d 1 1d dfc62e9d 69eb32c7 69eb32c7
0 0e 13 1 0e 0457460e 9c9060dd 82105c8f
0 0d 0d 1 0d 3d5b792d b04ae294 b04ae294
0 11 00 1 1a d680132e 80000000 00000000
0 04 1b 1 00 7f849704 35aba7ad 00000000
0 1e 1e 1 1e 4b5ae7c6 5ee477d7 5ee477d7
0 0e 09 1 0e 55555555 0457460e cafebabe
0 12 0e 1 1d b58d4429 ccaeb0a5 55555555
0 12 04 0 12 6e4e400d ccaeb0a5 35aba7ad
0 0c 05 1 14 6dc1f49a 55555555 aaaaaaaa
0 14 14 0 00 00000000 6dc1f49a 6dc1f49a
0 1d 1d 0 1d 996ffa76 b58d4429 b58d4429
0 1d 1d 0 00 00000000 b58d4429 b58d4429
0 19 00 1 14 d6cfe85f 0f9c1b3b 00000000
0 1e 14 1 1e 0ad6dcfb 4b5ae7c6 d6cfe85f
0 10 0b 1 15 cd812e69 9ce28e19 3f901e29
0 0d 18 1 19 c7942956 3d5b792d dbbda138
0 1f 04 0 12 55555555 4666cd36 35aba7ad
0 13 17 1 14 f4419702 82105c8f ac8dc109
0 14 14 0 00 00000000 f4419702 f4419702
0 11 10 1 1b 55555555 80000000 9ce28e19
0 0a 0a 0 0a 71a548b6 8604279d 8604279d
0 0a 0a 0 00 00000000 8604279d 8604279d
0 1d 15 0 0f 00000000 b58d4429 cd812e69
0 10 08 0 0e 00000001 9ce28e19 52a24226
0 00 0d 0 13 4c054209 00000000 3d5b792d
0 14 1a 1 15 4ab69459 f4419702 d680132e
0 15 15 0 00 00000000 4ab69459 4ab69459
0 10 0e 1 19 9528f0b8 9ce28e19 55555555
0 1d 14 0 19 896b1f19 b58d4429 f4419702
0 19 1d 0 04 aaaaaaaa 9528f0b8 b58d4429
0 1f 00 0 05 b3ec14ff 4666cd36 00000000
0 09 09 1 09 dcb78f19 cafebabe cafebabe
0 1c 05 1 13 45c640ca ae401fd7 aaaaaaaa
0 15 16 1 15 f76f0800 4ab69459 cafebabe
0 03 00 1 1e f1959d41 0278b4f5 00000000
0 1e 1e 0 14 9b540ea5 f1959d41 f1959d41
0 12 04 0 18 6b5fd9f9 ccaeb0a5 35aba7ad
0 15 15 1 15 cee246c1 f76f0800 f76f0800
0 19 16 0 1b 766bda31 9528f0b8 cafebabe
0 14 00 1 12 bf69c812 f4419702 00000000
0 0c 04 1 0c 029025da 55555555 35aba7ad
0 1c 05 1 1c a80bef05 ae401fd7 aaaaaaaa
0 0c 0c 0 0c 8f83700b 029025da 029025da
0 0c 0c 0 00 00000000 029025da 029025da
# --- read-back sweep ---
# i_rst i_rs1_raddr i_rs2_raddr i_rd_wen i_rd_waddr i_rd_wdata | o_rs1_rdata
#     o_rs2_rdata
0 00 1f 0 00 00000000 00000000 4666cd36
0 01 1e 0 00 00000000 8ec09788 f1959d41
0 02 1d 0 00 00000000 8c84b73a b58d4429
0 03 1c 0 00 00000000 0278b4f5 a80bef05
0 04 1b 0 00 00000000 35aba7ad 55555555
0 05 1a 0 00 00000000 aaaaaaaa d680132e
0 06 19 0 00 00000000 01c4daeb 9528f0b8
0 07 18 0 00 00000000 94345907 dbbda138
0 08 17 0 00 00000000 52a24226 ac8dc109
0 09 16 0 00 00000000 dcb78f19 cafebabe
0 0a 15 0 00 00000000 8604279d cee246c1
0 0b 14 0 00 00000000 3f901e29 f4419702
0 0c 13 0 00 00000000 029025da 45c640ca
0 0d 12 0 00 00000000 3d5b792d bf69c812
0 0e 11 0 00 00000000 55555555 80000000
0 0f 10 0 00 00000000 52a391f1 9ce28e19
0 10 0f 0 00 00000000 9ce28e19 52a391f1
0 11 0e 0 00 00000000 80000000 55555555
0 12 0d 0 00 00000000 bf69c812 3d5b792d
0 13 0c 0 00 00000000 45c640ca 029025da
0 14 0b 0 00 00000000 f4419702 3f901e29
0 15 0a 0 00 00000000 cee246c1 8604279d
0 16 09 0 00 00000000 cafebabe dcb78f19
0 17 08 0 00 00000000 ac8dc109 52a24226
0 18 07 0 00 00000000 dbbda138 94345907
0 19 06 0 00 00000000 9528f0b8 01c4daeb
0 1a 05 0 00 00000000 d680132e aaaaaaaa
0 1b 04 0 00 00000000 55555555 35aba7ad
0 1c 03 0 00 00000000 a80bef05 0278b4f5
0 1d 02 0 00 00000000 b58d4429 8c84b73a
0 1e 01 0 00 00000000 f1959d41 8ec09788
0 1f 00 0 00 00000000 4666cd36 00000000
0 09 03 1 12 ba6f587d dcb78f19 0278b4f5
0 12 12 0 00 00000000 ba6f587d ba6f587d
0 19 19 1 19 b0c50ce9 9528f0b8 9528f0b8
0 1d 1b 0 05 deadbeef b58d4429 55555555
0 1b 12 1 12 7fffffff 55555555 ba6f587d
0 00 1e 0 03 a3dbfff2 00000000 f1959d41
0 12 0d 0 03 8daf5ba0 7fffffff 3d5b792d
0 19 03 1 03 1cd9b59a b0c50ce9 0278b4f5
0 0d 17 0 10 deadbeef 3d5b792d ac8dc109
0 07 10 1 0b 9bb91fb0 94345907 9ce28e19
0 0d 0d 1 0d 00000001 3d5b792d 3d5b792d
0 0b 01 1 1f 44494b53 9bb91fb0 8ec09788
0 1f 1f 0 00 00000000 44494b53 44494b53
0 00 02 0 15 d7f84e06 00000000 8c84b73a
0 0c 18 1 0a 207cf42d 029025da dbbda138
0 1a 1a 0 1a 3e052716 d680132e d680132e
0 1a 1a 0 00 00000000 d680132e d680132e
0 12 09 0 12 d71edb57 7fffffff dcb78f19
0 18 00 1 1b 31cf356c dbbda138 00000000
0 00 1b 0 03 76a32e84 00000000 31cf356c
0 11 14 1 11 cafebabe 80000000 f4419702
0 12 00 1 1c a0675045 7fffffff 00000000
0 07 10 1 1e f5935aa8 94345907 9ce28e19
0 1b 0f 0 1b ffffffff 31cf356c 52a391f1
0 14 15 0 03 c9a4f481 f4419702 cee246c1
0 16 04 1 10 00000001 cafebabe 35aba7ad
0 19 09 1 05 6af5b308 b0c50ce9 dcb78f19
0 1b 17 0 01 18e541da 31cf356c ac8dc109
0 0a 08 1 0a 88c32ecb 207cf42d 52a24226
0 06 0e 1 06 8c11ca5b 01c4daeb 55555555
0 19 09 1 13 00000001 b0c50ce9 dcb78f19
0 18 0f 0 13 8be2b322 dbbda138 52a391f1
0 14 1e 1 0f 0000ffff f4419702 f5935aa8
0 00 0b 1 12 fc1a96de 00000000 9bb91fb0
0 12 12 0 00 00000000 fc1a96de fc1a96de
0 00 05 1 00 7352d938 00000000 6af5b308
0 1b 1f 1 1b 7fffffff 31cf356c 44494b53
0 0f 06 1 0f 30869105 0000ffff 8c11ca5b
0 0f 0c 1 19 45d182fd 30869105 029025da
0 15 00 1 14 e3aad0eb cee246c1 00000000
0 08 1f 0 15 f358b829 52a24226 44494b53
0 02 1d 1 13 05488df9 8c84b73a b58d4429
0 18 1a 0 0c f1e9c234 dbbda138 d680132e
0 1e 00 0 11 9f192a3f f5935aa8 00000000
0 05 13 1 12 77cd88e1 6af5b308 05488df9
0 0f 1b 1 10 f8ca3b20 30869105 7fffffff
0 0e 07 1 1b a934c3cc 55555555 94345907
0 12 0b 0 01 ca10785d 77cd88e1 9bb91fb0
0 17 09 1 0e 1945bda9 ac8dc109 dcb78f19
0 1d 0e 0 00 82d1c595 b58d4429 1945bda9
0 11 0d 1 11 2833536a cafebabe 00000001
0 00 0e 1 1b 608bd33d 00000000 1945bda9
0 1b 1b 0 00 00000000 608bd33d 608bd33d
0 15 05 0 17 ffffffff cee246c1 6af5b308
0 00 0f 0 05 b392a339 00000000 30869105
0 16 05 1 16 a26e1ce0 cafebabe 6af5b308
0 1f 05 1 1f 55555555 44494b53 6af5b308
0 1d 17 0 11 7d966b7d b58d4429 ac8dc109
0 1b 1b 1 1b 00000001 608bd33d 608bd33d
0 1e 01 1 18 c547d4bf f5935aa8 8ec09788
0 07 14 1 07 903e5a2d 94345907 e3aad0eb
0 0e 00 0 0d 576358c0 1945bda9 00000000
0 07 18 0 13 44f4596f 903e5a2d c547d4bf
0 19 02 1 14 7fffffff 45d182fd 8c84b73a
0 04 01 1 18 340011f9 35aba7ad 8ec09788
0 00 0e 0 01 03281708 00000000 1945bda9
0 18 18 0 18 df2a7898 340011f9 340011f9
0 18 18 0 00 00000000 340011f9 340011f9
0 18 0e 1 18 5b799e6f 340011f9 1945bda9
# --- read-back sweep ---
# i_rst i_rs1_raddr i_rs2_raddr i_rd_wen i_rd_waddr i_rd_wdata | o_rs1_rdata
#     o_rs2_rdata
0 00 1f 0 00 00000000 00000000 55555555
0 01 1e 0 00 00000000 8ec09788 f5935aa8
0 02 1d 0 00 00000000 8c84b73a b58d4429
0 03 1c 0 00 00000000 1cd9b59a a0675045
0 04 1b 0 00 00000000 35aba7ad 00000001
0 05 1a 0 00 00000000 6af5b308 d680132e
0 06 19 0 00 00000000 8c11ca5b 45d182fd
0 07 18 0 00 00000000 903e5a2d 5b799e6f
0 08 17 0 00 00000000 52a24226 ac8dc109
0 09 16 0 00 00000000 dcb78f19 a26e1ce0
0 0a 15 0 00 00000000 88c32ecb cee246c1
0 0b 14 0 00 00000000 9bb91fb0 7fffffff
0 0c 13 0 00 00000000 029025da 05488df9
0 0d 12 0 00 00000000 00000001 77cd88e1
0 0e 11 0 00 00000000 1945bda9 2833536a
0 0f 10 0 00 00000000 30869105 f8ca3b20
0 10 0f 0 00 00000000 f8ca3b20 30869105
0 11 0e 0 00 00000000 2833536a 1945bda9
0 12 0d 0 00 00000000 77cd88e1 00000001
0 13 0c 0 00 00000000 05488df9 029025da
0 14 0b 0 00 00000000 7fffffff 9bb91fb0
0 15 0a 0 00 00000000 cee246c1 88c32ecb
0 16 09 0 00 00000000 a26e1ce0 dcb78f19
0 17 08 0 00 00000000 ac8dc109 52a24226
0 18 07 0 00 00000000 5b799e6f 903e5a2d
0 19 06 0 00 00000000 45d182fd 8c11ca5b
0 1a 05 0 00 00000000 d680132e 6af5b308
0 1b 04 0 00 00000000 00000001 35aba7ad
0 1c 03 0 00 00000000 a0675045 1cd9b59a
0 1d 02 0 00 00000000 b58d4429 8c84b73a
0 1e 01 0 00 00000000 f5935aa8 8ec09788
0 1f 00 0 00 00000000 55555555 00000000
0 02 01 0 01 ffffffff 8c84b73a 8ec09788
0 0e 17 1 1d 82127e65 1945bda9 ac8dc109
0 16 08 1 08 c93e53e7 a26e1ce0 52a24226
0 0e 01 0 11 80000000 1945bda9 8ec09788
0 1e 0b 1 13 887a83b3 f5935aa8 9bb91fb0
0 16 02 1 12 172c69ca a26e1ce0 8c84b73a
0 1b 1b 1 1b ffffffff 00000001 00000001
0 0e 07 1 08 2d8c23a4 1945bda9 903e5a2d
0 0c 1c 0 03 a8c52119 029025da a0675045
0 11 0a 0 00 a6d1dfca 2833536a 88c32ecb
0 1e 03 0 18 0cdb5c9d f5935aa8 1cd9b59a
0 1e 14 1 01 fc5b3326 f5935aa8 7fffffff
0 0e 1f 1 0c ffffffff 1945bda9 55555555
0 1e 17 0 17 a3edbaaf f5935aa8 ac8dc109
0 19 1b 1 19 6bc54850 45d182fd ffffffff
0 19 13 0 02 453d0e94 6bc54850 887a83b3
0 11 07 1 07 8bbec551 2833536a 903e5a2d
0 00 02 1 00 036d815a 00000000 8c84b73a
0 00 0f 1 1d 69cfd669 00000000 30869105
0 1d 1d 0 00 00000000 69cfd669 69cfd669
0 00 19 0 03 223370ab 00000000 6bc54850
0 0c 00 1 1f 0000ffff ffffffff 00000000
0 07 0c 1 03 d384cae5 8bbec551 ffffffff
0 05 00 1 00 cafebabe 6af5b308 00000000
0 00 18 1 00 36dc4cb1 00000000 5b799e6f
0 16 18 0 02 f26f8458 a26e1ce0 5b799e6f
0 14 1f 0 09 be6b5841 7fffffff 0000ffff
0 07 1e 0 00 33a69eea 8bbec551 f5935aa8
0 1b 03 1 12 d7ddd2f4 ffffffff d384cae5
0 1a 1f 1 0b deadbeef d680132e 0000ffff
0 0a 06 1 1d 9c431f1d 88c32ecb 8c11ca5b
0 14 15 0 17 fefd97bb 7fffffff cee246c1
0 02 0d 1 02 c4698b67 8c84b73a 00000001
0 00 0f 1 13 cafebabe 00000000 30869105
0 06 0d 1 17 ffffffff 8c11ca5b 00000001
0 11 0a 1 00 aaaaaaaa 2833536a 88c32ecb
0 16 12 1 09 87310bf3 a26e1ce0 d7ddd2f4
0 0c 0c 1 0c 32af918c ffffffff ffffffff
0 00 12 1 12 a5f0f0b7 00000000 d7ddd2f4
0 17 0c 0 0c 566ea184 ffffffff 32af918c
0 0c 1a 0 18 b38ac5f3 32af918c d680132e
0 08 0a 1 01 326311ea 2d8c23a4 88c32ecb
0 13 03 1 1a 8c218009 cafebabe d384cae5
0 17 16 1 08 fe702bee ffffffff a26e1ce0
0 07 0e 0 00 4a78ea98 8bbec551 1945bda9
0 12 1d 0 06 55d77f6a a5f0f0b7 9c431f1d
0 0d 1d 1 11 e50c0edb 00000001 9c431f1d
0 18 02 1 1c 7ac770ef 5b799e6f c4698b67
0 14 0e 1 0b 80000000 7fffffff 1945bda9
0 12 1b 0 0a 00000000 a5f0f0b7 ffffffff
0 12 12 1 12 bf2ec7de a5f0f0b7 a5f0f0b7
0 02 0e 1 02 a31e3290 c4698b67 1945bda9
0 13 1a 0 14 ba7f2657 cafebabe 8c218009
0 17 17 1 17 632311fe ffffffff ffffffff
0 00 15 0 09 6a2753c0 00000000 cee246c1
0 19 12 1 0a ce5127f8 6bc54850 bf2ec7de
0 1e 05 1 0f 173720b1 f5935aa8 6af5b308
0 14 1e 1 00 9157e76d 7fffffff f5935aa8
0 04 00 0 18 29a7dec8 35aba7ad 00000000
0 11 1d 1 00 4b87039a e50c0edb 9c431f1d
0 08 01 1 08 aaaaaaaa fe702bee 326311ea
0 0c 0c 1 0c 9b0b4e52 32af918c 32af918c
0 00 19 0 14 ffffffff 00000000 6bc54850
0 00 07 0 0e ffffffff 00000000 8bbec551
# --- read-back sweep ---
# i_rst i_rs1_raddr i_rs2_raddr i_rd_wen i_rd_waddr i_rd_wdata | o_rs1_rdata
#     o_rs2_rdata
0 00 1f 0 00 00000000 00000000 0000ffff
0 01 1e 0 00 00000000 326311ea f5935aa8
0 02 1d 0 00 00000000 a31e3290 9c431f1d
0 03 1c 0 00 00000000 d384cae5 7ac770ef
0 04 1b 0 00 00000000 35aba7ad ffffffff
0 05 1a 0 00 00000000 6af5b308 8c218009
0 06 19 0 00 00000000 8c11ca5b 6bc54850
0 07 18 0 00 00000000 8bbec551 5b799e6f
0 08 17 0 00 00000000 aaaaaaaa 632311fe
0 09 16 0 00 00000000 87310bf3 a26e1ce0
0 0a 15 0 00 00000000 ce5127f8 cee246c1
0 0b 14 0 00 00000000 80000000 7fffffff
0 0c 13 0 00 00000000 9b0b4e52 cafebabe
0 0d 12 0 00 00000000 00000001 bf2ec7de
0 0e 11 0 00 00000000 1945bda9 e50c0edb
0 0f 10 0 00 00000000 173720b1 f8ca3b20
0 10 0f 0 00 00000000 f8ca3b20 173720b1
0 11 0e 0 00 00000000 e50c0edb 1945bda9
0 12 0d 0 00 00000000 bf2ec7de 00000001
0 13 0c 0 00 00000000 cafebabe 9b0b4e52
0 14 0b 0 00 00000000 7fffffff 80000000
0 15 0a 0 00 00000000 cee246c1 ce5127f8
0 16 09 0 00 00000000 a26e1ce0 87310bf3
0 17 08 0 00 00000000 632311fe aaaaaaaa
0 18 07 0 00 00000000 5b799e6f 8bbec551
0 19 06 0 00 00000000 6bc54850 8c11ca5b
0 1a 05 0 00 00000000 8c218009 6af5b308
0 1b 04 0 00 00000000 ffffffff 35aba7ad
0 1c 03 0 00 00000000 7ac770ef d384cae5
0 1d 02 0 00 00000000 9c431f1d a31e3290
0 1e 01 0 00 00000000 f5935aa8 326311ea
0 1f 00 0 00 00000000 0000ffff 00000000
0 15 15 1 15 a29db7f4 cee246c1 cee246c1
0 15 15 1 15 2a7694af a29db7f4 a29db7f4
0 02 00 0 00 00000001 a31e3290 00000000
0 00 1f 1 00 c25e2328 00000000 0000ffff
0 18 07 1 09 6b7f2208 5b799e6f 8bbec551
0 17 0e 1 07 00000001 632311fe 1945bda9
0 18 18 1 18 ac941366 5b799e6f 5b799e6f
0 19 0b 0 1c a1292b61 6bc54850 80000000
0 19 16 1 19 a2a669f0 6bc54850 a26e1ce0
0 15 02 1 00 22bc8347 2a7694af a31e3290
0 0a 17 1 11 5d844eff ce5127f8 632311fe
0 1a 1a 1 07 c4463b7b 8c218009 8c218009
0 00 00 1 0f d85e2a39 00000000 00000000
0 0b 1c 1 0b 0a70e1ae 80000000 7ac770ef
0 14 1a 1 08 e15fdd27 7fffffff 8c218009
0 00 0f 0 03 d16c7d36 00000000 d85e2a39
0 09 0b 0 00 def7499e 6b7f2208 0a70e1ae
0 0e 15 0 07 deadbeef 1945bda9 2a7694af
0 18 1d 0 0b 7fffffff ac941366 9c431f1d
0 17 17 1 17 1fd461bc 632311fe 632311fe
0 17 1b 1 18 aaaaaaaa 1fd461bc ffffffff
0 00 09 0 0a f27b350f 00000000 6b7f2208
0 13 0e 1 13 3e057b29 cafebabe 1945bda9
0 10 02 0 00 a9a560b3 f8ca3b20 a31e3290
0 16 00 1 0e 0000ffff a26e1ce0 00000000
0 1f 0a 1 0d ab24eafa 0000ffff ce5127f8
0 0d 0d 0 00 00000000 ab24eafa ab24eafa
0 03 14 0 0d ffffffff d384cae5 7fffffff
0 1c 11 1 00 670c6d58 7ac770ef 5d844eff
0 06 03 0 0f e3f84b65 8c11ca5b d384cae5
0 0f 00 1 08 d5f40d70 d85e2a39 00000000
0 18 0d 1 08 55555555 aaaaaaaa ab24eafa
0 0c 0c 1 0c 48468e5f 9b0b4e52 9b0b4e52
0 1f 0a 0 1d 00000000 0000ffff ce5127f8
0 12 11 1 0e 65bea9aa bf2ec7de 5d844eff
0 0b 0b 0 0b 9d8661b9 0a70e1ae 0a70e1ae
0 0b 0b 0 00 00000000 0a70e1ae 0a70e1ae
0 12 19 1 0e 00000001 bf2ec7de a2a669f0
0 03 03 1 03 fe44ffd3 d384cae5 d384cae5
0 09 0c 1 09 22557a2b 6b7f2208 48468e5f
0 00 13 1 13 166b495d 00000000 3e057b29
# --- read-back sweep ---
# i_rst i_rs1_raddr i_rs2_raddr i_rd_wen i_rd_waddr i_rd_wdata | o_rs1_rdata
#     o_rs2_rdata
0 00 1f 0 00 00000000 00000000 0000ffff
0 01 1e 0 00 00000000 326311ea f5935aa8
0 02 1d 0 00 00000000 a31e3290 9c431f1d
0 03 1c 0 00 00000000 fe44ffd3 7ac770ef
0 04 1b 0 00 00000000 35aba7ad ffffffff
0 05 1a 0 00 00000000 6af5b308 8c218009
0 06 19 0 00 00000000 8c11ca5b a2a669f0
0 07 18 0 00 00000000 c4463b7b aaaaaaaa
0 08 17 0 00 00000000 55555555 1fd461bc
0 09 16 0 00 00000000 22557a2b a26e1ce0
0 0a 15 0 00 00000000 ce5127f8 2a7694af
0 0b 14 0 00 00000000 0a70e1ae 7fffffff
0 0c 13 0 00 00000000 48468e5f 166b495d
0 0d 12 0 00 00000000 ab24eafa bf2ec7de
0 0e 11 0 00 00000000 00000001 5d844eff
0 0f 10 0 00 00000000 d85e2a39 f8ca3b20
0 10 0f 0 00 00000000 f8ca3b20 d85e2a39
0 11 0e 0 00 00000000 5d844eff 00000001
0 12 0d 0 00 00000000 bf2ec7de ab24eafa
0 13 0c 0 00 00000000 166b495d 48468e5f
0 14 0b 0 00 00000000 7fffffff 0a70e1ae
0 15 0a 0 00 00000000 2a7694af ce5127f8
0 16 09 0 00 00000000 a26e1ce0 22557a2b
0 17 08 0 00 00000000 1fd461bc 55555555
0 18 07 0 00 00000000 aaaaaaaa c4463b7b
0 19 06 0 00 00000000 a2a669f0 8c11ca5b
0 1a 05 0 00 00000000 8c218009 6af5b308
0 1b 04 0 00 00000000 ffffffff 35aba7ad
0 1c 03 0 00 00000000 7ac770ef fe44ffd3
0 1d 02 0 00 00000000 9c431f1d a31e3290
0 1e 01 0 00 00000000 f5935aa8 326311ea
0 1f 00 0 00 00000000 0000ffff 00000000
0 15 10 0 0e 8d332800 2a7694af f8ca3b20
0 09 09 1 09 cafebabe 22557a2b 22557a2b
0 01 04 1 04 5cbe5a4a 326311ea 35aba7ad
0 01 1a 1 01 564374e9 326311ea 8c218009
0 0a 06 1 03 88229a56 ce5127f8 8c11ca5b
0 08 1f 0 15 b4a2629e 55555555 0000ffff
0 04 18 0 03 20413c48 5cbe5a4a aaaaaaaa
0 0f 1f 1 00 f2fafdd8 d85e2a39 0000ffff
0 07 05 1 1b 00000001 c4463b7b 6af5b308
0 00 06 1 0f cc2dd290 00000000 8c11ca5b
0 14 12 0 0b dd0b016e 7fffffff bf2ec7de
0 00 0c 0 08 cafebabe 00000000 48468e5f
0 19 12 0 00 41c74f59 a2a669f0 bf2ec7de
0 0a 14 1 1c fd3c8935 ce5127f8 7fffffff
0 11 06 1 1d 13c31306 5d844eff 8c11ca5b
# --- read-back sweep ---
# i_rst i_rs1_raddr i_rs2_raddr i_rd_wen i_rd_waddr i_rd_wdata | o_rs1_rdata
#     o_rs2_rdata
0 00 1f 0 00 00000000 00000000 0000ffff
0 01 1e 0 00 00000000 564374e9 f5935aa8
0 02 1d 0 00 00000000 a31e3290 13c31306
0 03 1c 0 00 00000000 88229a56 fd3c8935
0 04 1b 0 00 00000000 5cbe5a4a 00000001
0 05 1a 0 00 00000000 6af5b308 8c218009
0 06 19 0 00 00000000 8c11ca5b a2a669f0
0 07 18 0 00 00000000 c4463b7b aaaaaaaa
0 08 17 0 00 00000000 55555555 1fd461bc
0 09 16 0 00 00000000 cafebabe a26e1ce0
0 0a 15 0 00 00000000 ce5127f8 2a7694af
0 0b 14 0 00 00000000 0a70e1ae 7fffffff
0 0c 13 0 00 00000000 48468e5f 166b495d
0 0d 12 0 00 00000000 ab24eafa bf2ec7de
0 0e 11 0 00 00000000 00000001 5d844eff
0 0f 10 0 00 00000000 cc2dd290 f8ca3b20
0 10 0f 0 00 00000000 f8ca3b20 cc2dd290
0 11 0e 0 00 00000000 5d844eff 00000001
0 12 0d 0 00 00000000 bf2ec7de ab24eafa
0 13 0c 0 00 00000000 166b495d 48468e5f
0 14 0b 0 00 00000000 7fffffff 0a70e1ae
0 15 0a 0 00 00000000 2a7694af ce5127f8
0 16 09 0 00 00000000 a26e1ce0 cafebabe
0 17 08 0 00 00000000 1fd461bc 55555555
0 18 07 0 00 00000000 aaaaaaaa c4463b7b
0 19 06 0 00 00000000 a2a669f0 8c11ca5b
0 1a 05 0 00 00000000 8c218009 6af5b308
0 1b 04 0 00 00000000 00000001 5cbe5a4a
0 1c 03 0 00 00000000 fd3c8935 88229a56
0 1d 02 0 00 00000000 13c31306 a31e3290
0 1e 01 0 00 00000000 f5935aa8 564374e9
0 1f 00 0 00 00000000 0000ffff 00000000
0 03 19 0 04 1f7a0330 88229a56 a2a669f0
0 13 11 1 15 1f4bc1ed 166b495d 5d844eff
0 03 1f 1 11 3abdfcd2 88229a56 0000ffff
0 14 16 0 07 67b3629f 7fffffff a26e1ce0
0 1b 00 1 00 039e6bd6 00000001 00000000
0 19 19 0 19 5680b53a a2a669f0 a2a669f0
0 19 19 0 00 00000000 a2a669f0 a2a669f0
0 10 1d 1 12 cafebabe f8ca3b20 13c31306
0 05 16 1 16 06673fae 6af5b308 a26e1ce0
0 16 05 0 17 44c1dbd3 06673fae 6af5b308
# --- read-back sweep ---
# i_rst i_rs1_raddr i_rs2_raddr i_rd_wen i_rd_waddr i_rd_wdata | o_rs1_rdata
#     o_rs2_rdata
0 00 1f 0 00 00000000 00000000 0000ffff
0 01 1e 0 00 00000000 564374e9 f5935aa8
0 02 1d 0 00 00000000 a31e3290 13c31306
0 03 1c 0 00 00000000 88229a56 fd3c8935
0 04 1b 0 00 00000000 5cbe5a4a 00000001
0 05 1a 0 00 00000000 6af5b308 8c218009
0 06 19 0 00 00000000 8c11ca5b a2a669f0
0 07 18 0 00 00000000 c4463b7b aaaaaaaa
0 08 17 0 00 00000000 55555555 1fd461bc
0 09 16 0 00 00000000 cafebabe 06673fae
0 0a 15 0 00 00000000 ce5127f8 1f4bc1ed
0 0b 14 0 00 00000000 0a70e1ae 7fffffff
0 0c 13 0 00 00000000 48468e5f 166b495d
0 0d 12 0 00 00000000 ab24eafa cafebabe
0 0e 11 0 00 00000000 00000001 3abdfcd2
0 0f 10 0 00 00000000 cc2dd290 f8ca3b20
0 10 0f 0 00 00000000 f8ca3b20 cc2dd290
0 11 0e 0 00 00000000 3abdfcd2 00000001
0 12 0d 0 00 00000000 cafebabe ab24eafa
0 13 0c 0 00 00000000 166b495d 48468e5f
0 14 0b 0 00 00000000 7fffffff 0a70e1ae
0 15 0a 0 00 00000000 1f4bc1ed ce5127f8
0 16 09 0 00 00000000 06673fae cafebabe
0 17 08 0 00 00000000 1fd461bc 55555555
0 18 07 0 00 00000000 aaaaaaaa c4463b7b
0 19 06 0 00 00000000 a2a669f0 8c11ca5b
0 1a 05 0 00 00000000 8c218009 6af5b308
0 1b 04 0 00 00000000 00000001 5cbe5a4a
0 1c 03 0 00 00000000 fd3c8935 88229a56
0 1d 02 0 00 00000000 13c31306 a31e3290
0 1e 01 0 00 00000000 f5935aa8 564374e9
0 1f 00 0 00 00000000 0000ffff 00000000
0 1f 1c 1 1f 00000000 0000ffff fd3c8935
0 04 1f 0 02 8ef0e09e 5cbe5a4a 00000000
0 0f 16 1 0b d66f46b9 cc2dd290 06673fae
0 11 0a 0 0e cafebabe 3abdfcd2 ce5127f8
0 04 04 0 04 db4cbce2 5cbe5a4a 5cbe5a4a
0 04 04 0 00 00000000 5cbe5a4a 5cbe5a4a
0 04 04 0 04 6b453bcd 5cbe5a4a 5cbe5a4a
0 04 04 0 00 00000000 5cbe5a4a 5cbe5a4a
0 08 11 0 01 a26991d0 55555555 3abdfcd2
0 01 00 1 09 9ac63445 564374e9 00000000
0 0c 1a 0 1a aaaaaaaa 48468e5f 8c218009
0 09 1e 1 1e f6175aba 9ac63445 f5935aa8
0 05 1d 0 11 ff54e018 6af5b308 13c31306
0 02 12 0 03 00000000 a31e3290 cafebabe
0 17 00 0 00 f1df05c3 1fd461bc 00000000
0 1b 00 1 1b 4776a811 00000001 00000000
0 09 15 1 0e c972204a 9ac63445 1f4bc1ed
0 00 0d 1 05 7fa485cc 00000000 ab24eafa
0 01 01 1 01 51dfd2fb 564374e9 564374e9
0 03 00 0 05 469d021e 88229a56 00000000
0 1e 01 1 1e b6c446b8 f6175aba 51dfd2fb
0 13 11 1 11 7fffffff 166b495d 3abdfcd2
0 05 05 1 05 b6a5c8fd 7fa485cc 7fa485cc
0 1b 00 1 0b ffffffff 4776a811 00000000
0 01 00 1 01 132b5d6b 51dfd2fb 00000000
0 01 14 0 1b 2e4a29b0 132b5d6b 7fffffff
0 09 1d 1 04 00000000 9ac63445 13c31306
0 19 15 1 00 c8da81ed a2a669f0 1f4bc1ed
# --- read-back sweep ---
# i_rst i_rs1_raddr i_rs2_raddr i_rd_wen i_rd_waddr i_rd_wdata | o_rs1_rdata
#     o_rs2_rdata
0 00 1f 0 00 00000000 00000000 00000000
0 01 1e 0 00 00000000 132b5d6b b6c446b8
0 02 1d 0 00 00000000 a31e3290 13c31306
0 03 1c 0 00 00000000 88229a56 fd3c8935
0 04 1b 0 00 00000000 00000000 4776a811
0 05 1a 0 00 00000000 b6a5c8fd 8c218009
0 06 19 0 00 00000000 8c11ca5b a2a669f0
0 07 18 0 00 00000000 c4463b7b aaaaaaaa
0 08 17 0 00 00000000 55555555 1fd461bc
0 09 16 0 00 00000000 9ac63445 06673fae
0 0a 15 0 00 00000000 ce5127f8 1f4bc1ed
0 0b 14 0 00 00000000 ffffffff 7fffffff
0 0c 13 0 00 00000000 48468e5f 166b495d
0 0d 12 0 00 00000000 ab24eafa cafebabe
0 0e 11 0 00 00000000 c972204a 7fffffff
0 0f 10 0 00 00000000 cc2dd290 f8ca3b20
0 10 0f 0 00 00000000 f8ca3b20 cc2dd290
0 11 0e 0 00 00000000 7fffffff c972204a
0 12 0d 0 00 00000000 cafebabe ab24eafa
0 13 0c 0 00 00000000 166b495d 48468e5f
0 14 0b 0 00 00000000 7fffffff ffffffff
0 15 0a 0 00 00000000 1f4bc1ed ce5127f8
0 16 09 0 00 00000000 06673fae 9ac63445
0 17 08 0 00 00000000 1fd461bc 55555555
0 18 07 0 00 00000000 aaaaaaaa c4463b7b
0 19 06 0 00 00000000 a2a669f0 8c11ca5b
0 1a 05 0 00 00000000 8c218009 b6a5c8fd
0 1b 04 0 00 00000000 4776a811 00000000
0 1c 03 0 00 00000000 fd3c8935 88229a56
0 1d 02 0 00 00000000 13c31306 a31e3290
0 1e 01 0 00 00000000 b6c446b8 132b5d6b
0 1f 00 0 00 00000000 00000000 00000000
0 1c 0f 1 1f c96cf01c fd3c8935 cc2dd290
0 1a 01 0 0d ffffffff 8c218009 132b5d6b
0 04 04 1 04 5301c02c 00000000 00000000
0 18 06 1 0e 14f6450e aaaaaaaa 8c11ca5b
0 06 06 0 06 f8cddb85 8c11ca5b 8c11ca5b
0 06 06 0 00 00000000 8c11ca5b 8c11ca5b
0 00 06 1 02 885f3199 00000000 8c11ca5b
0 18 18 1 18 f0921459 aaaaaaaa aaaaaaaa
0 08 08 1 08 056555d7 55555555 55555555
0 1e 0b 1 00 8eb0e32e b6c446b8 ffffffff
0 16 03 0 11 5d5fc74e 06673fae 88229a56
0 06 16 1 00 108d74e4 8c11ca5b 06673fae
0 00 16 1 13 8b974d44 00000000 06673fae
0 00 08 0 1c a3b5a5a5 00000000 056555d7
0 09 17 1 04 00000001 9ac63445 1fd461bc
0 0c 02 1 02 bdde7fe8 48468e5f 885f3199
0 07 00 1 0d 819bdc07 c4463b7b 00000000
0 0e 1f 1 03 fe28efb9 14f6450e c96cf01c
0 12 13 1 07 cb7f260a cafebabe 8b974d44
0 00 16 0 00 00000000 00000000 06673fae
0 00 0e 1 0c 0000ffff 00000000 14f6450e
0 00 1c 0 0c cafebabe 00000000 fd3c8935
0 10 00 1 14 8334d645 f8ca3b20 00000000
0 08 06 1 1a ddced217 056555d7 8c11ca5b
0 09 12 1 00 a127b809 9ac63445 cafebabe
0 19 19 1 19 aaaaaaaa a2a669f0 a2a669f0
0 13 11 1 18 deadbeef 8b974d44 7fffffff
0 07 0c 0 04 f611724f cb7f260a 0000ffff
0 0e 13 1 17 c3193c7e 14f6450e 8b974d44
0 17 12 1 03 8556fa0a c3193c7e cafebabe
0 1b 02 1 09 3adc61df 4776a811 bdde7fe8
0 09 0f 0 17 c691fcb9 3adc61df cc2dd290
0 19 05 1 19 80000000 aaaaaaaa b6a5c8fd
0 12 08 1 02 9eebc911 cafebabe 056555d7
0 00 03 1 18 2d60b7c4 00000000 8556fa0a
0 15 1f 1 09 6fb81235 1f4bc1ed c96cf01c
0 1a 1d 1 00 f7c7fc85 ddced217 13c31306
0 08 02 1 08 deadbeef 056555d7 9eebc911
0 00 02 1 02 81a83308 00000000 9eebc911
0 0a 00 1 04 deadbeef ce5127f8 00000000
0 08 08 1 00 c2700f60 deadbeef deadbeef
0 0d 02 0 0f 7c454736 819bdc07 81a83308
0 14 1a 0 00 55555555 8334d645 ddced217
0 05 1c 0 00 ed846038 b6a5c8fd fd3c8935
0 07 10 0 15 911b5a19 cb7f260a f8ca3b20
0 01 1d 0 00 4fbed86e 132b5d6b 13c31306
0 18 13 1 10 1be658ee 2d60b7c4 8b974d44
0 1b 05 1 0f b17b04cf 4776a811 b6a5c8fd
0 0d 04 0 07 291274c6 819bdc07 deadbeef
0 00 00 1 0e 60267857 00000000 00000000
0 1b 1b 1 1b 62f0764d 4776a811 4776a811
0 07 08 1 00 64d2b44f cb7f260a deadbeef
# --- read-back sweep ---
# i_rst i_rs1_raddr i_rs2_raddr i_rd_wen i_rd_waddr i_rd_wdata | o_rs1_rdata
#     o_rs2_rdata
0 00 1f 0 00 00000000 00000000 c96cf01c
0 01 1e 0 00 00000000 132b5d6b b6c446b8
0 02 1d 0 00 00000000 81a83308 13c31306
0 03 1c 0 00 00000000 8556fa0a fd3c8935
0 04 1b 0 00 00000000 deadbeef 62f0764d
0 05 1a 0 00 00000000 b6a5c8fd ddced217
0 06 19 0 00 00000000 8c11ca5b 80000000
0 07 18 0 00 00000000 cb7f260a 2d60b7c4
0 08 17 0 00 00000000 deadbeef c3193c7e
0 09 16 0 00 00000000 6fb81235 06673fae
0 0a 15 0 00 00000000 ce5127f8 1f4bc1ed
0 0b 14 0 00 00000000 ffffffff 8334d645
0 0c 13 0 00 00000000 0000ffff 8b974d44
0 0d 12 0 00 00000000 819bdc07 cafebabe
0 0e 11 0 00 00000000 60267857 7fffffff
0 0f 10 0 00 00000000 b17b04cf 1be658ee
0 10 0f 0 00 00000000 1be658ee b17b04cf
0 11 0e 0 00 00000000 7fffffff 60267857
0 12 0d 0 00 00000000 cafebabe 819bdc07
0 13 0c 0 00 00000000 8b974d44 0000ffff
0 14 0b 0 00 00000000 8334d645 ffffffff
0 15 0a 0 00 00000000 1f4bc1ed ce5127f8
0 16 09 0 00 00000000 06673fae 6fb81235
0 17 08 0 00 00000000 c3193c7e deadbeef
0 18 07 0 00 00000000 2d60b7c4 cb7f260a
0 19 06 0 00 00000000 80000000 8c11ca5b
0 1a 05 0 00 00000000 ddced217 b6a5c8fd
0 1b 04 0 00 00000000 62f0764d deadbeef
0 1c 03 0 00 00000000 fd3c8935 8556fa0a
0 1d 02 0 00 00000000 13c31306 81a83308
0 1e 01 0 00 00000000 b6c446b8 132b5d6b
0 1f 00 0 00 00000000 c96cf01c 00000000
0 03 03 1 03 55555555 8556fa0a 8556fa0a
0 08 0a 1 1d c7bf9d1a deadbeef ce5127f8
0 0d 01 1 12 3d0cdfa2 819bdc07 132b5d6b
0 1c 02 1 17 e6d01596 fd3c8935 81a83308
0 10 10 0 10 1805aaa6 1be658ee 1be658ee
0 10 10 0 00 00000000 1be658ee 1be658ee
0 01 00 0 1b 0b42b790 132b5d6b 00000000
0 0e 07 0 00 9d9c4558 60267857 cb7f260a
0 02 02 0 02 83031e24 81a83308 81a83308
0 02 02 0 00 00000000 81a83308 81a83308
0 19 13 0 17 7fffffff 80000000 8b974d44
0 08 04 1 1b 22f981b3 deadbeef deadbeef
0 14 14 1 04 f7061e20 8334d645 8334d645
0 01 0b 0 1c ffffffff 132b5d6b ffffffff
0 07 07 0 07 3a354999 cb7f260a cb7f260a
0 07 07 0 00 00000000 cb7f260a cb7f260a
0 0e 09 1 1e cc86dbbf 60267857 6fb81235
0 15 00 1 15 5276b533 1f4bc1ed 00000000
0 0c 0f 1 00 4ff13511 0000ffff b17b04cf
0 11 10 1 00 96fd973b 7fffffff 1be658ee
0 13 1d 1 0d 7b259d57 8b974d44 c7bf9d1a
0 05 1a 1 04 9efb1fb9 b6a5c8fd ddced217
0 00 16 1 16 0d844d51 00000000 06673fae
# --- read-back sweep ---
# i_rst i_rs1_raddr i_rs2_raddr i_rd_wen i_rd_waddr i_rd_wdata | o_rs1_rdata
#     o_rs2_rdata
0 00 1f 0 00 00000000 00000000 c96cf01c
0 01 1e 0 00 00000000 132b5d6b cc86dbbf
0 02 1d 0 00 00000000 81a83308 c7bf9d1a
0 03 1c 0 00 00000000 55555555 fd3c8935
0 04 1b 0 00 00000000 9efb1fb9 22f981b3
0 05 1a 0 00 00000000 b6a5c8fd ddced217
0 06 19 0 00 00000000 8c11ca5b 80000000
0 07 18 0 00 00000000 cb7f260a 2d60b7c4
0 08 17 0 00 00000000 deadbeef e6d01596
0 09 16 0 00 00000000 6fb81235 0d844d51
0 0a 15 0 00 00000000 ce5127f8 5276b533
0 0b 14 0 00 00000000 ffffffff 8334d645
0 0c 13 0 00 00000000 0000ffff 8b974d44
0 0d 12 0 00 00000000 7b259d57 3d0cdfa2
0 0e 11 0 00 00000000 60267857 7fffffff
0 0f 10 0 00 00000000 b17b04cf 1be658ee
0 10 0f 0 00 00000000 1be658ee b17b04cf
0 11 0e 0 00 00000000 7fffffff 60267857
0 12 0d 0 00 00000000 3d0cdfa2 7b259d57
0 13 0c 0 00 00000000 8b974d44 0000ffff
0 14 0b 0 00 00000000 8334d645 ffffffff
0 15 0a 0 00 00000000 5276b533 ce5127f8
0 16 09 0 00 00000000 0d844d51 6fb81235
0 17 08 0 00 00000000 e6d01596 deadbeef
0 18 07 0 00 00000000 2d60b7c4 cb7f260a
0 19 06 0 00 00000000 80000000 8c11ca5b
0 1a 05 0 00 00000000 ddced217 b6a5c8fd
0 1b 04 0 00 00000000 22f981b3 9efb1fb9
0 1c 03 0 00 00000000 fd3c8935 55555555
0 1d 02 0 00 00000000 c7bf9d1a 81a83308
0 1e 01 0 00 00000000 cc86dbbf 132b5d6b
0 1f 00 0 00 00000000 c96cf01c 00000000
0 10 0d 1 00 80000000 1be658ee 7b259d57
0 0d 1c 1 00 55555555 7b259d57 fd3c8935
0 15 0e 1 04 7fffffff 5276b533 60267857
0 00 00 1 00 f1122ca0 00000000 00000000
0 05 05 1 1a a2e9247d b6a5c8fd b6a5c8fd
0 10 0d 1 1a 00000000 1be658ee 7b259d57
0 02 14 1 12 a6e6772e 81a83308 8334d645
0 06 19 0 14 b7da9395 8c11ca5b 80000000
0 1c 0b 1 1e 80000000 fd3c8935 ffffffff
0 1d 13 0 09 7fffffff c7bf9d1a 8b974d44
0 0a 06 1 04 2312fb00 ce5127f8 8c11ca5b
0 14 06 0 01 7cf4fd95 8334d645 8c11ca5b
0 0a 1b 1 18 cc96fcb2 ce5127f8 22f981b3
0 1b 1b 1 1b f41f0b5e 22f981b3 22f981b3
0 0f 0b 1 04 0cf771c5 b17b04cf ffffffff
0 06 06 1 06 6679d672 8c11ca5b 8c11ca5b
0 1e 12 1 17 00000001 80000000 a6e6772e
0 19 03 1 0a 55555555 80000000 55555555
0 10 0d 1 14 f184c134 1be658ee 7b259d57
0 14 14 0 00 00000000 f184c134 f184c134
0 08 01 0 05 a3abf4dc deadbeef 132b5d6b
0 1f 05 1 00 aac3ab83 c96cf01c b6a5c8fd
0 1f 0a 0 1c 5aa1af06 c96cf01c 55555555
0 05 19 0 0c aaaaaaaa b6a5c8fd 80000000
0 04 0b 0 0e 52882d29 0cf771c5 ffffffff
0 18 1a 1 0c 7869ffd3 cc96fcb2 00000000
0 00 01 1 00 2f2a3d12 00000000 132b5d6b
0 17 17 1 17 ca6b2ccd 00000001 00000001
0 1f 0c 0 0c 00000000 c96cf01c 7869ffd3
0 0f 10 1 18 2d95da6c b17b04cf 1be658ee
0 18 18 0 00 00000000 2d95da6c 2d95da6c
0 0e 0b 1 1b 00000000 60267857 ffffffff
0 0b 14 1 1f 41918d3b ffffffff f184c134
0 19 07 1 11 cb2dbe0d 80000000 cb7f260a
0 11 11 0 00 00000000 cb2dbe0d cb2dbe0d
0 1f 1f 1 1f 4b657a89 41918d3b 41918d3b
0 0e 0f 1 0f 185bd4e2 60267857 b17b04cf
0 13 1a 1 1c e04329e3 8b974d44 00000000
0 1f 15 1 11 e778cf2e 4b657a89 5276b533
0 10 1f 1 1b be96aedc 1be658ee 4b657a89
0 12 17 0 0e ffffffff a6e6772e ca6b2ccd
0 17 0d 0 0e 312b05a8 ca6b2ccd 7b259d57
0 0e 01 0 00 928e1ee9 60267857 132b5d6b
0 11 00 0 14 0e4baafd e778cf2e 00000000
0 10 1a 1 00 e82c6279 1be658ee 00000000
0 14 14 1 14 c62d20ed f184c134 f184c134
0 1d 1d 1 1d 2e12d5be c7bf9d1a c7bf9d1a
0 1f 00 1 17 001768a5 4b657a89 00000000
0 08 0e 0 16 6fe39628 deadbeef 60267857
0 15 19 1 0b 3abdd5a5 5276b533 80000000
0 10 1d 0 00 aaaaaaaa 1be658ee 2e12d5be
0 14 0a 1 10 7fffffff c62d20ed 55555555
0 1e 1e 0 1e e4a42c2b 80000000 80000000
0 1e 1e 0 00 00000000 80000000 80000000
0 12 0b 1 08 0a380ee4 a6e6772e 3abdd5a5
0 18 16 1 18 0000ffff 2d95da6c 0d844d51
0 00 12 1 14 168034d7 00000000 a6e6772e
0 14 14 0 00 00000000 168034d7 168034d7
0 00 07 1 0f 13607a8e 00000000 cb7f260a
0 03 12 1 09 82b23969 55555555 a6e6772e
0 0e 06 1 1b d3bba21c 60267857 6679d672
0 0d 18 0 08 bf1c4590 7b259d57 0000ffff
0 0f 03 0 08 b883c7c8 13607a8e 55555555
0 1e 15 0 14 80000000 80000000 5276b533
0 06 1f 1 13 99512234 6679d672 4b657a89
0 1e 13 0 13 8429393f 80000000 99512234
0 1b 00 1 16 501559eb d3bba21c 00000000
0 0d 1a 1 19 deadbeef 7b259d57 00000000
0 0b 14 1 0b 7fffffff 3abdd5a5 168034d7
0 10 01 1 14 cafebabe 7fffffff 132b5d6b
0 08 14 0 1a deadbeef 0a380ee4 cafebabe
0 0c 02 1 1a b46395da 7869ffd3 81a83308
0 0d 1c 0 00 0000ffff 7b259d57 e04329e3
0 1c 11 1 1a ce8e7806 e04329e3 e778cf2e
0 00 0f 1 03 cfb8a5e5 00000000 13607a8e
0 19 0c 1 0c a6cacd03 deadbeef 7869ffd3
0 14 1e 1 14 26a62f49 cafebabe 80000000
# --- read-back sweep ---
# i_rst i_rs1_raddr i_rs2_raddr i_rd_wen i_rd_waddr i_rd_wdata | o_rs1_rdata
#     o_rs2_rdata
0 00 1f 0 00 00000000 00000000 4b657a89
0 01 1e 0 00 00000000 132b5d6b 80000000
0 02 1d 0 00 00000000 81a83308 2e12d5be
0 03 1c 0 00 00000000 cfb8a5e5 e04329e3
0 04 1b 0 00 00000000 0cf771c5 d3bba21c
0 05 1a 0 00 00000000 b6a5c8fd ce8e7806
0 06 19 0 00 00000000 6679d672 deadbeef
0 07 18 0 00 00000000 cb7f260a 0000ffff
0 08 17 0 00 00000000 0a380ee4 001768a5
0 09 16 0 00 00000000 82b23969 501559eb
0 0a 15 0 00 00000000 55555555 5276b533
0 0b 14 0 00 00000000 7fffffff 26a62f49
0 0c 13 0 00 00000000 a6cacd03 99512234
0 0d 12 0 00 00000000 7b259d57 a6e6772e
0 0e 11 0 00 00000000 60267857 e778cf2e
0 0f 10 0 00 00000000 13607a8e 7fffffff
0 10 0f 0 00 00000000 7fffffff 13607a8e
0 11 0e 0 00 00000000 e778cf2e 60267857
0 12 0d 0 00 00000000 a6e6772e 7b259d57
0 13 0c 0 00 00000000 99512234 a6cacd03
0 14 0b 0 00 00000000 26a62f49 7fffffff
0 15 0a 0 00 00000000 5276b533 55555555
0 16 09 0 00 00000000 501559eb 82b23969
0 17 08 0 00 00000000 001768a5 0a380ee4
0 18 07 0 00 00000000 0000ffff cb7f260a
0 19 06 0 00 00000000 deadbeef 6679d672
0 1a 05 0 00 00000000 ce8e7806 b6a5c8fd
0 1b 04 0 00 00000000 d3bba21c 0cf771c5
0 1c 03 0 00 00000000 e04329e3 cfb8a5e5
0 1d 02 0 00 00000000 2e12d5be 81a83308
0 1e 01 0 00 00000000 80000000 132b5d6b
0 1f 00 0 00 00000000 4b657a89 00000000
0 08 00 1 1e 3535f042 0a380ee4 00000000
0 10 06 0 08 cd7f5474 7fffffff 6679d672
0 00 00 1 02 b94f96d2 00000000 00000000
0 00 18 1 15 80000000 00000000 0000ffff
0 18 19 0 1c 7156e1a0 0000ffff deadbeef
0 15 00 1 09 2e8dff89 80000000 00000000
0 09 09 0 00 00000000 2e8dff89 2e8dff89
0 09 04 1 00 981c4004 2e8dff89 0cf771c5
0 17 0e 1 09 65163d05 001768a5 60267857
0 0f 00 1 01 56d20d68 13607a8e 00000000
0 1b 11 1 13 a9b9d0f7 d3bba21c e778cf2e
0 00 15 0 00 2025d147 00000000 80000000
0 13 1a 1 0e 1d0a9c7f a9b9d0f7 ce8e7806
0 17 1c 0 0a c0eb33d9 001768a5 e04329e3
0 16 17 0 15 deadbeef 501559eb 001768a5
0 06 06 0 07 7a5ec8ec 6679d672 6679d672
0 0a 1d 1 0a 36b74279 55555555 2e12d5be
0 04 16 1 16 3347a26a 0cf771c5 501559eb
0 03 1c 0 19 819d7271 cfb8a5e5 e04329e3
0 00 10 0 11 00000000 00000000 7fffffff
0 00 00 1 00 165d3a59 00000000 00000000
0 14 14 0 14 0963c8e1 26a62f49 26a62f49
0 14 14 0 00 00000000 26a62f49 26a62f49
0 02 0b 1 02 c85ed8cf b94f96d2 7fffffff
0 18 1b 1 00 35a17f7a 0000ffff d3bba21c
0 1d 0d 0 14 0df19a9a 2e12d5be 7b259d57
0 04 1d 1 05 986bbd3a 0cf771c5 2e12d5be
0 07 0d 1 00 8e11e2e4 cb7f260a 7b259d57
0 02 00 1 02 358a917a c85ed8cf 00000000
0 03 15 1 01 3ef2d665 cfb8a5e5 80000000
0 01 01 0 00 00000000 3ef2d665 3ef2d665
0 1e 1e 0 01 4eaf45df 3535f042 3535f042
0 04 18 0 01 c1ce5e06 0cf771c5 0000ffff
0 16 18 0 07 b14b04d9 3347a26a 0000ffff
0 00 1d 1 1c 9935240f 00000000 2e12d5be
0 0b 0c 0 17 64d38b81 7fffffff a6cacd03
0 0b 06 1 01 c52bf315 7fffffff 6679d672
0 08 0d 1 0f 5deead04 0a380ee4 7b259d57
0 16 16 0 16 a42cc657 3347a26a 3347a26a
0 16 16 0 00 00000000 3347a26a 3347a26a
0 0f 0f 0 0f 25f38722 5deead04 5deead04
0 0f 0f 0 00 00000000 5deead04 5deead04
0 09 00 1 1f b515c253 65163d05 00000000
0 0c 08 0 1c 90bb2855 a6cacd03 0a380ee4
0 09 19 0 00 e3b8dcac 65163d05 deadbeef
0 00 18 0 1a 00000000 00000000 0000ffff
0 1b 1b 1 1a 80000000 d3bba21c d3bba21c
0 06 1e 1 03 8cc2ea76 6679d672 3535f042
0 16 19 1 00 b9678c65 3347a26a deadbeef
0 0e 00 1 16 ffffffff 1d0a9c7f 00000000
0 1d 0f 1 1d 0c722821 2e12d5be 5deead04
0 08 1e 1 04 ffffffff 0a380ee4 3535f042
0 0e 13 1 06 abab276d 1d0a9c7f a9b9d0f7
0 14 04 0 12 12660131 26a62f49 ffffffff
0 13 0e 1 0d 7fffffff a9b9d0f7 1d0a9c7f
0 14 10 0 0e 0000ffff 26a62f49 7fffffff
0 01 0f 0 1a 6d49657a c52bf315 5deead04
0 03 11 0 14 aa2a3a73 8cc2ea76 e778cf2e
0 00 0f 1 04 9dbf1856 00000000 5deead04
0 08 11 1 07 6036779e 0a380ee4 e778cf2e
0 03 1a 1 0e 792fe920 8cc2ea76 80000000
0 11 12 1 13 73624c3a e778cf2e a6e6772e
0 04 04 1 04 8a3cf3a6 9dbf1856 9dbf1856
0 18 09 1 1c aaaaaaaa 0000ffff 65163d05
0 0e 14 0 0a 20b78b0d 792fe920 26a62f49
0 0f 00 1 0d 3503e6c3 5deead04 00000000
0 14 14 0 14 0181964e 26a62f49 26a62f49
0 14 14 0 00 00000000 26a62f49 26a62f49
0 1c 02 1 00 2e80f486 aaaaaaaa 358a917a
0 01 04 0 0d cafebabe c52bf315 8a3cf3a6
0 03 1f 1 17 a169e239 8cc2ea76 b515c253
0 1f 0a 1 1a 76c95f98 b515c253 36b74279
0 1a 19 1 1a 8045833a 76c95f98 deadbeef
0 07 1f 1 00 b6ff70b4 6036779e b515c253
0 0c 0a 1 16 9e09cca5 a6cacd03 36b74279
0 0d 0d 1 0d 5e9789a9 3503e6c3 3503e6c3
0 1d 01 1 10 e97cb54a 0c722821 c52bf315
0 03 18 0 08 35ea9d14 8cc2ea76 0000ffff
0 13 13 0 13 8952bf4a 73624c3a 73624c3a
0 13 13 0 00 00000000 73624c3a 73624c3a
0 0a 14 1 05 d2638cd9 36b74279 26a62f49
0 18 01 1 11 d594a7f6 0000ffff c52bf315
0 0d 0d 0 0d 503ec61c 5e9789a9 5e9789a9
0 0d 0d 0 00 00000000 5e9789a9 5e9789a9
0 0f 02 1 0b c0e99112 5deead04 358a917a
0 09 0d 1 05 2225a17a 65163d05 5e9789a9
0 1d 11 0 1e 35c52dbf 0c722821 d594a7f6
0 0b 05 0 1e e7b132c6 c0e99112 2225a17a
0 0c 12 0 12 e38e2493 a6cacd03 a6e6772e
0 00 09 1 04 211829c8 00000000 65163d05
0 1a 03 0 1e d1216763 8045833a 8cc2ea76
0 05 1e 1 1a e4ead7fb 2225a17a 3535f042
0 10 1f 1 1d e6a2c102 e97cb54a b515c253
0 00 05 1 10 deadbeef 00000000 2225a17a
# --- read-back sweep ---
# i_rst i_rs1_raddr i_rs2_raddr i_rd_wen i_rd_waddr i_rd_wdata | o_rs1_rdata
#     o_rs2_rdata
0 00 1f 0 00 00000000 00000000 b515c253
0 01 1e 0 00 00000000 c52bf315 3535f042
0 02 1d 0 00 00000000 358a917a e6a2c102
0 03 1c 0 00 00000000 8cc2ea76 aaaaaaaa
0 04 1b 0 00 00000000 211829c8 d3bba21c
0 05 1a 0 00 00000000 2225a17a e4ead7fb
0 06 19 0 00 00000000 abab276d deadbeef
0 07 18 0 00 00000000 6036779e 0000ffff
0 08 17 0 00 00000000 0a380ee4 a169e239
0 09 16 0 00 00000000 65163d05 9e09cca5
0 0a 15 0 00 00000000 36b74279 80000000
0 0b 14 0 00 00000000 c0e99112 26a62f49
0 0c 13 0 00 00000000 a6cacd03 73624c3a
0 0d 12 0 00 00000000 5e9789a9 a6e6772e
0 0e 11 0 00 00000000 792fe920 d594a7f6
0 0f 10 0 00 00000000 5deead04 deadbeef
0 10 0f 0 00 00000000 deadbeef 5deead04
0 11 0e 0 00 00000000 d594a7f6 792fe920
0 12 0d 0 00 00000000 a6e6772e 5e9789a9
0 13 0c 0 00 00000000 73624c3a a6cacd03
0 14 0b 0 00 00000000 26a62f49 c0e99112
0 15 0a 0 00 00000000 80000000 36b74279
0 16 09 0 00 00000000 9e09cca5 65163d05
0 17 08 0 00 00000000 a169e239 0a380ee4
0 18 07 0 00 00000000 0000ffff 6036779e
0 19 06 0 00 00000000 deadbeef abab276d
0 1a 05 0 00 00000000 e4ead7fb 2225a17a
0 1b 04 0 00 00000000 d3bba21c 211829c8
0 1c 03 0 00 00000000 aaaaaaaa 8cc2ea76
0 1d 02 0 00 00000000 e6a2c102 358a917a
0 1e 01 0 00 00000000 3535f042 c52bf315
0 1f 00 0 00 00000000 b515c253 00000000
0 10 11 1 08 2b022244 deadbeef d594a7f6
0 01 00 1 15 e7fa5c23 c52bf315 00000000
0 05 11 0 1b fa69e6f1 2225a17a d594a7f6
0 0f 1b 1 0f 7fffffff 5deead04 d3bba21c
0 1b 00 1 1e def30a44 d3bba21c 00000000
0 0e 0e 1 0e cafebabe 792fe920 792fe920
0 00 05 1 03 3dc1eb84 00000000 2225a17a
0 01 01 1 01 2836f52a c52bf315 c52bf315
0 15 0e 1 1e 7d56f752 e7fa5c23 cafebabe
0 1d 1b 1 16 0f95dd20 e6a2c102 d3bba21c
0 04 16 1 1e ceb3e3bc 211829c8 0f95dd20
0 1b 00 1 00 fb1f828e d3bba21c 00000000
0 0b 1f 0 19 ffffffff c0e99112 b515c253
0 1c 19 1 00 2ead97cc aaaaaaaa deadbeef
0 00 13 1 08 b3df4e0a 00000000 73624c3a
0 1c 10 1 0b f49ef44c aaaaaaaa deadbeef
0 0b 0b 0 00 00000000 f49ef44c f49ef44c
0 00 01 1 16 d29de172 00000000 2836f52a
0 17 01 0 03 060c8c75 a169e239 2836f52a
0 11 0e 1 17 b9129360 d594a7f6 cafebabe
0 19 0e 1 00 c176db93 deadbeef cafebabe
0 19 00 1 1f 7fffffff deadbeef 00000000
0 0e 1f 0 0a 00000001 cafebabe 7fffffff
0 14 00 1 1b 444eaca9 26a62f49 00000000
0 13 1b 1 05 d0cdb9c8 73624c3a 444eaca9
0 19 11 1 1d df9e628f deadbeef d594a7f6
0 08 1f 0 1e 71facf6d b3df4e0a 7fffffff
0 06 13 0 05 2763ae84 abab276d 73624c3a
0 04 00 1 09 aaaaaaaa 211829c8 00000000
0 1b 18 1 1b 84866ce8 444eaca9 0000ffff
0 12 16 0 11 f37a4fb7 a6e6772e d29de172
0 18 02 1 13 7fffffff 0000ffff 358a917a
0 01 16 1 03 01fd4dbc 2836f52a d29de172
0 11 0c 1 13 46db7e98 d594a7f6 a6cacd03
0 03 06 1 1f 89a063d7 01fd4dbc abab276d
0 11 11 0 11 d3417b3c d594a7f6 d594a7f6
0 11 11 0 00 00000000 d594a7f6 d594a7f6
0 0c 0e 1 0c 84ff666c a6cacd03 cafebabe
0 0f 0f 1 0f 7fffffff 7fffffff 7fffffff
0 18 1b 1 03 b829d540 0000ffff 84866ce8
0 18 15 1 1c 55315aa0 0000ffff e7fa5c23
0 1c 1c 0 00 00000000 55315aa0 55315aa0
0 13 13 0 13 8ae46cd6 46db7e98 46db7e98
0 13 13 0 00 00000000 46db7e98 46db7e98
0 00 15 0 0e 80000000 00000000 e7fa5c23
0 08 08 1 08 fc4547dd b3df4e0a b3df4e0a
0 16 0e 0 16 6b54cc5a d29de172 cafebabe
0 1c 0b 0 00 1dc947ca 55315aa0 f49ef44c
0 11 04 1 0b c9d0c594 d594a7f6 211829c8
0 1d 1d 1 1d 7e32f1ec df9e628f df9e628f
0 0e 0e 1 0e 34a5df04 cafebabe cafebabe
0 1f 06 1 00 5136ea75 89a063d7 abab276d
0 04 00 1 03 a32ce96b 211829c8 00000000
0 02 06 0 0a c08d6540 358a917a abab276d
0 16 1c 1 0b 00000001 d29de172 55315aa0
0 11 12 0 1b 172a409b d594a7f6 a6e6772e
0 0f 00 0 0b 00000001 7fffffff 00000000
0 18 0a 0 13 9f1e5ab9 0000ffff 36b74279
0 08 06 1 1d 431fc3f2 fc4547dd abab276d
0 1d 1d 0 00 00000000 431fc3f2 431fc3f2
0 1f 0e 0 18 fc9857ab 89a063d7 34a5df04
0 13 01 0 0a 757f8577 46db7e98 2836f52a
0 1a 0e 0 16 313db79d e4ead7fb 34a5df04
0 0d 0a 1 1f 4de118d8 5e9789a9 36b74279
0 0e 0e 1 0e 55555555 34a5df04 34a5df04
0 0c 1a 1 01 80000000 84ff666c e4ead7fb
0 00 10 1 16 3dcd2644 00000000 deadbeef
0 1b 1b 1 08 6393cd64 84866ce8 84866ce8
0 14 0a 1 1d cafebabe 26a62f49 36b74279
0 1b 13 1 0a 705573d3 84866ce8 46db7e98
0 0a 0a 0 00 00000000 705573d3 705573d3
0 0a 09 1 06 1c6c0cc0 705573d3 aaaaaaaa
0 05 14 1 05 c9ee434c d0cdb9c8 26a62f49
0 1c 03 1 00 f1775396 55315aa0 a32ce96b
0 1e 04 1 1c aaaaaaaa ceb3e3bc 211829c8
0 07 07 0 07 e7e54896 6036779e 6036779e
0 07 07 0 00 00000000 6036779e 6036779e
0 15 10 1 09 da56e4d9 e7fa5c23 deadbeef
# --- read-back sweep ---
# i_rst i_rs1_raddr i_rs2_raddr i_rd_wen i_rd_waddr i_rd_wdata | o_rs1_rdata
#     o_rs2_rdata
0 00 1f 0 00 00000000 00000000 4de118d8
0 01 1e 0 00 00000000 80000000 ceb3e3bc
0 02 1d 0 00 00000000 358a917a cafebabe
0 03 1c 0 00 00000000 a32ce96b aaaaaaaa
0 04 1b 0 00 00000000 211829c8 84866ce8
0 05 1a 0 00 00000000 c9ee434c e4ead7fb
0 06 19 0 00 00000000 1c6c0cc0 deadbeef
0 07 18 0 00 00000000 6036779e 0000ffff
0 08 17 0 00 00000000 6393cd64 b9129360
0 09 16 0 00 00000000 da56e4d9 3dcd2644
0 0a 15 0 00 00000000 705573d3 e7fa5c23
0 0b 14 0 00 00000000 00000001 26a62f49
0 0c 13 0 00 00000000 84ff666c 46db7e98
0 0d 12 0 00 00000000 5e9789a9 a6e6772e
0 0e 11 0 00 00000000 55555555 d594a7f6
0 0f 10 0 00 00000000 7fffffff deadbeef
0 10 0f 0 00 00000000 deadbeef 7fffffff
0 11 0e 0 00 00000000 d594a7f6 55555555
0 12 0d 0 00 00000000 a6e6772e 5e9789a9
0 13 0c 0 00 00000000 46db7e98 84ff666c
0 14 0b 0 00 00000000 26a62f49 00000001
0 15 0a 0 00 00000000 e7fa5c23 705573d3
0 16 09 0 00 00000000 3dcd2644 da56e4d9
0 17 08 0 00 00000000 b9129360 6393cd64
0 18 07 0 00 00000000 0000ffff 6036779e
0 19 06 0 00 00000000 deadbeef 1c6c0cc0
0 1a 05 0 00 00000000 e4ead7fb c9ee434c
0 1b 04 0 00 00000000 84866ce8 211829c8
0 1c 03 0 00 00000000 aaaaaaaa a32ce96b
0 1d 02 0 00 00000000 cafebabe 358a917a
0 1e 01 0 00 00000000 ceb3e3bc 80000000
0 1f 00 0 00 00000000 4de118d8 00000000
0 07 02 1 03 28de6c61 6036779e 358a917a
0 12 17 0 15 bbeb0cea a6e6772e b9129360
0 01 01 1 15 3a55d6c5 80000000 80000000
0 08 08 1 08 1da4f103 6393cd64 6393cd64
0 0b 1c 1 10 00000001 00000001 aaaaaaaa
0 0d 0a 1 1a 8a65236d 5e9789a9 705573d3
0 0d 1a 1 18 2d8263ef 5e9789a9 8a65236d
0 12 00 1 08 86a52e65 a6e6772e 00000000
0 04 04 1 04 b836f812 211829c8 211829c8
0 14 17 1 16 4344e762 26a62f49 b9129360
0 13 0d 1 13 80000000 46db7e98 5e9789a9
0 0c 03 0 00 aa3237b7 84ff666c 28de6c61
0 00 09 1 01 7fffffff 00000000 da56e4d9
0 13 02 1 0e 96140df6 80000000 358a917a
0 0e 0e 0 00 00000000 96140df6 96140df6
0 01 14 1 05 5c7ac381 7fffffff 26a62f49
0 12 00 1 0d bd532bb4 a6e6772e 00000000
0 10 10 0 1e 00000000 00000001 00000001
0 02 0d 0 12 964e860c 358a917a bd532bb4
0 15 15 0 0a b4994223 3a55d6c5 3a55d6c5
0 0a 1e 1 0f 960c72b9 705573d3 ceb3e3bc
0 0b 0b 1 0b d6c59fd7 00000001 00000001
0 09 07 1 00 5ba01c38 da56e4d9 6036779e
# --- read-back sweep ---
# i_rst i_rs1_raddr i_rs2_raddr i_rd_wen i_rd_waddr i_rd_wdata | o_rs1_rdata
#     o_rs2_rdata
0 00 1f 0 00 00000000 00000000 4de118d8
0 01 1e 0 00 00000000 7fffffff ceb3e3bc
0 02 1d 0 00 00000000 358a917a cafebabe
0 03 1c 0 00 00000000 28de6c61 aaaaaaaa
0 04 1b 0 00 00000000 b836f812 84866ce8
0 05 1a 0 00 00000000 5c7ac381 8a65236d
0 06 19 0 00 00000000 1c6c0cc0 deadbeef
0 07 18 0 00 00000000 6036779e 2d8263ef
0 08 17 0 00 00000000 86a52e65 b9129360
0 09 16 0 00 00000000 da56e4d9 4344e762
0 0a 15 0 00 00000000 705573d3 3a55d6c5
0 0b 14 0 00 00000000 d6c59fd7 26a62f49
0 0c 13 0 00 00000000 84ff666c 80000000
0 0d 12 0 00 00000000 bd532bb4 a6e6772e
0 0e 11 0 00 00000000 96140df6 d594a7f6
0 0f 10 0 00 00000000 960c72b9 00000001
0 10 0f 0 00 00000000 00000001 960c72b9
0 11 0e 0 00 00000000 d594a7f6 96140df6
0 12 0d 0 00 00000000 a6e6772e bd532bb4
0 13 0c 0 00 00000000 80000000 84ff666c
0 14 0b 0 00 00000000 26a62f49 d6c59fd7
0 15 0a 0 00 00000000 3a55d6c5 705573d3
0 16 09 0 00 00000000 4344e762 da56e4d9
0 17 08 0 00 00000000 b9129360 86a52e65
0 18 07 0 00 00000000 2d8263ef 6036779e
0 19 06 0 00 00000000 deadbeef 1c6c0cc0
0 1a 05 0 00 00000000 8a65236d 5c7ac381
0 1b 04 0 00 00000000 84866ce8 b836f812
0 1c 03 0 00 00000000 aaaaaaaa 28de6c61
0 1d 02 0 00 00000000 cafebabe 358a917a
0 1e 01 0 00 00000000 ceb3e3bc 7fffffff
0 1f 00 0 00 00000000 4de118d8 00000000
0 09 16 1 0b feea1a1f da56e4d9 4344e762
0 1e 09 1 00 d5af0b4d ceb3e3bc da56e4d9
0 08 0a 0 1a ee8a1c84 86a52e65 705573d3
0 15 0c 1 10 daa83656 3a55d6c5 84ff666c
0 10 10 0 00 00000000 daa83656 daa83656
0 0c 15 0 01 d8391db7 84ff666c 3a55d6c5
0 10 07 1 10 145587e0 daa83656 6036779e
0 1d 17 0 09 4b3a47ce cafebabe b9129360
0 0a 03 1 03 46a8eeee 705573d3 28de6c61
0 13 00 0 19 55555555 80000000 00000000
0 0a 11 0 0d ffffffff 705573d3 d594a7f6
0 05 00 1 06 456f9aa5 5c7ac381 00000000
0 07 06 0 0e 5f4943d2 6036779e 456f9aa5
0 0c 16 1 0c e9b051c9 84ff666c 4344e762
0 06 1f 1 1f f971cb92 456f9aa5 4de118d8
0 00 00 0 17 4f94bcf1 00000000 00000000
0 12 12 1 12 0000ffff a6e6772e a6e6772e
0 00 00 1 00 28e04817 00000000 00000000
0 13 02 1 02 dc53d68f 80000000 358a917a
0 1f 0f 0 10 55555555 f971cb92 960c72b9
0 1a 11 1 1a f2334062 8a65236d d594a7f6
0 03 03 1 03 3edf1e88 46a8eeee 46a8eeee
0 09 10 0 1b 1b240d25 da56e4d9 145587e0
0 06 17 0 15 bd973d03 456f9aa5 b9129360
0 12 0b 1 1e 237af19b 0000ffff feea1a1f
0 13 0d 1 07 54ea9727 80000000 bd532bb4
0 1a 1b 0 1d 84c5ead3 f2334062 84866ce8
0 05 00 1 06 cc46f611 5c7ac381 00000000
0 1b 16 1 11 00000000 84866ce8 4344e762
0 12 06 1 18 497b84da 0000ffff cc46f611
0 13 04 1 19 00000001 80000000 b836f812
0 00 0c 1 11 1e27d76a 00000000 e9b051c9
0 09 08 1 1a da395630 da56e4d9 86a52e65
0 0d 18 0 00 deadbeef bd532bb4 497b84da
0 0b 1d 1 0b 80000000 feea1a1f cafebabe
0 1e 1c 0 1d d1172e3d 237af19b aaaaaaaa
0 16 11 0 1d cafebabe 4344e762 1e27d76a
# --- read-back sweep ---
# i_rst i_rs1_raddr i_rs2_raddr i_rd_wen i_rd_waddr i_rd_wdata | o_rs1_rdata
#     o_rs2_rdata
0 00 1f 0 00 00000000 00000000 f971cb92
0 01 1e 0 00 00000000 7fffffff 237af19b
0 02 1d 0 00 00000000 dc53d68f cafebabe
0 03 1c 0 00 00000000 3edf1e88 aaaaaaaa
0 04 1b 0 00 00000000 b836f812 84866ce8
0 05 1a 0 00 00000000 5c7ac381 da395630
0 06 19 0 00 00000000 cc46f611 00000001
0 07 18 0 00 00000000 54ea9727 497b84da
0 08 17 0 00 00000000 86a52e65 b9129360
0 09 16 0 00 00000000 da56e4d9 4344e762
0 0a 15 0 00 00000000 705573d3 3a55d6c5
0 0b 14 0 00 00000000 80000000 26a62f49
0 0c 13 0 00 00000000 e9b051c9 80000000
0 0d 12 0 00 00000000 bd532bb4 0000ffff
0 0e 11 0 00 00000000 96140df6 1e27d76a
0 0f 10 0 00 00000000 960c72b9 145587e0
0 10 0f 0 00 00000000 145587e0 960c72b9
0 11 0e 0 00 00000000 1e27d76a 96140df6
0 12 0d 0 00 00000000 0000ffff bd532bb4
0 13 0c 0 00 00000000 80000000 e9b051c9
0 14 0b 0 00 00000000 26a62f49 80000000
0 15 0a 0 00 00000000 3a55d6c5 705573d3
0 16 09 0 00 00000000 4344e762 da56e4d9
0 17 08 0 00 00000000 b9129360 86a52e65
0 18 07 0 00 00000000 497b84da 54ea9727
0 19 06 0 00 00000000 00000001 cc46f611
0 1a 05 0 00 00000000 da395630 5c7ac381
0 1b 04 0 00 00000000 84866ce8 b836f812
0 1c 03 0 00 00000000 aaaaaaaa 3edf1e88
0 1d 02 0 00 00000000 cafebabe dc53d68f
0 1e 01 0 00 00000000 237af19b 7fffffff
0 1f 00 0 00 00000000 f971cb92 00000000
0 1f 02 0 19 0f9358df f971cb92 dc53d68f
0 15 04 1 0a 24a41951 3a55d6c5 b836f812
0 09 0d 0 19 ab168f6f da56e4d9 bd532bb4
0 1a 12 1 0d ffffffff da395630 0000ffff
0 0b 0e 1 0e 31d8358b 80000000 96140df6
0 12 00 0 1c b8ed96f2 0000ffff 00000000
0 16 1d 1 0a 838e5578 4344e762 cafebabe
0 1c 02 1 1d d3f618f1 aaaaaaaa dc53d68f
0 02 16 1 1f 00000000 dc53d68f 4344e762
0 1f 1f 0 1f 0ef4d5e4 00000000 00000000
0 1f 1f 0 00 00000000 00000000 00000000
0 1a 00 1 1e d1544292 da395630 00000000
0 1e 1a 1 1a 0000ffff d1544292 da395630
0 19 19 1 19 d85f0b86 00000001 00000001
0 11 04 0 10 03b24967 1e27d76a b836f812
0 00 02 1 00 d6fae319 00000000 dc53d68f
0 00 0b 1 00 5007833a 00000000 80000000
0 03 0e 1 03 0000ffff 3edf1e88 31d8358b
0 00 1c 1 1e b1c44165 00000000 aaaaaaaa
0 0a 04 1 16 6e155ecf 838e5578 b836f812
0 07 0e 0 1c 1bdc6837 54ea9727 31d8358b
0 0d 0d 1 0d 9ff68f33 ffffffff ffffffff
0 19 05 1 06 9a23cb01 d85f0b86 5c7ac381
0 04 1d 1 0c fa8ab3dc b836f812 d3f618f1
0 13 00 1 0a a7f8916c 80000000 00000000
0 16 16 1 16 a665293d 6e155ecf 6e155ecf
0 0d 00 1 02 a14c03ad 9ff68f33 00000000
0 00 1f 1 1b fc07ff5d 00000000 00000000
# --- read-back sweep ---
# i_rst i_rs1_raddr i_rs2_raddr i_rd_wen i_rd_waddr i_rd_wdata | o_rs1_rdata
#     o_rs2_rdata
0 00 1f 0 00 00000000 00000000 00000000
0 01 1e 0 00 00000000 7fffffff b1c44165
0 02 1d 0 00 00000000 a14c03ad d3f618f1
0 03 1c 0 00 00000000 0000ffff aaaaaaaa
0 04 1b 0 00 00000000 b836f812 fc07ff5d
0 05 1a 0 00 00000000 5c7ac381 0000ffff
0 06 19 0 00 00000000 9a23cb01 d85f0b86
0 07 18 0 00 00000000 54ea9727 497b84da
0 08 17 0 00 00000000 86a52e65 b9129360
0 09 16 0 00 00000000 da56e4d9 a665293d
0 0a 15 0 00 00000000 a7f8916c 3a55d6c5
0 0b 14 0 00 00000000 80000000 26a62f49
0 0c 13 0 00 00000000 fa8ab3dc 80000000
0 0d 12 0 00 00000000 9ff68f33 0000ffff
0 0e 11 0 00 00000000 31d8358b 1e27d76a
0 0f 10 0 00 00000000 960c72b9 145587e0
0 10 0f 0 00 00000000 145587e0 960c72b9
0 11 0e 0 00 00000000 1e27d76a 31d8358b
0 12 0d 0 00 00000000 0000ffff 9ff68f33
0 13 0c 0 00 00000000 80000000 fa8ab3dc
0 14 0b 0 00 00000000 26a62f49 80000000
0 15 0a 0 00 00000000 3a55d6c5 a7f8916c
0 16 09 0 00 00000000 a665293d da56e4d9
0 17 08 0 00 00000000 b9129360 86a52e65
0 18 07 0 00 00000000 497b84da 54ea9727
0 19 06 0 00 00000000 d85f0b86 9a23cb01
0 1a 05 0 00 00000000 0000ffff 5c7ac381
0 1b 04 0 00 00000000 fc07ff5d b836f812
0 1c 03 0 00 00000000 aaaaaaaa 0000ffff
0 1d 02 0 00 00000000 d3f618f1 a14c03ad
0 1e 01 0 00 00000000 b1c44165 7fffffff
0 1f 00 0 00 00000000 00000000 00000000
0 17 01 1 00 63039b0f b9129360 7fffffff
0 1c 06 1 05 fdab545c aaaaaaaa 9a23cb01
0 11 19 1 04 00000001 1e27d76a d85f0b86
0 09 00 0 0c 4bcddb5c da56e4d9 00000000
0 00 00 1 00 23015e1b 00000000 00000000
0 0b 0b 0 0b f275c8b2 80000000 80000000
0 0b 0b 0 00 00000000 80000000 80000000
0 0f 00 1 1a deadbeef 960c72b9 00000000
0 1f 09 0 19 756f090c 00000000 da56e4d9
0 0b 0b 1 0b e3e19046 80000000 80000000
0 1b 12 1 11 00000001 fc07ff5d 0000ffff
0 0f 10 1 10 28f9bbc1 960c72b9 145587e0
0 0c 07 1 13 dea4fa2e fa8ab3dc 54ea9727
0 15 12 1 12 7b85a2f0 3a55d6c5 0000ffff
0 02 0d 0 12 a8eb7721 a14c03ad 9ff68f33
0 01 01 1 01 f6085c4c 7fffffff 7fffffff
0 1e 1e 1 1e 876393fe b1c44165 b1c44165
0 07 0e 0 0c 840368d0 54ea9727 31d8358b
0 02 03 1 03 6129ecec a14c03ad 0000ffff
0 05 00 1 17 f629d34a fdab545c 00000000
0 17 17 0 00 00000000 f629d34a f629d34a
0 0b 10 0 15 d3a58118 e3e19046 28f9bbc1
0 0e 00 1 00 00000000 31d8358b 00000000
0 12 1e 1 1f 4779e6ca 7b85a2f0 876393fe
0 1d 00 0 1d 4b183346 d3f618f1 00000000
0 19 19 1 19 b1706855 d85f0b86 d85f0b86
# --- read-back sweep ---
# i_rst i_rs1_raddr i_rs2_raddr i_rd_wen i_rd_waddr i_rd_wdata | o_rs1_rdata
#     o_rs2_rdata
0 00 1f 0 00 00000000 00000000 4779e6ca
0 01 1e 0 00 00000000 f6085c4c 876393fe
0 02 1d 0 00 00000000 a14c03ad d3f618f1
0 03 1c 0 00 00000000 6129ecec aaaaaaaa
0 04 1b 0 00 00000000 00000001 fc07ff5d
0 05 1a 0 00 00000000 fdab545c deadbeef
0 06 19 0 00 00000000 9a23cb01 b1706855
0 07 18 0 00 00000000 54ea9727 497b84da
0 08 17 0 00 00000000 86a52e65 f629d34a
0 09 16 0 00 00000000 da56e4d9 a665293d
0 0a 15 0 00 00000000 a7f8916c 3a55d6c5
0 0b 14 0 00 00000000 e3e19046 26a62f49
0 0c 13 0 00 00000000 fa8ab3dc dea4fa2e
0 0d 12 0 00 00000000 9ff68f33 7b85a2f0
0 0e 11 0 00 00000000 31d8358b 00000001
0 0f 10 0 00 00000000 960c72b9 28f9bbc1
0 10 0f 0 00 00000000 28f9bbc1 960c72b9
0 11 0e 0 00 00000000 00000001 31d8358b
0 12 0d 0 00 00000000 7b85a2f0 9ff68f33
0 13 0c 0 00 00000000 dea4fa2e fa8ab3dc
0 14 0b 0 00 00000000 26a62f49 e3e19046
0 15 0a 0 00 00000000 3a55d6c5 a7f8916c
0 16 09 0 00 00000000 a665293d da56e4d9
0 17 08 0 00 00000000 f629d34a 86a52e65
0 18 07 0 00 00000000 497b84da 54ea9727
0 19 06 0 00 00000000 b1706855 9a23cb01
0 1a 05 0 00 00000000 deadbeef fdab545c
0 1b 04 0 00 00000000 fc07ff5d 00000001
0 1c 03 0 00 00000000 aaaaaaaa 6129ecec
0 1d 02 0 00 00000000 d3f618f1 a14c03ad
0 1e 01 0 00 00000000 876393fe f6085c4c
0 1f 00 0 00 00000000 4779e6ca 00000000
0 05 0e 1 1d 55555555 fdab545c 31d8358b
0 09 04 1 0c b69c8059 da56e4d9 00000001
0 1f 0d 1 03 7834e4b5 4779e6ca 9ff68f33
0 1a 17 0 02 b4fb9a25 deadbeef f629d34a
0 09 04 1 0e 00000001 da56e4d9 00000001
0 19 07 1 0a 65a63cfc b1706855 54ea9727
0 01 06 0 00 d3245023 f6085c4c 9a23cb01
0 1f 0e 0 07 42ff1f83 4779e6ca 00000001
0 09 17 1 08 6a43aa2b da56e4d9 f629d34a
0 07 13 1 0e 2c266818 54ea9727 dea4fa2e
0 00 08 1 10 25b7ad1e 00000000 6a43aa2b
# --- read-back sweep ---
# i_rst i_rs1_raddr i_rs2_raddr i_rd_wen i_rd_waddr i_rd_wdata | o_rs1_rdata
#     o_rs2_rdata
0 00 1f 0 00 00000000 00000000 4779e6ca
0 01 1e 0 00 00000000 f6085c4c 876393fe
0 02 1d 0 00 00000000 a14c03ad 55555555
0 03 1c 0 00 00000000 7834e4b5 aaaaaaaa
0 04 1b 0 00 00000000 00000001 fc07ff5d
0 05 1a 0 00 00000000 fdab545c deadbeef
0 06 19 0 00 00000000 9a23cb01 b1706855
0 07 18 0 00 00000000 54ea9727 497b84da
0 08 17 0 00 00000000 6a43aa2b f629d34a
0 09 16 0 00 00000000 da56e4d9 a665293d
0 0a 15 0 00 00000000 65a63cfc 3a55d6c5
0 0b 14 0 00 00000000 e3e19046 26a62f49
0 0c 13 0 00 00000000 b69c8059 dea4fa2e
0 0d 12 0 00 00000000 9ff68f33 7b85a2f0
0 0e 11 0 00 00000000 2c266818 00000001
0 0f 10 0 00 00000000 960c72b9 25b7ad1e
0 10 0f 0 00 00000000 25b7ad1e 960c72b9
0 11 0e 0 00 00000000 00000001 2c266818
0 12 0d 0 00 00000000 7b85a2f0 9ff68f33
0 13 0c 0 00 00000000 dea4fa2e b69c8059
0 14 0b 0 00 00000000 26a62f49 e3e19046
0 15 0a 0 00 00000000 3a55d6c5 65a63cfc
0 16 09 0 00 00000000 a665293d da56e4d9
0 17 08 0 00 00000000 f629d34a 6a43aa2b
0 18 07 0 00 00000000 497b84da 54ea9727
0 19 06 0 00 00000000 b1706855 9a23cb01
0 1a 05 0 00 00000000 deadbeef fdab545c
0 1b 04 0 00 00000000 fc07ff5d 00000001
0 1c 03 0 00 00000000 aaaaaaaa 7834e4b5
0 1d 02 0 00 00000000 55555555 a14c03ad
0 1e 01 0 00 00000000 876393fe f6085c4c
0 1f 00 0 00 00000000 4779e6ca 00000000
0 11 11 1 11 ffffffff 00000001 00000001
0 13 13 0 13 5895d545 dea4fa2e dea4fa2e
0 13 13 0 00 00000000 dea4fa2e dea4fa2e
0 0c 19 0 07 13041fef b69c8059 b1706855
0 0d 1a 1 0d 31dcf574 9ff68f33 deadbeef
0 0e 0a 0 18 0000ffff 2c266818 65a63cfc
0 13 0c 0 1c 627cffa2 dea4fa2e b69c8059
0 05 1d 0 02 7bae874a fdab545c 55555555
0 08 19 0 16 d66b6646 6a43aa2b b1706855
0 12 02 0 13 c2f3bb72 7b85a2f0 a14c03ad
0 0d 0e 0 0b 16dff621 31dcf574 2c266818
0 04 1f 0 12 cd117cff 00000001 4779e6ca
0 17 11 0 1d 1d143626 f629d34a ffffffff
0 00 18 0 1d e48c32a9 00000000 497b84da
0 1e 08 0 14 5e6465c9 876393fe 6a43aa2b
0 1e 0d 1 01 8aced70d 876393fe 31dcf574
0 1c 1a 1 18 72752b9d aaaaaaaa deadbeef
0 00 1d 1 1b 076c188a 00000000 55555555
0 01 01 1 01 6f67d528 8aced70d 8aced70d
0 03 05 1 03 43996d72 7834e4b5 fdab545c
0 14 00 1 12 b1896587 26a62f49 00000000
0 00 1e 0 10 ffffffff 00000000 876393fe
0 11 0f 1 14 a29e0117 ffffffff 960c72b9
0 14 14 0 00 00000000 a29e0117 a29e0117
0 16 07 1 16 55555555 a665293d 54ea9727
0 0d 09 1 1f 380bc501 31dcf574 da56e4d9
0 07 1c 1 10 bb514d91 54ea9727 aaaaaaaa
0 02 0a 1 01 8984afc0 a14c03ad 65a63cfc
0 07 19 1 1e 6efb2280 54ea9727 b1706855
0 08 08 1 08 6a4c1976 6a43aa2b 6a43aa2b
0 0b 1b 0 12 1c17dd25 e3e19046 076c188a
0 04 04 0 1b cafebabe 00000001 00000001
0 1f 0c 1 02 a76666dd 380bc501 b69c8059
0 1e 17 1 1e fe1f12a9 6efb2280 f629d34a
0 15 15 1 15 7fffffff 3a55d6c5 3a55d6c5
0 17 03 1 03 73953103 f629d34a 43996d72
0 0f 01 1 0f c1accfa6 960c72b9 8984afc0
0 1c 13 1 13 57fa423a aaaaaaaa dea4fa2e
0 1d 0e 0 01 ffffffff 55555555 2c266818
0 12 08 1 07 46672dc7 b1896587 6a4c1976
0 03 03 1 03 3b1bfa4d 73953103 73953103
0 01 06 0 1c cf815c4a 8984afc0 9a23cb01
0 1c 1c 1 1c 7fffffff aaaaaaaa aaaaaaaa
0 08 14 1 1d cafebabe 6a4c1976 a29e0117
0 0a 0a 1 0a c9d3bf61 65a63cfc 65a63cfc
0 06 0c 0 09 c0cfe562 9a23cb01 b69c8059
0 05 16 1 09 cafebabe fdab545c 55555555
0 17 19 1 00 fc660435 f629d34a b1706855
0 01 1e 1 13 7ecf1089 8984afc0 fe1f12a9
0 08 05 1 1a f9d3727a 6a4c1976 fdab545c
0 10 13 1 05 9138b180 bb514d91 7ecf1089
0 16 12 1 16 c8f09eb1 55555555 b1896587
0 02 1d 1 15 a9a9511f a76666dd cafebabe
0 12 03 1 10 7d4e008f b1896587 3b1bfa4d
0 1d 1e 1 12 ad96a104 cafebabe fe1f12a9
0 09 1f 0 0f 55555555 cafebabe 380bc501
0 08 11 1 1e 2c4cce42 6a4c1976 ffffffff
0 00 1b 1 00 057b4f22 00000000 076c188a
0 03 1f 0 06 bb3d6b71 3b1bfa4d 380bc501
0 16 11 0 0e dcd0fd5a c8f09eb1 ffffffff
0 08 16 0 05 938e7589 6a4c1976 c8f09eb1
0 1c 02 1 15 61d37aab 7fffffff a76666dd
0 0a 13 1 12 e7c79029 c9d3bf61 7ecf1089
0 1c 12 1 1d 159b8407 7fffffff e7c79029
0 18 0d 1 10 04035517 72752b9d 31dcf574
0 1a 00 0 1b cc511d52 f9d3727a 00000000
0 10 01 0 12 00000001 04035517 8984afc0
0 1d 1b 1 00 9ee78be3 159b8407 076c188a
0 00 01 1 1a 0545b4c2 00000000 8984afc0
0 1b 1c 1 18 775cd67b 076c188a 7fffffff
0 18 18 0 00 00000000 775cd67b 775cd67b
0 13 16 1 03 1c377e94 7ecf1089 c8f09eb1
0 01 1e 0 19 7cc316e0 8984afc0 2c4cce42
0 10 01 1 10 7c33516b 04035517 8984afc0
0 02 13 1 14 0000ffff a76666dd 7ecf1089
0 18 0e 1 16 cafebabe 775cd67b 2c266818
0 03 1c 0 19 476705f6 1c377e94 7fffffff
0 0e 0e 1 0e 5a47e4a9 2c266818 2c266818
0 1b 02 1 01 495777b2 076c188a a76666dd
0 13 04 1 13 8eadc6a7 7ecf1089 00000001
0 16 1e 1 0d f1daad21 cafebabe 2c4cce42
0 0b 00 1 1a 3bb86ae5 e3e19046 00000000
0 09 1c 0 1c 1758cb5b cafebabe 7fffffff
0 0e 00 0 09 c028bcd6 5a47e4a9 00000000
0 12 19 1 19 f67f4d4d e7c79029 b1706855
0 16 16 1 1b 1d83efdc cafebabe cafebabe
0 12 00 1 1b 80000000 e7c79029 00000000
0 16 12 0 01 8b816877 cafebabe e7c79029
0 0f 1d 1 0f 1d69f6bd c1accfa6 159b8407
0 03 04 1 00 49309db7 1c377e94 00000001
0 05 06 1 1d d8ea79f3 9138b180 9a23cb01
0 14 04 0 18 00000000 0000ffff 00000001
0 13 05 1 02 deadbeef 8eadc6a7 9138b180
0 00 09 1 10 eb9e1c6d 00000000 cafebabe
0 14 07 1 08 2acaf3cb 0000ffff 46672dc7
0 11 01 0 19 06db942c ffffffff 495777b2
0 15 15 1 15 28ea3031 61d37aab 61d37aab
0 00 06 1 0e ccbb0406 00000000 9a23cb01
0 19 17 1 00 f9638b4f f67f4d4d f629d34a
0 02 16 1 01 f6f7387f deadbeef cafebabe
0 10 03 0 08 d4148910 eb9e1c6d 1c377e94
0 00 11 1 11 92190030 00000000 ffffffff
0 0b 10 0 00 b0ad08e6 e3e19046 eb9e1c6d
0 13 18 1 0a d39485f7 8eadc6a7 775cd67b
0 0a 0a 0 00 00000000 d39485f7 d39485f7
0 0d 0f 0 0f f3604620 f1daad21 1d69f6bd
0 1a 1a 1 1a f39b4bc6 3bb86ae5 3bb86ae5
0 0a 0c 0 06 55555555 d39485f7 b69c8059
0 10 14 1 0c 261feb55 eb9e1c6d 0000ffff
0 1f 15 1 18 4aa9568e 380bc501 28ea3031
0 0a 14 1 1f 1b5bcc89 d39485f7 0000ffff
0 01 02 1 1e 9f2622ef f6f7387f deadbeef
0 11 11 1 19 e9f6e22d 92190030 92190030
0 15 1d 1 15 1fd56baf 28ea3031 d8ea79f3
0 01 16 1 1d 762a69aa f6f7387f cafebabe
# --- read-back sweep ---
# i_rst i_rs1_raddr i_rs2_raddr i_rd_wen i_rd_waddr i_rd_wdata | o_rs1_rdata
#     o_rs2_rdata
0 00 1f 0 00 00000000 00000000 1b5bcc89
0 01 1e 0 00 00000000 f6f7387f 9f2622ef
0 02 1d 0 00 00000000 deadbeef 762a69aa
0 03 1c 0 00 00000000 1c377e94 7fffffff
0 04 1b 0 00 00000000 00000001 80000000
0 05 1a 0 00 00000000 9138b180 f39b4bc6
0 06 19 0 00 00000000 9a23cb01 e9f6e22d
0 07 18 0 00 00000000 46672dc7 4aa9568e
0 08 17 0 00 00000000 2acaf3cb f629d34a
0 09 16 0 00 00000000 cafebabe cafebabe
0 0a 15 0 00 00000000 d39485f7 1fd56baf
0 0b 14 0 00 00000000 e3e19046 0000ffff
0 0c 13 0 00 00000000 261feb55 8eadc6a7
0 0d 12 0 00 00000000 f1daad21 e7c79029
0 0e 11 0 00 00000000 ccbb0406 92190030
0 0f 10 0 00 00000000 1d69f6bd eb9e1c6d
0 10 0f 0 00 00000000 eb9e1c6d 1d69f6bd
0 11 0e 0 00 00000000 92190030 ccbb0406
0 12 0d 0 00 00000000 e7c79029 f1daad21
0 13 0c 0 00 00000000 8eadc6a7 261feb55
0 14 0b 0 00 00000000 0000ffff e3e19046
0 15 0a 0 00 00000000 1fd56baf d39485f7
0 16 09 0 00 00000000 cafebabe cafebabe
0 17 08 0 00 00000000 f629d34a 2acaf3cb
0 18 07 0 00 00000000 4aa9568e 46672dc7
0 19 06 0 00 00000000 e9f6e22d 9a23cb01
0 1a 05 0 00 00000000 f39b4bc6 9138b180
0 1b 04 0 00 00000000 80000000 00000001
0 1c 03 0 00 00000000 7fffffff 1c377e94
0 1d 02 0 00 00000000 762a69aa deadbeef
0 1e 01 0 00 00000000 9f2622ef f6f7387f
0 1f 00 0 00 00000000 1b5bcc89 00000000
0 1d 0b 1 0b 55555555 762a69aa e3e19046
0 0f 00 1 00 ae5abef1 1d69f6bd 00000000
0 1d 0f 1 1d e25dabf3 762a69aa 1d69f6bd
0 06 13 0 1b 559169ba 9a23cb01 8eadc6a7
0 19 1a 1 03 5bac20da e9f6e22d f39b4bc6
0 04 04 1 04 30e6c4dc 00000001 00000001
0 0b 11 1 07 6602e6a4 55555555 92190030
0 0f 1a 1 0c 14a79473 1d69f6bd f39b4bc6
0 1c 15 1 03 048b4d3e 7fffffff 1fd56baf
0 16 00 1 1b 9a32ef55 cafebabe 00000000
0 0e 11 1 0e f969e829 ccbb0406 92190030
0 17 0a 0 01 80000000 f629d34a d39485f7
0 1b 1c 1 1b b4387a43 9a32ef55 7fffffff
0 1e 14 1 07 1eddd596 9f2622ef 0000ffff
0 00 14 1 07 7105ca39 00000000 0000ffff
0 14 0a 1 12 f6508342 0000ffff d39485f7
0 1f 18 1 18 7b2cd568 1b5bcc89 4aa9568e
0 06 1c 1 11 be178bd7 9a23cb01 7fffffff
0 11 11 0 00 00000000 be178bd7 be178bd7
0 10 1c 1 1f 80000000 eb9e1c6d 7fffffff
0 04 00 1 0a 898f0342 30e6c4dc 00000000
0 1a 1a 0 1a 86f088ba f39b4bc6 f39b4bc6
0 1a 1a 0 00 00000000 f39b4bc6 f39b4bc6
0 06 02 1 06 e2a92759 9a23cb01 deadbeef
0 16 0d 1 0b cafebabe cafebabe f1daad21
0 13 02 1 13 f3a915cb 8eadc6a7 deadbeef
0 1a 1a 1 1a 71a150b7 f39b4bc6 f39b4bc6
0 0e 01 1 07 9050cf7d f969e829 f6f7387f
0 0f 1a 1 05 00000000 1d69f6bd 71a150b7
0 00 00 1 16 b3c0663f 00000000 00000000
0 1b 06 1 1b 830bca8d b4387a43 e2a92759
0 1b 09 1 1b ad19e7f7 830bca8d cafebabe
0 13 06 1 06 0000ffff f3a915cb e2a92759
0 1d 12 0 16 61766a3a e25dabf3 f6508342
0 0e 19 1 0d 48a57ba0 f969e829 e9f6e22d
0 13 15 1 10 2b8414c0 f3a915cb 1fd56baf
0 1b 00 1 00 00000000 ad19e7f7 00000000
0 1c 1c 1 1c 3acf2e3a 7fffffff 7fffffff
0 07 16 1 13 cafebabe 9050cf7d b3c0663f
0 18 19 0 04 5f0b20c9 7b2cd568 e9f6e22d
0 0b 19 1 00 1a3d6c1f cafebabe e9f6e22d
0 0c 09 1 11 0c17dc5e 14a79473 cafebabe
0 00 05 1 06 02a5e8df 00000000 00000000
0 02 1b 0 09 4ee7ff6e deadbeef ad19e7f7
0 10 1c 1 0e e3c4b3e7 2b8414c0 3acf2e3a
0 11 09 1 00 f681163f 0c17dc5e cafebabe
0 07 09 1 00 a2550fe8 9050cf7d cafebabe
0 05 12 1 12 00000001 00000000 f6508342
0 0f 1e 1 12 ffffffff 1d69f6bd 9f2622ef
0 08 1f 1 11 deadbeef 2acaf3cb 80000000
0 00 03 1 08 b2f755f0 00000000 048b4d3e
0 03 0c 1 1c c6bab711 048b4d3e 14a79473
0 04 00 1 04 00000000 30e6c4dc 00000000
0 02 1a 1 00 ba98ca32 deadbeef 71a150b7
0 0d 0d 1 0d 0c624a98 48a57ba0 48a57ba0
0 11 09 1 1b f75de575 deadbeef cafebabe
0 19 00 1 19 31ba2081 e9f6e22d 00000000
0 00 00 0 0a 9ae15b16 00000000 00000000
0 1a 02 0 03 90dd13d2 71a150b7 deadbeef
0 15 0f 1 0d 4597556c 1fd56baf 1d69f6bd
0 18 1d 1 16 bde28c90 7b2cd568 e25dabf3
0 19 1e 0 0e cca79bed 31ba2081 9f2622ef
0 0c 1c 0 1b 00000000 14a79473 c6bab711
0 04 00 1 04 deadbeef 00000000 00000000
0 13 13 1 1f ef5acf75 cafebabe cafebabe
0 04 0c 1 00 0000ffff deadbeef 14a79473
0 01 14 0 1f f0920c11 f6f7387f 0000ffff
0 00 1c 1 1b 34e7d4c7 00000000 c6bab711
0 00 10 1 03 ffffffff 00000000 2b8414c0
0 05 12 0 14 a7f6f04b 00000000 ffffffff
0 14 19 0 0f 00000001 0000ffff 31ba2081
0 01 0b 0 19 00000001 f6f7387f cafebabe
0 12 0c 0 1a 9790d1a7 ffffffff 14a79473
0 0c 00 1 03 96b97787 14a79473 00000000
0 13 1c 1 04 2c18fffe cafebabe c6bab711
0 1d 06 1 0b 42bb2526 e25dabf3 02a5e8df
0 0b 0b 0 00 00000000 42bb2526 42bb2526
0 1d 17 1 16 5cdbc77a e25dabf3 f629d34a
0 16 16 0 00 00000000 5cdbc77a 5cdbc77a
0 19 19 1 19 0c55c403 31ba2081 31ba2081
0 1a 1a 0 0a 89e142ec 71a150b7 71a150b7
0 01 1e 0 0d 32cdf138 f6f7387f 9f2622ef
0 16 19 1 1c ffffffff 5cdbc77a 0c55c403
0 10 14 1 1a 13529ead 2b8414c0 0000ffff
0 01 0f 1 00 d4060715 f6f7387f 1d69f6bd
0 00 14 1 17 2c67a497 00000000 0000ffff
0 02 01 1 10 6fcaaa81 deadbeef f6f7387f
0 08 1d 1 0a 59474803 b2f755f0 e25dabf3
0 12 14 1 03 100cc221 ffffffff 0000ffff
0 19 0d 0 18 84602844 0c55c403 4597556c
0 1f 00 1 04 9723eadb ef5acf75 00000000
0 04 04 0 00 00000000 9723eadb 9723eadb
0 18 08 1 00 1e14591b 7b2cd568 b2f755f0
0 03 0a 1 00 eec9396d 100cc221 59474803
0 0b 09 0 06 51594915 42bb2526 cafebabe
0 1a 0c 1 09 90b32612 13529ead 14a79473
0 1a 0d 1 0b 4e9140aa 13529ead 4597556c
0 04 00 1 08 6a571a74 9723eadb 00000000
0 02 13 1 13 113a217d deadbeef cafebabe
0 02 1c 1 0e 957f12b8 deadbeef ffffffff
0 0e 0e 0 00 00000000 957f12b8 957f12b8
0 0c 1b 0 10 7439860f 14a79473 34e7d4c7
0 04 00 0 0a 4a0e263f 9723eadb 00000000
0 08 1e 1 00 f464549a 6a571a74 9f2622ef
# --- read-back sweep ---
# i_rst i_rs1_raddr i_rs2_raddr i_rd_wen i_rd_waddr i_rd_wdata | o_rs1_rdata
#     o_rs2_rdata
0 00 1f 0 00 00000000 00000000 ef5acf75
0 01 1e 0 00 00000000 f6f7387f 9f2622ef
0 02 1d 0 00 00000000 deadbeef e25dabf3
0 03 1c 0 00 00000000 100cc221 ffffffff
0 04 1b 0 00 00000000 9723eadb 34e7d4c7
0 05 1a 0 00 00000000 00000000 13529ead
0 06 19 0 00 00000000 02a5e8df 0c55c403
0 07 18 0 00 00000000 9050cf7d 7b2cd568
0 08 17 0 00 00000000 6a571a74 2c67a497
0 09 16 0 00 00000000 90b32612 5cdbc77a
0 0a 15 0 00 00000000 59474803 1fd56baf
0 0b 14 0 00 00000000 4e9140aa 0000ffff
0 0c 13 0 00 00000000 14a79473 113a217d
0 0d 12 0 00 00000000 4597556c ffffffff
0 0e 11 0 00 00000000 957f12b8 deadbeef
0 0f 10 0 00 00000000 1d69f6bd 6fcaaa81
0 10 0f 0 00 00000000 6fcaaa81 1d69f6bd
0 11 0e 0 00 00000000 deadbeef 957f12b8
0 12 0d 0 00 00000000 ffffffff 4597556c
0 13 0c 0 00 00000000 113a217d 14a79473
0 14 0b 0 00 00000000 0000ffff 4e9140aa
0 15 0a 0 00 00000000 1fd56baf 59474803
0 16 09 0 00 00000000 5cdbc77a 90b32612
0 17 08 0 00 00000000 2c67a497 6a571a74
0 18 07 0 00 00000000 7b2cd568 9050cf7d
0 19 06 0 00 00000000 0c55c403 02a5e8df
0 1a 05 0 00 00000000 13529ead 00000000
0 1b 04 0 00 00000000 34e7d4c7 9723eadb
0 1c 03 0 00 00000000 ffffffff 100cc221
0 1d 02 0 00 00000000 e25dabf3 deadbeef
0 1e 01 0 00 00000000 9f2622ef f6f7387f
0 1f 00 0 00 00000000 ef5acf75 00000000
0 0a 1b 1 00 798f2768 59474803 34e7d4c7
0 15 0a 1 18 d5254c0b 1fd56baf 59474803
0 1d 0d 0 18 1f292325 e25dabf3 4597556c
0 09 19 0 10 250dae30 90b32612 0c55c403
0 1e 15 1 00 2b08469f 9f2622ef 1fd56baf
0 05 00 0 05 cafebabe 00000000 00000000
0 05 0a 1 12 8857c924 00000000 59474803
0 19 19 1 0f 00000001 0c55c403 0c55c403
0 10 08 0 18 acabce94 6fcaaa81 6a571a74
0 0d 0e 1 01 1bf10e85 4597556c 957f12b8
0 1f 0e 1 08 d2ffc34b ef5acf75 957f12b8
0 1d 19 1 0b 9467d521 e25dabf3 0c55c403
0 0e 1d 1 1e 7482ac08 957f12b8 e25dabf3
0 0f 00 1 0f f3fbcc9b 00000001 00000000
0 0a 0c 0 0e 8b62ed5c 59474803 14a79473
0 0b 0c 1 1f 72eaad91 9467d521 14a79473
0 0d 09 0 1f deadbeef 4597556c 90b32612
# --- read-back sweep ---
# i_rst i_rs1_raddr i_rs2_raddr i_rd_wen i_rd_waddr i_rd_wdata | o_rs1_rdata
#     o_rs2_rdata
0 00 1f 0 00 00000000 00000000 72eaad91
0 01 1e 0 00 00000000 1bf10e85 7482ac08
0 02 1d 0 00 00000000 deadbeef e25dabf3
0 03 1c 0 00 00000000 100cc221 ffffffff
0 04 1b 0 00 00000000 9723eadb 34e7d4c7
0 05 1a 0 00 00000000 00000000 13529ead
0 06 19 0 00 00000000 02a5e8df 0c55c403
0 07 18 0 00 00000000 9050cf7d d5254c0b
0 08 17 0 00 00000000 d2ffc34b 2c67a497
0 09 16 0 00 00000000 90b32612 5cdbc77a
0 0a 15 0 00 00000000 59474803 1fd56baf
0 0b 14 0 00 00000000 9467d521 0000ffff
0 0c 13 0 00 00000000 14a79473 113a217d
0 0d 12 0 00 00000000 4597556c 8857c924
0 0e 11 0 00 00000000 957f12b8 deadbeef
0 0f 10 0 00 00000000 f3fbcc9b 6fcaaa81
0 10 0f 0 00 00000000 6fcaaa81 f3fbcc9b
0 11 0e 0 00 00000000 deadbeef 957f12b8
0 12 0d 0 00 00000000 8857c924 4597556c
0 13 0c 0 00 00000000 113a217d 14a79473
0 14 0b 0 00 00000000 0000ffff 9467d521
0 15 0a 0 00 00000000 1fd56baf 59474803
0 16 09 0 00 00000000 5cdbc77a 90b32612
0 17 08 0 00 00000000 2c67a497 d2ffc34b
0 18 07 0 00 00000000 d5254c0b 9050cf7d
0 19 06 0 00 00000000 0c55c403 02a5e8df
0 1a 05 0 00 00000000 13529ead 00000000
0 1b 04 0 00 00000000 34e7d4c7 9723eadb
0 1c 03 0 00 00000000 ffffffff 100cc221
0 1d 02 0 00 00000000 e25dabf3 deadbeef
0 1e 01 0 00 00000000 7482ac08 1bf10e85
0 1f 00 0 00 00000000 72eaad91 00000000
0 00 16 0 1a a606eb8d 00000000 5cdbc77a
0 17 12 0 00 00000000 2c67a497 8857c924
0 14 1a 0 1f 26c22d7e 0000ffff 13529ead
0 1f 17 1 14 2a2a1135 72eaad91 2c67a497
0 00 14 1 0b cdf59b86 00000000 2a2a1135
0 0d 05 0 1c 48909b36 4597556c 00000000
0 10 13 0 1e 0b58942b 6fcaaa81 113a217d
0 00 0f 1 00 37935a37 00000000 f3fbcc9b
0 0d 01 0 00 bf052404 4597556c 1bf10e85
0 1a 1a 1 1a dcb56130 13529ead 13529ead
0 1a 03 1 07 293d7955 dcb56130 100cc221
0 05 05 1 05 5cfb8adb 00000000 00000000
0 0b 16 1 15 f9a584e1 cdf59b86 5cdbc77a
0 00 07 1 06 68fe72b2 00000000 293d7955
0 15 0a 1 15 77b8c8c9 f9a584e1 59474803
0 17 0e 1 19 466a20ed 2c67a497 957f12b8
0 02 1b 1 02 1ae22d68 deadbeef 34e7d4c7
0 0e 18 1 1e deadbeef 957f12b8 d5254c0b
0 09 09 1 09 9e961ea8 90b32612 90b32612
0 1e 0e 1 18 6489a81d deadbeef 957f12b8
0 0d 00 1 00 3dc7cc05 4597556c 00000000
0 07 02 1 19 b46528ac 293d7955 1ae22d68
0 01 11 1 01 f1754ce2 1bf10e85 deadbeef
0 00 00 1 04 187aa221 00000000 00000000
0 13 06 1 0f 00000001 113a217d 68fe72b2
0 07 1a 1 10 88b4c33e 293d7955 dcb56130
0 1d 1d 1 1d deadbeef e25dabf3 e25dabf3
0 19 01 0 19 00000000 b46528ac f1754ce2
0 1f 03 1 1b a6ca7ab1 72eaad91 100cc221
0 16 02 1 16 7420b408 5cdbc77a 1ae22d68
0 1d 00 1 03 5625a714 deadbeef 00000000
0 06 15 0 09 622164b7 68fe72b2 77b8c8c9
0 1c 1c 1 1c 65c2ae38 ffffffff ffffffff
0 1a 1a 1 1a 957d1412 dcb56130 dcb56130
0 13 01 1 14 7a3b91d3 113a217d f1754ce2
0 16 1e 1 07 b04e70d6 7420b408 deadbeef
0 18 00 1 18 61131cfd 6489a81d 00000000
0 02 00 0 15 692339ba 1ae22d68 00000000
0 00 18 0 10 55555555 00000000 61131cfd
0 1c 00 1 0f 00000000 65c2ae38 00000000
0 04 17 1 1e deadbeef 187aa221 2c67a497
0 13 18 0 00 91f1e0f1 113a217d 61131cfd
0 0d 1a 1 1a 59eab03d 4597556c 957d1412
0 13 05 1 10 da5db3c3 113a217d 5cfb8adb
0 08 12 0 00 1bb97b78 d2ffc34b 8857c924
0 17 1d 1 00 7aa21898 2c67a497 deadbeef
0 06 1d 1 06 0122cc6a 68fe72b2 deadbeef
0 1c 1a 1 07 bdd95ad4 65c2ae38 59eab03d
0 07 07 0 00 00000000 bdd95ad4 bdd95ad4
0 1e 09 1 0b 4364b7b2 deadbeef 9e961ea8
0 17 09 1 09 3f8303a9 2c67a497 9e961ea8
0 1e 01 1 00 10292a9a deadbeef f1754ce2
0 0c 0c 1 15 fc61b7ec 14a79473 14a79473
0 00 15 0 0d 4b033f37 00000000 fc61b7ec
0 1f 1f 1 1f a64007f8 72eaad91 72eaad91
0 07 07 1 07 f9455fd7 bdd95ad4 bdd95ad4
0 19 1c 0 1e a57b79b7 b46528ac 65c2ae38
0 13 13 0 19 ffd6a376 113a217d 113a217d
0 03 03 1 03 0abc5440 5625a714 5625a714
0 12 08 1 1c 24fc9faa 8857c924 d2ffc34b
0 16 0a 0 11 64ea4521 7420b408 59474803
0 00 01 1 01 0228f244 00000000 f1754ce2
0 1c 09 1 1a e03c0742 24fc9faa 3f8303a9
0 06 17 1 17 deadbeef 0122cc6a 2c67a497
0 0a 0a 0 0a 83041f84 59474803 59474803
0 0a 0a 0 00 00000000 59474803 59474803
0 10 0f 1 1a e5a81a8f da5db3c3 00000000
0 00 1e 0 00 5ba53cc4 00000000 deadbeef
0 1d 0d 0 12 a1edb7c3 deadbeef 4597556c
0 19 10 1 0a 7d528e8a b46528ac da5db3c3
0 1d 1d 1 1d 55ff8f30 deadbeef deadbeef
0 0d 0c 1 0d 99afb9be 4597556c 14a79473
0 03 17 1 0e a1f43fc1 0abc5440 deadbeef
0 0e 0e 0 00 00000000 a1f43fc1 a1f43fc1
0 0a 0a 0 0a 12f34dff 7d528e8a 7d528e8a
0 0a 0a 0 00 00000000 7d528e8a 7d528e8a
0 1e 06 1 15 2da649e7 deadbeef 0122cc6a
0 15 0a 1 09 39e429cd 2da649e7 7d528e8a
0 06 0c 1 08 02effffd 0122cc6a 14a79473
0 00 16 1 0a 9e05ad73 00000000 7420b408
# --- read-back sweep ---
# i_rst i_rs1_raddr i_rs2_raddr i_rd_wen i_rd_waddr i_rd_wdata | o_rs1_rdata
#     o_rs2_rdata
0 00 1f 0 00 00000000 00000000 a64007f8
0 01 1e 0 00 00000000 0228f244 deadbeef
0 02 1d 0 00 00000000 1ae22d68 55ff8f30
0 03 1c 0 00 00000000 0abc5440 24fc9faa
0 04 1b 0 00 00000000 187aa221 a6ca7ab1
0 05 1a 0 00 00000000 5cfb8adb e5a81a8f
0 06 19 0 00 00000000 0122cc6a b46528ac
0 07 18 0 00 00000000 f9455fd7 61131cfd
0 08 17 0 00 00000000 02effffd deadbeef
0 09 16 0 00 00000000 39e429cd 7420b408
0 0a 15 0 00 00000000 9e05ad73 2da649e7
0 0b 14 0 00 00000000 4364b7b2 7a3b91d3
0 0c 13 0 00 00000000 14a79473 113a217d
0 0d 12 0 00 00000000 99afb9be 8857c924
0 0e 11 0 00 00000000 a1f43fc1 deadbeef
0 0f 10 0 00 00000000 00000000 da5db3c3
0 10 0f 0 00 00000000 da5db3c3 00000000
0 11 0e 0 00 00000000 deadbeef a1f43fc1
0 12 0d 0 00 00000000 8857c924 99afb9be
0 13 0c 0 00 00000000 113a217d 14a79473
0 14 0b 0 00 00000000 7a3b91d3 4364b7b2
0 15 0a 0 00 00000000 2da649e7 9e05ad73
0 16 09 0 00 00000000 7420b408 39e429cd
0 17 08 0 00 00000000 deadbeef 02effffd
0 18 07 0 00 00000000 61131cfd f9455fd7
0 19 06 0 00 00000000 b46528ac 0122cc6a
0 1a 05 0 00 00000000 e5a81a8f 5cfb8adb
0 1b 04 0 00 00000000 a6ca7ab1 187aa221
0 1c 03 0 00 00000000 24fc9faa 0abc5440
0 1d 02 0 00 00000000 55ff8f30 1ae22d68
0 1e 01 0 00 00000000 deadbeef 0228f244
0 1f 00 0 00 00000000 a64007f8 00000000
0 04 04 1 04 00000000 187aa221 187aa221
0 02 02 0 02 d7a342d6 1ae22d68 1ae22d68
0 02 02 0 00 00000000 1ae22d68 1ae22d68
0 01 1a 0 0b a6d9b5c3 0228f244 e5a81a8f
0 0e 16 1 17 1dd7d182 a1f43fc1 7420b408
0 11 0d 1 10 1be99c85 deadbeef 99afb9be
0 10 10 0 00 00000000 1be99c85 1be99c85
0 12 1d 0 1b e301d284 8857c924 55ff8f30
0 13 13 0 13 91a409b8 113a217d 113a217d
0 13 13 0 00 00000000 113a217d 113a217d
0 0b 01 1 05 86a9a07a 4364b7b2 0228f244
0 02 12 1 0f 7fffffff 1ae22d68 8857c924
0 02 0d 1 19 750b1d2d 1ae22d68 99afb9be
0 03 1c 1 0b 4b564fe6 0abc5440 24fc9faa
0 0b 0b 0 00 00000000 4b564fe6 4b564fe6
0 02 1b 1 0b b29cb3da 1ae22d68 a6ca7ab1
0 01 05 0 01 3ba78a4f 0228f244 86a9a07a
0 18 18 1 18 167ff606 61131cfd 61131cfd
0 03 00 1 1c 881f96b2 0abc5440 00000000
0 1b 10 1 04 2ca89dbf a6ca7ab1 1be99c85
0 17 13 1 05 61e2fdef 1dd7d182 113a217d
0 18 17 1 13 0cef19fa 167ff606 1dd7d182
0 17 17 1 17 74400ff5 1dd7d182 1dd7d182
0 0e 1e 1 00 00000001 a1f43fc1 deadbeef
0 1e 04 0 0e 862deed0 deadbeef 2ca89dbf
0 0e 01 1 17 b93a089c a1f43fc1 0228f244
0 0c 1a 1 11 e80787de 14a79473 e5a81a8f
0 16 18 0 01 cd73177c 7420b408 167ff606
0 11 04 1 11 80000000 e80787de 2ca89dbf
0 0d 00 1 03 0000ffff 99afb9be 00000000
0 13 16 1 17 d174e989 0cef19fa 7420b408
0 1d 12 0 00 7fffffff 55ff8f30 8857c924
0 05 04 1 13 00000000 61e2fdef 2ca89dbf
0 04 07 0 11 736d04ff 2ca89dbf f9455fd7
0 07 07 1 07 8a8eb717 f9455fd7 f9455fd7
0 1b 17 1 0b 8d53e5a0 a6ca7ab1 d174e989
0 07 07 0 07 7d0e6ab7 8a8eb717 8a8eb717
0 07 07 0 00 00000000 8a8eb717 8a8eb717
0 05 00 1 05 6271377f 61e2fdef 00000000
0 04 14 1 0f 8af38470 2ca89dbf 7a3b91d3
0 15 1a 0 03 8c4933f3 2da649e7 e5a81a8f
0 07 1f 1 1f 80000000 8a8eb717 a64007f8
0 00 00 1 00 0000ffff 00000000 00000000
0 00 0c 1 0c 0f58ef69 00000000 14a79473
0 16 00 0 12 deadbeef 7420b408 00000000
0 1a 00 1 1a a2759561 e5a81a8f 00000000
0 00 03 1 1c f252b1fb 00000000 0000ffff
0 0c 08 1 1e 7129bed7 0f58ef69 02effffd
0 1f 17 1 0c 00000000 80000000 d174e989
0 13 13 1 13 c309d5a6 00000000 00000000
0 05 0d 1 09 71b508c2 6271377f 99afb9be
0 00 1b 0 06 3f345cc4 00000000 a6ca7ab1
0 1b 1b 1 1b 55555555 a6ca7ab1 a6ca7ab1
0 06 06 1 06 116b54ab 0122cc6a 0122cc6a
0 1e 0f 1 05 dc830458 7129bed7 8af38470
0 06 1b 1 09 f2d70342 116b54ab 55555555
0 09 09 0 00 00000000 f2d70342 f2d70342
0 17 15 1 0f 890772b9 d174e989 2da649e7
0 06 08 0 0f ce77e56f 116b54ab 02effffd
0 11 0b 0 1d f6419a27 80000000 8d53e5a0
0 17 1d 0 01 bdea5c42 d174e989 55ff8f30
0 06 01 1 01 002899cc 116b54ab 0228f244
0 0b 0b 1 0b 47899ac1 8d53e5a0 8d53e5a0
0 0a 07 1 0c b95133a2 9e05ad73 8a8eb717
0 1f 01 0 0c 8bf6bfa3 80000000 002899cc
0 0e 00 1 0e 2d682389 a1f43fc1 00000000
0 08 08 1 08 d4c0280d 02effffd 02effffd
0 1a 11 1 1c c4a9e3dc a2759561 80000000
0 1c 1c 0 00 00000000 c4a9e3dc c4a9e3dc
0 0d 0f 0 03 b406e1b8 99afb9be 890772b9
0 1f 09 1 1f cafebabe 80000000 f2d70342
0 13 14 1 0c 7fffffff c309d5a6 7a3b91d3
0 17 1a 1 0d 14115989 d174e989 a2759561
0 01 19 0 0a acc2662a 002899cc 750b1d2d
0 1a 1e 1 06 b0554981 a2759561 7129bed7
0 04 03 1 0c 7fffffff 2ca89dbf 0000ffff
0 17 0f 0 11 2b240ba5 d174e989 890772b9
0 07 1f 1 07 9e70f619 8a8eb717 cafebabe
0 07 07 1 1e 80000000 9e70f619 9e70f619
0 1b 07 0 00 7fffffff 55555555 9e70f619
0 08 1d 0 11 c2ed5942 d4c0280d 55ff8f30
0 10 09 1 05 00000001 1be99c85 f2d70342
0 14 1b 1 06 cafebabe 7a3b91d3 55555555
0 18 0c 1 0e 00000000 167ff606 7fffffff
0 1e 14 1 09 1f706dbb 80000000 7a3b91d3
0 0d 06 1 08 50d65536 14115989 cafebabe
0 17 0b 0 14 0dfa13a0 d174e989 47899ac1
0 16 15 0 1f 4260ac98 7420b408 2da649e7
0 0e 11 1 00 e3ab4f17 00000000 80000000
0 00 00 1 00 1ad31afc 00000000 00000000
0 14 14 1 14 4c93fe7d 7a3b91d3 7a3b91d3
0 00 1f 0 13 6e6ff490 00000000 cafebabe
0 05 12 1 1e 26aa7f06 00000001 8857c924
0 0d 1a 1 1c 43962c67 14115989 a2759561
# --- read-back sweep ---
# i_rst i_rs1_raddr i_rs2_raddr i_rd_wen i_rd_waddr i_rd_wdata | o_rs1_rdata
#     o_rs2_rdata
0 00 1f 0 00 00000000 00000000 cafebabe
0 01 1e 0 00 00000000 002899cc 26aa7f06
0 02 1d 0 00 00000000 1ae22d68 55ff8f30
0 03 1c 0 00 00000000 0000ffff 43962c67
0 04 1b 0 00 00000000 2ca89dbf 55555555
0 05 1a 0 00 00000000 00000001 a2759561
0 06 19 0 00 00000000 cafebabe 750b1d2d
0 07 18 0 00 00000000 9e70f619 167ff606
0 08 17 0 00 00000000 50d65536 d174e989
0 09 16 0 00 00000000 1f706dbb 7420b408
0 0a 15 0 00 00000000 9e05ad73 2da649e7
0 0b 14 0 00 00000000 47899ac1 4c93fe7d
0 0c 13 0 00 00000000 7fffffff c309d5a6
0 0d 12 0 00 00000000 14115989 8857c924
0 0e 11 0 00 00000000 00000000 80000000
0 0f 10 0 00 00000000 890772b9 1be99c85
0 10 0f 0 00 00000000 1be99c85 890772b9
0 11 0e 0 00 00000000 80000000 00000000
0 12 0d 0 00 00000000 8857c924 14115989
0 13 0c 0 00 00000000 c309d5a6 7fffffff
0 14 0b 0 00 00000000 4c93fe7d 47899ac1
0 15 0a 0 00 00000000 2da649e7 9e05ad73
0 16 09 0 00 00000000 7420b408 1f706dbb
0 17 08 0 00 00000000 d174e989 50d65536
0 18 07 0 00 00000000 167ff606 9e70f619
0 19 06 0 00 00000000 750b1d2d cafebabe
0 1a 05 0 00 00000000 a2759561 00000001
0 1b 04 0 00 00000000 55555555 2ca89dbf
0 1c 03 0 00 00000000 43962c67 0000ffff
0 1d 02 0 00 00000000 55ff8f30 1ae22d68
0 1e 01 0 00 00000000 26aa7f06 002899cc
0 1f 00 0 00 00000000 cafebabe 00000000
0 00 00 0 13 f782dfde 00000000 00000000
0 11 02 1 13 6f0c9e68 80000000 1ae22d68
0 12 0a 0 07 aaaaaaaa 8857c924 9e05ad73
0 17 0b 1 19 00000000 d174e989 47899ac1
0 14 00 1 00 7f0e4696 4c93fe7d 00000000
0 0c 11 1 13 8a664d2e 7fffffff 80000000
0 05 05 1 05 00000000 00000001 00000001
0 12 12 0 12 8fb01c33 8857c924 8857c924
0 12 12 0 00 00000000 8857c924 8857c924
0 15 11 1 1a eb1446cd 2da649e7 80000000
0 12 0a 1 1f ab6bf562 8857c924 9e05ad73
0 08 00 1 08 d1009a6f 50d65536 00000000
0 00 02 1 00 168c2e4c 00000000 1ae22d68
0 1d 09 1 1d 06ba45bd 55ff8f30 1f706dbb
0 16 00 1 16 4f233ef6 7420b408 00000000
0 0f 12 0 12 789a2e83 890772b9 8857c924
0 0d 07 1 00 0603f72d 14115989 9e70f619
0 1c 01 1 06 152041de 43962c67 002899cc
0 1d 05 1 10 91eef087 06ba45bd 00000000
0 10 10 0 00 00000000 91eef087 91eef087
0 08 08 1 0f ee691849 d1009a6f d1009a6f
0 0f 0f 0 00 00000000 ee691849 ee691849
0 02 15 0 1d a4c4e2b8 1ae22d68 2da649e7
0 14 08 1 0e db1bee84 4c93fe7d d1009a6f
0 08 12 0 15 3f9b6568 d1009a6f 8857c924
0 0f 13 1 04 4527c6b9 ee691849 8a664d2e
0 04 04 0 00 00000000 4527c6b9 4527c6b9
0 15 00 1 10 9e6bfdbb 2da649e7 00000000
0 17 13 0 1f aaaaaaaa d174e989 8a664d2e
0 1a 00 0 0d 6a549321 eb1446cd 00000000
0 17 13 1 0d 5f9d8d19 d174e989 8a664d2e
0 06 10 1 04 0000ffff 152041de 9e6bfdbb
0 07 05 1 19 b0572451 9e70f619 00000000
0 03 1b 1 13 94d39af4 0000ffff 55555555
0 12 06 1 08 cd10b603 8857c924 152041de
0 17 05 0 09 af4db59a d174e989 00000000
0 17 17 0 17 7a1e8158 d174e989 d174e989
0 17 17 0 00 00000000 d174e989 d174e989
0 0c 1d 1 08 00000001 7fffffff 06ba45bd
0 12 12 0 12 8c3ef4ad 8857c924 8857c924
0 12 12 0 00 00000000 8857c924 8857c924
0 0f 1d 1 17 4c6608e2 ee691849 06ba45bd
0 10 11 0 1d ffffffff 9e6bfdbb 80000000
0 05 0a 0 00 c64f1737 00000000 9e05ad73
0 05 05 1 05 927b5897 00000000 00000000
0 12 1a 0 1c f5f4975a 8857c924 eb1446cd
0 1a 1d 1 04 810787da eb1446cd 06ba45bd
0 00 1e 1 07 80000000 00000000 26aa7f06
0 1f 1d 1 0c 60c7b497 ab6bf562 06ba45bd
0 03 18 1 0a 1da75c76 0000ffff 167ff606
0 0a 0a 0 00 00000000 1da75c76 1da75c76
0 10 00 1 13 83ab4a2e 9e6bfdbb 00000000
0 17 0e 1 03 3ce379a9 4c6608e2 db1bee84
0 1e 00 0 04 9ff4c353 26aa7f06 00000000
0 1b 00 0 18 80000000 55555555 00000000
0 11 1c 0 0f a3cfbdc8 80000000 43962c67
0 0a 0d 1 0a 2a407d8d 1da75c76 5f9d8d19
0 17 17 1 00 8701d81f 4c6608e2 4c6608e2
0 0b 1a 1 0c 0545191f 47899ac1 eb1446cd
0 1e 02 0 08 ecd60d83 26aa7f06 1ae22d68
0 11 0c 1 1f 80000000 80000000 0545191f
0 0f 1a 0 0a 39a027f8 ee691849 eb1446cd
0 02 06 1 0a 00000001 1ae22d68 152041de
0 06 08 0 0b 762314e9 152041de 00000001
0 1c 1e 1 0e 4fd45132 43962c67 26aa7f06
0 1e 14 0 00 8dadf0a1 26aa7f06 4c93fe7d
0 0e 09 1 19 00a94cdd 4fd45132 1f706dbb
0 19 11 1 1e 35ec3e97 00a94cdd 80000000
0 0d 16 0 06 1c6c641f 5f9d8d19 4f233ef6
0 00 10 0 1d c9c22f7f 00000000 9e6bfdbb
0 0e 06 1 0b a8bb0cd9 4fd45132 152041de
0 00 09 1 10 01415c9a 00000000 1f706dbb
0 0a 0a 1 00 019311cb 00000001 00000001
0 14 0a 0 18 0000ffff 4c93fe7d 00000001
0 11 16 1 12 9351cdce 80000000 4f233ef6
0 0a 1b 0 12 00000000 00000001 55555555
0 0f 1d 0 16 e6d33fac ee691849 06ba45bd
0 0f 09 1 05 efe08d7a ee691849 1f706dbb
0 05 08 1 0d eb0bee98 efe08d7a 00000001
0 16 0b 1 05 55555555 4f233ef6 a8bb0cd9
0 14 14 0 14 53f7594e 4c93fe7d 4c93fe7d
0 14 14 0 00 00000000 4c93fe7d 4c93fe7d
0 18 18 0 18 ce41c972 167ff606 167ff606
0 18 18 0 00 00000000 167ff606 167ff606
# --- read-back sweep ---
# i_rst i_rs1_raddr i_rs2_raddr i_rd_wen i_rd_waddr i_rd_wdata | o_rs1_rdata
#     o_rs2_rdata
0 00 1f 0 00 00000000 00000000 80000000
0 01 1e 0 00 00000000 002899cc 35ec3e97
0 02 1d 0 00 00000000 1ae22d68 06ba45bd
0 03 1c 0 00 00000000 3ce379a9 43962c67
0 04 1b 0 00 00000000 810787da 55555555
0 05 1a 0 00 00000000 55555555 eb1446cd
0 06 19 0 00 00000000 152041de 00a94cdd
0 07 18 0 00 00000000 80000000 167ff606
0 08 17 0 00 00000000 00000001 4c6608e2
0 09 16 0 00 00000000 1f706dbb 4f233ef6
0 0a 15 0 00 00000000 00000001 2da649e7
0 0b 14 0 00 00000000 a8bb0cd9 4c93fe7d
0 0c 13 0 00 00000000 0545191f 83ab4a2e
0 0d 12 0 00 00000000 eb0bee98 9351cdce
0 0e 11 0 00 00000000 4fd45132 80000000
0 0f 10 0 00 00000000 ee691849 01415c9a
0 10 0f 0 00 00000000 01415c9a ee691849
0 11 0e 0 00 00000000 80000000 4fd45132
0 12 0d 0 00 00000000 9351cdce eb0bee98
0 13 0c 0 00 00000000 83ab4a2e 0545191f
0 14 0b 0 00 00000000 4c93fe7d a8bb0cd9
0 15 0a 0 00 00000000 2da649e7 00000001
0 16 09 0 00 00000000 4f233ef6 1f706dbb
0 17 08 0 00 00000000 4c6608e2 00000001
0 18 07 0 00 00000000 167ff606 80000000
0 19 06 0 00 00000000 00a94cdd 152041de
0 1a 05 0 00 00000000 eb1446cd 55555555
0 1b 04 0 00 00000000 55555555 810787da
0 1c 03 0 00 00000000 43962c67 3ce379a9
0 1d 02 0 00 00000000 06ba45bd 1ae22d68
0 1e 01 0 00 00000000 35ec3e97 002899cc
0 1f 00 0 00 00000000 80000000 00000000
0 0c 02 1 17 af2f6d5f 0545191f 1ae22d68
0 05 08 0 02 8dff0224 55555555 00000001
0 0d 0d 1 0d 6f38fe98 eb0bee98 eb0bee98
0 10 03 1 04 aaaaaaaa 01415c9a 3ce379a9
0 12 1c 1 0b 73d7dc2e 9351cdce 43962c67
0 00 18 1 1e fbb9dc1c 00000000 167ff606
0 0f 11 1 0f a8d96041 ee691849 80000000
0 00 0b 0 00 47e17966 00000000 73d7dc2e
0 02 1e 1 11 95e57822 1ae22d68 fbb9dc1c
0 00 0d 1 02 717c05c7 00000000 6f38fe98
0 1b 1a 0 17 8e2ffe54 55555555 eb1446cd
0 09 09 1 09 0000ffff 1f706dbb 1f706dbb
0 03 19 0 05 347a655a 3ce379a9 00a94cdd
0 19 19 1 19 29be8ae1 00a94cdd 00a94cdd
0 19 07 1 14 00000001 29be8ae1 80000000
0 1e 1a 0 0d bdfafe06 fbb9dc1c eb1446cd
0 0d 08 1 0f 3863da81 6f38fe98 00000001
0 00 0d 1 12 cafebabe 00000000 6f38fe98
0 0e 01 1 0a 5521d07c 4fd45132 002899cc
0 17 14 1 18 2c46854d af2f6d5f 00000001
0 1c 17 1 0b f6b1fb48 43962c67 af2f6d5f
0 0b 0b 0 00 00000000 f6b1fb48 f6b1fb48
0 10 1c 1 1c f409cb06 01415c9a 43962c67
0 05 15 1 16 ffffffff 55555555 2da649e7
0 11 11 1 11 84059fb3 95e57822 95e57822
0 0d 05 0 0f 91b49a95 6f38fe98 55555555
0 06 0e 1 0d 8f4a3a56 152041de 4fd45132
0 11 08 0 0e 7a9853e8 84059fb3 00000001
0 17 0c 1 0f 36aa2d30 af2f6d5f 0545191f
0 02 17 0 1c b1e7825f 717c05c7 af2f6d5f
0 00 00 1 00 00000000 00000000 00000000
0 13 0b 1 0b 80000000 83ab4a2e f6b1fb48
0 16 16 0 16 e3e5631d ffffffff ffffffff
0 16 16 0 00 00000000 ffffffff ffffffff
0 1d 04 0 1a cafebabe 06ba45bd aaaaaaaa
0 01 01 1 01 33adcc93 002899cc 002899cc
0 02 02 1 02 59b38db9 717c05c7 717c05c7
0 17 0d 1 1c 41c3819e af2f6d5f 8f4a3a56
0 01 0a 0 00 bec441ee 33adcc93 5521d07c
0 10 00 1 10 cafebabe 01415c9a 00000000
# --- read-back sweep ---
# i_rst i_rs1_raddr i_rs2_raddr i_rd_wen i_rd_waddr i_rd_wdata | o_rs1_rdata
#     o_rs2_rdata
0 00 1f 0 00 00000000 00000000 80000000
0 01 1e 0 00 00000000 33adcc93 fbb9dc1c
0 02 1d 0 00 00000000 59b38db9 06ba45bd
0 03 1c 0 00 00000000 3ce379a9 41c3819e
0 04 1b 0 00 00000000 aaaaaaaa 55555555
0 05 1a 0 00 00000000 55555555 eb1446cd
0 06 19 0 00 00000000 152041de 29be8ae1
0 07 18 0 00 00000000 80000000 2c46854d
0 08 17 0 00 00000000 00000001 af2f6d5f
0 09 16 0 00 00000000 0000ffff ffffffff
0 0a 15 0 00 00000000 5521d07c 2da649e7
0 0b 14 0 00 00000000 80000000 00000001
0 0c 13 0 00 00000000 0545191f 83ab4a2e
0 0d 12 0 00 00000000 8f4a3a56 cafebabe
0 0e 11 0 00 00000000 4fd45132 84059fb3
0 0f 10 0 00 00000000 36aa2d30 cafebabe
0 10 0f 0 00 00000000 cafebabe 36aa2d30
0 11 0e 0 00 00000000 84059fb3 4fd45132
0 12 0d 0 00 00000000 cafebabe 8f4a3a56
0 13 0c 0 00 00000000 83ab4a2e 0545191f
0 14 0b 0 00 00000000 00000001 80000000
0 15 0a 0 00 00000000 2da649e7 5521d07c
0 16 09 0 00 00000000 ffffffff 0000ffff
0 17 08 0 00 00000000 af2f6d5f 00000001
0 18 07 0 00 00000000 2c46854d 80000000
0 19 06 0 00 00000000 29be8ae1 152041de
0 1a 05 0 00 00000000 eb1446cd 55555555
0 1b 04 0 00 00000000 55555555 aaaaaaaa
0 1c 03 0 00 00000000 41c3819e 3ce379a9
0 1d 02 0 00 00000000 06ba45bd 59b38db9
0 1e 01 0 00 00000000 fbb9dc1c 33adcc93
0 1f 00 0 00 00000000 80000000 00000000
0 08 13 0 1f f89dec06 00000001 83ab4a2e
0 17 07 1 0b 499344d0 af2f6d5f 80000000
0 04 05 0 1b 3149e664 aaaaaaaa 55555555
0 07 0c 0 1b 3570a2f2 80000000 0545191f
0 06 13 0 14 73ee04b8 152041de 83ab4a2e
0 0a 0a 1 0a 1a1000ce 5521d07c 5521d07c
0 11 17 1 0f 5e5510b2 84059fb3 af2f6d5f
0 0b 06 0 0f 27148380 499344d0 152041de
# --- read-back sweep ---
# i_rst i_rs1_raddr i_rs2_raddr i_rd_wen i_rd_waddr i_rd_wdata | o_rs1_rdata
#     o_rs2_rdata
0 00 1f 0 00 00000000 00000000 80000000
0 01 1e 0 00 00000000 33adcc93 fbb9dc1c
0 02 1d 0 00 00000000 59b38db9 06ba45bd
0 03 1c 0 00 00000000 3ce379a9 41c3819e
0 04 1b 0 00 00000000 aaaaaaaa 55555555
0 05 1a 0 00 00000000 55555555 eb1446cd
0 06 19 0 00 00000000 152041de 29be8ae1
0 07 18 0 00 00000000 80000000 2c46854d
0 08 17 0 00 00000000 00000001 af2f6d5f
0 09 16 0 00 00000000 0000ffff ffffffff
0 0a 15 0 00 00000000 1a1000ce 2da649e7
0 0b 14 0 00 00000000 499344d0 00000001
0 0c 13 0 00 00000000 0545191f 83ab4a2e
0 0d 12 0 00 00000000 8f4a3a56 cafebabe
0 0e 11 0 00 00000000 4fd45132 84059fb3
0 0f 10 0 00 00000000 5e5510b2 cafebabe
0 10 0f 0 00 00000000 cafebabe 5e5510b2
0 11 0e 0 00 00000000 84059fb3 4fd45132
0 12 0d 0 00 00000000 cafebabe 8f4a3a56
0 13 0c 0 00 00000000 83ab4a2e 0545191f
0 14 0b 0 00 00000000 00000001 499344d0
0 15 0a 0 00 00000000 2da649e7 1a1000ce
0 16 09 0 00 00000000 ffffffff 0000ffff
0 17 08 0 00 00000000 af2f6d5f 00000001
0 18 07 0 00 00000000 2c46854d 80000000
0 19 06 0 00 00000000 29be8ae1 152041de
0 1a 05 0 00 00000000 eb1446cd 55555555
0 1b 04 0 00 00000000 55555555 aaaaaaaa
0 1c 03 0 00 00000000 41c3819e 3ce379a9
0 1d 02 0 00 00000000 06ba45bd 59b38db9
0 1e 01 0 00 00000000 fbb9dc1c 33adcc93
0 1f 00 0 00 00000000 80000000 00000000
0 10 1a 1 14 9ee94879 cafebabe eb1446cd
0 0a 14 1 1f 99555a16 1a1000ce 9ee94879
0 11 03 1 04 18cefac0 84059fb3 3ce379a9
0 0c 17 1 17 d081ef70 0545191f af2f6d5f
0 19 1e 1 00 4b1dd2c7 29be8ae1 fbb9dc1c
0 10 16 1 10 0124375b cafebabe ffffffff
0 15 0f 0 1e 20d0a227 2da649e7 5e5510b2
0 02 02 1 02 921b69f4 59b38db9 59b38db9
0 16 07 1 16 7c3c586e ffffffff 80000000
0 17 1d 1 07 00000001 d081ef70 06ba45bd
0 0c 1f 1 11 aaaaaaaa 0545191f 99555a16
0 00 08 0 1a 0000ffff 00000000 00000001
0 0e 0f 1 1a 09d9a71e 4fd45132 5e5510b2
0 0a 04 0 1d 5059381b 1a1000ce 18cefac0
0 01 11 1 01 0000ffff 33adcc93 aaaaaaaa
0 04 04 1 01 b4e2b31e 18cefac0 18cefac0
0 19 00 0 05 aae83250 29be8ae1 00000000
0 0d 0d 1 0d ffffffff 8f4a3a56 8f4a3a56
0 0f 18 1 00 a605345e 5e5510b2 2c46854d
0 1e 06 1 0d 99cccfca fbb9dc1c 152041de
0 10 14 1 10 76afcf86 0124375b 9ee94879
0 01 16 1 00 80000000 b4e2b31e 7c3c586e
0 10 10 1 10 80000000 76afcf86 76afcf86
0 1c 1f 1 01 1039d727 41c3819e 99555a16
0 01 0b 1 01 00000000 1039d727 499344d0
0 15 0e 1 09 4f103900 2da649e7 4fd45132
0 09 09 0 00 00000000 4f103900 4f103900
0 1a 06 0 16 757afc9a 09d9a71e 152041de
0 16 08 0 00 9bfa6b90 7c3c586e 00000001
0 09 09 1 07 21b94f2b 4f103900 4f103900
0 1e 13 1 0b 7011b720 fbb9dc1c 83ab4a2e
0 06 10 1 19 deadbeef 152041de 80000000
0 0e 05 1 17 c2314c7b 4fd45132 55555555
0 1a 1e 1 1a 2a614783 09d9a71e fbb9dc1c
0 00 02 0 04 4fe34d02 00000000 921b69f4
0 1c 1c 0 1c bb47d73a 41c3819e 41c3819e
0 1c 1c 0 00 00000000 41c3819e 41c3819e
0 1f 0c 0 09 b57a9532 99555a16 0545191f
0 10 0f 1 0e 2b605196 80000000 5e5510b2
0 0e 0e 0 00 00000000 2b605196 2b605196
0 15 12 0 00 b69e57ba 2da649e7 cafebabe
0 0e 0a 1 00 58c0a926 2b605196 1a1000ce
0 16 16 0 16 ad31c27a 7c3c586e 7c3c586e
0 16 16 0 00 00000000 7c3c586e 7c3c586e
0 09 01 0 03 4379c519 4f103900 00000000
0 03 00 1 19 0927f591 3ce379a9 00000000
0 0b 00 1 08 909a1273 7011b720 00000000
0 1a 17 0 17 f68f162e 2a614783 c2314c7b
0 04 04 1 04 4491d282 18cefac0 18cefac0
0 07 09 1 1e 79a31afb 21b94f2b 4f103900
0 05 17 1 1d e592247c 55555555 c2314c7b
0 04 17 0 10 5faceabd 4491d282 c2314c7b
0 0e 01 1 16 9be043fb 2b605196 00000000
0 08 08 1 08 aaaaaaaa 909a1273 909a1273
0 05 10 1 12 e716a80c 55555555 80000000
0 0e 0e 0 0e afc3c717 2b605196 2b605196
0 0e 0e 0 00 00000000 2b605196 2b605196
0 0e 01 0 00 cafebabe 2b605196 00000000
0 0d 06 0 11 8be2f4ea 99cccfca 152041de
0 06 0c 1 06 0000ffff 152041de 0545191f
0 0f 05 1 03 f3f5476f 5e5510b2 55555555
0 05 00 0 00 e745bbbe 55555555 00000000
0 1a 15 1 12 893de84f 2a614783 2da649e7
0 15 15 0 15 c678ee36 2da649e7 2da649e7
0 15 15 0 00 00000000 2da649e7 2da649e7
0 13 08 0 16 63928a3c 83ab4a2e aaaaaaaa
0 06 12 1 02 7c0d3530 0000ffff 893de84f
0 0c 03 1 1c 00000001 0545191f f3f5476f
0 16 1d 0 14 45241fad 9be043fb e592247c
0 03 15 1 02 4130a24d f3f5476f 2da649e7
0 1e 03 1 0c 27478862 79a31afb f3f5476f
0 19 19 0 19 e3846e4f 0927f591 0927f591
0 19 19 0 00 00000000 0927f591 0927f591
0 04 19 1 0b deadbeef 4491d282 0927f591
0 0f 12 1 14 cafebabe 5e5510b2 893de84f
0 07 0d 0 04 6a2f02f5 21b94f2b 99cccfca
0 1b 02 0 1b 4c642393 55555555 4130a24d
0 17 0a 1 10 1ab6bda7 c2314c7b 1a1000ce
0 10 10 0 00 00000000 1ab6bda7 1ab6bda7
0 07 07 0 07 b19c9b5f 21b94f2b 21b94f2b
0 07 07 0 00 00000000 21b94f2b 21b94f2b
0 0a 07 1 06 9c2aec49 1a1000ce 21b94f2b
0 17 0e 0 17 2179bb23 c2314c7b 2b605196
0 1d 1d 1 1d c26d85b3 e592247c e592247c
0 0e 0d 0 00 aaaaaaaa 2b605196 99cccfca
0 16 18 1 16 00000000 9be043fb 2c46854d
0 0a 17 0 0b ac9da154 1a1000ce c2314c7b
0 00 12 1 03 25c1f3b8 00000000 893de84f
0 00 1b 1 05 ba5fb626 00000000 55555555
0 17 0d 1 0c aaaaaaaa c2314c7b 99cccfca
0 03 09 1 05 7fffffff 25c1f3b8 4f103900
0 0a 00 0 00 00000000 1a1000ce 00000000
0 1e 03 0 0c 851fcf25 79a31afb 25c1f3b8
0 0f 12 1 0e 0000ffff 5e5510b2 893de84f
0 01 01 1 01 98d2c1ad 00000000 00000000
0 1e 0b 1 1e ddbf5b16 79a31afb deadbeef
0 1e 12 0 04 994d262c ddbf5b16 893de84f
0 00 02 1 0d ac617377 00000000 4130a24d
0 03 11 1 03 8b79f60f 25c1f3b8 aaaaaaaa
0 04 04 1 04 bd0b17ea 4491d282 4491d282
0 08 06 1 00 b428fc2e aaaaaaaa 9c2aec49
0 18 13 1 1d e7902026 2c46854d 83ab4a2e
0 0a 15 1 00 45fe508c 1a1000ce 2da649e7
0 1e 00 0 10 00000001 ddbf5b16 00000000
0 04 0b 1 09 855644c1 bd0b17ea deadbeef
0 18 00 0 1d 0d6c1e09 2c46854d 00000000
0 1f 16 1 1f 8231816c 99555a16 00000000
0 0c 0c 1 0c 34d006c7 aaaaaaaa aaaaaaaa
0 03 0d 1 0d c058e931 8b79f60f ac617377
0 17 16 1 01 e231ebd0 c2314c7b 00000000
0 02 1f 0 19 00000001 4130a24d 8231816c
0 0d 10 0 14 bf462c1b c058e931 1ab6bda7
0 0a 0a 1 03 8d7b6801 1a1000ce 1a1000ce
0 03 03 0 00 00000000 8d7b6801 8d7b6801
0 19 0a 1 1a 788e1eb7 0927f591 1a1000ce
0 08 08 1 08 70c06f61 aaaaaaaa aaaaaaaa
0 00 00 1 00 7fffffff 00000000 00000000
0 02 1d 0 1a aaaaaaaa 4130a24d e7902026
0 04 14 1 02 f142ec70 bd0b17ea cafebabe
0 1a 18 0 1e dc9eebc6 788e1eb7 2c46854d
0 07 0d 1 14 386e3f82 21b94f2b c058e931
0 03 03 0 03 5743d313 8d7b6801 8d7b6801
0 03 03 0 00 00000000 8d7b6801 8d7b6801
0 00 1c 1 00 7fffffff 00000000 00000001
0 15 1b 1 08 ffffffff 2da649e7 55555555
0 1a 00 1 00 73dd7ab7 788e1eb7 00000000
0 05 05 0 05 3f8694fd 7fffffff 7fffffff
0 05 05 0 00 00000000 7fffffff 7fffffff
0 1f 09 1 12 090d6822 8231816c 855644c1
0 0e 1e 1 1e 6dfd4f56 0000ffff ddbf5b16
0 1f 00 1 03 7fc9cfdf 8231816c 00000000
0 04 0c 1 13 523f8caa bd0b17ea 34d006c7
0 02 02 1 02 31a35a6f f142ec70 f142ec70
0 13 07 1 13 22377dd5 523f8caa 21b94f2b
0 11 17 0 14 72e7ed9d aaaaaaaa c2314c7b
0 09 1b 1 00 80000000 855644c1 55555555
0 0d 0f 0 0b 55555555 c058e931 5e5510b2
0 06 16 0 00 80c2c5ba 9c2aec49 00000000
0 0f 12 0 0f 3533d176 5e5510b2 090d6822
0 0c 15 1 02 e70f2c78 34d006c7 2da649e7
0 05 0b 1 00 e4a224c5 7fffffff deadbeef
0 0a 08 1 05 87bd0720 1a1000ce ffffffff
0 05 03 1 00 34c6687c 87bd0720 7fc9cfdf
0 05 0a 1 05 49d21064 87bd0720 1a1000ce
0 10 14 0 15 648856f0 1ab6bda7 386e3f82
0 07 07 0 07 12af51f3 21b94f2b 21b94f2b
0 07 07 0 00 00000000 21b94f2b 21b94f2b
0 04 16 1 16 d76ae09d bd0b17ea 00000000
0 17 00 1 0b cdc9ff9c c2314c7b 00000000
0 18 18 1 18 cccf66c4 2c46854d 2c46854d
0 12 0a 0 1b 00000000 090d6822 1a1000ce
0 1d 13 1 0b 9098a9a7 e7902026 22377dd5
0 1d 00 1 1a 402bbbb7 e7902026 00000000
0 02 18 0 0a 0000ffff e70f2c78 cccf66c4
0 13 11 1 13 f0ac22e2 22377dd5 aaaaaaaa
0 10 00 1 0f 47064025 1ab6bda7 00000000
0 0f 0f 0 00 00000000 47064025 47064025
0 06 19 1 1d 28c36bc0 9c2aec49 0927f591
0 13 00 1 00 c9f0b41f f0ac22e2 00000000
0 17 1f 1 1c 561f9de1 c2314c7b 8231816c
0 03 09 0 1d 9efbf606 7fc9cfdf 855644c1
0 06 06 1 06 318a1c9d 9c2aec49 9c2aec49
0 0b 07 0 11 7faff262 9098a9a7 21b94f2b
0 00 1c 1 00 7fffffff 00000000 561f9de1
0 0b 1b 0 00 80000000 9098a9a7 55555555
0 17 16 1 16 68f51238 c2314c7b d76ae09d
0 0b 04 1 07 ed7811da 9098a9a7 bd0b17ea
0 07 07 0 00 00000000 ed7811da ed7811da
0 0d 0a 0 00 3d67fd74 c058e931 1a1000ce
0 13 01 1 18 b32c3a4b f0ac22e2 e231ebd0
0 00 10 1 04 0000ffff 00000000 1ab6bda7
0 14 00 0 1f 9f237477 386e3f82 00000000
0 04 00 1 1e f34f54b8 0000ffff 00000000
0 08 19 0 17 7dd44df0 ffffffff 0927f591
0 1c 18 0 0b 80000000 561f9de1 b32c3a4b
0 0d 0c 0 08 81b8af41 c058e931 34d006c7
0 15 1f 1 15 7b094ef1 2da649e7 8231816c
# --- read-back sweep ---
# i_rst i_rs1_raddr i_rs2_raddr i_rd_wen i_rd_waddr i_rd_wdata | o_rs1_rdata
#     o_rs2_rdata
0 00 1f 0 00 00000000 00000000 8231816c
0 01 1e 0 00 00000000 e231ebd0 f34f54b8
0 02 1d 0 00 00000000 e70f2c78 28c36bc0
0 03 1c 0 00 00000000 7fc9cfdf 561f9de1
0 04 1b 0 00 00000000 0000ffff 55555555
0 05 1a 0 00 00000000 49d21064 402bbbb7
0 06 19 0 00 00000000 318a1c9d 0927f591
0 07 18 0 00 00000000 ed7811da b32c3a4b
0 08 17 0 00 00000000 ffffffff c2314c7b
0 09 16 0 00 00000000 855644c1 68f51238
0 0a 15 0 00 00000000 1a1000ce 7b094ef1
0 0b 14 0 00 00000000 9098a9a7 386e3f82
0 0c 13 0 00 00000000 34d006c7 f0ac22e2
0 0d 12 0 00 00000000 c058e931 090d6822
0 0e 11 0 00 00000000 0000ffff aaaaaaaa
0 0f 10 0 00 00000000 47064025 1ab6bda7
0 10 0f 0 00 00000000 1ab6bda7 47064025
0 11 0e 0 00 00000000 aaaaaaaa 0000ffff
0 12 0d 0 00 00000000 090d6822 c058e931
0 13 0c 0 00 00000000 f0ac22e2 34d006c7
0 14 0b 0 00 00000000 386e3f82 9098a9a7
0 15 0a 0 00 00000000 7b094ef1 1a1000ce
0 16 09 0 00 00000000 68f51238 855644c1
0 17 08 0 00 00000000 c2314c7b ffffffff
0 18 07 0 00 00000000 b32c3a4b ed7811da
0 19 06 0 00 00000000 0927f591 318a1c9d
0 1a 05 0 00 00000000 402bbbb7 49d21064
0 1b 04 0 00 00000000 55555555 0000ffff
0 1c 03 0 00 00000000 561f9de1 7fc9cfdf
0 1d 02 0 00 00000000 28c36bc0 e70f2c78
0 1e 01 0 00 00000000 f34f54b8 e231ebd0
0 1f 00 0 00 00000000 8231816c 00000000
0 13 0e 1 18 aa5a4be9 f0ac22e2 0000ffff
0 0e 00 0 01 489aaa0a 0000ffff 00000000
0 1f 07 1 1c b7e92e0e 8231816c ed7811da
0 1b 12 1 00 0000ffff 55555555 090d6822
0 0b 07 0 17 1d9330e8 9098a9a7 ed7811da
0 17 17 0 17 b7fcb062 c2314c7b c2314c7b
0 17 17 0 00 00000000 c2314c7b c2314c7b
0 01 1d 0 19 7a03ab5e e231ebd0 28c36bc0
0 0a 00 0 1f 37e7c9d3 1a1000ce 00000000
0 19 19 1 19 44515468 0927f591 0927f591
0 1b 16 0 1b e6f198eb 55555555 68f51238
0 18 08 1 00 0000ffff aa5a4be9 ffffffff
0 11 03 0 0a 55555555 aaaaaaaa 7fc9cfdf
0 09 19 0 0d 20d21fbe 855644c1 44515468
0 02 19 1 0f ffffffff e70f2c78 44515468
0 1b 0a 1 05 3152bfb5 55555555 1a1000ce
0 05 05 0 00 00000000 3152bfb5 3152bfb5
0 05 1b 1 0a eb9996b8 3152bfb5 55555555
0 08 02 0 00 deadbeef ffffffff e70f2c78
0 17 1b 0 15 7fffffff c2314c7b 55555555
0 00 03 1 19 13193259 00000000 7fc9cfdf
0 1d 1d 0 1d d6541e9d 28c36bc0 28c36bc0
0 1d 1d 0 00 00000000 28c36bc0 28c36bc0
0 07 00 1 09 00000000 ed7811da 00000000
0 12 12 1 12 61237d96 090d6822 090d6822
0 0e 0f 1 19 aaaaaaaa 0000ffff ffffffff
0 04 01 0 1f aaaaaaaa 0000ffff e231ebd0
0 10 18 0 02 80000000 1ab6bda7 aa5a4be9
0 12 00 1 00 b0837b31 61237d96 00000000
0 0f 19 1 0f d649c403 ffffffff aaaaaaaa
0 07 1f 1 14 cafebabe ed7811da 8231816c
0 1d 09 0 10 846f1445 28c36bc0 00000000
0 14 09 1 1e b2367561 cafebabe 00000000
0 0c 10 1 02 76b3a79d 34d006c7 1ab6bda7
0 14 1c 1 0c d38c9d17 cafebabe b7e92e0e
0 10 0c 0 05 00000000 1ab6bda7 d38c9d17
0 07 17 1 00 d1ca29e3 ed7811da c2314c7b
0 04 09 1 0f 81671a7e 0000ffff 00000000
0 02 02 0 02 3f048013 76b3a79d 76b3a79d
0 02 02 0 00 00000000 76b3a79d 76b3a79d
0 15 15 0 15 e5c20584 7b094ef1 7b094ef1
0 15 15 0 00 00000000 7b094ef1 7b094ef1
0 1d 1c 0 00 9e66aa2b 28c36bc0 b7e92e0e
0 03 06 1 0f 0779ee90 7fc9cfdf 318a1c9d
0 0e 0c 1 0e 7b888c87 0000ffff d38c9d17
0 1e 1d 1 1f 00708766 b2367561 28c36bc0
0 06 0c 1 06 93525ac4 318a1c9d d38c9d17
0 0a 0a 1 13 0000ffff eb9996b8 eb9996b8
0 1f 1f 1 1f bbed840e 00708766 00708766
0 12 01 0 00 c1c99a18 61237d96 e231ebd0
0 18 05 1 1d 9501c6e7 aa5a4be9 3152bfb5
0 10 10 0 0d 60e2fc92 1ab6bda7 1ab6bda7
0 04 12 1 0b cafebabe 0000ffff 61237d96
0 00 14 0 07 0000ffff 00000000 cafebabe
0 07 0e 1 1a eaa319e2 ed7811da 7b888c87
0 11 00 0 00 55555555 aaaaaaaa 00000000
0 0c 0c 0 0c d64fd6b7 d38c9d17 d38c9d17
0 0c 0c 0 00 00000000 d38c9d17 d38c9d17
0 04 14 1 04 deadbeef 0000ffff cafebabe
0 03 03 0 03 4a91c32f 7fc9cfdf 7fc9cfdf
0 03 03 0 00 00000000 7fc9cfdf 7fc9cfdf
0 0d 0e 1 0e f46f4102 c058e931 7b888c87
0 05 19 1 13 00000001 3152bfb5 aaaaaaaa
0 10 03 1 11 48d870c5 1ab6bda7 7fc9cfdf
0 14 0e 0 16 28e0564a cafebabe f46f4102
0 1b 1b 0 1b b60faa9e 55555555 55555555
0 1b 1b 0 00 00000000 55555555 55555555
0 1a 19 1 00 0ed7a27c eaa319e2 aaaaaaaa
0 05 00 1 1e deadbeef 3152bfb5 00000000
0 09 02 1 11 6ea776fd 00000000 76b3a79d
0 17 17 1 17 a8e2dc49 c2314c7b c2314c7b
0 0b 10 1 15 ffffffff cafebabe 1ab6bda7
0 12 1f 0 0d aaaaaaaa 61237d96 bbed840e
0 04 07 1 00 3e905f2b deadbeef ed7811da
0 0f 1e 1 06 a402438a 0779ee90 deadbeef
0 0a 10 1 1b bfa02127 eb9996b8 1ab6bda7
0 1f 03 1 1f b6881386 bbed840e 7fc9cfdf
0 0d 03 0 08 a4e792a7 c058e931 7fc9cfdf
0 00 1a 1 08 c3956d31 00000000 eaa319e2
0 1b 07 1 00 a65345fa bfa02127 ed7811da
0 1f 16 1 1f 9ddc0411 b6881386 68f51238
0 05 05 0 05 3bb57ec5 3152bfb5 3152bfb5
0 05 05 0 00 00000000 3152bfb5 3152bfb5
0 15 15 0 15 41af0410 ffffffff ffffffff
0 15 15 0 00 00000000 ffffffff ffffffff
0 06 08 1 0a 11c2ca83 a402438a c3956d31
0 19 19 1 19 80000000 aaaaaaaa aaaaaaaa
0 03 19 1 13 41024523 7fc9cfdf 80000000
0 00 13 1 17 9deca591 00000000 41024523
0 0c 0c 1 0c 55555555 d38c9d17 d38c9d17
0 07 1b 1 06 06eb04ae ed7811da bfa02127
0 00 03 1 02 bf319ea4 00000000 7fc9cfdf
0 03 02 0 0b 5fa6906a 7fc9cfdf bf319ea4
0 01 0d 0 11 7fffffff e231ebd0 c058e931
0 1b 0f 1 05 25edbb3c bfa02127 0779ee90
0 07 07 0 18 00000001 ed7811da ed7811da
0 0b 06 1 1d f5ddc326 cafebabe 06eb04ae
0 00 15 0 01 00000000 00000000 ffffffff
0 04 04 1 04 634c531e deadbeef deadbeef
0 03 02 1 02 cc104193 7fc9cfdf bf319ea4
0 04 02 0 0b 1af4f9c1 634c531e cc104193
0 03 1a 1 16 aaeb3ea7 7fc9cfdf eaa319e2
0 16 16 0 00 00000000 aaeb3ea7 aaeb3ea7
0 0f 0f 1 0f 0000ffff 0779ee90 0779ee90
0 18 11 1 16 2c31f86a aa5a4be9 6ea776fd
0 00 1a 1 09 f47f7e48 00000000 eaa319e2
0 09 09 0 00 00000000 f47f7e48 f47f7e48
0 08 00 1 13 68426888 c3956d31 00000000
0 05 0b 1 0e 24506d30 25edbb3c cafebabe
0 1b 1c 1 14 1a97bc02 bfa02127 b7e92e0e
0 02 00 1 03 ffffffff cc104193 00000000
0 06 07 1 07 0e2c1b28 06eb04ae ed7811da
0 0c 02 0 1a b720545a 55555555 cc104193
0 00 0d 1 0d 687449bd 00000000 c058e931
0 09 11 1 0f b564698f f47f7e48 6ea776fd
0 13 15 0 00 5ce466c6 68426888 ffffffff
0 0a 12 1 0a 266774e2 11c2ca83 61237d96
0 17 03 1 17 ffffffff 9deca591 ffffffff
0 1f 09 1 00 23b24c9d 9ddc0411 f47f7e48
0 00 01 1 11 210ee2c4 00000000 e231ebd0
0 1d 10 0 1f 16e53c45 f5ddc326 1ab6bda7
0 1a 15 0 09 a8693869 eaa319e2 ffffffff
0 06 16 1 16 8aaad41e 06eb04ae 2c31f86a
0 1f 16 0 03 5f388047 9ddc0411 8aaad41e
0 05 0f 0 0d 0000ffff 25edbb3c b564698f
0 19 0c 1 0c 00000001 80000000 55555555
0 15 18 1 1a 2ae8291a ffffffff aa5a4be9
0 17 00 1 10 64e3c95a ffffffff 00000000
0 1d 0f 1 1d 52d0a702 f5ddc326 b564698f
0 0a 14 1 03 066b3a78 266774e2 1a97bc02
0 02 0e 1 0a 89737e39 cc104193 24506d30
0 0a 0a 0 00 00000000 89737e39 89737e39
0 0b 03 1 0b 55555555 cafebabe 066b3a78
0 00 11 1 17 789c6f62 00000000 210ee2c4
0 06 09 0 00 263dc032 06eb04ae f47f7e48
0 15 18 0 1a 12571598 ffffffff aa5a4be9
0 0e 0e 1 13 231f3c30 24506d30 24506d30
0 13 13 0 00 00000000 231f3c30 231f3c30
0 19 00 1 10 65806a04 80000000 00000000
0 0b 1b 1 1a 301eb9d8 55555555 bfa02127
0 15 15 0 15 0f50dcca ffffffff ffffffff
0 15 15 0 00 00000000 ffffffff ffffffff
0 1e 00 1 1e 7fffffff deadbeef 00000000
0 1a 04 0 14 7c9a6011 301eb9d8 634c531e
0 00 0c 0 07 76e30781 00000000 00000001
0 07 12 1 13 b5347f02 0e2c1b28 61237d96
0 13 13 0 00 00000000 b5347f02 b5347f02
0 02 02 0 02 dbbbb2c8 cc104193 cc104193
0 02 02 0 00 00000000 cc104193 cc104193
0 17 10 0 0f 00000000 789c6f62 65806a04
0 09 13 0 00 1c8ca9fc f47f7e48 b5347f02
0 11 19 0 04 88986a77 210ee2c4 80000000
0 19 00 0 17 80000000 80000000 00000000
0 0b 1b 0 12 7852faa5 55555555 bfa02127
0 11 15 1 15 9e1244f5 210ee2c4 ffffffff
0 09 14 0 0f a1098b61 f47f7e48 1a97bc02
0 15 00 0 0d 9ae78029 9e1244f5 00000000
0 10 0f 1 11 e07066f1 65806a04 b564698f
0 11 11 0 00 00000000 e07066f1 e07066f1
0 1c 1c 1 00 098bd971 b7e92e0e b7e92e0e
0 17 11 1 1e 874da90a 789c6f62 e07066f1
0 12 00 1 01 4cae07bf 61237d96 00000000
0 0f 10 1 0c f568dff1 b564698f 65806a04
0 09 18 1 1e 03eb9ca2 f47f7e48 aa5a4be9
0 0f 02 1 0f d91fd74e b564698f cc104193
0 00 1a 0 08 00000000 00000000 301eb9d8
0 1f 13 1 08 47b0dc0b 9ddc0411 b5347f02
0 0b 03 1 1c 810b4a1a 55555555 066b3a78
0 15 15 1 15 c9f8f06f 9e1244f5 9e1244f5
0 01 01 1 01 dface472 4cae07bf 4cae07bf
0 09 06 1 1a deadbeef f47f7e48 06eb04ae
0 09 1d 1 13 d9fcb45f f47f7e48 52d0a702
0 13 13 0 00 00000000 d9fcb45f d9fcb45f
0 1a 1a 0 1a 92568129 deadbeef deadbeef
0 1a 1a 0 00 00000000 deadbeef deadbeef
0 13 00 1 06 95c512ec d9fcb45f 00000000
0 05 00 1 1d eaba8bae 25edbb3c 00000000
0 10 0d 1 19 17c40a1f 65806a04 687449bd
0 10 05 1 0f 547ca701 65806a04 25edbb3c
0 00 0d 1 00 a69074f2 00000000 687449bd
0 00 00 1 00 137e1a35 00000000 00000000
0 00 1f 1 15 14f212f6 00000000 9ddc0411
0 11 11 1 11 14f90c1c e07066f1 e07066f1
0 10 04 1 0b ced7efd3 65806a04 634c531e
0 15 02 1 14 d97a5ce4 14f212f6 cc104193
0 17 13 1 17 e54ed180 789c6f62 d9fcb45f
0 09 09 1 09 2d22147c f47f7e48 f47f7e48
0 11 03 0 01 51712fc7 14f90c1c 066b3a78
0 08 15 1 1c e1d1cfec 47b0dc0b 14f212f6
0 1b 00 1 00 014aec0c bfa02127 00000000
0 03 10 1 03 2fb439d7 066b3a78 65806a04
0 00 0c 0 01 ffffffff 00000000 f568dff1
0 1e 0e 0 0a 7a55d950 03eb9ca2 24506d30
0 15 0a 0 09 55555555 14f212f6 89737e39
0 0e 04 1 07 dd926140 24506d30 634c531e
0 00 1b 1 06 00000001 00000000 bfa02127
0 1f 06 0 16 bb97c8c2 9ddc0411 00000001
0 0a 0a 0 0a 142ad051 89737e39 89737e39
0 0a 0a 0 00 00000000 89737e39 89737e39
0 00 1a 1 1f 4ead86e2 00000000 deadbeef
0 1a 00 0 1d 04329a0d deadbeef 00000000
0 09 0a 1 04 ffffffff 2d22147c 89737e39
0 12 08 0 0c deadbeef 61237d96 47b0dc0b
0 06 1e 1 0b f97a2e58 00000001 03eb9ca2
0 12 12 0 08 66bd2d46 61237d96 61237d96
0 12 09 1 10 1fda3dd0 61237d96 2d22147c
0 1b 19 1 02 eaa5b3eb bfa02127 17c40a1f
0 1e 0c 1 0e 80000000 03eb9ca2 f568dff1
0 1e 1b 0 16 734fbf30 03eb9ca2 bfa02127
0 03 1f 1 1e 38f63403 2fb439d7 4ead86e2
0 19 17 1 11 00000001 17c40a1f e54ed180
0 1a 09 0 02 21b499cb deadbeef 2d22147c
0 02 02 1 02 67daf203 eaa5b3eb eaa5b3eb
0 03 00 1 0a cd8fc0fa 2fb439d7 00000000
0 1c 13 0 1a 7d583525 e1d1cfec d9fcb45f
0 0c 00 1 12 3b504aad f568dff1 00000000
0 0a 09 1 0a 7e62a7f9 cd8fc0fa 2d22147c
0 07 18 1 08 5badb3c7 dd926140 aa5a4be9
0 13 12 1 16 e5618cd2 d9fcb45f 3b504aad
0 1e 07 0 15 466e3623 38f63403 dd926140
0 0a 08 1 07 0000ffff 7e62a7f9 5badb3c7
0 0c 08 1 1f d254b00f f568dff1 5badb3c7
0 16 01 1 01 047f1e11 e5618cd2 dface472
0 06 13 1 07 8a7800a7 00000001 d9fcb45f
0 02 00 1 15 e16abab2 67daf203 00000000
0 00 12 0 1b dbbe3118 00000000 3b504aad
0 00 1f 1 0b ca979b21 00000000 d254b00f
0 01 1e 1 17 122d7589 047f1e11 38f63403
0 09 03 1 1d 3f0176d3 2d22147c 2fb439d7
0 05 05 0 05 fb67cdc8 25edbb3c 25edbb3c
0 05 05 0 00 00000000 25edbb3c 25edbb3c
0 0d 07 0 00 08ff6564 687449bd 8a7800a7
0 17 11 1 17 7fffffff 122d7589 00000001
0 00 00 1 00 e9ab862a 00000000 00000000
0 1a 01 1 00 a1433d9b deadbeef 047f1e11
0 14 14 0 14 3c4a1ca7 d97a5ce4 d97a5ce4
0 14 14 0 00 00000000 d97a5ce4 d97a5ce4
0 19 00 0 1e adc1c3ab 17c40a1f 00000000
0 0c 14 1 0c 2e160ecf f568dff1 d97a5ce4
0 02 02 0 02 aae3e1f8 67daf203 67daf203
0 02 02 0 00 00000000 67daf203 67daf203
0 00 1b 0 0e 5263f520 00000000 bfa02127
0 13 0e 1 0e aaf5c4ec d9fcb45f 80000000
0 12 18 1 1d 95c236ea 3b504aad aa5a4be9
0 05 0e 0 1e 1d9e2204 25edbb3c aaf5c4ec
0 1e 1a 1 01 22c6515b 38f63403 deadbeef
0 00 02 1 00 d158268f 00000000 67daf203
0 1f 15 1 1a a574f88e d254b00f e16abab2
0 18 0c 1 02 b1a17672 aa5a4be9 2e160ecf
0 1a 07 1 1a 1227e9f6 a574f88e 8a7800a7
0 0e 06 1 0e 726ae177 aaf5c4ec 00000001
0 1f 0c 1 12 ef5a3534 d254b00f 2e160ecf
0 07 08 0 1e 090dcd0b 8a7800a7 5badb3c7
0 14 1d 1 10 7f442d6b d97a5ce4 95c236ea
0 02 09 0 12 3a6b9557 b1a17672 2d22147c
0 07 0c 0 00 00000001 8a7800a7 2e160ecf
0 0a 01 0 10 29db23b5 7e62a7f9 22c6515b
0 00 07 1 1a 94fd702f 00000000 8a7800a7
0 1a 1a 0 00 00000000 94fd702f 94fd702f
0 1f 1e 0 00 5f281fa9 d254b00f 38f63403
0 12 02 1 00 27dc4ac0 ef5a3534 b1a17672
0 17 17 1 17 80000000 7fffffff 7fffffff
0 09 1e 1 1e bd818b6e 2d22147c 38f63403
0 1e 1e 0 00 00000000 bd818b6e bd818b6e
0 1e 0b 1 0e ffffffff bd818b6e ca979b21
0 02 12 0 1f 188afb22 b1a17672 ef5a3534
0 10 01 0 1e 6df3254a 7f442d6b 22c6515b
0 00 00 1 00 5ff1c9a8 00000000 00000000
0 0c 1d 1 13 deadbeef 2e160ecf 95c236ea
0 1e 16 1 00 6d90a2b6 bd818b6e e5618cd2
0 06 14 0 01 e56aec4a 00000001 d97a5ce4
0 03 12 1 0a 5c7e0c7c 2fb439d7 ef5a3534
0 0a 0a 0 00 00000000 5c7e0c7c 5c7e0c7c
0 01 01 1 01 2f605685 22c6515b 22c6515b
0 00 02 0 10 ab353500 00000000 b1a17672
0 1c 16 1 06 7e88ffd8 e1d1cfec e5618cd2
0 05 02 1 18 c25cc108 25edbb3c b1a17672
0 19 19 1 19 1acc7252 17c40a1f 17c40a1f
0 0c 1a 1 02 0f61ae3e 2e160ecf 94fd702f
0 16 19 0 18 bde56c34 e5618cd2 1acc7252
0 0f 0f 0 0f a5252b64 547ca701 547ca701
0 0f 0f 0 00 00000000 547ca701 547ca701
0 00 01 0 12 655cae13 00000000 2f605685
0 15 0c 1 12 d7974303 e16abab2 2e160ecf
0 1c 1c 1 1c 8561382d e1d1cfec e1d1cfec
0 1c 18 0 03 0e094e44 8561382d c25cc108
0 01 16 0 15 eb415b49 2f605685 e5618cd2
0 00 1f 1 1f eeb7f3d8 00000000 d254b00f
0 00 12 1 00 deadbeef 00000000 d7974303
0 00 1e 1 1d 9e356644 00000000 bd818b6e
0 1d 1d 0 00 00000000 9e356644 9e356644
0 05 05 1 05 cafebabe 25edbb3c 25edbb3c
0 0e 0c 1 0e 25434867 ffffffff 2e160ecf
0 10 09 0 1a 51da12f7 7f442d6b 2d22147c
0 12 1e 1 10 cd91c7bc d7974303 bd818b6e
0 0a 05 1 16 511e95bc 5c7e0c7c cafebabe
0 04 0c 0 13 ec9faf46 ffffffff 2e160ecf
0 00 00 1 00 ca99f7b6 00000000 00000000
0 09 1b 0 08 0000ffff 2d22147c bfa02127
0 12 04 1 15 7fffffff d7974303 ffffffff
0 19 04 0 14 80000000 1acc7252 ffffffff
0 00 10 1 0f eb8ac2d4 00000000 cd91c7bc
0 0f 0f 0 00 00000000 eb8ac2d4 eb8ac2d4
0 0f 15 1 1b f6c8e43d eb8ac2d4 7fffffff
0 11 18 0 05 0000ffff 00000001 c25cc108
0 18 15 1 03 4f6fa13c c25cc108 7fffffff
0 03 03 0 00 00000000 4f6fa13c 4f6fa13c
0 1c 1c 1 1c ab78ddaa 8561382d 8561382d
0 02 16 0 17 fbe5891e 0f61ae3e 511e95bc
0 19 12 0 1a ffffffff 1acc7252 d7974303
0 07 0e 1 06 8e8ba653 8a7800a7 25434867
0 05 0e 0 01 7cff9b2b cafebabe 25434867
0 1c 1f 1 1c 00000001 ab78ddaa eeb7f3d8
0 08 1b 0 1e 2c660be5 5badb3c7 f6c8e43d
0 06 12 1 0a c48601a3 8e8ba653 d7974303
0 07 17 1 10 d10cf86a 8a7800a7 80000000
0 0f 0c 0 04 b91915ca eb8ac2d4 2e160ecf
0 0d 0d 1 0d c20fe1e8 687449bd 687449bd
0 0d 18 1 18 7fffffff c20fe1e8 c25cc108
0 1e 15 0 1f 7fffffff bd818b6e 7fffffff
# --- read-back sweep ---
# i_rst i_rs1_raddr i_rs2_raddr i_rd_wen i_rd_waddr i_rd_wdata | o_rs1_rdata
#     o_rs2_rdata
0 00 1f 0 00 00000000 00000000 eeb7f3d8
0 01 1e 0 00 00000000 2f605685 bd818b6e
0 02 1d 0 00 00000000 0f61ae3e 9e356644
0 03 1c 0 00 00000000 4f6fa13c 00000001
0 04 1b 0 00 00000000 ffffffff f6c8e43d
0 05 1a 0 00 00000000 cafebabe 94fd702f
0 06 19 0 00 00000000 8e8ba653 1acc7252
0 07 18 0 00 00000000 8a7800a7 7fffffff
0 08 17 0 00 00000000 5badb3c7 80000000
0 09 16 0 00 00000000 2d22147c 511e95bc
0 0a 15 0 00 00000000 c48601a3 7fffffff
0 0b 14 0 00 00000000 ca979b21 d97a5ce4
0 0c 13 0 00 00000000 2e160ecf deadbeef
0 0d 12 0 00 00000000 c20fe1e8 d7974303
0 0e 11 0 00 00000000 25434867 00000001
0 0f 10 0 00 00000000 eb8ac2d4 d10cf86a
0 10 0f 0 00 00000000 d10cf86a eb8ac2d4
0 11 0e 0 00 00000000 00000001 25434867
0 12 0d 0 00 00000000 d7974303 c20fe1e8
0 13 0c 0 00 00000000 deadbeef 2e160ecf
0 14 0b 0 00 00000000 d97a5ce4 ca979b21
0 15 0a 0 00 00000000 7fffffff c48601a3
0 16 09 0 00 00000000 511e95bc 2d22147c
0 17 08 0 00 00000000 80000000 5badb3c7
0 18 07 0 00 00000000 7fffffff 8a7800a7
0 19 06 0 00 00000000 1acc7252 8e8ba653
0 1a 05 0 00 00000000 94fd702f cafebabe
0 1b 04 0 00 00000000 f6c8e43d ffffffff
0 1c 03 0 00 00000000 00000001 4f6fa13c
0 1d 02 0 00 00000000 9e356644 0f61ae3e
0 1e 01 0 00 00000000 bd818b6e 2f605685
0 1f 00 0 00 00000000 eeb7f3d8 00000000
0 17 07 1 14 f22e9f47 80000000 8a7800a7
0 13 0c 0 07 ebcac9e8 deadbeef 2e160ecf
0 06 03 1 08 bc8ee601 8e8ba653 4f6fa13c
0 14 16 0 12 670e2fe9 f22e9f47 511e95bc
0 18 0b 1 18 deadbeef 7fffffff ca979b21
0 19 14 1 04 a3b1712a 1acc7252 f22e9f47
0 00 00 1 00 cafebabe 00000000 00000000
0 1e 0d 1 11 d8e3a78c bd818b6e c20fe1e8
0 05 16 1 0d aaaaaaaa cafebabe 511e95bc
0 10 12 1 11 83df8b16 d10cf86a d7974303
0 12 0d 1 0d b91cd8e0 d7974303 aaaaaaaa
0 02 19 1 01 262fdfd5 0f61ae3e 1acc7252
0 00 07 1 0b 7ce14bff 00000000 8a7800a7
0 00 08 1 0e 4ecc191e 00000000 bc8ee601
0 11 06 0 04 cafebabe 83df8b16 8e8ba653
0 0b 0b 1 04 2e7eb762 7ce14bff 7ce14bff
0 1f 00 1 11 6f9acbdc eeb7f3d8 00000000
0 00 17 1 1e 7455b3d2 00000000 80000000
# --- read-back sweep ---
# i_rst i_rs1_raddr i_rs2_raddr i_rd_wen i_rd_waddr i_rd_wdata | o_rs1_rdata
#     o_rs2_rdata
0 00 1f 0 00 00000000 00000000 eeb7f3d8
0 01 1e 0 00 00000000 262fdfd5 7455b3d2
0 02 1d 0 00 00000000 0f61ae3e 9e356644
0 03 1c 0 00 00000000 4f6fa13c 00000001
0 04 1b 0 00 00000000 2e7eb762 f6c8e43d
0 05 1a 0 00 00000000 cafebabe 94fd702f
0 06 19 0 00 00000000 8e8ba653 1acc7252
0 07 18 0 00 00000000 8a7800a7 deadbeef
0 08 17 0 00 00000000 bc8ee601 80000000
0 09 16 0 00 00000000 2d22147c 511e95bc
0 0a 15 0 00 00000000 c48601a3 7fffffff
0 0b 14 0 00 00000000 7ce14bff f22e9f47
0 0c 13 0 00 00000000 2e160ecf deadbeef
0 0d 12 0 00 00000000 b91cd8e0 d7974303
0 0e 11 0 00 00000000 4ecc191e 6f9acbdc
0 0f 10 0 00 00000000 eb8ac2d4 d10cf86a
0 10 0f 0 00 00000000 d10cf86a eb8ac2d4
0 11 0e 0 00 00000000 6f9acbdc 4ecc191e
0 12 0d 0 00 00000000 d7974303 b91cd8e0
0 13 0c 0 00 00000000 deadbeef 2e160ecf
0 14 0b 0 00 00000000 f22e9f47 7ce14bff
0 15 0a 0 00 00000000 7fffffff c48601a3
0 16 09 0 00 00000000 511e95bc 2d22147c
0 17 08 0 00 00000000 80000000 bc8ee601
0 18 07 0 00 00000000 deadbeef 8a7800a7
0 19 06 0 00 00000000 1acc7252 8e8ba653
0 1a 05 0 00 00000000 94fd702f cafebabe
0 1b 04 0 00 00000000 f6c8e43d 2e7eb762
0 1c 03 0 00 00000000 00000001 4f6fa13c
0 1d 02 0 00 00000000 9e356644 0f61ae3e
0 1e 01 0 00 00000000 7455b3d2 262fdfd5
0 1f 00 0 00 00000000 eeb7f3d8 00000000
0 15 10 0 0a 7fffffff 7fffffff d10cf86a
0 13 15 0 12 4885db97 deadbeef 7fffffff
0 0b 1b 1 0b 00000001 7ce14bff f6c8e43d
0 11 17 1 12 0277cea5 6f9acbdc 80000000
0 15 1c 1 15 7fffffff 7fffffff 00000001
0 00 18 1 1e 80000000 00000000 deadbeef
0 1b 13 1 00 b87fcb81 f6c8e43d deadbeef
0 08 16 1 16 1b393602 bc8ee601 511e95bc
0 04 1c 0 16 06225eaa 2e7eb762 00000001
0 14 15 1 15 19063492 f22e9f47 7fffffff
0 10 00 1 04 264f2f1b d10cf86a 00000000
0 02 01 1 02 123d7f77 0f61ae3e 262fdfd5
0 0a 09 0 10 c5a5f248 c48601a3 2d22147c
0 12 0e 0 03 40bc5a71 0277cea5 4ecc191e
0 00 1a 1 0e 3fe51123 00000000 94fd702f
0 00 04 1 05 0bb0cb2a 00000000 264f2f1b
0 06 18 1 1f cafebabe 8e8ba653 deadbeef
0 0b 08 1 08 a76e125e 00000001 bc8ee601
0 1c 11 1 1c 0412f082 00000001 6f9acbdc
0 0d 11 0 02 72851aa4 b91cd8e0 6f9acbdc
0 05 05 0 05 e92f6409 0bb0cb2a 0bb0cb2a
0 05 05 0 00 00000000 0bb0cb2a 0bb0cb2a
0 04 00 1 01 dbce812a 264f2f1b 00000000
0 11 0b 1 18 80000000 6f9acbdc 00000001
0 11 18 1 02 64fc32e1 6f9acbdc 80000000
0 0b 0b 1 0b 27cf65b1 00000001 00000001
0 05 0e 1 07 19f345e3 0bb0cb2a 3fe51123
0 12 0d 1 12 ebd6a8ac 0277cea5 b91cd8e0
0 10 17 1 07 80000000 d10cf86a 80000000
0 00 00 1 00 c9d0b350 00000000 00000000
0 0e 1a 1 1e 00000001 3fe51123 94fd702f
0 12 0f 0 14 cafebabe ebd6a8ac eb8ac2d4
0 16 1f 1 01 4587fc9e 1b393602 cafebabe
0 1b 1b 1 1b 80000000 f6c8e43d f6c8e43d
0 0f 1c 1 17 64de66ed eb8ac2d4 0412f082
0 12 19 1 06 962614e3 ebd6a8ac 1acc7252
0 1f 00 1 06 df5ee5e1 cafebabe 00000000
0 08 00 1 0a b24d1654 a76e125e 00000000
0 1b 02 1 06 65ecb03e 80000000 64fc32e1
0 06 06 0 00 00000000 65ecb03e 65ecb03e
0 03 1f 0 1d 752a3e26 4f6fa13c cafebabe
0 00 07 0 0a 55555555 00000000 80000000
0 0b 11 1 00 7e977b6a 27cf65b1 6f9acbdc
0 1c 15 0 1d 6297f639 0412f082 19063492
# --- read-back sweep ---
# i_rst i_rs1_raddr i_rs2_raddr i_rd_wen i_rd_waddr i_rd_wdata | o_rs1_rdata
#     o_rs2_rdata
0 00 1f 0 00 00000000 00000000 cafebabe
0 01 1e 0 00 00000000 4587fc9e 00000001
0 02 1d 0 00 00000000 64fc32e1 9e356644
0 03 1c 0 00 00000000 4f6fa13c 0412f082
0 04 1b 0 00 00000000 264f2f1b 80000000
0 05 1a 0 00 00000000 0bb0cb2a 94fd702f
0 06 19 0 00 00000000 65ecb03e 1acc7252
0 07 18 0 00 00000000 80000000 80000000
0 08 17 0 00 00000000 a76e125e 64de66ed
0 09 16 0 00 00000000 2d22147c 1b393602
0 0a 15 0 00 00000000 b24d1654 19063492
0 0b 14 0 00 00000000 27cf65b1 f22e9f47
0 0c 13 0 00 00000000 2e160ecf deadbeef
0 0d 12 0 00 00000000 b91cd8e0 ebd6a8ac
0 0e 11 0 00 00000000 3fe51123 6f9acbdc
0 0f 10 0 00 00000000 eb8ac2d4 d10cf86a
0 10 0f 0 00 00000000 d10cf86a eb8ac2d4
0 11 0e 0 00 00000000 6f9acbdc 3fe51123
0 12 0d 0 00 00000000 ebd6a8ac b91cd8e0
0 13 0c 0 00 00000000 deadbeef 2e160ecf
0 14 0b 0 00 00000000 f22e9f47 27cf65b1
0 15 0a 0 00 00000000 19063492 b24d1654
0 16 09 0 00 00000000 1b393602 2d22147c
0 17 08 0 00 00000000 64de66ed a76e125e
0 18 07 0 00 00000000 80000000 80000000
0 19 06 0 00 00000000 1acc7252 65ecb03e
0 1a 05 0 00 00000000 94fd702f 0bb0cb2a
0 1b 04 0 00 00000000 80000000 264f2f1b
0 1c 03 0 00 00000000 0412f082 4f6fa13c
0 1d 02 0 00 00000000 9e356644 64fc32e1
0 1e 01 0 00 00000000 00000001 4587fc9e
0 1f 00 0 00 00000000 cafebabe 00000000
0 1c 06 0 05 aaaaaaaa 0412f082 65ecb03e
0 03 1e 0 1a f669749e 4f6fa13c 00000001
0 17 16 0 0c 58f73ea0 64de66ed 1b393602
0 03 14 1 1a b5a372a4 4f6fa13c f22e9f47
0 15 1b 1 06 7e62f929 19063492 80000000
0 13 13 0 13 ce3456c6 deadbeef deadbeef
0 13 13 0 00 00000000 deadbeef deadbeef
0 1b 04 1 04 3f8fd8cd 80000000 264f2f1b
0 12 12 1 1c 55555555 ebd6a8ac ebd6a8ac
0 1d 0c 1 1b f754bfdd 9e356644 2e160ecf
0 1b 1b 0 00 00000000 f754bfdd f754bfdd
0 1d 10 1 09 abfd62b4 9e356644 d10cf86a
0 04 0a 1 00 c504c5ef 3f8fd8cd b24d1654
0 19 12 0 11 1ce42698 1acc7252 ebd6a8ac
0 0a 03 1 0a e6648bd2 b24d1654 4f6fa13c
0 1d 07 1 0d 5436a034 9e356644 80000000
0 03 08 1 0d deadbeef 4f6fa13c a76e125e
0 1d 04 1 00 82e60995 9e356644 3f8fd8cd
0 1f 16 0 0a 4499dde1 cafebabe 1b393602
0 00 11 0 1f 8d3cf5dc 00000000 6f9acbdc
0 00 05 1 1e deadbeef 00000000 0bb0cb2a
0 08 00 1 01 d03e82e4 a76e125e 00000000
0 00 03 1 11 8068f7fc 00000000 4f6fa13c
0 19 15 0 0d d65f5db5 1acc7252 19063492
0 0f 09 0 08 e94b18fd eb8ac2d4 abfd62b4
0 0e 00 1 07 f2570e0b 3fe51123 00000000
0 18 18 0 18 bc740adc 80000000 80000000
0 18 18 0 00 00000000 80000000 80000000
0 0b 08 1 08 56d2f989 27cf65b1 a76e125e
0 0a 19 1 0a 36d84f60 e6648bd2 1acc7252
0 00 10 1 0a 1d6823a1 00000000 d10cf86a
0 15 12 1 00 56361327 19063492 ebd6a8ac
0 12 00 1 13 947806f5 ebd6a8ac 00000000
0 0f 07 0 06 0000ffff eb8ac2d4 f2570e0b
0 11 11 1 11 ac38f7a1 8068f7fc 8068f7fc
0 00 08 1 00 f43907a6 00000000 56d2f989
0 01 19 1 16 7f31853f d03e82e4 1acc7252
0 0f 0a 0 05 434acedf eb8ac2d4 1d6823a1
0 11 1d 1 0e dfea4751 ac38f7a1 9e356644
0 00 19 0 17 96e6f84e 00000000 1acc7252
0 00 1f 1 1c 61c7231a 00000000 cafebabe
0 1c 1c 0 00 00000000 61c7231a 61c7231a
0 08 08 1 08 ffffffff 56d2f989 56d2f989
0 1e 19 1 03 bb4c5ee3 deadbeef 1acc7252
0 0e 0a 0 1c 3b96b7f5 dfea4751 1d6823a1
0 1e 0d 1 09 87fedb94 deadbeef deadbeef
0 0d 1a 0 0c b0d0f466 deadbeef b5a372a4
0 1d 0d 1 0d 7fffffff 9e356644 deadbeef
0 17 1e 1 0a ad541177 64de66ed deadbeef
0 06 0c 1 1c c0c471bd 7e62f929 2e160ecf
0 18 03 0 1b 052a3fb4 80000000 bb4c5ee3
0 0f 00 1 17 d27b031b eb8ac2d4 00000000
0 01 00 1 04 0716f348 d03e82e4 00000000
0 06 05 1 05 58b91af1 7e62f929 0bb0cb2a
0 0b 0b 1 0b 6215d252 27cf65b1 27cf65b1
0 1a 0c 0 18 cafebabe b5a372a4 2e160ecf
0 12 1a 1 17 d7000f0f ebd6a8ac b5a372a4
0 08 19 1 0f 6d37cfb1 ffffffff 1acc7252
0 10 19 1 00 49e216f0 d10cf86a 1acc7252
0 18 18 1 18 7fffffff 80000000 80000000
0 15 1c 0 05 eccbfcb1 19063492 c0c471bd
0 1c 1c 1 1c eaf7aa59 c0c471bd c0c471bd
0 00 00 1 03 aaaaaaaa 00000000 00000000
0 04 1e 0 0d 7bd0b7fb 0716f348 deadbeef
0 0e 1e 0 19 6b2e8120 dfea4751 deadbeef
0 15 15 1 15 bd648ac4 19063492 19063492
0 17 09 1 00 7fffffff d7000f0f 87fedb94
0 0f 00 1 1b 506ec79b 6d37cfb1 00000000
0 1f 0b 0 02 7c4f1d56 cafebabe 6215d252
0 08 12 1 1f 98b92a15 ffffffff ebd6a8ac
0 1a 07 1 1a 31007e82 b5a372a4 f2570e0b
0 02 0e 0 0d 9fc2027d 64fc32e1 dfea4751
0 00 04 1 04 f0f402c3 00000000 0716f348
0 10 10 1 10 cf483f6e d10cf86a d10cf86a
0 1e 12 1 12 a6881533 deadbeef ebd6a8ac
0 07 0d 1 07 00000000 f2570e0b 7fffffff
0 00 12 0 08 07165d62 00000000 a6881533
0 0c 15 0 0d b7902e7b 2e160ecf bd648ac4
0 0f 18 1 0d a08698c2 6d37cfb1 7fffffff
0 0d 0d 0 00 00000000 a08698c2 a08698c2
0 14 1c 0 1b 86679954 f22e9f47 eaf7aa59
0 08 0c 0 1c 542f9965 ffffffff 2e160ecf
0 18 0d 1 0d 3d861617 7fffffff a08698c2
0 13 00 1 1b b68a1e11 947806f5 00000000
0 1b 1b 0 00 00000000 b68a1e11 b68a1e11
0 05 05 1 05 5350e938 58b91af1 58b91af1
0 1b 0c 1 1b 7fffffff b68a1e11 2e160ecf
0 03 00 0 1e 774d88c6 aaaaaaaa 00000000
0 11 08 0 1f 9ef5cc00 ac38f7a1 ffffffff
0 04 1b 1 13 355856eb f0f402c3 7fffffff
0 13 13 0 00 00000000 355856eb 355856eb
0 00 14 0 08 ceb7798e 00000000 f22e9f47
0 00 17 1 16 0000ffff 00000000 d7000f0f
0 01 17 0 00 f3fb7824 d03e82e4 d7000f0f
0 0c 0c 0 05 510ba900 2e160ecf 2e160ecf
0 07 07 1 07 57fb29e0 00000000 00000000
0 00 1c 1 0e 0000ffff 00000000 eaf7aa59
0 1d 0a 1 12 b2001d75 9e356644 ad541177
0 07 19 1 0c ef262590 57fb29e0 1acc7252
0 1c 08 0 1a 00000001 eaf7aa59 ffffffff
# --- read-back sweep ---
# i_rst i_rs1_raddr i_rs2_raddr i_rd_wen i_rd_waddr i_rd_wdata | o_rs1_rdata
#     o_rs2_rdata
0 00 1f 0 00 00000000 00000000 98b92a15
0 01 1e 0 00 00000000 d03e82e4 deadbeef
0 02 1d 0 00 00000000 64fc32e1 9e356644
0 03 1c 0 00 00000000 aaaaaaaa eaf7aa59
0 04 1b 0 00 00000000 f0f402c3 7fffffff
0 05 1a 0 00 00000000 5350e938 31007e82
0 06 19 0 00 00000000 7e62f929 1acc7252
0 07 18 0 00 00000000 57fb29e0 7fffffff
0 08 17 0 00 00000000 ffffffff d7000f0f
0 09 16 0 00 00000000 87fedb94 0000ffff
0 0a 15 0 00 00000000 ad541177 bd648ac4
0 0b 14 0 00 00000000 6215d252 f22e9f47
0 0c 13 0 00 00000000 ef262590 355856eb
0 0d 12 0 00 00000000 3d861617 b2001d75
0 0e 11 0 00 00000000 0000ffff ac38f7a1
0 0f 10 0 00 00000000 6d37cfb1 cf483f6e
0 10 0f 0 00 00000000 cf483f6e 6d37cfb1
0 11 0e 0 00 00000000 ac38f7a1 0000ffff
0 12 0d 0 00 00000000 b2001d75 3d861617
0 13 0c 0 00 00000000 355856eb ef262590
0 14 0b 0 00 00000000 f22e9f47 6215d252
0 15 0a 0 00 00000000 bd648ac4 ad541177
0 16 09 0 00 00000000 0000ffff 87fedb94
0 17 08 0 00 00000000 d7000f0f ffffffff
0 18 07 0 00 00000000 7fffffff 57fb29e0
0 19 06 0 00 00000000 1acc7252 7e62f929
0 1a 05 0 00 00000000 31007e82 5350e938
0 1b 04 0 00 00000000 7fffffff f0f402c3
0 1c 03 0 00 00000000 eaf7aa59 aaaaaaaa
0 1d 02 0 00 00000000 9e356644 64fc32e1
0 1e 01 0 00 00000000 deadbeef d03e82e4
0 1f 00 0 00 00000000 98b92a15 00000000
0 14 1d 1 1d 6776934b f22e9f47 9e356644
0 01 0f 0 1c 8f996ab7 d03e82e4 6d37cfb1
0 0f 0f 1 0f 9cac4e25 6d37cfb1 6d37cfb1
0 06 00 1 17 7fffffff 7e62f929 00000000
0 06 1f 1 1a 3d3a8f82 7e62f929 98b92a15
0 07 07 1 07 3554b2b8 57fb29e0 57fb29e0
0 14 0a 0 1f b5ec96e5 f22e9f47 ad541177
0 10 10 1 10 deadbeef cf483f6e cf483f6e
0 02 04 1 10 21efff4e 64fc32e1 f0f402c3
0 1f 1c 1 0c c38bec2d 98b92a15 eaf7aa59
0 00 1c 1 1a fd734c67 00000000 eaf7aa59
0 06 01 1 06 ef1fe550 7e62f929 d03e82e4
0 00 12 1 00 1fb4f35c 00000000 b2001d75
0 11 11 0 07 0fa4f461 ac38f7a1 ac38f7a1
0 00 1b 1 00 deadbeef 00000000 7fffffff
0 1e 11 0 11 38eb7d18 deadbeef ac38f7a1
0 1f 06 0 07 45d324fe 98b92a15 ef1fe550
0 00 11 0 12 0000ffff 00000000 ac38f7a1
0 09 17 0 08 097f2598 87fedb94 7fffffff
0 07 12 0 05 90d96b1c 3554b2b8 b2001d75
0 12 09 0 10 00000000 b2001d75 87fedb94
0 18 02 1 0d 7fffffff 7fffffff 64fc32e1
0 03 03 0 03 f6b26b28 aaaaaaaa aaaaaaaa
0 03 03 0 00 00000000 aaaaaaaa aaaaaaaa
0 0a 01 0 09 57990b2d ad541177 d03e82e4
# --- read-back sweep ---
# i_rst i_rs1_raddr i_rs2_raddr i_rd_wen i_rd_waddr i_rd_wdata | o_rs1_rdata
#     o_rs2_rdata
0 00 1f 0 00 00000000 00000000 98b92a15
0 01 1e 0 00 00000000 d03e82e4 deadbeef
0 02 1d 0 00 00000000 64fc32e1 6776934b
0 03 1c 0 00 00000000 aaaaaaaa eaf7aa59
0 04 1b 0 00 00000000 f0f402c3 7fffffff
0 05 1a 0 00 00000000 5350e938 fd734c67
0 06 19 0 00 00000000 ef1fe550 1acc7252
0 07 18 0 00 00000000 3554b2b8 7fffffff
0 08 17 0 00 00000000 ffffffff 7fffffff
0 09 16 0 00 00000000 87fedb94 0000ffff
0 0a 15 0 00 00000000 ad541177 bd648ac4
0 0b 14 0 00 00000000 6215d252 f22e9f47
0 0c 13 0 00 00000000 c38bec2d 355856eb
0 0d 12 0 00 00000000 7fffffff b2001d75
0 0e 11 0 00 00000000 0000ffff ac38f7a1
0 0f 10 0 00 00000000 9cac4e25 21efff4e
0 10 0f 0 00 00000000 21efff4e 9cac4e25
0 11 0e 0 00 00000000 ac38f7a1 0000ffff
0 12 0d 0 00 00000000 b2001d75 7fffffff
0 13 0c 0 00 00000000 355856eb c38bec2d
0 14 0b 0 00 00000000 f22e9f47 6215d252
0 15 0a 0 00 00000000 bd648ac4 ad541177
0 16 09 0 00 00000000 0000ffff 87fedb94
0 17 08 0 00 00000000 7fffffff ffffffff
0 18 07 0 00 00000000 7fffffff 3554b2b8
0 19 06 0 00 00000000 1acc7252 ef1fe550
0 1a 05 0 00 00000000 fd734c67 5350e938
0 1b 04 0 00 00000000 7fffffff f0f402c3
0 1c 03 0 00 00000000 eaf7aa59 aaaaaaaa
0 1d 02 0 00 00000000 6776934b 64fc32e1
0 1e 01 0 00 00000000 deadbeef d03e82e4
0 1f 00 0 00 00000000 98b92a15 00000000
0 1f 1c 1 03 c5711be5 98b92a15 eaf7aa59
0 0d 14 1 00 deadbeef 7fffffff f22e9f47
0 0a 15 1 0d 870dd8da ad541177 bd648ac4
0 00 0e 0 06 ffffffff 00000000 0000ffff
0 0b 0b 0 0b e033d51a 6215d252 6215d252
0 0b 0b 0 00 00000000 6215d252 6215d252
0 0b 00 0 1f 6828e8e2 6215d252 00000000
0 04 14 1 01 b16ed651 f0f402c3 f22e9f47
0 03 07 1 00 e23eea03 c5711be5 3554b2b8
0 02 1d 1 1d 305b8b28 64fc32e1 6776934b
0 1d 1d 0 00 00000000 305b8b28 305b8b28
0 0b 01 1 05 7fffffff 6215d252 b16ed651
0 00 1a 0 0d 66861b58 00000000 fd734c67
0 08 13 0 02 d5ab2d46 ffffffff 355856eb
0 10 17 1 17 93b9d86d 21efff4e 7fffffff
0 0e 05 1 05 04760967 0000ffff 7fffffff
0 04 1b 1 04 afb8dc42 f0f402c3 7fffffff
0 00 00 1 00 bb473775 00000000 00000000
0 00 18 1 18 f1fd7317 00000000 7fffffff
0 00 00 1 00 00000000 00000000 00000000
0 0c 1f 0 10 ecb29b5e c38bec2d 98b92a15
0 03 1d 1 1b 3548c430 c5711be5 305b8b28
0 17 00 0 04 edae82bb 93b9d86d 00000000
0 15 15 1 15 ecf0407c bd648ac4 bd648ac4
0 1b 08 1 1e db809806 3548c430 ffffffff
0 0a 1a 1 15 7fffffff ad541177 fd734c67
0 12 1f 0 08 a3ddd916 b2001d75 98b92a15
0 04 08 1 06 459455bb afb8dc42 ffffffff
0 02 02 1 02 10d0862c 64fc32e1 64fc32e1
0 0a 06 0 1c 72cc6786 ad541177 459455bb
0 12 00 1 0c 464a257d b2001d75 00000000
0 00 14 1 0d f7450266 00000000 f22e9f47
0 04 0c 0 00 ac833cf2 afb8dc42 464a257d
0 03 10 1 00 00000001 c5711be5 21efff4e
0 13 1d 1 1c eb6f3d11 355856eb 305b8b28
0 1a 00 0 1e 022cef48 fd734c67 00000000
0 16 1e 0 11 e1cc2cf0 0000ffff db809806
0 1f 1f 0 1f 8e158f12 98b92a15 98b92a15
0 1f 1f 0 00 00000000 98b92a15 98b92a15
0 00 00 1 00 380a65e5 00000000 00000000
0 11 19 1 1e 3cb80ed6 ac38f7a1 1acc7252
0 0c 00 0 1a 215bbb34 464a257d 00000000
0 14 03 1 19 db8a6af2 f22e9f47 c5711be5
0 19 19 0 00 00000000 db8a6af2 db8a6af2
0 0d 03 1 0d f24dc0a1 f7450266 c5711be5
0 06 07 1 06 7fffffff 459455bb 3554b2b8
0 04 10 1 06 7350ea92 afb8dc42 21efff4e
0 03 1b 0 00 c594f29c c5711be5 3548c430
0 05 0b 1 05 e8faeda7 04760967 6215d252
0 08 02 0 09 00000000 ffffffff 10d0862c
0 09 00 1 00 61d579f9 87fedb94 00000000
0 05 01 1 00 9d59dc14 e8faeda7 b16ed651
0 09 1e 0 1b 0000ffff 87fedb94 3cb80ed6
0 00 12 1 06 cafebabe 00000000 b2001d75
0 14 00 0 1c 6825be94 f22e9f47 00000000
0 16 06 1 1e 0c92bd2b 0000ffff cafebabe
0 10 17 0 1f d436c414 21efff4e 93b9d86d
0 0b 10 0 0d 07750983 6215d252 21efff4e
0 03 1d 1 1f cafebabe c5711be5 305b8b28
0 00 00 1 00 d8231cad 00000000 00000000
0 08 00 1 1d e98decda ffffffff 00000000
0 1d 1e 1 14 cf77d2cc e98decda 0c92bd2b
0 06 17 0 0e 5bcd5936 cafebabe 93b9d86d
0 09 04 1 1a bf3b85c6 87fedb94 afb8dc42
0 16 0b 1 19 3e17f7b2 0000ffff 6215d252
0 1b 1f 1 1f 00000001 3548c430 cafebabe
0 0e 11 1 06 9a15229e 0000ffff ac38f7a1
0 07 14 1 07 e064736e 3554b2b8 cf77d2cc
0 0c 13 0 0f 0f409d0e 464a257d 355856eb
0 18 0b 0 14 ac38d3b0 f1fd7317 6215d252
0 00 00 1 00 55555555 00000000 00000000
0 00 09 1 0a 849132b8 00000000 87fedb94
0 00 1f 0 00 c8cdb9eb 00000000 00000001
0 0b 0e 0 01 55555555 6215d252 0000ffff
0 13 13 1 13 00000000 355856eb 355856eb
0 04 08 1 06 ff9a2ce2 afb8dc42 ffffffff
0 1d 03 0 19 6c3e69f7 e98decda c5711be5
0 11 0f 0 14 757a73b3 ac38f7a1 9cac4e25
0 1b 04 0 19 735cb77c 3548c430 afb8dc42
0 16 01 1 04 3f10de21 0000ffff b16ed651
0 00 17 0 09 6d88b702 00000000 93b9d86d
0 0d 18 1 07 0d2f58de f24dc0a1 f1fd7317
0 04 00 1 12 4e3b134b 3f10de21 00000000
0 00 15 1 00 55555555 00000000 7fffffff
0 06 1e 1 06 deadbeef ff9a2ce2 0c92bd2b
# --- read-back sweep ---
# i_rst i_rs1_raddr i_rs2_raddr i_rd_wen i_rd_waddr i_rd_wdata | o_rs1_rdata
#     o_rs2_rdata
0 00 1f 0 00 00000000 00000000 00000001
0 01 1e 0 00 00000000 b16ed651 0c92bd2b
0 02 1d 0 00 00000000 10d0862c e98decda
0 03 1c 0 00 00000000 c5711be5 eb6f3d11
0 04 1b 0 00 00000000 3f10de21 3548c430
0 05 1a 0 00 00000000 e8faeda7 bf3b85c6
0 06 19 0 00 00000000 deadbeef 3e17f7b2
0 07 18 0 00 00000000 0d2f58de f1fd7317
0 08 17 0 00 00000000 ffffffff 93b9d86d
0 09 16 0 00 00000000 87fedb94 0000ffff
0 0a 15 0 00 00000000 849132b8 7fffffff
0 0b 14 0 00 00000000 6215d252 cf77d2cc
0 0c 13 0 00 00000000 464a257d 00000000
0 0d 12 0 00 00000000 f24dc0a1 4e3b134b
0 0e 11 0 00 00000000 0000ffff ac38f7a1
0 0f 10 0 00 00000000 9cac4e25 21efff4e
0 10 0f 0 00 00000000 21efff4e 9cac4e25
0 11 0e 0 00 00000000 ac38f7a1 0000ffff
0 12 0d 0 00 00000000 4e3b134b f24dc0a1
0 13 0c 0 00 00000000 00000000 464a257d
0 14 0b 0 00 00000000 cf77d2cc 6215d252
0 15 0a 0 00 00000000 7fffffff 849132b8
0 16 09 0 00 00000000 0000ffff 87fedb94
0 17 08 0 00 00000000 93b9d86d ffffffff
0 18 07 0 00 00000000 f1fd7317 0d2f58de
0 19 06 0 00 00000000 3e17f7b2 deadbeef
0 1a 05 0 00 00000000 bf3b85c6 e8faeda7
0 1b 04 0 00 00000000 3548c430 3f10de21
0 1c 03 0 00 00000000 eb6f3d11 c5711be5
0 1d 02 0 00 00000000 e98decda 10d0862c
0 1e 01 0 00 00000000 0c92bd2b b16ed651
0 1f 00 0 00 00000000 00000001 00000000
0 1c 09 1 0a 7fffffff eb6f3d11 87fedb94
0 0a 16 1 0a cb7e1d81 7fffffff 0000ffff
0 05 1e 1 0c 6a05b8de e8faeda7 0c92bd2b
0 14 18 1 0d 55555555 cf77d2cc f1fd7317
0 14 06 0 0d 55555555 cf77d2cc deadbeef
0 1a 02 1 1a 00000000 bf3b85c6 10d0862c
0 19 19 1 19 65904c9e 3e17f7b2 3e17f7b2
0 12 1b 1 03 1f77fc8e 4e3b134b 3548c430
0 07 07 1 07 01c8ae58 0d2f58de 0d2f58de
0 14 14 1 14 161be97e cf77d2cc cf77d2cc
0 00 00 1 00 dba15bbe 00000000 00000000
0 08 00 1 00 69824521 ffffffff 00000000
0 00 0b 1 0f a4b2f089 00000000 6215d252
0 0f 0f 0 00 00000000 a4b2f089 a4b2f089
0 04 04 1 04 0000ffff 3f10de21 3f10de21
0 05 16 1 13 fc48ab10 e8faeda7 0000ffff
0 13 13 0 00 00000000 fc48ab10 fc48ab10
0 0c 05 1 1a 00000000 6a05b8de e8faeda7
0 12 1e 1 09 c67280a7 4e3b134b 0c92bd2b
0 00 11 0 00 e20753e7 00000000 ac38f7a1
0 17 09 0 00 1ff1c5ff 93b9d86d c67280a7
0 02 01 1 06 13954f78 10d0862c b16ed651
0 0d 08 0 0d b2038369 55555555 ffffffff
0 18 00 0 0c 8ff453e7 f1fd7317 00000000
0 0c 00 1 0c 0000ffff 6a05b8de 00000000
0 07 0f 0 00 00000000 01c8ae58 a4b2f089
0 01 12 1 01 07cfdc20 b16ed651 4e3b134b
0 08 17 1 1f cf40ce12 ffffffff 93b9d86d
0 09 0c 1 0c 7fffffff c67280a7 0000ffff
0 0a 0a 0 0a ed08f722 cb7e1d81 cb7e1d81
0 0a 0a 0 00 00000000 cb7e1d81 cb7e1d81
0 19 0e 1 19 0000ffff 65904c9e 0000ffff
0 00 00 0 1a 8c62219a 00000000 00000000
0 1b 09 0 19 ee159aff 3548c430 c67280a7
0 1e 13 1 1e 1850b129 0c92bd2b fc48ab10
0 14 1d 0 00 ee807a32 161be97e e98decda
0 09 15 0 07 c5bac1d7 c67280a7 7fffffff
0 0e 0e 1 0e 38bedc0c 0000ffff 0000ffff
0 07 1e 0 06 26bd368a 01c8ae58 1850b129
0 00 0b 1 16 0dc863b4 00000000 6215d252
0 0a 1e 1 0a 17964d9a cb7e1d81 1850b129
# --- read-back sweep ---
# i_rst i_rs1_raddr i_rs2_raddr i_rd_wen i_rd_waddr i_rd_wdata | o_rs1_rdata
#     o_rs2_rdata
0 00 1f 0 00 00000000 00000000 cf40ce12
0 01 1e 0 00 00000000 07cfdc20 1850b129
0 02 1d 0 00 00000000 10d0862c e98decda
0 03 1c 0 00 00000000 1f77fc8e eb6f3d11
0 04 1b 0 00 00000000 0000ffff 3548c430
0 05 1a 0 00 00000000 e8faeda7 00000000
0 06 19 0 00 00000000 13954f78 0000ffff
0 07 18 0 00 00000000 01c8ae58 f1fd7317
0 08 17 0 00 00000000 ffffffff 93b9d86d
0 09 16 0 00 00000000 c67280a7 0dc863b4
0 0a 15 0 00 00000000 17964d9a 7fffffff
0 0b 14 0 00 00000000 6215d252 161be97e
0 0c 13 0 00 00000000 7fffffff fc48ab10
0 0d 12 0 00 00000000 55555555 4e3b134b
0 0e 11 0 00 00000000 38bedc0c ac38f7a1
0 0f 10 0 00 00000000 a4b2f089 21efff4e
0 10 0f 0 00 00000000 21efff4e a4b2f089
0 11 0e 0 00 00000000 ac38f7a1 38bedc0c
0 12 0d 0 00 00000000 4e3b134b 55555555
0 13 0c 0 00 00000000 fc48ab10 7fffffff
0 14 0b 0 00 00000000 161be97e 6215d252
0 15 0a 0 00 00000000 7fffffff 17964d9a
0 16 09 0 00 00000000 0dc863b4 c67280a7
0 17 08 0 00 00000000 93b9d86d ffffffff
0 18 07 0 00 00000000 f1fd7317 01c8ae58
0 19 06 0 00 00000000 0000ffff 13954f78
0 1a 05 0 00 00000000 00000000 e8faeda7
0 1b 04 0 00 00000000 3548c430 0000ffff
0 1c 03 0 00 00000000 eb6f3d11 1f77fc8e
0 1d 02 0 00 00000000 e98decda 10d0862c
0 1e 01 0 00 00000000 1850b129 07cfdc20
0 1f 00 0 00 00000000 cf40ce12 00000000
0 11 07 1 04 7ebdb66b ac38f7a1 01c8ae58
0 0b 18 0 1d 2d739733 6215d252 f1fd7317
0 01 0d 0 00 7c5c3940 07cfdc20 55555555
0 09 14 1 0c 00000000 c67280a7 161be97e
0 09 1d 0 1c 65757944 c67280a7 e98decda
0 08 04 1 00 fab85d3e ffffffff 7ebdb66b
0 00 0f 1 09 8ca165cd 00000000 a4b2f089
0 1e 1e 0 1e 6905c1c7 1850b129 1850b129
0 1e 1e 0 00 00000000 1850b129 1850b129
0 0b 0b 1 0b e7be108a 6215d252 6215d252
0 05 05 1 05 e09183f9 e8faeda7 e8faeda7
0 0f 0f 0 0f 4bba0303 a4b2f089 a4b2f089
0 0f 0f 0 00 00000000 a4b2f089 a4b2f089
0 00 1d 1 1d 9431df98 00000000 e98decda
0 19 10 0 14 03f4e1aa 0000ffff 21efff4e
0 0b 02 1 14 0d9bc61b e7be108a 10d0862c
0 1b 11 1 1c f663b5f0 3548c430 ac38f7a1
0 1c 13 1 0a 44f5dcb6 f663b5f0 fc48ab10
0 0c 00 1 00 7550fd1e 00000000 00000000
0 1b 19 0 16 deadbeef 3548c430 0000ffff
0 0a 12 0 0e 763b5a15 44f5dcb6 4e3b134b
0 0f 0a 1 03 d838af89 a4b2f089 44f5dcb6
0 0d 14 1 08 55555555 55555555 0d9bc61b
0 02 02 1 02 7f64f302 10d0862c 10d0862c
0 0b 10 1 0a be8a30f1 e7be108a 21efff4e
0 0c 07 0 0f 0850201b 00000000 01c8ae58
0 08 10 1 1d 98d87d60 55555555 21efff4e
0 06 0c 0 02 b8096962 13954f78 00000000
0 13 0c 1 1d 1cdc1aab fc48ab10 00000000
0 15 17 1 15 2831f313 7fffffff 93b9d86d
0 1b 12 0 14 00000000 3548c430 4e3b134b
0 01 10 1 05 00000000 07cfdc20 21efff4e
0 15 03 1 10 f2bc98f1 2831f313 d838af89
0 00 06 1 00 df00ff7d 00000000 13954f78
0 1b 1b 0 1b d4e45a19 3548c430 3548c430
0 1b 1b 0 00 00000000 3548c430 3548c430
0 1a 1a 1 1a 0b35a2ab 00000000 00000000
0 1c 1a 1 12 03c27360 f663b5f0 0b35a2ab
0 12 12 0 00 00000000 03c27360 03c27360
0 13 1a 1 0a 80000000 fc48ab10 0b35a2ab
0 00 05 1 05 80000000 00000000 00000000
0 14 04 1 1f d1b79a57 0d9bc61b 7ebdb66b
0 0c 1c 1 13 5f5791e8 00000000 f663b5f0
0 1c 12 0 07 8e30d3b3 f663b5f0 03c27360
0 04 1f 1 00 55555555 7ebdb66b d1b79a57
0 1a 17 1 06 00000000 0b35a2ab 93b9d86d
0 0e 16 0 15 2b6538e1 38bedc0c 0dc863b4
0 15 15 1 15 7fffffff 2831f313 2831f313
0 03 05 0 0d 1757739e d838af89 80000000
0 1b 0e 0 1d 83bb9012 3548c430 38bedc0c
0 0d 12 1 04 98418844 55555555 03c27360
0 01 15 1 1c cafebabe 07cfdc20 7fffffff
0 19 19 0 15 3cd72138 0000ffff 0000ffff
0 1d 1d 1 1d 0000ffff 1cdc1aab 1cdc1aab
0 11 10 1 17 285df397 ac38f7a1 f2bc98f1
0 02 0d 1 09 a2680d67 7f64f302 55555555
0 19 1b 0 16 f4abd233 0000ffff 3548c430
0 05 12 1 0e 5e3b816e 80000000 03c27360
0 1a 11 1 04 59b005c0 0b35a2ab ac38f7a1
0 0d 03 1 01 e659ec70 55555555 d838af89
0 15 15 0 15 3e425d0a 7fffffff 7fffffff
0 15 15 0 00 00000000 7fffffff 7fffffff
0 0d 15 0 10 86e180d6 55555555 7fffffff
0 11 16 1 00 ffffffff ac38f7a1 0dc863b4
0 00 04 1 0f 526df5c8 00000000 59b005c0
0 0a 04 1 0b 6d427624 80000000 59b005c0
0 18 00 0 16 c1536e58 f1fd7317 00000000
0 18 1f 1 11 0000ffff f1fd7317 d1b79a57
0 04 09 1 17 50d5acda 59b005c0 a2680d67
0 17 0b 0 08 aaaaaaaa 50d5acda 6d427624
0 05 06 1 05 6116d9ef 80000000 00000000
0 18 0a 0 17 76d6440f f1fd7317 80000000
0 18 0a 1 18 deadbeef f1fd7317 80000000
0 1b 17 1 05 6a241c0a 3548c430 50d5acda
0 06 10 1 02 40f90f43 00000000 f2bc98f1
0 00 00 1 00 0000ffff 00000000 00000000
0 02 00 1 0e 9924eb20 40f90f43 00000000
0 05 08 0 0f fafa072f 6a241c0a 55555555
0 0a 09 1 08 6401b153 80000000 a2680d67
0 04 04 0 04 3a53f659 59b005c0 59b005c0
0 04 04 0 00 00000000 59b005c0 59b005c0
0 13 11 1 0c 44d8dc6e 5f5791e8 0000ffff
0 12 1a 0 00 4f967606 03c27360 0b35a2ab
0 13 0a 1 13 19793934 5f5791e8 80000000
0 18 0b 1 17 4784d3a5 deadbeef 6d427624
0 17 17 0 00 00000000 4784d3a5 4784d3a5
0 02 1d 1 1f 8b55884f 40f90f43 0000ffff
0 1d 0d 0 0e 6d7832ed 0000ffff 55555555
0 0b 0f 0 00 0000ffff 6d427624 526df5c8
0 01 0e 1 01 3d389817 e659ec70 9924eb20
0 00 17 1 16 5725431f 00000000 4784d3a5
0 10 19 1 05 871cab2c f2bc98f1 0000ffff
0 07 08 1 1c 24761006 01c8ae58 6401b153
0 16 12 1 18 910d3d85 5725431f 03c27360
0 00 10 0 15 aa5bf96a 00000000 f2bc98f1
0 00 1b 1 0e aaaaaaaa 00000000 3548c430
0 0a 11 1 1d 5e38858d 80000000 0000ffff
0 01 0f 1 08 5c85c59d 3d389817 526df5c8
0 08 08 0 00 00000000 5c85c59d 5c85c59d
0 00 13 1 05 33d4e7c8 00000000 19793934
0 0f 0f 0 0f 8626597b 526df5c8 526df5c8
0 0f 0f 0 00 00000000 526df5c8 526df5c8
0 19 14 1 12 2cf8ad00 0000ffff 0d9bc61b
0 08 18 0 10 c147ec55 5c85c59d 910d3d85
0 0e 16 1 1d 6d9d91a0 aaaaaaaa 5725431f
0 1d 1d 0 00 00000000 6d9d91a0 6d9d91a0
0 01 00 1 12 7674bd0e 3d389817 00000000
# --- read-back sweep ---
# i_rst i_rs1_raddr i_rs2_raddr i_rd_wen i_rd_waddr i_rd_wdata | o_rs1_rdata
#     o_rs2_rdata
0 00 1f 0 00 00000000 00000000 8b55884f
0 01 1e 0 00 00000000 3d389817 1850b129
0 02 1d 0 00 00000000 40f90f43 6d9d91a0
0 03 1c 0 00 00000000 d838af89 24761006
0 04 1b 0 00 00000000 59b005c0 3548c430
0 05 1a 0 00 00000000 33d4e7c8 0b35a2ab
0 06 19 0 00 00000000 00000000 0000ffff
0 07 18 0 00 00000000 01c8ae58 910d3d85
0 08 17 0 00 00000000 5c85c59d 4784d3a5
0 09 16 0 00 00000000 a2680d67 5725431f
0 0a 15 0 00 00000000 80000000 7fffffff
0 0b 14 0 00 00000000 6d427624 0d9bc61b
0 0c 13 0 00 00000000 44d8dc6e 19793934
0 0d 12 0 00 00000000 55555555 7674bd0e
0 0e 11 0 00 00000000 aaaaaaaa 0000ffff
0 0f 10 0 00 00000000 526df5c8 f2bc98f1
0 10 0f 0 00 00000000 f2bc98f1 526df5c8
0 11 0e 0 00 00000000 0000ffff aaaaaaaa
0 12 0d 0 00 00000000 7674bd0e 55555555
0 13 0c 0 00 00000000 19793934 44d8dc6e
0 14 0b 0 00 00000000 0d9bc61b 6d427624
0 15 0a 0 00 00000000 7fffffff 80000000
0 16 09 0 00 00000000 5725431f a2680d67
0 17 08 0 00 00000000 4784d3a5 5c85c59d
0 18 07 0 00 00000000 910d3d85 01c8ae58
0 19 06 0 00 00000000 0000ffff 00000000
0 1a 05 0 00 00000000 0b35a2ab 33d4e7c8
0 1b 04 0 00 00000000 3548c430 59b005c0
0 1c 03 0 00 00000000 24761006 d838af89
0 1d 02 0 00 00000000 6d9d91a0 40f90f43
0 1e 01 0 00 00000000 1850b129 3d389817
0 1f 00 0 00 00000000 8b55884f 00000000
0 07 04 1 13 f05cb409 01c8ae58 59b005c0
0 00 1b 1 07 29f3e888 00000000 3548c430
0 07 07 0 00 00000000 29f3e888 29f3e888
0 00 12 1 02 c5d4da4d 00000000 7674bd0e
0 03 1e 0 0c cafebabe d838af89 1850b129
0 1b 00 0 1b 576550d8 3548c430 00000000
0 1a 10 0 00 80000000 0b35a2ab f2bc98f1
0 1b 01 1 1b 00000000 3548c430 3d389817
0 13 0a 0 1f 9f1302b3 f05cb409 80000000
0 0c 08 0 08 0000ffff 44d8dc6e 5c85c59d
0 11 17 1 1c 0000ffff 0000ffff 4784d3a5
0 05 19 0 1e de19f466 33d4e7c8 0000ffff
0 0a 0c 0 03 5aea2a3b 80000000 44d8dc6e
0 18 14 0 12 4d656aad 910d3d85 0d9bc61b
0 02 00 0 00 e2f04193 c5d4da4d 00000000
0 17 08 1 0c aaaaaaaa 4784d3a5 5c85c59d
0 0f 0f 1 0f 55555555 526df5c8 526df5c8
0 1e 03 1 00 f03a37b1 1850b129 d838af89
0 13 12 0 03 05226779 f05cb409 7674bd0e
0 18 01 1 1b 1c6a249d 910d3d85 3d389817
0 0b 00 1 08 3cc2e6d9 6d427624 00000000
0 01 0e 0 00 5fbf5460 3d389817 aaaaaaaa
0 18 00 1 15 b4a3ecc7 910d3d85 00000000
0 15 0b 1 09 7fd5399f b4a3ecc7 6d427624
0 00 0a 1 11 6b62e79e 00000000 80000000
0 02 1f 1 1e 8856b659 c5d4da4d 8b55884f
0 1a 09 1 10 a993a928 0b35a2ab 7fd5399f
0 0a 15 1 1d 3e0f60f1 80000000 b4a3ecc7
0 0b 11 1 00 cd554714 6d427624 6b62e79e
0 14 14 0 14 d864b278 0d9bc61b 0d9bc61b
0 14 14 0 00 00000000 0d9bc61b 0d9bc61b
0 1a 01 0 12 8e48101c 0b35a2ab 3d389817
0 0f 05 0 00 8b690d09 55555555 33d4e7c8
0 18 02 1 13 c7eab90d 910d3d85 c5d4da4d
0 0a 04 0 10 00000001 80000000 59b005c0
0 00 10 1 17 a7d3ebed 00000000 a993a928
0 06 12 1 06 0d952459 00000000 7674bd0e
0 0f 1d 1 04 259da8cf 55555555 3e0f60f1
0 1a 10 1 07 c713ef71 0b35a2ab a993a928
0 17 1f 0 03 ce2fe09a a7d3ebed 8b55884f
0 08 09 0 16 6922eca2 3cc2e6d9 7fd5399f
0 18 05 1 07 42e1d3be 910d3d85 33d4e7c8
0 07 07 0 00 00000000 42e1d3be 42e1d3be
0 06 03 0 10 71b492a9 0d952459 d838af89
0 1b 16 1 12 91d61723 1c6a249d 5725431f
0 0c 05 1 01 ffffffff aaaaaaaa 33d4e7c8
0 1b 13 1 14 ebcac73d 1c6a249d c7eab90d
0 06 00 0 0e 22ba07ae 0d952459 00000000
0 11 09 0 01 45d2e953 6b62e79e 7fd5399f
0 19 0e 1 0e dbd006a3 0000ffff aaaaaaaa
0 0b 06 0 05 8765d7a1 6d427624 0d952459
0 04 16 1 06 cafebabe 259da8cf 5725431f
0 07 06 1 0b b5ac9be7 42e1d3be cafebabe
0 05 10 0 03 1c2f74ac 33d4e7c8 a993a928
0 13 1d 1 18 3badcc30 c7eab90d 3e0f60f1
0 1a 00 1 1e 04930c04 0b35a2ab 00000000
0 02 15 0 0b 77e0d5f6 c5d4da4d b4a3ecc7
0 1c 1f 1 00 cd052e0d 0000ffff 8b55884f
0 0a 0a 0 0a 95249000 80000000 80000000
0 0a 0a 0 00 00000000 80000000 80000000
0 12 17 1 14 00000000 91d61723 a7d3ebed
0 00 01 1 00 0000ffff 00000000 ffffffff
0 15 1e 1 02 ffffffff b4a3ecc7 04930c04
0 1e 08 1 00 5a4eeab5 04930c04 3cc2e6d9
0 04 0b 1 01 8140e67e 259da8cf b5ac9be7
0 02 01 0 1d 8825cb1d ffffffff 8140e67e
0 06 1a 1 19 ffffffff cafebabe 0b35a2ab
0 0c 0c 1 0c 80000000 aaaaaaaa aaaaaaaa
0 1b 1b 1 1b 0b17f35c 1c6a249d 1c6a249d
0 00 03 1 18 e9b2d944 00000000 d838af89
0 1e 0e 1 06 19279123 04930c04 dbd006a3
0 02 07 1 07 4fedc046 ffffffff 42e1d3be
0 17 0f 0 00 8adde5bb a7d3ebed 55555555
0 01 0e 1 00 00000001 8140e67e dbd006a3
0 0f 17 1 0d 33f02a22 55555555 a7d3ebed
0 00 11 1 1f ffffffff 00000000 6b62e79e
0 1f 0a 1 0d c4f0dbe2 ffffffff 80000000
0 05 1c 1 0b b5df4aea 33d4e7c8 0000ffff
0 11 11 1 11 ffffffff 6b62e79e 6b62e79e
0 18 18 1 18 e625d848 e9b2d944 e9b2d944
0 1c 07 0 0f 2c8c894f 0000ffff 4fedc046
0 1b 1a 1 00 986715e4 0b17f35c 0b35a2ab
0 1d 1d 1 1d bfe3e158 3e0f60f1 3e0f60f1
0 00 06 1 14 e3fd0699 00000000 19279123
0 11 1b 1 1b 27a14b79 ffffffff 0b17f35c
0 18 18 1 18 c499cb12 e625d848 e625d848
0 1b 18 1 1b 96df110e 27a14b79 c499cb12
0 12 08 1 02 b1c41b00 91d61723 3cc2e6d9
0 0d 0a 1 13 00000001 c4f0dbe2 80000000
0 0b 0a 0 18 01c7b583 b5df4aea 80000000
0 07 00 1 08 a627e0ca 4fedc046 00000000
0 02 04 0 16 55555555 b1c41b00 259da8cf
0 05 1a 1 11 aaaaaaaa 33d4e7c8 0b35a2ab
0 03 19 1 00 deadbeef d838af89 ffffffff
0 0e 09 0 11 217d506b dbd006a3 7fd5399f
0 16 16 0 16 a969133d 5725431f 5725431f
0 16 16 0 00 00000000 5725431f 5725431f
0 00 00 0 01 00000001 00000000 00000000
0 00 14 1 17 f4edfa10 00000000 e3fd0699
0 07 09 0 00 1f3060a6 4fedc046 7fd5399f
0 03 0a 1 00 51ad652f d838af89 80000000
0 03 08 0 11 f3e0c9fd d838af89 a627e0ca
# --- read-back sweep ---
# i_rst i_rs1_raddr i_rs2_raddr i_rd_wen i_rd_waddr i_rd_wdata | o_rs1_rdata
#     o_rs2_rdata
0 00 1f 0 00 00000000 00000000 ffffffff
0 01 1e 0 00 00000000 8140e67e 04930c04
0 02 1d 0 00 00000000 b1c41b00 bfe3e158
0 03 1c 0 00 00000000 d838af89 0000ffff
0 04 1b 0 00 00000000 259da8cf 96df110e
0 05 1a 0 00 00000000 33d4e7c8 0b35a2ab
0 06 19 0 00 00000000 19279123 ffffffff
0 07 18 0 00 00000000 4fedc046 c499cb12
0 08 17 0 00 00000000 a627e0ca f4edfa10
0 09 16 0 00 00000000 7fd5399f 5725431f
0 0a 15 0 00 00000000 80000000 b4a3ecc7
0 0b 14 0 00 00000000 b5df4aea e3fd0699
0 0c 13 0 00 00000000 80000000 00000001
0 0d 12 0 00 00000000 c4f0dbe2 91d61723
0 0e 11 0 00 00000000 dbd006a3 aaaaaaaa
0 0f 10 0 00 00000000 55555555 a993a928
0 10 0f 0 00 00000000 a993a928 55555555
0 11 0e 0 00 00000000 aaaaaaaa dbd006a3
0 12 0d 0 00 00000000 91d61723 c4f0dbe2
0 13 0c 0 00 00000000 00000001 80000000
0 14 0b 0 00 00000000 e3fd0699 b5df4aea
0 15 0a 0 00 00000000 b4a3ecc7 80000000
0 16 09 0 00 00000000 5725431f 7fd5399f
0 17 08 0 00 00000000 f4edfa10 a627e0ca
0 18 07 0 00 00000000 c499cb12 4fedc046
0 19 06 0 00 00000000 ffffffff 19279123
0 1a 05 0 00 00000000 0b35a2ab 33d4e7c8
0 1b 04 0 00 00000000 96df110e 259da8cf
0 1c 03 0 00 00000000 0000ffff d838af89
0 1d 02 0 00 00000000 bfe3e158 b1c41b00
0 1e 01 0 00 00000000 04930c04 8140e67e
0 1f 00 0 00 00000000 ffffffff 00000000
0 10 11 1 10 ffffffff a993a928 aaaaaaaa
0 16 10 1 1d 1abe41dd 5725431f ffffffff
0 10 10 1 10 55555555 ffffffff ffffffff
0 00 1b 1 11 00d87a77 00000000 96df110e
0 10 06 1 08 681d7c00 55555555 19279123
0 0c 11 0 0a e4f4c3d3 80000000 00d87a77
0 18 07 0 10 d2418b14 c499cb12 4fedc046
0 11 0c 1 04 40aabccb 00d87a77 80000000
0 1a 14 1 0b eb29d6d0 0b35a2ab e3fd0699
0 12 12 0 12 2cbf3fac 91d61723 91d61723
0 12 12 0 00 00000000 91d61723 91d61723
0 00 17 1 1e 76b3a89f 00000000 f4edfa10
0 17 19 1 1b bc417a5b f4edfa10 ffffffff
0 1b 1b 0 00 00000000 bc417a5b bc417a5b
0 0f 02 1 19 e6088fc4 55555555 b1c41b00
0 19 19 0 00 00000000 e6088fc4 e6088fc4
0 13 1c 1 0c 5643a565 00000001 0000ffff
0 0c 0c 0 00 00000000 5643a565 5643a565
0 00 17 1 03 c4508a91 00000000 f4edfa10
# --- read-back sweep ---
# i_rst i_rs1_raddr i_rs2_raddr i_rd_wen i_rd_waddr i_rd_wdata | o_rs1_rdata
#     o_rs2_rdata
0 00 1f 0 00 00000000 00000000 ffffffff
0 01 1e 0 00 00000000 8140e67e 76b3a89f
0 02 1d 0 00 00000000 b1c41b00 1abe41dd
0 03 1c 0 00 00000000 c4508a91 0000ffff
0 04 1b 0 00 00000000 40aabccb bc417a5b
0 05 1a 0 00 00000000 33d4e7c8 0b35a2ab
0 06 19 0 00 00000000 19279123 e6088fc4
0 07 18 0 00 00000000 4fedc046 c499cb12
0 08 17 0 00 00000000 681d7c00 f4edfa10
0 09 16 0 00 00000000 7fd5399f 5725431f
0 0a 15 0 00 00000000 80000000 b4a3ecc7
0 0b 14 0 00 00000000 eb29d6d0 e3fd0699
0 0c 13 0 00 00000000 5643a565 00000001
0 0d 12 0 00 00000000 c4f0dbe2 91d61723
0 0e 11 0 00 00000000 dbd006a3 00d87a77
0 0f 10 0 00 00000000 55555555 55555555
0 10 0f 0 00 00000000 55555555 55555555
0 11 0e 0 00 00000000 00d87a77 dbd006a3
0 12 0d 0 00 00000000 91d61723 c4f0dbe2
0 13 0c 0 00 00000000 00000001 5643a565
0 14 0b 0 00 00000000 e3fd0699 eb29d6d0
0 15 0a 0 00 00000000 b4a3ecc7 80000000
0 16 09 0 00 00000000 5725431f 7fd5399f
0 17 08 0 00 00000000 f4edfa10 681d7c00
0 18 07 0 00 00000000 c499cb12 4fedc046
0 19 06 0 00 00000000 e6088fc4 19279123
0 1a 05 0 00 00000000 0b35a2ab 33d4e7c8
0 1b 04 0 00 00000000 bc417a5b 40aabccb
0 1c 03 0 00 00000000 0000ffff c4508a91
0 1d 02 0 00 00000000 1abe41dd b1c41b00
0 1e 01 0 00 00000000 76b3a89f 8140e67e
0 1f 00 0 00 00000000 ffffffff 00000000
0 08 19 1 1f cfcbe55c 681d7c00 e6088fc4
0 03 16 0 19 78cb2283 c4508a91 5725431f
0 11 10 1 12 c85ce388 00d87a77 55555555
0 1d 1d 1 1d 1702e878 1abe41dd 1abe41dd
0 0a 0a 1 0a 00000001 80000000 80000000
0 12 07 1 0c 55555555 c85ce388 4fedc046
0 04 04 1 10 31020297 40aabccb 40aabccb
0 03 0d 1 1d ba259629 c4508a91 c4f0dbe2
0 01 05 1 13 ce86580e 8140e67e 33d4e7c8
0 13 13 0 00 00000000 ce86580e ce86580e
0 18 18 1 18 2a3b90be c499cb12 c499cb12
0 1e 06 0 00 65e3eb7b 76b3a89f 19279123
0 11 0f 1 0c dda73aaf 00d87a77 55555555
0 16 01 1 16 6feea72c 5725431f 8140e67e
0 0a 12 1 01 9c1bf1db 00000001 c85ce388
0 01 01 0 00 00000000 9c1bf1db 9c1bf1db
0 16 1f 1 05 9bb7d0c3 6feea72c cfcbe55c
0 1e 00 1 14 5e7026a3 76b3a89f 00000000
0 1c 1f 1 00 deadbeef 0000ffff cfcbe55c
0 02 12 1 14 55555555 b1c41b00 c85ce388
0 07 07 1 07 80000000 4fedc046 4fedc046
0 08 19 1 16 4be66a00 681d7c00 e6088fc4
0 1f 0b 1 1f 4a9be356 cfcbe55c eb29d6d0
0 11 0b 1 15 e74b794d 00d87a77 eb29d6d0
0 1c 13 1 19 3dce0c5e 0000ffff ce86580e
0 0d 02 1 0e ffffffff c4f0dbe2 b1c41b00
0 1e 10 0 16 65349520 76b3a89f 31020297
0 0e 0e 1 0e 7c24d53c ffffffff ffffffff
0 19 00 1 00 de8e39f4 3dce0c5e 00000000
0 0b 09 0 19 7fffffff eb29d6d0 7fd5399f
0 10 07 0 16 55555555 31020297 80000000
0 00 00 1 00 eceb5779 00000000 00000000
0 1b 13 1 0c 81377943 bc417a5b ce86580e
0 18 18 1 18 32c002e7 2a3b90be 2a3b90be
0 13 00 1 04 9fedf0f2 ce86580e 00000000
0 04 04 0 00 00000000 9fedf0f2 9fedf0f2
0 15 0e 0 01 25051d78 e74b794d 7c24d53c
0 09 1d 1 19 e604098e 7fd5399f ba259629
# --- read-back sweep ---
# i_rst i_rs1_raddr i_rs2_raddr i_rd_wen i_rd_waddr i_rd_wdata | o_rs1_rdata
#     o_rs2_rdata
0 00 1f 0 00 00000000 00000000 4a9be356
0 01 1e 0 00 00000000 9c1bf1db 76b3a89f
0 02 1d 0 00 00000000 b1c41b00 ba259629
0 03 1c 0 00 00000000 c4508a91 0000ffff
0 04 1b 0 00 00000000 9fedf0f2 bc417a5b
0 05 1a 0 00 00000000 9bb7d0c3 0b35a2ab
0 06 19 0 00 00000000 19279123 e604098e
0 07 18 0 00 00000000 80000000 32c002e7
0 08 17 0 00 00000000 681d7c00 f4edfa10
0 09 16 0 00 00000000 7fd5399f 4be66a00
0 0a 15 0 00 00000000 00000001 e74b794d
0 0b 14 0 00 00000000 eb29d6d0 55555555
0 0c 13 0 00 00000000 81377943 ce86580e
0 0d 12 0 00 00000000 c4f0dbe2 c85ce388
0 0e 11 0 00 00000000 7c24d53c 00d87a77
0 0f 10 0 00 00000000 55555555 31020297
0 10 0f 0 00 00000000 31020297 55555555
0 11 0e 0 00 00000000 00d87a77 7c24d53c
0 12 0d 0 00 00000000 c85ce388 c4f0dbe2
0 13 0c 0 00 00000000 ce86580e 81377943
0 14 0b 0 00 00000000 55555555 eb29d6d0
0 15 0a 0 00 00000000 e74b794d 00000001
0 16 09 0 00 00000000 4be66a00 7fd5399f
0 17 08 0 00 00000000 f4edfa10 681d7c00
0 18 07 0 00 00000000 32c002e7 80000000
0 19 06 0 00 00000000 e604098e 19279123
0 1a 05 0 00 00000000 0b35a2ab 9bb7d0c3
0 1b 04 0 00 00000000 bc417a5b 9fedf0f2
0 1c 03 0 00 00000000 0000ffff c4508a91
0 1d 02 0 00 00000000 ba259629 b1c41b00
0 1e 01 0 00 00000000 76b3a89f 9c1bf1db
0 1f 00 0 00 00000000 4a9be356 00000000
0 00 09 1 05 55555555 00000000 7fd5399f
0 09 00 1 0f cafebabe 7fd5399f 00000000
0 1f 04 1 1d b3c8ac4b 4a9be356 9fedf0f2
0 1e 0a 0 0e 68f358e3 76b3a89f 00000001
0 1f 1e 0 00 eb80d511 4a9be356 76b3a89f
0 12 12 0 1d 93c937b5 c85ce388 c85ce388
0 05 1a 1 16 49d3bad1 55555555 0b35a2ab
0 1e 1d 1 1e 9db8e1aa 76b3a89f b3c8ac4b
0 03 0e 1 12 25036a94 c4508a91 7c24d53c
0 0f 08 1 1c 55555555 cafebabe 681d7c00
0 03 14 1 0f 0ae14fbb c4508a91 55555555
0 0d 1c 1 06 46561210 c4f0dbe2 55555555
0 0b 0b 1 0b 82500d29 eb29d6d0 eb29d6d0
0 17 1b 1 17 549145f1 f4edfa10 bc417a5b
0 02 00 1 06 322640c8 b1c41b00 00000000
0 1c 12 1 09 7a5ee191 55555555 25036a94
0 10 14 0 09 5379bb99 31020297 55555555
0 0f 0f 1 0f f1ef13cf 0ae14fbb 0ae14fbb
0 1f 16 1 00 808fbb78 4a9be356 49d3bad1
0 0b 1b 0 1c 12ad1977 82500d29 bc417a5b
0 02 14 0 06 ea8d9246 b1c41b00 55555555
0 00 1a 0 02 aaaaaaaa 00000000 0b35a2ab
0 00 1c 0 12 ffffffff 00000000 55555555
0 05 03 1 04 deadbeef 55555555 c4508a91
0 09 13 1 00 77af825a 7a5ee191 ce86580e
0 1a 1a 1 1a b42a2f01 0b35a2ab 0b35a2ab
0 08 15 1 15 3488f967 681d7c00 e74b794d
0 12 1c 1 00 f6e79f17 25036a94 55555555
0 00 04 1 08 afcfa4ea 00000000 deadbeef
0 13 0d 1 02 00000001 ce86580e c4f0dbe2
0 17 0c 1 0d cafebabe 549145f1 81377943
0 19 0e 0 00 967a8d41 e604098e 7c24d53c
0 1e 1f 1 00 e9bf9f21 9db8e1aa 4a9be356
0 0c 0f 1 00 31d119a8 81377943 f1ef13cf
0 0b 1c 1 0a 6874e710 82500d29 55555555
0 09 09 1 09 6a07dca3 7a5ee191 7a5ee191
0 0d 04 1 00 6b04bde7 cafebabe deadbeef
0 02 12 0 0a 5940a73b 00000001 25036a94
0 06 08 1 14 aa22a849 322640c8 afcfa4ea
0 1a 09 0 00 07779d7d b42a2f01 6a07dca3
0 0d 0d 1 03 aaaaaaaa cafebabe cafebabe
0 00 08 1 0c 144feb3b 00000000 afcfa4ea
0 04 0e 1 00 3032268f deadbeef 7c24d53c
0 1b 09 1 1b 00000000 bc417a5b 6a07dca3
0 09 13 1 1f 1a5d13ad 6a07dca3 ce86580e
0 12 12 1 12 e3be93ff 25036a94 25036a94
0 04 05 1 00 80000000 deadbeef 55555555
0 11 1e 1 11 4c61dd42 00d87a77 9db8e1aa
0 16 05 0 00 65d38070 49d3bad1 55555555
0 00 16 0 1f e6a41c9b 00000000 49d3bad1
0 08 1a 0 01 1281d79b afcfa4ea b42a2f01
0 14 16 1 00 121c4449 aa22a849 49d3bad1
0 09 08 1 02 ddee3349 6a07dca3 afcfa4ea
0 19 11 1 12 204d9531 e604098e 4c61dd42
0 12 12 0 00 00000000 204d9531 204d9531
0 19 00 1 15 deadbeef e604098e 00000000
0 0b 1f 1 0b ffd64642 82500d29 1a5d13ad
0 1d 02 1 0d 4a59f007 b3c8ac4b ddee3349
0 06 1e 0 1a 2f8bdb2e 322640c8 9db8e1aa
0 1a 05 1 0c aaaaaaaa b42a2f01 55555555
0 1d 0a 0 0a c4e3d9a3 b3c8ac4b 6874e710
0 0a 0a 1 0a 7d3e6d02 6874e710 6874e710
0 0e 14 0 02 3d85bfe4 7c24d53c aa22a849
0 17 03 1 12 397d59b1 549145f1 aaaaaaaa
0 14 17 1 0b 2829b6a7 aa22a849 549145f1
0 0b 0e 0 1c 00000000 2829b6a7 7c24d53c
0 06 16 1 19 8ae6b76c 322640c8 49d3bad1
0 01 0a 1 01 ffffffff 9c1bf1db 7d3e6d02
0 18 0d 1 11 83369602 32c002e7 4a59f007
0 14 00 1 14 c2216e1e aa22a849 00000000
0 14 14 0 00 00000000 c2216e1e c2216e1e
0 10 16 1 10 0000ffff 31020297 49d3bad1
0 01 15 0 17 64bc0956 ffffffff deadbeef
0 14 0b 1 13 cafebabe c2216e1e 2829b6a7
0 1b 14 1 05 3959e406 00000000 c2216e1e
0 00 05 1 04 f23d7171 00000000 3959e406
0 0c 10 1 06 cf5e2d0b aaaaaaaa 0000ffff
0 0f 00 1 0f c5f47f47 f1ef13cf 00000000
0 06 0c 1 0d 4554e0ea cf5e2d0b aaaaaaaa
0 1b 1d 1 1b 012a81c3 00000000 b3c8ac4b
0 17 00 1 12 609d4940 549145f1 00000000
# --- read-back sweep ---
# i_rst i_rs1_raddr i_rs2_raddr i_rd_wen i_rd_waddr i_rd_wdata | o_rs1_rdata
#     o_rs2_rdata
0 00 1f 0 00 00000000 00000000 1a5d13ad
0 01 1e 0 00 00000000 ffffffff 9db8e1aa
0 02 1d 0 00 00000000 ddee3349 b3c8ac4b
0 03 1c 0 00 00000000 aaaaaaaa 55555555
0 04 1b 0 00 00000000 f23d7171 012a81c3
0 05 1a 0 00 00000000 3959e406 b42a2f01
0 06 19 0 00 00000000 cf5e2d0b 8ae6b76c
0 07 18 0 00 00000000 80000000 32c002e7
0 08 17 0 00 00000000 afcfa4ea 549145f1
0 09 16 0 00 00000000 6a07dca3 49d3bad1
0 0a 15 0 00 00000000 7d3e6d02 deadbeef
0 0b 14 0 00 00000000 2829b6a7 c2216e1e
0 0c 13 0 00 00000000 aaaaaaaa cafebabe
0 0d 12 0 00 00000000 4554e0ea 609d4940
0 0e 11 0 00 00000000 7c24d53c 83369602
0 0f 10 0 00 00000000 c5f47f47 0000ffff
0 10 0f 0 00 00000000 0000ffff c5f47f47
0 11 0e 0 00 00000000 83369602 7c24d53c
0 12 0d 0 00 00000000 609d4940 4554e0ea
0 13 0c 0 00 00000000 cafebabe aaaaaaaa
0 14 0b 0 00 00000000 c2216e1e 2829b6a7
0 15 0a 0 00 00000000 deadbeef 7d3e6d02
0 16 09 0 00 00000000 49d3bad1 6a07dca3
0 17 08 0 00 00000000 549145f1 afcfa4ea
0 18 07 0 00 00000000 32c002e7 80000000
0 19 06 0 00 00000000 8ae6b76c cf5e2d0b
0 1a 05 0 00 00000000 b42a2f01 3959e406
0 1b 04 0 00 00000000 012a81c3 f23d7171
0 1c 03 0 00 00000000 55555555 aaaaaaaa
0 1d 02 0 00 00000000 b3c8ac4b ddee3349
0 1e 01 0 00 00000000 9db8e1aa ffffffff
0 1f 00 0 00 00000000 1a5d13ad 00000000
0 05 1a 0 06 cafebabe 3959e406 b42a2f01
0 0c 0c 1 0c e67f9ff1 aaaaaaaa aaaaaaaa
0 05 05 1 05 1f0728e2 3959e406 3959e406
0 0c 00 1 14 0000ffff e67f9ff1 00000000
0 18 12 1 07 a1fbfbc4 32c002e7 609d4940
0 07 07 0 00 00000000 a1fbfbc4 a1fbfbc4
0 00 00 0 0f 0d2efab4 00000000 00000000
0 17 1f 1 12 0000ffff 549145f1 1a5d13ad
0 0f 07 0 14 ffffffff c5f47f47 a1fbfbc4
0 1e 1e 0 1e 2c86cee9 9db8e1aa 9db8e1aa
0 1e 1e 0 00 00000000 9db8e1aa 9db8e1aa
0 15 15 1 15 34740aac deadbeef deadbeef
0 0b 15 1 11 8eef49e1 2829b6a7 34740aac
0 11 11 0 00 00000000 8eef49e1 8eef49e1
0 1c 1f 1 14 cade14ea 55555555 1a5d13ad
0 1b 0b 0 10 55555555 012a81c3 2829b6a7
0 09 15 0 12 8549c172 6a07dca3 34740aac
0 0c 13 1 1e 1a7ec7a0 e67f9ff1 cafebabe
0 1e 1e 0 00 00000000 1a7ec7a0 1a7ec7a0
0 1c 1b 0 0d a74235e3 55555555 012a81c3
0 08 0f 1 08 ea1e748c afcfa4ea c5f47f47
0 01 1f 1 01 5c10510c ffffffff 1a5d13ad
0 12 1a 1 04 7fffffff 0000ffff b42a2f01
0 0b 05 0 09 ffffffff 2829b6a7 1f0728e2
0 00 07 0 1e ae16920d 00000000 a1fbfbc4
0 0d 1a 1 09 80000000 4554e0ea b42a2f01
0 0f 18 0 09 8a87632e c5f47f47 32c002e7
0 08 01 1 1b 95fc545a ea1e748c 5c10510c
0 1d 08 1 00 e501344b b3c8ac4b ea1e748c
0 02 04 1 04 deadbeef ddee3349 7fffffff
0 12 0d 1 1b 5a594167 0000ffff 4554e0ea
0 1b 1b 0 00 00000000 5a594167 5a594167
# --- read-back sweep ---
# i_rst i_rs1_raddr i_rs2_raddr i_rd_wen i_rd_waddr i_rd_wdata | o_rs1_rdata
#     o_rs2_rdata
0 00 1f 0 00 00000000 00000000 1a5d13ad
0 01 1e 0 00 00000000 5c10510c 1a7ec7a0
0 02 1d 0 00 00000000 ddee3349 b3c8ac4b
0 03 1c 0 00 00000000 aaaaaaaa 55555555
0 04 1b 0 00 00000000 deadbeef 5a594167
0 05 1a 0 00 00000000 1f0728e2 b42a2f01
0 06 19 0 00 00000000 cf5e2d0b 8ae6b76c
0 07 18 0 00 00000000 a1fbfbc4 32c002e7
0 08 17 0 00 00000000 ea1e748c 549145f1
0 09 16 0 00 00000000 80000000 49d3bad1
0 0a 15 0 00 00000000 7d3e6d02 34740aac
0 0b 14 0 00 00000000 2829b6a7 cade14ea
0 0c 13 0 00 00000000 e67f9ff1 cafebabe
0 0d 12 0 00 00000000 4554e0ea 0000ffff
0 0e 11 0 00 00000000 7c24d53c 8eef49e1
0 0f 10 0 00 00000000 c5f47f47 0000ffff
0 10 0f 0 00 00000000 0000ffff c5f47f47
0 11 0e 0 00 00000000 8eef49e1 7c24d53c
0 12 0d 0 00 00000000 0000ffff 4554e0ea
0 13 0c 0 00 00000000 cafebabe e67f9ff1
0 14 0b 0 00 00000000 cade14ea 2829b6a7
0 15 0a 0 00 00000000 34740aac 7d3e6d02
0 16 09 0 00 00000000 49d3bad1 80000000
0 17 08 0 00 00000000 549145f1 ea1e748c
0 18 07 0 00 00000000 32c002e7 a1fbfbc4
0 19 06 0 00 00000000 8ae6b76c cf5e2d0b
0 1a 05 0 00 00000000 b42a2f01 1f0728e2
0 1b 04 0 00 00000000 5a594167 deadbeef
0 1c 03 0 00 00000000 55555555 aaaaaaaa
0 1d 02 0 00 00000000 b3c8ac4b ddee3349
0 1e 01 0 00 00000000 1a7ec7a0 5c10510c
0 1f 00 0 00 00000000 1a5d13ad 00000000
0 17 04 1 19 f5a1ad4a 549145f1 deadbeef
0 0e 06 0 06 2e7a8de5 7c24d53c cf5e2d0b
0 04 08 1 1e dea32fd6 deadbeef ea1e748c
0 09 1c 0 05 d96527d2 80000000 55555555
0 1f 08 1 1e aaaaaaaa 1a5d13ad ea1e748c
0 11 03 0 1b 7fffffff 8eef49e1 aaaaaaaa
0 05 15 0 16 48c83af5 1f0728e2 34740aac
0 1e 12 1 03 a48f60ed aaaaaaaa 0000ffff
0 03 03 0 00 00000000 a48f60ed a48f60ed
0 05 07 1 16 55555555 1f0728e2 a1fbfbc4
0 12 10 0 09 1adb9c3f 0000ffff 0000ffff
0 00 19 1 0c fdb9a56a 00000000 f5a1ad4a
0 15 15 0 15 512f4c97 34740aac 34740aac
0 15 15 0 00 00000000 34740aac 34740aac
0 12 1b 0 02 789d3381 0000ffff 5a594167
0 19 05 0 07 cafebabe f5a1ad4a 1f0728e2
0 12 14 0 05 0aff85c6 0000ffff cade14ea
0 0a 0b 1 0a aaaaaaaa 7d3e6d02 2829b6a7
0 14 12 0 16 55555555 cade14ea 0000ffff
0 0b 09 1 17 00000001 2829b6a7 80000000
0 10 0d 1 1f 55555555 0000ffff 4554e0ea
0 14 1d 1 19 8da3e658 cade14ea b3c8ac4b
0 16 0b 1 0b a7eb9489 55555555 2829b6a7
0 0c 11 1 00 6610ce4f fdb9a56a 8eef49e1
# --- read-back sweep ---
# i_rst i_rs1_raddr i_rs2_raddr i_rd_wen i_rd_waddr i_rd_wdata | o_rs1_rdata
#     o_rs2_rdata
0 00 1f 0 00 00000000 00000000 55555555
0 01 1e 0 00 00000000 5c10510c aaaaaaaa
0 02 1d 0 00 00000000 ddee3349 b3c8ac4b
0 03 1c 0 00 00000000 a48f60ed 55555555
0 04 1b 0 00 00000000 deadbeef 5a594167
0 05 1a 0 00 00000000 1f0728e2 b42a2f01
0 06 19 0 00 00000000 cf5e2d0b 8da3e658
0 07 18 0 00 00000000 a1fbfbc4 32c002e7
0 08 17 0 00 00000000 ea1e748c 00000001
0 09 16 0 00 00000000 80000000 55555555
0 0a 15 0 00 00000000 aaaaaaaa 34740aac
0 0b 14 0 00 00000000 a7eb9489 cade14ea
0 0c 13 0 00 00000000 fdb9a56a cafebabe
0 0d 12 0 00 00000000 4554e0ea 0000ffff
0 0e 11 0 00 00000000 7c24d53c 8eef49e1
0 0f 10 0 00 00000000 c5f47f47 0000ffff
0 10 0f 0 00 00000000 0000ffff c5f47f47
0 11 0e 0 00 00000000 8eef49e1 7c24d53c
0 12 0d 0 00 00000000 0000ffff 4554e0ea
0 13 0c 0 00 00000000 cafebabe fdb9a56a
0 14 0b 0 00 00000000 cade14ea a7eb9489
0 15 0a 0 00 00000000 34740aac aaaaaaaa
0 16 09 0 00 00000000 55555555 80000000
0 17 08 0 00 00000000 00000001 ea1e748c
0 18 07 0 00 00000000 32c002e7 a1fbfbc4
0 19 06 0 00 00000000 8da3e658 cf5e2d0b
0 1a 05 0 00 00000000 b42a2f01 1f0728e2
0 1b 04 0 00 00000000 5a594167 deadbeef
0 1c 03 0 00 00000000 55555555 a48f60ed
0 1d 02 0 00 00000000 b3c8ac4b ddee3349
0 1e 01 0 00 00000000 aaaaaaaa 5c10510c
0 1f 00 0 00 00000000 55555555 00000000
0 00 0e 1 0e fa48eb2e 00000000 7c24d53c
# --- read-back sweep ---
# i_rst i_rs1_raddr i_rs2_raddr i_rd_wen i_rd_waddr i_rd_wdata | o_rs1_rdata
#     o_rs2_rdata
0 00 1f 0 00 00000000 00000000 55555555
0 01 1e 0 00 00000000 5c10510c aaaaaaaa
0 02 1d 0 00 00000000 ddee3349 b3c8ac4b
0 03 1c 0 00 00000000 a48f60ed 55555555
0 04 1b 0 00 00000000 deadbeef 5a594167
0 05 1a 0 00 00000000 1f0728e2 b42a2f01
0 06 19 0 00 00000000 cf5e2d0b 8da3e658
0 07 18 0 00 00000000 a1fbfbc4 32c002e7
0 08 17 0 00 00000000 ea1e748c 00000001
0 09 16 0 00 00000000 80000000 55555555
0 0a 15 0 00 00000000 aaaaaaaa 34740aac
0 0b 14 0 00 00000000 a7eb9489 cade14ea
0 0c 13 0 00 00000000 fdb9a56a cafebabe
0 0d 12 0 00 00000000 4554e0ea 0000ffff
0 0e 11 0 00 00000000 fa48eb2e 8eef49e1
0 0f 10 0 00 00000000 c5f47f47 0000ffff
0 10 0f 0 00 00000000 0000ffff c5f47f47
0 11 0e 0 00 00000000 8eef49e1 fa48eb2e
0 12 0d 0 00 00000000 0000ffff 4554e0ea
0 13 0c 0 00 00000000 cafebabe fdb9a56a
0 14 0b 0 00 00000000 cade14ea a7eb9489
0 15 0a 0 00 00000000 34740aac aaaaaaaa
0 16 09 0 00 00000000 55555555 80000000
0 17 08 0 00 00000000 00000001 ea1e748c
0 18 07 0 00 00000000 32c002e7 a1fbfbc4
0 19 06 0 00 00000000 8da3e658 cf5e2d0b
0 1a 05 0 00 00000000 b42a2f01 1f0728e2
0 1b 04 0 00 00000000 5a594167 deadbeef
0 1c 03 0 00 00000000 55555555 a48f60ed
0 1d 02 0 00 00000000 b3c8ac4b ddee3349
0 1e 01 0 00 00000000 aaaaaaaa 5c10510c
0 1f 00 0 00 00000000 55555555 00000000
0 01 0a 1 0e 6a3e8260 5c10510c aaaaaaaa
0 1a 1a 0 1a aff45f39 b42a2f01 b42a2f01
0 1a 1a 0 00 00000000 b42a2f01 b42a2f01
0 1f 1c 1 1c 04887c31 55555555 55555555
0 19 00 1 19 0000ffff 8da3e658 00000000
0 09 05 1 09 aaaaaaaa 80000000 1f0728e2
0 11 1b 1 08 7a757dca 8eef49e1 5a594167
0 1c 08 1 1c 0000ffff 04887c31 7a757dca
0 02 0c 0 01 6b61615d ddee3349 fdb9a56a
# --- read-back sweep ---
# i_rst i_rs1_raddr i_rs2_raddr i_rd_wen i_rd_waddr i_rd_wdata | o_rs1_rdata
#     o_rs2_rdata
0 00 1f 0 00 00000000 00000000 55555555
0 01 1e 0 00 00000000 5c10510c aaaaaaaa
0 02 1d 0 00 00000000 ddee3349 b3c8ac4b
0 03 1c 0 00 00000000 a48f60ed 0000ffff
0 04 1b 0 00 00000000 deadbeef 5a594167
0 05 1a 0 00 00000000 1f0728e2 b42a2f01
0 06 19 0 00 00000000 cf5e2d0b 0000ffff
0 07 18 0 00 00000000 a1fbfbc4 32c002e7
0 08 17 0 00 00000000 7a757dca 00000001
0 09 16 0 00 00000000 aaaaaaaa 55555555
0 0a 15 0 00 00000000 aaaaaaaa 34740aac
0 0b 14 0 00 00000000 a7eb9489 cade14ea
0 0c 13 0 00 00000000 fdb9a56a cafebabe
0 0d 12 0 00 00000000 4554e0ea 0000ffff
0 0e 11 0 00 00000000 6a3e8260 8eef49e1
0 0f 10 0 00 00000000 c5f47f47 0000ffff
0 10 0f 0 00 00000000 0000ffff c5f47f47
0 11 0e 0 00 00000000 8eef49e1 6a3e8260
0 12 0d 0 00 00000000 0000ffff 4554e0ea
0 13 0c 0 00 00000000 cafebabe fdb9a56a
0 14 0b 0 00 00000000 cade14ea a7eb9489
0 15 0a 0 00 00000000 34740aac aaaaaaaa
0 16 09 0 00 00000000 55555555 aaaaaaaa
0 17 08 0 00 00000000 00000001 7a757dca
0 18 07 0 00 00000000 32c002e7 a1fbfbc4
0 19 06 0 00 00000000 0000ffff cf5e2d0b
0 1a 05 0 00 00000000 b42a2f01 1f0728e2
0 1b 04 0 00 00000000 5a594167 deadbeef
0 1c 03 0 00 00000000 0000ffff a48f60ed
0 1d 02 0 00 00000000 b3c8ac4b ddee3349
0 1e 01 0 00 00000000 aaaaaaaa 5c10510c
0 1f 00 0 00 00000000 55555555 00000000
0 00 19 1 1f 1f815247 00000000 0000ffff
0 1f 1f 0 00 00000000 1f815247 1f815247
0 1e 0a 1 18 1a3f1057 aaaaaaaa aaaaaaaa
0 12 10 0 00 af6eecd4 0000ffff 0000ffff
0 00 1e 0 13 44cb2453 00000000 aaaaaaaa
0 1f 10 1 18 cafebabe 1f815247 0000ffff
0 0c 1d 1 1c 0271b0dd fdb9a56a b3c8ac4b
0 0a 0f 0 0f 42a0889a aaaaaaaa c5f47f47
0 1d 1d 0 14 c5088b4b b3c8ac4b b3c8ac4b
0 05 0b 0 19 deadbeef 1f0728e2 a7eb9489
0 19 19 1 19 072d4f02 0000ffff 0000ffff
0 05 19 0 02 00000000 1f0728e2 072d4f02
0 02 05 1 19 33148d05 ddee3349 1f0728e2
0 10 1c 1 03 b06be6ea 0000ffff 0271b0dd
0 00 16 0 06 e2737533 00000000 55555555
0 00 19 1 1f 0e347cbc 00000000 33148d05
# --- read-back sweep ---
# i_rst i_rs1_raddr i_rs2_raddr i_rd_wen i_rd_waddr i_rd_wdata | o_rs1_rdata
#     o_rs2_rdata
0 00 1f 0 00 00000000 00000000 0e347cbc
0 01 1e 0 00 00000000 5c10510c aaaaaaaa
0 02 1d 0 00 00000000 ddee3349 b3c8ac4b
0 03 1c 0 00 00000000 b06be6ea 0271b0dd
0 04 1b 0 00 00000000 deadbeef 5a594167
0 05 1a 0 00 00000000 1f0728e2 b42a2f01
0 06 19 0 00 00000000 cf5e2d0b 33148d05
0 07 18 0 00 00000000 a1fbfbc4 cafebabe
0 08 17 0 00 00000000 7a757dca 00000001
0 09 16 0 00 00000000 aaaaaaaa 55555555
0 0a 15 0 00 00000000 aaaaaaaa 34740aac
0 0b 14 0 00 00000000 a7eb9489 cade14ea
0 0c 13 0 00 00000000 fdb9a56a cafebabe
0 0d 12 0 00 00000000 4554e0ea 0000ffff
0 0e 11 0 00 00000000 6a3e8260 8eef49e1
0 0f 10 0 00 00000000 c5f47f47 0000ffff
0 10 0f 0 00 00000000 0000ffff c5f47f47
0 11 0e 0 00 00000000 8eef49e1 6a3e8260
0 12 0d 0 00 00000000 0000ffff 4554e0ea
0 13 0c 0 00 00000000 cafebabe fdb9a56a
0 14 0b 0 00 00000000 cade14ea a7eb9489
0 15 0a 0 00 00000000 34740aac aaaaaaaa
0 16 09 0 00 00000000 55555555 aaaaaaaa
0 17 08 0 00 00000000 00000001 7a757dca
0 18 07 0 00 00000000 cafebabe a1fbfbc4
0 19 06 0 00 00000000 33148d05 cf5e2d0b
0 1a 05 0 00 00000000 b42a2f01 1f0728e2
0 1b 04 0 00 00000000 5a594167 deadbeef
0 1c 03 0 00 00000000 0271b0dd b06be6ea
0 1d 02 0 00 00000000 b3c8ac4b ddee3349
0 1e 01 0 00 00000000 aaaaaaaa 5c10510c
0 1f 00 0 00 00000000 0e347cbc 00000000
0 04 1c 1 14 a136f177 deadbeef 0271b0dd
0 14 14 0 00 00000000 a136f177 a136f177
0 02 02 1 02 a5698bbc ddee3349 ddee3349
0 0c 00 1 1a 68a70520 fdb9a56a 00000000
0 02 1e 0 0e 71d897d1 a5698bbc aaaaaaaa
0 02 0f 1 0f 7fffffff a5698bbc c5f47f47
0 15 02 1 1a 63919bdf 34740aac a5698bbc
0 13 00 1 0e 997c9d9e cafebabe 00000000
0 11 1d 1 00 0000ffff 8eef49e1 b3c8ac4b
0 1f 1f 1 1f 4a390a13 0e347cbc 0e347cbc
0 09 04 1 03 45875ae2 aaaaaaaa deadbeef
0 03 03 0 00 00000000 45875ae2 45875ae2
0 00 1a 1 18 6a083dd6 00000000 63919bdf
0 05 1c 1 05 16dad14c 1f0728e2 0271b0dd
0 02 00 0 1d e07c5edc a5698bbc 00000000
0 1f 0a 0 03 7fffffff 4a390a13 aaaaaaaa
0 1c 1d 0 01 9c02baaa 0271b0dd b3c8ac4b
0 00 13 0 0e 80000000 00000000 cafebabe
0 00 00 1 1c 630c2f16 00000000 00000000
0 02 01 0 13 15041c2e a5698bbc 5c10510c
0 1b 01 0 04 6644f337 5a594167 5c10510c
0 1b 0c 1 1c aaaaaaaa 5a594167 fdb9a56a
0 00 11 1 04 46fc1d13 00000000 8eef49e1
0 0b 1e 1 1a c5504108 a7eb9489 aaaaaaaa
0 16 1d 1 0f aae1a887 55555555 b3c8ac4b
0 07 07 0 07 68a94086 a1fbfbc4 a1fbfbc4
0 07 07 0 00 00000000 a1fbfbc4 a1fbfbc4
0 0d 08 1 00 34a44951 4554e0ea 7a757dca
0 03 18 1 06 2fe3acc9 45875ae2 6a083dd6
0 1a 10 1 03 5895ea0d c5504108 0000ffff
0 0a 0a 1 0a 51f69fc6 aaaaaaaa aaaaaaaa
0 0b 03 1 1f 0c62f00a a7eb9489 5895ea0d
0 08 1a 1 04 deadbeef 7a757dca c5504108
0 05 0f 0 1b 25b39df7 16dad14c aae1a887
0 0a 11 1 09 a048a51e 51f69fc6 8eef49e1
# --- read-back sweep ---
# i_rst i_rs1_raddr i_rs2_raddr i_rd_wen i_rd_waddr i_rd_wdata | o_rs1_rdata
#     o_rs2_rdata
0 00 1f 0 00 00000000 00000000 0c62f00a
0 01 1e 0 00 00000000 5c10510c aaaaaaaa
0 02 1d 0 00 00000000 a5698bbc b3c8ac4b
0 03 1c 0 00 00000000 5895ea0d aaaaaaaa
0 04 1b 0 00 00000000 deadbeef 5a594167
0 05 1a 0 00 00000000 16dad14c c5504108
0 06 19 0 00 00000000 2fe3acc9 33148d05
0 07 18 0 00 00000000 a1fbfbc4 6a083dd6
0 08 17 0 00 00000000 7a757dca 00000001
0 09 16 0 00 00000000 a048a51e 55555555
0 0a 15 0 00 00000000 51f69fc6 34740aac
0 0b 14 0 00 00000000 a7eb9489 a136f177
0 0c 13 0 00 00000000 fdb9a56a cafebabe
0 0d 12 0 00 00000000 4554e0ea 0000ffff
0 0e 11 0 00 00000000 997c9d9e 8eef49e1
0 0f 10 0 00 00000000 aae1a887 0000ffff
0 10 0f 0 00 00000000 0000ffff aae1a887
0 11 0e 0 00 00000000 8eef49e1 997c9d9e
0 12 0d 0 00 00000000 0000ffff 4554e0ea
0 13 0c 0 00 00000000 cafebabe fdb9a56a
0 14 0b 0 00 00000000 a136f177 a7eb9489
0 15 0a 0 00 00000000 34740aac 51f69fc6
0 16 09 0 00 00000000 55555555 a048a51e
0 17 08 0 00 00000000 00000001 7a757dca
0 18 07 0 00 00000000 6a083dd6 a1fbfbc4
0 19 06 0 00 00000000 33148d05 2fe3acc9
0 1a 05 0 00 00000000 c5504108 16dad14c
0 1b 04 0 00 00000000 5a594167 deadbeef
0 1c 03 0 00 00000000 aaaaaaaa 5895ea0d
0 1d 02 0 00 00000000 b3c8ac4b a5698bbc
0 1e 01 0 00 00000000 aaaaaaaa 5c10510c
0 1f 00 0 00 00000000 0c62f00a 00000000
0 16 16 1 16 c7fd7f0d 55555555 55555555
0 0d 05 1 19 644fdfe7 4554e0ea 16dad14c
0 11 08 1 11 3fefb134 8eef49e1 7a757dca
0 02 0e 0 18 f4a5c1d2 a5698bbc 997c9d9e
0 00 00 1 00 52aaa9e6 00000000 00000000
0 03 1b 1 13 dd3af2ec 5895ea0d 5a594167
0 1a 16 1 19 6115818f c5504108 c7fd7f0d
0 11 13 1 00 80000000 3fefb134 dd3af2ec
0 00 00 1 00 d74793cf 00000000 00000000
0 0c 1a 0 05 cafebabe fdb9a56a c5504108
0 02 12 0 0e 5dbd99a6 a5698bbc 0000ffff
0 04 0f 0 11 a209c456 deadbeef aae1a887
0 08 08 1 08 ffffffff 7a757dca 7a757dca
# --- read-back sweep ---
# i_rst i_rs1_raddr i_rs2_raddr i_rd_wen i_rd_waddr i_rd_wdata | o_rs1_rdata
#     o_rs2_rdata
0 00 1f 0 00 00000000 00000000 0c62f00a
0 01 1e 0 00 00000000 5c10510c aaaaaaaa
0 02 1d 0 00 00000000 a5698bbc b3c8ac4b
0 03 1c 0 00 00000000 5895ea0d aaaaaaaa
0 04 1b 0 00 00000000 deadbeef 5a594167
0 05 1a 0 00 00000000 16dad14c c5504108
0 06 19 0 00 00000000 2fe3acc9 6115818f
0 07 18 0 00 00000000 a1fbfbc4 6a083dd6
0 08 17 0 00 00000000 ffffffff 00000001
0 09 16 0 00 00000000 a048a51e c7fd7f0d
0 0a 15 0 00 00000000 51f69fc6 34740aac
0 0b 14 0 00 00000000 a7eb9489 a136f177
0 0c 13 0 00 00000000 fdb9a56a dd3af2ec
0 0d 12 0 00 00000000 4554e0ea 0000ffff
0 0e 11 0 00 00000000 997c9d9e 3fefb134
0 0f 10 0 00 00000000 aae1a887 0000ffff
0 10 0f 0 00 00000000 0000ffff aae1a887
0 11 0e 0 00 00000000 3fefb134 997c9d9e
0 12 0d 0 00 00000000 0000ffff 4554e0ea
0 13 0c 0 00 00000000 dd3af2ec fdb9a56a
0 14 0b 0 00 00000000 a136f177 a7eb9489
0 15 0a 0 00 00000000 34740aac 51f69fc6
0 16 09 0 00 00000000 c7fd7f0d a048a51e
0 17 08 0 00 00000000 00000001 ffffffff
0 18 07 0 00 00000000 6a083dd6 a1fbfbc4
0 19 06 0 00 00000000 6115818f 2fe3acc9
0 1a 05 0 00 00000000 c5504108 16dad14c
0 1b 04 0 00 00000000 5a594167 deadbeef
0 1c 03 0 00 00000000 aaaaaaaa 5895ea0d
0 1d 02 0 00 00000000 b3c8ac4b a5698bbc
0 1e 01 0 00 00000000 aaaaaaaa 5c10510c
0 1f 00 0 00 00000000 0c62f00a 00000000
0 07 1e 1 16 603bf61f a1fbfbc4 aaaaaaaa
0 10 17 1 19 e6cf7da2 0000ffff 00000001
0 0f 08 0 03 0f6df9b8 aae1a887 ffffffff
0 17 08 1 17 67e45e39 00000001 ffffffff
0 05 11 1 08 6ad40074 16dad14c 3fefb134
0 1b 00 1 1b 0000ffff 5a594167 00000000
0 0b 1a 1 13 00000001 a7eb9489 c5504108
0 07 07 1 07 00000001 a1fbfbc4 a1fbfbc4
0 06 00 1 06 a478a335 2fe3acc9 00000000
0 16 09 1 1f 6f0c8ba6 603bf61f a048a51e
0 1c 05 1 00 5bfe0ef3 aaaaaaaa 16dad14c
0 03 1f 0 1f dcc254be 5895ea0d 6f0c8ba6
0 1b 06 1 0b 4688de7a 0000ffff a478a335
0 0b 1e 1 04 a1532289 4688de7a aaaaaaaa
0 02 1e 1 0f 640dd912 a5698bbc aaaaaaaa
0 0d 04 1 17 900cd381 4554e0ea a1532289
0 12 1e 1 1e cafebabe 0000ffff aaaaaaaa
# --- read-back sweep ---
# i_rst i_rs1_raddr i_rs2_raddr i_rd_wen i_rd_waddr i_rd_wdata | o_rs1_rdata
#     o_rs2_rdata
0 00 1f 0 00 00000000 00000000 6f0c8ba6
0 01 1e 0 00 00000000 5c10510c cafebabe
0 02 1d 0 00 00000000 a5698bbc b3c8ac4b
0 03 1c 0 00 00000000 5895ea0d aaaaaaaa
0 04 1b 0 00 00000000 a1532289 0000ffff
0 05 1a 0 00 00000000 16dad14c c5504108
0 06 19 0 00 00000000 a478a335 e6cf7da2
0 07 18 0 00 00000000 00000001 6a083dd6
0 08 17 0 00 00000000 6ad40074 900cd381
0 09 16 0 00 00000000 a048a51e 603bf61f
0 0a 15 0 00 00000000 51f69fc6 34740aac
0 0b 14 0 00 00000000 4688de7a a136f177
0 0c 13 0 00 00000000 fdb9a56a 00000001
0 0d 12 0 00 00000000 4554e0ea 0000ffff
0 0e 11 0 00 00000000 997c9d9e 3fefb134
0 0f 10 0 00 00000000 640dd912 0000ffff
0 10 0f 0 00 00000000 0000ffff 640dd912
0 11 0e 0 00 00000000 3fefb134 997c9d9e
0 12 0d 0 00 00000000 0000ffff 4554e0ea
0 13 0c 0 00 00000000 00000001 fdb9a56a
0 14 0b 0 00 00000000 a136f177 4688de7a
0 15 0a 0 00 00000000 34740aac 51f69fc6
0 16 09 0 00 00000000 603bf61f a048a51e
0 17 08 0 00 00000000 900cd381 6ad40074
0 18 07 0 00 00000000 6a083dd6 00000001
0 19 06 0 00 00000000 e6cf7da2 a478a335
0 1a 05 0 00 00000000 c5504108 16dad14c
0 1b 04 0 00 00000000 0000ffff a1532289
0 1c 03 0 00 00000000 aaaaaaaa 5895ea0d
0 1d 02 0 00 00000000 b3c8ac4b a5698bbc
0 1e 01 0 00 00000000 cafebabe 5c10510c
0 1f 00 0 00 00000000 6f0c8ba6 00000000
0 12 18 1 00 deadbeef 0000ffff 6a083dd6
0 05 18 1 05 00000001 16dad14c 6a083dd6
0 12 0b 1 1e 55555555 0000ffff 4688de7a
0 05 10 1 1e 8a3ef293 00000001 0000ffff
0 1e 1e 0 00 00000000 8a3ef293 8a3ef293
0 0b 08 0 06 cd31eca6 4688de7a 6ad40074
0 13 13 1 13 dd4b229f 00000001 00000001
0 08 01 1 12 9ed3db14 6ad40074 5c10510c
0 1d 10 1 1d 55555555 b3c8ac4b 0000ffff
0 09 04 0 01 5428b087 a048a51e a1532289
0 14 1e 1 1e a4702d3d a136f177 8a3ef293
0 0a 0a 0 0a a4b9bbb0 51f69fc6 51f69fc6
0 0a 0a 0 00 00000000 51f69fc6 51f69fc6
0 03 14 1 0b 53affdfb 5895ea0d a136f177
0 1d 00 0 1d 55555555 55555555 00000000
0 04 09 1 06 3ed82110 a1532289 a048a51e
0 05 06 1 1b 96067459 00000001 3ed82110
0 05 02 0 05 7e929348 00000001 a5698bbc
0 14 08 1 07 7fffffff a136f177 6ad40074
0 1a 12 1 01 1fdef892 c5504108 9ed3db14
0 1c 1c 0 1c dae4a6c5 aaaaaaaa aaaaaaaa
0 1c 1c 0 00 00000000 aaaaaaaa aaaaaaaa
0 02 1a 1 02 73421718 a5698bbc c5504108
0 14 02 1 1c 04796e8e a136f177 73421718
0 05 00 1 00 b34a0fd2 00000001 00000000
0 09 09 1 09 25ac5b08 a048a51e a048a51e
0 07 1b 0 01 a0337e29 7fffffff 96067459
0 0f 00 1 04 4bea31d9 640dd912 00000000
0 1f 0a 1 05 bdab38a2 6f0c8ba6 51f69fc6
0 01 0c 1 19 29ecc85c 1fdef892 fdb9a56a
0 0a 00 1 02 6eb0ee9a 51f69fc6 00000000
0 02 02 0 00 00000000 6eb0ee9a 6eb0ee9a
0 08 0e 0 0e 0215ae3c 6ad40074 997c9d9e
0 10 1f 0 06 c9ed988d 0000ffff 6f0c8ba6
0 1a 19 1 1a 4e95569a c5504108 29ecc85c
0 16 00 1 1e 1cbac88c 603bf61f 00000000
0 12 12 0 12 0323603d 9ed3db14 9ed3db14
0 12 12 0 00 00000000 9ed3db14 9ed3db14
# --- read-back sweep ---
# i_rst i_rs1_raddr i_rs2_raddr i_rd_wen i_rd_waddr i_rd_wdata | o_rs1_rdata
#     o_rs2_rdata
0 00 1f 0 00 00000000 00000000 6f0c8ba6
0 01 1e 0 00 00000000 1fdef892 1cbac88c
0 02 1d 0 00 00000000 6eb0ee9a 55555555
0 03 1c 0 00 00000000 5895ea0d 04796e8e
0 04 1b 0 00 00000000 4bea31d9 96067459
0 05 1a 0 00 00000000 bdab38a2 4e95569a
0 06 19 0 00 00000000 3ed82110 29ecc85c
0 07 18 0 00 00000000 7fffffff 6a083dd6
0 08 17 0 00 00000000 6ad40074 900cd381
0 09 16 0 00 00000000 25ac5b08 603bf61f
0 0a 15 0 00 00000000 51f69fc6 34740aac
0 0b 14 0 00 00000000 53affdfb a136f177
0 0c 13 0 00 00000000 fdb9a56a dd4b229f
0 0d 12 0 00 00000000 4554e0ea 9ed3db14
0 0e 11 0 00 00000000 997c9d9e 3fefb134
0 0f 10 0 00 00000000 640dd912 0000ffff
0 10 0f 0 00 00000000 0000ffff 640dd912
0 11 0e 0 00 00000000 3fefb134 997c9d9e
0 12 0d 0 00 00000000 9ed3db14 4554e0ea
0 13 0c 0 00 00000000 dd4b229f fdb9a56a
0 14 0b 0 00 00000000 a136f177 53affdfb
0 15 0a 0 00 00000000 34740aac 51f69fc6
0 16 09 0 00 00000000 603bf61f 25ac5b08
0 17 08 0 00 00000000 900cd381 6ad40074
0 18 07 0 00 00000000 6a083dd6 7fffffff
0 19 06 0 00 00000000 29ecc85c 3ed82110
0 1a 05 0 00 00000000 4e95569a bdab38a2
0 1b 04 0 00 00000000 96067459 4bea31d9
0 1c 03 0 00 00000000 04796e8e 5895ea0d
0 1d 02 0 00 00000000 55555555 6eb0ee9a
0 1e 01 0 00 00000000 1cbac88c 1fdef892
0 1f 00 0 00 00000000 6f0c8ba6 00000000
0 09 0d 0 1c 0842dd46 25ac5b08 4554e0ea
0 17 07 1 0d 00000001 900cd381 7fffffff
0 03 00 1 05 9bf8a767 5895ea0d 00000000
0 00 00 1 00 5fd44a8d 00000000 00000000
0 15 0d 1 08 f840a2a5 34740aac 00000001
0 1b 05 0 08 329fee04 96067459 9bf8a767
0 01 04 1 04 d78e0d53 1fdef892 4bea31d9
0 09 0e 1 09 00000001 25ac5b08 997c9d9e
0 10 04 0 10 adc6e593 0000ffff d78e0d53
0 00 0a 0 0e 4407589c 00000000 51f69fc6
0 1b 06 0 1f 9cb2a434 96067459 3ed82110
0 0d 07 1 1f 8fc12fc8 00000001 7fffffff
0 1f 1f 0 00 00000000 8fc12fc8 8fc12fc8
0 08 08 0 08 ce07f056 f840a2a5 f840a2a5
0 08 08 0 00 00000000 f840a2a5 f840a2a5
0 12 1e 1 02 89710d62 9ed3db14 1cbac88c
0 00 19 1 00 a2d33d34 00000000 29ecc85c
0 1c 03 1 07 bb58db13 04796e8e 5895ea0d
0 07 07 0 00 00000000 bb58db13 bb58db13
0 18 0e 1 1b e3aa6c73 6a083dd6 997c9d9e
0 08 00 1 0c aaaaaaaa f840a2a5 00000000
0 00 05 1 16 b2fc8833 00000000 9bf8a767
0 1a 1a 1 1a 0fefbb33 4e95569a 4e95569a
0 06 1e 1 0f 80000000 3ed82110 1cbac88c
0 17 0b 0 00 80000000 900cd381 53affdfb
0 09 00 1 09 9b83bd56 00000001 00000000
0 0a 02 1 03 7d091ab3 51f69fc6 89710d62
0 1a 0f 1 1b 55092882 0fefbb33 80000000
0 1d 19 1 14 1b6b865f 55555555 29ecc85c
0 08 12 1 1e b5c172f1 f840a2a5 9ed3db14
0 1e 1e 0 00 00000000 b5c172f1 b5c172f1
0 0a 00 1 0a 1d7380e6 51f69fc6 00000000
0 04 12 1 02 daa990dc d78e0d53 9ed3db14
0 02 02 0 00 00000000 daa990dc daa990dc
0 1f 00 1 1f 25ae73f0 8fc12fc8 00000000
0 00 0f 1 0b c183269c 00000000 80000000
0 1e 15 1 10 ef3b968f b5c172f1 34740aac
0 1d 00 0 06 0c186e67 55555555 00000000
0 17 14 1 06 deadbeef 900cd381 1b6b865f
0 0d 1a 0 0e 7fffffff 00000001 0fefbb33
0 00 1d 0 1d 0852bc8b 00000000 55555555
# --- read-back sweep ---
# i_rst i_rs1_raddr i_rs2_raddr i_rd_wen i_rd_waddr i_rd_wdata | o_rs1_rdata
#     o_rs2_rdata
0 00 1f 0 00 00000000 00000000 25ae73f0
0 01 1e 0 00 00000000 1fdef892 b5c172f1
0 02 1d 0 00 00000000 daa990dc 55555555
0 03 1c 0 00 00000000 7d091ab3 04796e8e
0 04 1b 0 00 00000000 d78e0d53 55092882
0 05 1a 0 00 00000000 9bf8a767 0fefbb33
0 06 19 0 00 00000000 deadbeef 29ecc85c
0 07 18 0 00 00000000 bb58db13 6a083dd6
0 08 17 0 00 00000000 f840a2a5 900cd381
0 09 16 0 00 00000000 9b83bd56 b2fc8833
0 0a 15 0 00 00000000 1d7380e6 34740aac
0 0b 14 0 00 00000000 c183269c 1b6b865f
0 0c 13 0 00 00000000 aaaaaaaa dd4b229f
0 0d 12 0 00 00000000 00000001 9ed3db14
0 0e 11 0 00 00000000 997c9d9e 3fefb134
0 0f 10 0 00 00000000 80000000 ef3b968f
0 10 0f 0 00 00000000 ef3b968f 80000000
0 11 0e 0 00 00000000 3fefb134 997c9d9e
0 12 0d 0 00 00000000 9ed3db14 00000001
0 13 0c 0 00 00000000 dd4b229f aaaaaaaa
0 14 0b 0 00 00000000 1b6b865f c183269c
0 15 0a 0 00 00000000 34740aac 1d7380e6
0 16 09 0 00 00000000 b2fc8833 9b83bd56
0 17 08 0 00 00000000 900cd381 f840a2a5
0 18 07 0 00 00000000 6a083dd6 bb58db13
0 19 06 0 00 00000000 29ecc85c deadbeef
0 1a 05 0 00 00000000 0fefbb33 9bf8a767
0 1b 04 0 00 00000000 55092882 d78e0d53
0 1c 03 0 00 00000000 04796e8e 7d091ab3
0 1d 02 0 00 00000000 55555555 daa990dc
0 1e 01 0 00 00000000 b5c172f1 1fdef892
0 1f 00 0 00 00000000 25ae73f0 00000000
0 0b 00 0 1e 87577298 c183269c 00000000
0 14 10 1 14 20781e13 1b6b865f ef3b968f
0 1f 19 1 1f 70da907c 25ae73f0 29ecc85c
0 0d 00 1 1a bf11f640 00000001 00000000
0 10 03 0 16 f133b6b3 ef3b968f 7d091ab3
0 08 1d 0 0e cf581d0e f840a2a5 55555555
0 1c 02 1 02 bfbe5487 04796e8e daa990dc
0 10 1d 1 10 3551a2c5 ef3b968f 55555555
0 02 02 0 02 4e5f5387 bfbe5487 bfbe5487
0 02 02 0 00 00000000 bfbe5487 bfbe5487
0 1e 1e 1 1e 7b062e64 b5c172f1 b5c172f1
0 0e 11 1 11 35e1e624 997c9d9e 3fefb134
0 12 12 1 12 aaaaaaaa 9ed3db14 9ed3db14
0 0d 18 1 16 00000000 00000001 6a083dd6
0 1d 1c 1 04 396d85f0 55555555 04796e8e
0 14 09 1 17 e07b7025 20781e13 9b83bd56
0 07 1a 1 10 a12285f1 bb58db13 bf11f640
0 05 00 1 04 f208c790 9bf8a767 00000000
0 00 18 1 1d ba91c01a 00000000 6a083dd6
0 04 17 1 04 e1961a3f f208c790 e07b7025
0 13 00 1 17 c91253d4 dd4b229f 00000000
0 14 19 1 1e 47501bda 20781e13 29ecc85c
0 05 01 1 05 986083e3 9bf8a767 1fdef892
0 07 0a 0 05 c28e87bd bb58db13 1d7380e6
0 04 04 1 04 fa5f329b e1961a3f e1961a3f
0 01 1d 1 1c ffffffff 1fdef892 ba91c01a
0 18 13 1 06 ca47ff59 6a083dd6 dd4b229f
# --- read-back sweep ---
# i_rst i_rs1_raddr i_rs2_raddr i_rd_wen i_rd_waddr i_rd_wdata | o_rs1_rdata
#     o_rs2_rdata
0 00 1f 0 00 00000000 00000000 70da907c
0 01 1e 0 00 00000000 1fdef892 47501bda
0 02 1d 0 00 00000000 bfbe5487 ba91c01a
0 03 1c 0 00 00000000 7d091ab3 ffffffff
0 04 1b 0 00 00000000 fa5f329b 55092882
0 05 1a 0 00 00000000 986083e3 bf11f640
0 06 19 0 00 00000000 ca47ff59 29ecc85c
0 07 18 0 00 00000000 bb58db13 6a083dd6
0 08 17 0 00 00000000 f840a2a5 c91253d4
0 09 16 0 00 00000000 9b83bd56 00000000
0 0a 15 0 00 00000000 1d7380e6 34740aac
0 0b 14 0 00 00000000 c183269c 20781e13
0 0c 13 0 00 00000000 aaaaaaaa dd4b229f
0 0d 12 0 00 00000000 00000001 aaaaaaaa
0 0e 11 0 00 00000000 997c9d9e 35e1e624
0 0f 10 0 00 00000000 80000000 a12285f1
0 10 0f 0 00 00000000 a12285f1 80000000
0 11 0e 0 00 00000000 35e1e624 997c9d9e
0 12 0d 0 00 00000000 aaaaaaaa 00000001
0 13 0c 0 00 00000000 dd4b229f aaaaaaaa
0 14 0b 0 00 00000000 20781e13 c183269c
0 15 0a 0 00 00000000 34740aac 1d7380e6
0 16 09 0 00 00000000 00000000 9b83bd56
0 17 08 0 00 00000000 c91253d4 f840a2a5
0 18 07 0 00 00000000 6a083dd6 bb58db13
0 19 06 0 00 00000000 29ecc85c ca47ff59
0 1a 05 0 00 00000000 bf11f640 986083e3
0 1b 04 0 00 00000000 55092882 fa5f329b
0 1c 03 0 00 00000000 ffffffff 7d091ab3
0 1d 02 0 00 00000000 ba91c01a bfbe5487
0 1e 01 0 00 00000000 47501bda 1fdef892
0 1f 00 0 00 00000000 70da907c 00000000
0 18 18 1 06 49b45b25 6a083dd6 6a083dd6
0 17 00 1 02 fd09fb36 c91253d4 00000000
0 15 1b 1 08 c28e3fac 34740aac 55092882
0 08 08 0 00 00000000 c28e3fac c28e3fac
0 05 05 1 16 743c5216 986083e3 986083e3
0 05 01 1 11 567f5bc8 986083e3 1fdef892
0 11 11 0 00 00000000 567f5bc8 567f5bc8
0 12 08 1 08 86ce8963 aaaaaaaa c28e3fac
0 1f 13 1 0f 478e6c59 70da907c dd4b229f
0 17 18 1 15 80000000 c91253d4 6a083dd6
0 0b 15 1 1e e8918595 c183269c 80000000
0 0d 1d 0 0d 7e6abc8c 00000001 ba91c01a
0 15 14 0 00 d2da1aa0 80000000 20781e13
0 18 0f 1 1b fb725fd3 6a083dd6 478e6c59
0 13 03 1 1b 00000001 dd4b229f 7d091ab3
0 03 02 1 08 f35831e7 7d091ab3 fd09fb36
0 09 09 0 09 ca8c592b 9b83bd56 9b83bd56
0 09 09 0 00 00000000 9b83bd56 9b83bd56
0 1d 16 1 0c bae0ac19 ba91c01a 743c5216
0 00 12 1 12 7fffffff 00000000 aaaaaaaa
0 07 0f 0 1b aaaaaaaa bb58db13 478e6c59
0 05 1d 0 1d b146c70c 986083e3 ba91c01a
0 00 05 0 00 586a9fb2 00000000 986083e3
0 17 0c 0 10 7e6417df c91253d4 bae0ac19
0 10 01 1 1d aaaaaaaa a12285f1 1fdef892
0 16 16 1 16 a606e187 743c5216 743c5216
0 03 08 1 03 7749a0ba 7d091ab3 f35831e7
0 0b 12 0 15 e86477a1 c183269c 7fffffff
0 16 06 1 16 5c1a5f09 a606e187 49b45b25
0 03 1f 1 07 a3cc2279 7749a0ba 70da907c
0 00 00 1 00 686b361b 00000000 00000000
0 16 01 0 16 7fffffff 5c1a5f09 1fdef892
0 0d 0e 0 0d 00000000 00000001 997c9d9e
0 04 15 1 14 674d78c9 fa5f329b 80000000
0 13 00 1 00 0ae1854b dd4b229f 00000000
0 13 13 1 13 d97b3641 dd4b229f dd4b229f
0 1b 1b 0 1b 3e0ed43e 00000001 00000001
0 1b 1b 0 00 00000000 00000001 00000001
0 1b 0c 1 00 00000000 00000001 bae0ac19
0 0e 05 1 00 8916bdba 997c9d9e 986083e3
# --- read-back sweep ---
# i_rst i_rs1_raddr i_rs2_raddr i_rd_wen i_rd_waddr i_rd_wdata | o_rs1_rdata
#     o_rs2_rdata
0 00 1f 0 00 00000000 00000000 70da907c
0 01 1e 0 00 00000000 1fdef892 e8918595
0 02 1d 0 00 00000000 fd09fb36 aaaaaaaa
0 03 1c 0 00 00000000 7749a0ba ffffffff
0 04 1b 0 00 00000000 fa5f329b 00000001
0 05 1a 0 00 00000000 986083e3 bf11f640
0 06 19 0 00 00000000 49b45b25 29ecc85c
0 07 18 0 00 00000000 a3cc2279 6a083dd6
0 08 17 0 00 00000000 f35831e7 c91253d4
0 09 16 0 00 00000000 9b83bd56 5c1a5f09
0 0a 15 0 00 00000000 1d7380e6 80000000
0 0b 14 0 00 00000000 c183269c 674d78c9
0 0c 13 0 00 00000000 bae0ac19 d97b3641
0 0d 12 0 00 00000000 00000001 7fffffff
0 0e 11 0 00 00000000 997c9d9e 567f5bc8
0 0f 10 0 00 00000000 478e6c59 a12285f1
0 10 0f 0 00 00000000 a12285f1 478e6c59
0 11 0e 0 00 00000000 567f5bc8 997c9d9e
0 12 0d 0 00 00000000 7fffffff 00000001
0 13 0c 0 00 00000000 d97b3641 bae0ac19
0 14 0b 0 00 00000000 674d78c9 c183269c
0 15 0a 0 00 00000000 80000000 1d7380e6
0 16 09 0 00 00000000 5c1a5f09 9b83bd56
0 17 08 0 00 00000000 c91253d4 f35831e7
0 18 07 0 00 00000000 6a083dd6 a3cc2279
0 19 06 0 00 00000000 29ecc85c 49b45b25
0 1a 05 0 00 00000000 bf11f640 986083e3
0 1b 04 0 00 00000000 00000001 fa5f329b
0 1c 03 0 00 00000000 ffffffff 7749a0ba
0 1d 02 0 00 00000000 aaaaaaaa fd09fb36
0 1e 01 0 00 00000000 e8918595 1fdef892
0 1f 00 0 00 00000000 70da907c 00000000
0 1a 05 1 19 b54080a6 bf11f640 986083e3
0 1c 00 1 0d a754d593 ffffffff 00000000
0 0d 0d 0 0d 293c2fe3 a754d593 a754d593
0 0d 0d 0 00 00000000 a754d593 a754d593
0 03 03 0 06 27c866c1 7749a0ba 7749a0ba
0 1c 13 1 19 55555555 ffffffff d97b3641
0 04 07 1 00 cafebabe fa5f329b a3cc2279
0 0e 1e 0 00 1977aab1 997c9d9e e8918595
0 17 18 1 18 0000ffff c91253d4 6a083dd6
0 1c 06 0 12 965e5a85 ffffffff 49b45b25
0 11 1e 1 1d 56b21ff8 567f5bc8 e8918595
0 05 16 0 0b 68086e62 986083e3 5c1a5f09
0 18 07 1 01 80000000 0000ffff a3cc2279
0 12 12 1 12 cafebabe 7fffffff 7fffffff
0 10 00 1 0e d032f315 a12285f1 00000000
# --- read-back sweep ---
# i_rst i_rs1_raddr i_rs2_raddr i_rd_wen i_rd_waddr i_rd_wdata | o_rs1_rdata
#     o_rs2_rdata
0 00 1f 0 00 00000000 00000000 70da907c
0 01 1e 0 00 00000000 80000000 e8918595
0 02 1d 0 00 00000000 fd09fb36 56b21ff8
0 03 1c 0 00 00000000 7749a0ba ffffffff
0 04 1b 0 00 00000000 fa5f329b 00000001
0 05 1a 0 00 00000000 986083e3 bf11f640
0 06 19 0 00 00000000 49b45b25 55555555
0 07 18 0 00 00000000 a3cc2279 0000ffff
0 08 17 0 00 00000000 f35831e7 c91253d4
0 09 16 0 00 00000000 9b83bd56 5c1a5f09
0 0a 15 0 00 00000000 1d7380e6 80000000
0 0b 14 0 00 00000000 c183269c 674d78c9
0 0c 13 0 00 00000000 bae0ac19 d97b3641
0 0d 12 0 00 00000000 a754d593 cafebabe
0 0e 11 0 00 00000000 d032f315 567f5bc8
0 0f 10 0 00 00000000 478e6c59 a12285f1
0 10 0f 0 00 00000000 a12285f1 478e6c59
0 11 0e 0 00 00000000 567f5bc8 d032f315
0 12 0d 0 00 00000000 cafebabe a754d593
0 13 0c 0 00 00000000 d97b3641 bae0ac19
0 14 0b 0 00 00000000 674d78c9 c183269c
0 15 0a 0 00 00000000 80000000 1d7380e6
0 16 09 0 00 00000000 5c1a5f09 9b83bd56
0 17 08 0 00 00000000 c91253d4 f35831e7
0 18 07 0 00 00000000 0000ffff a3cc2279
0 19 06 0 00 00000000 55555555 49b45b25
0 1a 05 0 00 00000000 bf11f640 986083e3
0 1b 04 0 00 00000000 00000001 fa5f329b
0 1c 03 0 00 00000000 ffffffff 7749a0ba
0 1d 02 0 00 00000000 56b21ff8 fd09fb36
0 1e 01 0 00 00000000 e8918595 80000000
0 1f 00 0 00 00000000 70da907c 00000000
0 12 1d 1 1c 4f334e47 cafebabe 56b21ff8
0 03 05 0 1b 64014a45 7749a0ba 986083e3
0 1f 0b 1 0a 7fffffff 70da907c c183269c
0 09 16 1 03 00000000 9b83bd56 5c1a5f09
0 02 09 1 14 deadbeef fd09fb36 9b83bd56
0 00 02 0 0b 27d1f3c6 00000000 fd09fb36
0 19 1f 1 07 6323887b 55555555 70da907c
0 1a 06 1 1e b5ce6de5 bf11f640 49b45b25
0 17 01 1 17 196c4336 c91253d4 80000000
0 15 0f 1 07 55555555 80000000 478e6c59
0 09 00 1 01 6e62261f 9b83bd56 00000000
0 0d 00 0 1d 80000000 a754d593 00000000
0 05 02 1 1c aacb50c8 986083e3 fd09fb36
0 07 17 1 16 ef9da2ce 55555555 196c4336
0 0b 00 1 12 deadbeef c183269c 00000000
0 0e 11 1 11 00000001 d032f315 567f5bc8
0 14 1a 1 09 6e999af4 deadbeef bf11f640
0 1c 00 1 1c 6423f6b7 aacb50c8 00000000
0 1b 18 0 02 cafebabe 00000001 0000ffff
0 02 00 1 02 75830839 fd09fb36 00000000
0 17 00 1 03 0000ffff 196c4336 00000000
0 0f 09 1 1b cd7d6b47 478e6c59 6e999af4
0 0b 00 1 16 19ceb201 c183269c 00000000
0 00 18 1 18 ee20fb52 00000000 0000ffff
0 16 1c 1 16 14229d30 19ceb201 6423f6b7
0 06 13 0 12 55555555 49b45b25 d97b3641
0 0f 04 0 09 55555555 478e6c59 fa5f329b
0 03 03 1 03 21d26dcd 0000ffff 0000ffff
0 00 10 1 00 c8754f53 00000000 a12285f1
0 1b 19 1 00 f936c4ec cd7d6b47 55555555
0 1f 0e 0 1a fdd3db3e 70da907c d032f315
0 08 09 1 08 ab43ddad f35831e7 6e999af4
0 1e 0b 1 1e 811248c4 b5ce6de5 c183269c
0 0e 1d 1 18 d57d9a0d d032f315 56b21ff8
0 07 03 1 06 00000000 55555555 21d26dcd
0 1b 05 1 1b 9939d608 cd7d6b47 986083e3
0 0d 0c 1 16 524e509d a754d593 bae0ac19
0 04 00 1 0f d7ef4850 fa5f329b 00000000
0 0b 1f 1 12 db071cdb c183269c 70da907c
0 00 03 1 15 79f6ca7e 00000000 21d26dcd
0 13 15 1 00 3c344156 d97b3641 79f6ca7e
0 1f 1f 1 1f da771902 70da907c 70da907c
0 06 18 0 1b 3b53d545 00000000 d57d9a0d
0 1c 03 1 1c 0259f645 6423f6b7 21d26dcd
0 12 04 1 12 cafebabe db071cdb fa5f329b
0 0d 1a 0 02 1f411917 a754d593 bf11f640
0 15 18 1 18 5e2676de 79f6ca7e d57d9a0d
0 1f 1f 1 1f 00000001 da771902 da771902
0 1f 0c 1 1b d69a1c19 00000001 bae0ac19
0 0b 0d 0 11 eedb183d c183269c a754d593
0 18 17 1 0e deadbeef 5e2676de 196c4336
0 0a 0a 1 0a 89504fca 7fffffff 7fffffff
0 16 02 1 0d 681576c0 524e509d 75830839
0 01 10 1 04 db801e0d 6e62261f a12285f1
0 17 0e 0 16 947b803d 196c4336 deadbeef
0 01 1a 1 01 7fb43cc8 6e62261f bf11f640
0 11 04 0 18 26091a68 00000001 db801e0d
0 12 01 0 0c 55555555 cafebabe 7fb43cc8
0 15 1f 1 02 bd5a278b 79f6ca7e 00000001
0 02 02 0 00 00000000 bd5a278b bd5a278b
0 00 1a 0 0c 4ec60758 00000000 bf11f640
0 00 15 1 00 6b67c292 00000000 79f6ca7e
0 15 1a 1 00 00000000 79f6ca7e bf11f640
0 02 17 1 1a 140fcc80 bd5a278b 196c4336
0 0d 10 1 13 9ee96689 681576c0 a12285f1
0 1a 0b 1 0b 978b28a0 140fcc80 c183269c
0 1b 19 0 06 34b56db7 d69a1c19 55555555
0 13 08 1 19 7a087723 9ee96689 ab43ddad
0 16 16 0 16 d419d4eb 524e509d 524e509d
0 16 16 0 00 00000000 524e509d 524e509d
0 11 0d 1 01 b6c437b4 00000001 681576c0
0 03 19 1 00 4a674a38 21d26dcd 7a087723
0 04 04 0 04 3c0623e9 db801e0d db801e0d
0 04 04 0 00 00000000 db801e0d db801e0d
0 06 1e 1 0d d66276ea 00000000 811248c4
0 12 17 1 1d 7fffffff cafebabe 196c4336
0 05 01 1 08 aaaaaaaa 986083e3 b6c437b4
0 01 05 1 0a c412db22 b6c437b4 986083e3
0 10 18 1 17 180b35c8 a12285f1 5e2676de
0 04 04 1 04 6cb7421a db801e0d db801e0d
0 1a 00 0 02 794f0d61 140fcc80 00000000
0 1c 1c 1 1c c9a27d60 0259f645 0259f645
0 15 00 1 10 c29766a5 79f6ca7e 00000000
0 10 10 0 00 00000000 c29766a5 c29766a5
0 17 07 1 01 00000000 180b35c8 55555555
0 12 05 1 00 b7659ea8 cafebabe 986083e3
0 12 00 0 00 e9dd316d cafebabe 00000000
0 17 17 1 17 d8d70544 180b35c8 180b35c8
0 00 09 1 1c 30d8171c 00000000 6e999af4
0 1c 1c 0 00 00000000 30d8171c 30d8171c
0 05 1f 1 17 6f9d5cfa 986083e3 00000001
0 0d 0d 1 0d cafebabe d66276ea d66276ea
0 1d 04 1 10 4eb48be0 7fffffff 6cb7421a
0 1b 14 1 14 deadbeef d69a1c19 deadbeef
0 1e 0c 1 19 bbc58b08 811248c4 bae0ac19
0 19 19 0 00 00000000 bbc58b08 bbc58b08
0 09 09 1 09 ecb13906 6e999af4 6e999af4
0 0b 15 1 13 d03dd84b 978b28a0 79f6ca7e
0 13 13 0 00 00000000 d03dd84b d03dd84b
0 00 04 1 18 ffffffff 00000000 6cb7421a
# --- read-back sweep ---
# i_rst i_rs1_raddr i_rs2_raddr i_rd_wen i_rd_waddr i_rd_wdata | o_rs1_rdata
#     o_rs2_rdata
0 00 1f 0 00 00000000 00000000 00000001
0 01 1e 0 00 00000000 00000000 811248c4
0 02 1d 0 00 00000000 bd5a278b 7fffffff
0 03 1c 0 00 00000000 21d26dcd 30d8171c
0 04 1b 0 00 00000000 6cb7421a d69a1c19
0 05 1a 0 00 00000000 986083e3 140fcc80
0 06 19 0 00 00000000 00000000 bbc58b08
0 07 18 0 00 00000000 55555555 ffffffff
0 08 17 0 00 00000000 aaaaaaaa 6f9d5cfa
0 09 16 0 00 00000000 ecb13906 524e509d
0 0a 15 0 00 00000000 c412db22 79f6ca7e
0 0b 14 0 00 00000000 978b28a0 deadbeef
0 0c 13 0 00 00000000 bae0ac19 d03dd84b
0 0d 12 0 00 00000000 cafebabe cafebabe
0 0e 11 0 00 00000000 deadbeef 00000001
0 0f 10 0 00 00000000 d7ef4850 4eb48be0
0 10 0f 0 00 00000000 4eb48be0 d7ef4850
0 11 0e 0 00 00000000 00000001 deadbeef
0 12 0d 0 00 00000000 cafebabe cafebabe
0 13 0c 0 00 00000000 d03dd84b bae0ac19
0 14 0b 0 00 00000000 deadbeef 978b28a0
0 15 0a 0 00 00000000 79f6ca7e c412db22
0 16 09 0 00 00000000 524e509d ecb13906
0 17 08 0 00 00000000 6f9d5cfa aaaaaaaa
0 18 07 0 00 00000000 ffffffff 55555555
0 19 06 0 00 00000000 bbc58b08 00000000
0 1a 05 0 00 00000000 140fcc80 986083e3
0 1b 04 0 00 00000000 d69a1c19 6cb7421a
0 1c 03 0 00 00000000 30d8171c 21d26dcd
0 1d 02 0 00 00000000 7fffffff bd5a278b
0 1e 01 0 00 00000000 811248c4 00000000
0 1f 00 0 00 00000000 00000001 00000000
0 10 08 1 1a 1781fd33 4eb48be0 aaaaaaaa
0 07 1a 1 13 ad05ef09 55555555 1781fd33
0 0e 04 1 1d c61d8d37 deadbeef 6cb7421a
0 1c 01 1 17 7fffffff 30d8171c 00000000
0 15 0a 1 1c 29d647ac 79f6ca7e c412db22
0 17 17 1 17 c66d486c 7fffffff 7fffffff
0 06 1d 1 0c 8a573ed6 00000000 c61d8d37
0 0c 0c 0 00 00000000 8a573ed6 8a573ed6
0 0e 19 1 0e 29fe197a deadbeef bbc58b08
0 1a 0c 1 04 730fe7c0 1781fd33 8a573ed6
0 13 06 1 1c 0e912135 ad05ef09 00000000
0 00 00 1 00 23693a1e 00000000 00000000
0 05 0d 0 11 00000000 986083e3 cafebabe
0 06 1f 1 1d aaaaaaaa 00000000 00000001
0 12 16 1 00 ff0cb0e7 cafebabe 524e509d
0 16 16 1 16 6d973a99 524e509d 524e509d
0 09 14 1 09 087fc845 ecb13906 deadbeef
0 00 0e 0 12 c5bb500b 00000000 29fe197a
0 17 0d 1 0d 9580a382 c66d486c cafebabe
0 07 19 0 0b cafebabe 55555555 bbc58b08
0 14 19 1 14 094586d2 deadbeef bbc58b08
0 18 07 1 10 ad2b482c ffffffff 55555555
0 07 11 0 1b ae46b1b2 55555555 00000001
0 0a 05 1 0a 549c8730 c412db22 986083e3
0 0c 1d 0 02 a70102d7 8a573ed6 aaaaaaaa
0 1b 00 0 08 b850b7fa d69a1c19 00000000
0 10 04 1 08 d03cd8a9 ad2b482c 730fe7c0
0 00 00 1 00 e250a31c 00000000 00000000
0 08 1d 1 1d c74a063b d03cd8a9 aaaaaaaa
0 18 1f 1 18 29a1a62a ffffffff 00000001
0 03 0f 0 01 f98d3447 21d26dcd d7ef4850
0 06 06 1 06 4d7b5fd0 00000000 00000000
0 09 17 1 0a 62619c7c 087fc845 c66d486c
0 14 17 1 05 00000001 094586d2 c66d486c
0 00 07 1 04 9e37f11d 00000000 55555555
0 01 1b 1 0f 7fffffff 00000000 d69a1c19
0 01 12 1 0b c2127b6a 00000000 cafebabe
0 19 19 0 19 5497542c bbc58b08 bbc58b08
0 19 19 0 00 00000000 bbc58b08 bbc58b08
0 0c 07 1 00 ae731dc5 8a573ed6 55555555
0 1e 1a 1 0e 57c65075 811248c4 1781fd33
0 11 10 1 11 55555555 00000001 ad2b482c
0 18 1d 1 00 765474f9 29a1a62a c74a063b
0 0f 00 1 1b 4431009d 7fffffff 00000000
0 1b 1b 0 00 00000000 4431009d 4431009d
0 10 0d 1 04 4ba4830a ad2b482c 9580a382
0 04 00 1 04 3523cca6 4ba4830a 00000000
0 0b 19 0 1d 1cf0aa96 c2127b6a bbc58b08
0 09 07 1 09 e2ddf446 087fc845 55555555
0 1a 0e 0 0f acd6460f 1781fd33 57c65075
0 10 18 0 01 3b8fdc7a ad2b482c 29a1a62a
0 03 05 0 0e 4aa1258f 21d26dcd 00000001
0 08 1b 0 05 bfbd1abe d03cd8a9 4431009d
0 07 15 1 05 b1c61e41 55555555 79f6ca7e
0 01 01 1 01 592b756e 00000000 00000000
0 00 08 0 10 9235915d 00000000 d03cd8a9
0 15 0d 1 01 da649b82 79f6ca7e 9580a382
0 13 0c 0 05 5644e6e1 ad05ef09 8a573ed6
0 19 10 1 19 71b51e0c bbc58b08 ad2b482c
0 14 17 1 04 aaaaaaaa 094586d2 c66d486c
0 12 19 1 13 f4b43fe6 cafebabe 71b51e0c
0 1a 06 0 11 814d6815 1781fd33 4d7b5fd0
0 04 17 1 04 80000000 aaaaaaaa c66d486c
0 0b 10 0 15 80000000 c2127b6a ad2b482c
0 14 1d 1 17 77d89dea 094586d2 c74a063b
0 12 1d 1 1c aaaaaaaa cafebabe c74a063b
0 06 13 1 13 55d6e8f1 4d7b5fd0 f4b43fe6
0 0a 1f 1 17 78f6f6b1 62619c7c 00000001
0 1f 1f 0 1f 0bf6c6a7 00000001 00000001
0 1f 1f 0 00 00000000 00000001 00000001
0 05 05 1 05 5fb88687 b1c61e41 b1c61e41
0 17 1d 0 07 7fffffff 78f6f6b1 c74a063b
0 00 09 0 06 53df7dde 00000000 e2ddf446
0 11 1f 1 04 ffffffff 55555555 00000001
0 00 19 1 0c 436e39b8 00000000 71b51e0c
0 10 1c 0 00 03a22351 ad2b482c aaaaaaaa
0 0e 0c 1 1f 9451ed7b 57c65075 436e39b8
0 19 19 0 19 3e9d25c3 71b51e0c 71b51e0c
0 19 19 0 00 00000000 71b51e0c 71b51e0c
0 1d 06 1 03 db866e30 c74a063b 4d7b5fd0
0 0c 10 0 18 80d94321 436e39b8 ad2b482c
0 1a 08 1 16 8b5b5feb 1781fd33 d03cd8a9
0 06 03 1 0b 546c3d1d 4d7b5fd0 db866e30
0 14 1e 1 0e 075a4c7c 094586d2 811248c4
0 1e 14 1 0a e9b785f9 811248c4 094586d2
0 0a 0a 0 00 00000000 e9b785f9 e9b785f9
0 1d 0e 1 19 384e116e c74a063b 075a4c7c
0 15 05 1 1e 286b405d 79f6ca7e 5fb88687
0 17 1a 1 1a 3ebd548d 78f6f6b1 1781fd33
0 0e 0e 0 0e 461c112f 075a4c7c 075a4c7c
0 0e 0e 0 00 00000000 075a4c7c 075a4c7c
0 19 10 1 10 4c22a3d1 384e116e ad2b482c
0 16 16 0 16 4bc4325f 8b5b5feb 8b5b5feb
0 16 16 0 00 00000000 8b5b5feb 8b5b5feb
0 12 12 1 12 2429678c cafebabe cafebabe
0 04 1c 0 00 5bb195e0 ffffffff aaaaaaaa
0 10 1f 0 0f 3087dcac 4c22a3d1 9451ed7b
0 0b 00 1 16 83ccb9ad 546c3d1d 00000000
0 1d 12 1 0f b67edef3 c74a063b 2429678c
0 0f 0f 0 00 00000000 b67edef3 b67edef3
0 01 10 0 1c ac70d7b8 da649b82 4c22a3d1
0 0f 00 0 16 80000000 b67edef3 00000000
0 14 02 1 00 2bf98820 094586d2 bd5a278b
0 00 01 0 15 2adbcc22 00000000 da649b82
0 01 15 0 18 ffffffff da649b82 79f6ca7e
0 0e 0e 1 0e aaaaaaaa 075a4c7c 075a4c7c
0 06 06 1 06 1d4f993b 4d7b5fd0 4d7b5fd0
0 18 09 1 18 a0ae3c1d 29a1a62a e2ddf446
0 00 0a 0 13 1d2799b3 00000000 e9b785f9
0 15 08 1 1f 31976467 79f6ca7e d03cd8a9
0 1f 1f 0 00 00000000 31976467 31976467
0 17 0c 1 01 5dfdfe5f 78f6f6b1 436e39b8
0 01 01 0 00 00000000 5dfdfe5f 5dfdfe5f
0 1b 1b 0 1f 5a43b085 4431009d 4431009d
0 0e 06 1 12 2b6fcb0d aaaaaaaa 1d4f993b
0 06 06 1 06 0d88eb23 1d4f993b 1d4f993b
0 1d 04 1 00 cafebabe c74a063b ffffffff
0 00 1a 1 1a 78b51da5 00000000 3ebd548d
0 17 14 0 09 57b32333 78f6f6b1 094586d2
0 13 0b 1 10 ffffffff 55d6e8f1 546c3d1d
0 17 0a 1 00 ab597001 78f6f6b1 e9b785f9
0 16 1d 1 1d 0d1130fc 83ccb9ad c74a063b
0 05 09 1 02 d8e9dfc8 5fb88687 e2ddf446
0 00 00 1 00 80000000 00000000 00000000
0 1a 0b 0 00 83a973a9 78b51da5 546c3d1d
0 0c 0d 1 18 6cd29bff 436e39b8 9580a382
0 1a 1d 1 1b a191f7cd 78b51da5 0d1130fc
0 19 04 1 1d deadbeef 384e116e ffffffff
0 1a 1f 0 10 80a99f2b 78b51da5 31976467
0 03 03 1 03 cafebabe db866e30 db866e30
0 01 02 0 17 ffffffff 5dfdfe5f d8e9dfc8
0 1e 1f 1 11 0000ffff 286b405d 31976467
0 01 01 1 01 7fffffff 5dfdfe5f 5dfdfe5f
0 15 17 1 1b 10325ea6 79f6ca7e 78f6f6b1
0 0f 02 1 05 7fffffff b67edef3 d8e9dfc8
0 01 0c 1 19 fba1c25f 7fffffff 436e39b8
0 00 0d 1 00 3bcbd1cc 00000000 9580a382
0 1d 08 1 00 e092ec2f deadbeef d03cd8a9
0 19 05 0 07 779dd656 fba1c25f 7fffffff
0 02 03 1 01 b5afa78a d8e9dfc8 cafebabe
0 0c 09 1 00 8032dacd 436e39b8 e2ddf446
0 0f 17 0 00 aaaaaaaa b67edef3 78f6f6b1
0 18 16 1 04 00000000 6cd29bff 83ccb9ad
0 01 00 1 18 8657f2fc b5afa78a 00000000
0 1b 06 1 15 f2cade8d 10325ea6 0d88eb23
0 1f 18 1 1a 3b3a8223 31976467 8657f2fc
0 13 13 1 13 cafebabe 55d6e8f1 55d6e8f1
0 1e 00 1 1b ef8acf21 286b405d 00000000
# --- read-back sweep ---
# i_rst i_rs1_raddr i_rs2_raddr i_rd_wen i_rd_waddr i_rd_wdata | o_rs1_rdata
#     o_rs2_rdata
0 00 1f 0 00 00000000 00000000 31976467
0 01 1e 0 00 00000000 b5afa78a 286b405d
0 02 1d 0 00 00000000 d8e9dfc8 deadbeef
0 03 1c 0 00 00000000 cafebabe aaaaaaaa
0 04 1b 0 00 00000000 00000000 ef8acf21
0 05 1a 0 00 00000000 7fffffff 3b3a8223
0 06 19 0 00 00000000 0d88eb23 fba1c25f
0 07 18 0 00 00000000 55555555 8657f2fc
0 08 17 0 00 00000000 d03cd8a9 78f6f6b1
0 09 16 0 00 00000000 e2ddf446 83ccb9ad
0 0a 15 0 00 00000000 e9b785f9 f2cade8d
0 0b 14 0 00 00000000 546c3d1d 094586d2
0 0c 13 0 00 00000000 436e39b8 cafebabe
0 0d 12 0 00 00000000 9580a382 2b6fcb0d
0 0e 11 0 00 00000000 aaaaaaaa 0000ffff
0 0f 10 0 00 00000000 b67edef3 ffffffff
0 10 0f 0 00 00000000 ffffffff b67edef3
0 11 0e 0 00 00000000 0000ffff aaaaaaaa
0 12 0d 0 00 00000000 2b6fcb0d 9580a382
0 13 0c 0 00 00000000 cafebabe 436e39b8
0 14 0b 0 00 00000000 094586d2 546c3d1d
0 15 0a 0 00 00000000 f2cade8d e9b785f9
0 16 09 0 00 00000000 83ccb9ad e2ddf446
0 17 08 0 00 00000000 78f6f6b1 d03cd8a9
0 18 07 0 00 00000000 8657f2fc 55555555
0 19 06 0 00 00000000 fba1c25f 0d88eb23
0 1a 05 0 00 00000000 3b3a8223 7fffffff
0 1b 04 0 00 00000000 ef8acf21 00000000
0 1c 03 0 00 00000000 aaaaaaaa cafebabe
0 1d 02 0 00 00000000 deadbeef d8e9dfc8
0 1e 01 0 00 00000000 286b405d b5afa78a
0 1f 00 0 00 00000000 31976467 00000000
0 0b 00 1 00 cafebabe 546c3d1d 00000000
0 10 14 1 09 f38e1163 ffffffff 094586d2
0 05 1c 0 02 deadbeef 7fffffff aaaaaaaa
0 08 08 0 08 3514f293 d03cd8a9 d03cd8a9
0 08 08 0 00 00000000 d03cd8a9 d03cd8a9
0 15 08 1 15 3ecb1a96 f2cade8d d03cd8a9
0 14 1f 0 1f 00000001 094586d2 31976467
0 00 05 0 02 33a40e8b 00000000 7fffffff
0 1b 00 1 09 00000000 ef8acf21 00000000
0 11 1b 1 1e 2ad299de 0000ffff ef8acf21
0 07 16 0 01 6b89b951 55555555 83ccb9ad
0 1e 00 1 10 704606bc 2ad299de 00000000
0 17 1d 1 00 00000000 78f6f6b1 deadbeef
0 13 13 0 13 8a643633 cafebabe cafebabe
0 13 13 0 00 00000000 cafebabe cafebabe
0 1f 19 1 00 00000000 31976467 fba1c25f
0 1d 01 1 04 cafebabe deadbeef b5afa78a
0 0e 1c 1 16 3a9159ff aaaaaaaa aaaaaaaa
0 0d 12 1 1d 77825add 9580a382 2b6fcb0d
0 19 0d 1 1e 99498a2e fba1c25f 9580a382
0 0c 10 1 11 ecb8a947 436e39b8 704606bc
0 11 14 1 0e 9df878ba ecb8a947 094586d2
0 19 07 1 09 5a24b5da fba1c25f 55555555
0 02 00 1 1b b9304453 d8e9dfc8 00000000
0 1b 1e 0 1c 0a7cb0ae b9304453 99498a2e
0 1f 00 1 0d 4dc04fa2 31976467 00000000
0 08 15 1 0c 38cf8a8a d03cd8a9 3ecb1a96
0 0f 19 1 1b 9cdf73dd b67edef3 fba1c25f
0 00 07 1 13 7e49cc47 00000000 55555555
0 00 12 1 00 749a6e2a 00000000 2b6fcb0d
0 14 14 0 14 03c257ee 094586d2 094586d2
0 14 14 0 00 00000000 094586d2 094586d2
0 1f 0f 0 1e b9a4ca42 31976467 b67edef3
0 1f 0f 1 1d acfe7814 31976467 b67edef3
0 1b 10 1 11 609b3c7f 9cdf73dd 704606bc
0 11 06 1 11 aaaaaaaa 609b3c7f 0d88eb23
0 11 10 0 11 80000000 aaaaaaaa 704606bc
0 01 06 1 11 60146e0f b5afa78a 0d88eb23
0 1d 11 0 1e e3d4b7f0 acfe7814 60146e0f
0 04 08 0 0f ef2cec2c cafebabe d03cd8a9
0 13 13 0 13 f89f5644 7e49cc47 7e49cc47
0 13 13 0 00 00000000 7e49cc47 7e49cc47
0 1a 1b 1 1a 3d6631e0 3b3a8223 9cdf73dd
0 02 1c 1 03 deadbeef d8e9dfc8 aaaaaaaa
0 1f 16 0 08 b9134f76 31976467 3a9159ff
0 14 0c 1 08 be78db3b 094586d2 38cf8a8a
0 02 1d 0 12 80000000 d8e9dfc8 acfe7814
0 06 14 0 0e 4eba464f 0d88eb23 094586d2
0 01 01 1 04 c40dd2b6 b5afa78a b5afa78a
0 0b 00 1 00 43121e3a 546c3d1d 00000000
0 13 03 0 03 09c8b087 7e49cc47 deadbeef
0 0a 08 0 19 c2e3eeba e9b785f9 be78db3b
0 0f 0f 0 0f be4ba496 b67edef3 b67edef3
0 0f 0f 0 00 00000000 b67edef3 b67edef3
0 0a 01 1 0a 0000ffff e9b785f9 b5afa78a
0 10 0e 1 1c 54366b62 704606bc 9df878ba
0 1c 1c 0 00 00000000 54366b62 54366b62
0 19 1a 0 07 ffffffff fba1c25f 3d6631e0
0 16 08 1 18 00000000 3a9159ff be78db3b
0 02 02 1 02 cb7990db d8e9dfc8 d8e9dfc8
0 09 0a 0 14 d25dcb57 5a24b5da 0000ffff
0 0c 13 0 0a deadbeef 38cf8a8a 7e49cc47
0 01 00 1 0f a2ddbdeb b5afa78a 00000000
0 01 01 1 16 54a299b3 b5afa78a b5afa78a
0 00 05 0 18 51be9fbe 00000000 7fffffff
0 0f 00 1 1a ffffffff a2ddbdeb 00000000
0 11 1a 1 1c aaaaaaaa 60146e0f ffffffff
0 0c 0a 0 06 00000001 38cf8a8a 0000ffff
0 1e 08 0 01 3d13d524 99498a2e be78db3b
0 04 17 0 08 9b808b0a c40dd2b6 78f6f6b1
0 1d 1d 1 1d 0045e66c acfe7814 acfe7814
0 0e 1f 1 08 3822aa62 9df878ba 31976467
0 15 1a 1 15 aaaaaaaa 3ecb1a96 ffffffff
0 14 00 0 07 c7b79374 094586d2 00000000
0 06 06 1 06 1ea5d8cc 0d88eb23 0d88eb23
0 10 10 0 0e b722de82 704606bc 704606bc
0 0b 1f 1 1f 00000001 546c3d1d 31976467
0 1c 11 1 11 5d249016 aaaaaaaa 60146e0f
0 14 00 1 0e 18567cfe 094586d2 00000000
0 0d 12 0 1d 62bbd5a8 4dc04fa2 2b6fcb0d
0 12 1a 1 11 0b621268 2b6fcb0d ffffffff
0 11 11 0 00 00000000 0b621268 0b621268
0 04 1c 1 1f a62f010a c40dd2b6 aaaaaaaa
0 1f 1f 0 00 00000000 a62f010a a62f010a
0 02 0a 1 02 deadbeef cb7990db 0000ffff
0 19 03 0 08 ffffffff fba1c25f deadbeef
0 07 16 1 18 00409928 55555555 54a299b3
0 1c 15 1 1c 91ffb8b6 aaaaaaaa aaaaaaaa
0 00 00 1 00 cf6f67df 00000000 00000000
0 15 0a 1 16 dd682f9d aaaaaaaa 0000ffff
0 18 1d 1 18 283fbd65 00409928 0045e66c
0 08 12 0 00 3837fe0e 3822aa62 2b6fcb0d
0 01 01 0 01 7bbc42b5 b5afa78a b5afa78a
0 01 01 0 00 00000000 b5afa78a b5afa78a
0 04 0b 1 1e 80000000 c40dd2b6 546c3d1d
0 00 17 0 0f 89fdcb61 00000000 78f6f6b1
0 06 0d 1 0d a83b20b5 1ea5d8cc 4dc04fa2
0 05 1c 0 05 7fffffff 7fffffff 91ffb8b6
0 02 1d 0 03 ffffffff deadbeef 0045e66c
0 16 16 1 16 b8ca1c40 dd682f9d dd682f9d
# --- read-back sweep ---
# i_rst i_rs1_raddr i_rs2_raddr i_rd_wen i_rd_waddr i_rd_wdata | o_rs1_rdata
#     o_rs2_rdata
0 00 1f 0 00 00000000 00000000 a62f010a
0 01 1e 0 00 00000000 b5afa78a 80000000
0 02 1d 0 00 00000000 deadbeef 0045e66c
0 03 1c 0 00 00000000 deadbeef 91ffb8b6
0 04 1b 0 00 00000000 c40dd2b6 9cdf73dd
0 05 1a 0 00 00000000 7fffffff ffffffff
0 06 19 0 00 00000000 1ea5d8cc fba1c25f
0 07 18 0 00 00000000 55555555 283fbd65
0 08 17 0 00 00000000 3822aa62 78f6f6b1
0 09 16 0 00 00000000 5a24b5da b8ca1c40
0 0a 15 0 00 00000000 0000ffff aaaaaaaa
0 0b 14 0 00 00000000 546c3d1d 094586d2
0 0c 13 0 00 00000000 38cf8a8a 7e49cc47
0 0d 12 0 00 00000000 a83b20b5 2b6fcb0d
0 0e 11 0 00 00000000 18567cfe 0b621268
0 0f 10 0 00 00000000 a2ddbdeb 704606bc
0 10 0f 0 00 00000000 704606bc a2ddbdeb
0 11 0e 0 00 00000000 0b621268 18567cfe
0 12 0d 0 00 00000000 2b6fcb0d a83b20b5
0 13 0c 0 00 00000000 7e49cc47 38cf8a8a
0 14 0b 0 00 00000000 094586d2 546c3d1d
0 15 0a 0 00 00000000 aaaaaaaa 0000ffff
0 16 09 0 00 00000000 b8ca1c40 5a24b5da
0 17 08 0 00 00000000 78f6f6b1 3822aa62
0 18 07 0 00 00000000 283fbd65 55555555
0 19 06 0 00 00000000 fba1c25f 1ea5d8cc
0 1a 05 0 00 00000000 ffffffff 7fffffff
0 1b 04 0 00 00000000 9cdf73dd c40dd2b6
0 1c 03 0 00 00000000 91ffb8b6 deadbeef
0 1d 02 0 00 00000000 0045e66c deadbeef
0 1e 01 0 00 00000000 80000000 b5afa78a
0 1f 00 0 00 00000000 a62f010a 00000000
0 13 12 0 09 00000000 7e49cc47 2b6fcb0d
0 09 17 0 16 71798bb0 5a24b5da 78f6f6b1
0 1f 00 1 08 0000ffff a62f010a 00000000
0 1c 06 1 13 7fffffff 91ffb8b6 1ea5d8cc
0 11 00 1 00 b54b5a1f 0b621268 00000000
0 1b 0a 1 1c c48682b3 9cdf73dd 0000ffff
0 13 1d 0 00 a31dfe36 7fffffff 0045e66c
0 04 0a 1 0a 64f642d4 c40dd2b6 0000ffff
0 09 1f 0 14 ffffffff 5a24b5da a62f010a
0 01 1b 0 1a 05b20efb b5afa78a 9cdf73dd
0 17 1f 0 17 aaaaaaaa 78f6f6b1 a62f010a
# --- read-back sweep ---
# i_rst i_rs1_raddr i_rs2_raddr i_rd_wen i_rd_waddr i_rd_wdata | o_rs1_rdata
#     o_rs2_rdata
0 00 1f 0 00 00000000 00000000 a62f010a
0 01 1e 0 00 00000000 b5afa78a 80000000
0 02 1d 0 00 00000000 deadbeef 0045e66c
0 03 1c 0 00 00000000 deadbeef c48682b3
0 04 1b 0 00 00000000 c40dd2b6 9cdf73dd
0 05 1a 0 00 00000000 7fffffff ffffffff
0 06 19 0 00 00000000 1ea5d8cc fba1c25f
0 07 18 0 00 00000000 55555555 283fbd65
0 08 17 0 00 00000000 0000ffff 78f6f6b1
0 09 16 0 00 00000000 5a24b5da b8ca1c40
0 0a 15 0 00 00000000 64f642d4 aaaaaaaa
0 0b 14 0 00 00000000 546c3d1d 094586d2
0 0c 13 0 00 00000000 38cf8a8a 7fffffff
0 0d 12 0 00 00000000 a83b20b5 2b6fcb0d
0 0e 11 0 00 00000000 18567cfe 0b621268
0 0f 10 0 00 00000000 a2ddbdeb 704606bc
0 10 0f 0 00 00000000 704606bc a2ddbdeb
0 11 0e 0 00 00000000 0b621268 18567cfe
0 12 0d 0 00 00000000 2b6fcb0d a83b20b5
0 13 0c 0 00 00000000 7fffffff 38cf8a8a
0 14 0b 0 00 00000000 094586d2 546c3d1d
0 15 0a 0 00 00000000 aaaaaaaa 64f642d4
0 16 09 0 00 00000000 b8ca1c40 5a24b5da
0 17 08 0 00 00000000 78f6f6b1 0000ffff
0 18 07 0 00 00000000 283fbd65 55555555
0 19 06 0 00 00000000 fba1c25f 1ea5d8cc
0 1a 05 0 00 00000000 ffffffff 7fffffff
0 1b 04 0 00 00000000 9cdf73dd c40dd2b6
0 1c 03 0 00 00000000 c48682b3 deadbeef
0 1d 02 0 00 00000000 0045e66c deadbeef
0 1e 01 0 00 00000000 80000000 b5afa78a
0 1f 00 0 00 00000000 a62f010a 00000000
0 11 11 0 09 8a3e3c67 0b621268 0b621268
0 13 06 0 15 91ca574e 7fffffff 1ea5d8cc
0 0f 09 1 1e d1c94b98 a2ddbdeb 5a24b5da
0 1d 0f 0 0f 47e5ea5e 0045e66c a2ddbdeb
0 09 03 1 14 08953936 5a24b5da deadbeef
0 01 00 1 00 772f6f4f b5afa78a 00000000
0 07 00 1 07 80000000 55555555 00000000
0 0a 0a 0 0a 1588fb76 64f642d4 64f642d4
0 0a 0a 0 00 00000000 64f642d4 64f642d4
0 1b 1c 1 1b 3893a063 9cdf73dd c48682b3
0 07 16 0 18 1473ec1e 80000000 b8ca1c40
0 1b 1a 0 1f 00000000 3893a063 ffffffff
0 01 09 1 1c 882f15eb b5afa78a 5a24b5da
0 06 08 1 00 d64b85ff 1ea5d8cc 0000ffff
0 0c 12 1 0a e9bd067b 38cf8a8a 2b6fcb0d
0 14 1d 0 04 3c710d54 08953936 0045e66c
0 17 01 1 00 95c4425b 78f6f6b1 b5afa78a
0 1c 1a 1 1d 2e928147 882f15eb ffffffff
0 1d 1d 0 00 00000000 2e928147 2e928147
0 0f 13 0 0b 83c931f3 a2ddbdeb 7fffffff
0 1d 0c 1 0c cafebabe 2e928147 38cf8a8a
0 00 05 0 13 fe28461b 00000000 7fffffff
0 07 15 0 08 3e67c826 80000000 aaaaaaaa
0 0d 00 1 10 159df3c7 a83b20b5 00000000
0 01 14 0 00 deadbeef b5afa78a 08953936
0 1c 11 1 01 7e3459d9 882f15eb 0b621268
0 1a 0e 0 03 e4d3b0bb ffffffff 18567cfe
0 02 12 1 00 f808ca6b deadbeef 2b6fcb0d
0 14 1d 1 1d 80000000 08953936 2e928147
0 05 1c 1 05 3cd447d2 7fffffff 882f15eb
0 1a 1e 0 00 093bbb79 ffffffff d1c94b98
0 1e 0b 0 12 a20c233d d1c94b98 546c3d1d
0 01 12 1 12 a989a7da 7e3459d9 2b6fcb0d
0 07 18 1 02 0000ffff 80000000 283fbd65
0 06 12 0 17 027b9d1a 1ea5d8cc a989a7da
0 0c 1e 1 0a af5e8921 cafebabe d1c94b98
0 16 1e 1 18 9a85b944 b8ca1c40 d1c94b98
0 03 03 1 03 116fa811 deadbeef deadbeef
0 05 17 1 10 6d5b0901 3cd447d2 78f6f6b1
0 1c 15 0 1b dd50ab39 882f15eb aaaaaaaa
0 13 0e 0 1a 3ec15502 7fffffff 18567cfe
0 0f 1a 1 1b c58efc83 a2ddbdeb ffffffff
0 06 1f 0 01 5fcc1a38 1ea5d8cc a62f010a
0 14 05 0 08 2d31c44b 08953936 3cd447d2
# --- read-back sweep ---
# i_rst i_rs1_raddr i_rs2_raddr i_rd_wen i_rd_waddr i_rd_wdata | o_rs1_rdata
#     o_rs2_rdata
0 00 1f 0 00 00000000 00000000 a62f010a
0 01 1e 0 00 00000000 7e3459d9 d1c94b98
0 02 1d 0 00 00000000 0000ffff 80000000
0 03 1c 0 00 00000000 116fa811 882f15eb
0 04 1b 0 00 00000000 c40dd2b6 c58efc83
0 05 1a 0 00 00000000 3cd447d2 ffffffff
0 06 19 0 00 00000000 1ea5d8cc fba1c25f
0 07 18 0 00 00000000 80000000 9a85b944
0 08 17 0 00 00000000 0000ffff 78f6f6b1
0 09 16 0 00 00000000 5a24b5da b8ca1c40
0 0a 15 0 00 00000000 af5e8921 aaaaaaaa
0 0b 14 0 00 00000000 546c3d1d 08953936
0 0c 13 0 00 00000000 cafebabe 7fffffff
0 0d 12 0 00 00000000 a83b20b5 a989a7da
0 0e 11 0 00 00000000 18567cfe 0b621268
0 0f 10 0 00 00000000 a2ddbdeb 6d5b0901
0 10 0f 0 00 00000000 6d5b0901 a2ddbdeb
0 11 0e 0 00 00000000 0b621268 18567cfe
0 12 0d 0 00 00000000 a989a7da a83b20b5
0 13 0c 0 00 00000000 7fffffff cafebabe
0 14 0b 0 00 00000000 08953936 546c3d1d
0 15 0a 0 00 00000000 aaaaaaaa af5e8921
0 16 09 0 00 00000000 b8ca1c40 5a24b5da
0 17 08 0 00 00000000 78f6f6b1 0000ffff
0 18 07 0 00 00000000 9a85b944 80000000
0 19 06 0 00 00000000 fba1c25f 1ea5d8cc
0 1a 05 0 00 00000000 ffffffff 3cd447d2
0 1b 04 0 00 00000000 c58efc83 c40dd2b6
0 1c 03 0 00 00000000 882f15eb 116fa811
0 1d 02 0 00 00000000 80000000 0000ffff
0 1e 01 0 00 00000000 d1c94b98 7e3459d9
0 1f 00 0 00 00000000 a62f010a 00000000
0 1f 0c 0 0f 6e8a0d7e a62f010a cafebabe
0 08 08 1 08 6c86aac0 0000ffff 0000ffff
# --- read-back sweep ---
# i_rst i_rs1_raddr i_rs2_raddr i_rd_wen i_rd_waddr i_rd_wdata | o_rs1_rdata
#     o_rs2_rdata
0 00 1f 0 00 00000000 00000000 a62f010a
0 01 1e 0 00 00000000 7e3459d9 d1c94b98
0 02 1d 0 00 00000000 0000ffff 80000000
0 03 1c 0 00 00000000 116fa811 882f15eb
0 04 1b 0 00 00000000 c40dd2b6 c58efc83
0 05 1a 0 00 00000000 3cd447d2 ffffffff
0 06 19 0 00 00000000 1ea5d8cc fba1c25f
0 07 18 0 00 00000000 80000000 9a85b944
0 08 17 0 00 00000000 6c86aac0 78f6f6b1
0 09 16 0 00 00000000 5a24b5da b8ca1c40
0 0a 15 0 00 00000000 af5e8921 aaaaaaaa
0 0b 14 0 00 00000000 546c3d1d 08953936
0 0c 13 0 00 00000000 cafebabe 7fffffff
0 0d 12 0 00 00000000 a83b20b5 a989a7da
0 0e 11 0 00 00000000 18567cfe 0b621268
0 0f 10 0 00 00000000 a2ddbdeb 6d5b0901
0 10 0f 0 00 00000000 6d5b0901 a2ddbdeb
0 11 0e 0 00 00000000 0b621268 18567cfe
0 12 0d 0 00 00000000 a989a7da a83b20b5
0 13 0c 0 00 00000000 7fffffff cafebabe
0 14 0b 0 00 00000000 08953936 546c3d1d
0 15 0a 0 00 00000000 aaaaaaaa af5e8921
0 16 09 0 00 00000000 b8ca1c40 5a24b5da
0 17 08 0 00 00000000 78f6f6b1 6c86aac0
0 18 07 0 00 00000000 9a85b944 80000000
0 19 06 0 00 00000000 fba1c25f 1ea5d8cc
0 1a 05 0 00 00000000 ffffffff 3cd447d2
0 1b 04 0 00 00000000 c58efc83 c40dd2b6
0 1c 03 0 00 00000000 882f15eb 116fa811
0 1d 02 0 00 00000000 80000000 0000ffff
0 1e 01 0 00 00000000 d1c94b98 7e3459d9
0 1f 00 0 00 00000000 a62f010a 00000000
0 06 0b 0 15 07d48bd9 1ea5d8cc 546c3d1d
0 0c 00 1 12 bf28b1eb cafebabe 00000000
0 1e 1f 0 06 12cef7c9 d1c94b98 a62f010a
0 13 08 1 1d 80000000 7fffffff 6c86aac0
0 08 06 1 17 0b090c32 6c86aac0 1ea5d8cc
0 18 0d 1 1a 1636bec2 9a85b944 a83b20b5
0 1a 1a 0 00 00000000 1636bec2 1636bec2
0 0e 09 1 00 d1013709 18567cfe 5a24b5da
0 07 1a 1 00 7fffffff 80000000 1636bec2
0 12 0d 0 13 9429b81d bf28b1eb a83b20b5
0 00 13 0 17 462f77bc 00000000 7fffffff
0 0a 19 1 0f 62a385a9 af5e8921 fba1c25f
0 0f 00 1 16 25168f66 62a385a9 00000000
0 09 02 0 1e cafebabe 5a24b5da 0000ffff
0 00 05 1 00 7fb79c07 00000000 3cd447d2
0 0b 12 1 11 31786795 546c3d1d bf28b1eb
0 0f 10 1 09 89ee7d9c 62a385a9 6d5b0901
0 05 1f 1 1c deadbeef 3cd447d2 a62f010a
0 0d 11 0 05 059d5e03 a83b20b5 31786795
# --- read-back sweep ---
# i_rst i_rs1_raddr i_rs2_raddr i_rd_wen i_rd_waddr i_rd_wdata | o_rs1_rdata
#     o_rs2_rdata
0 00 1f 0 00 00000000 00000000 a62f010a
0 01 1e 0 00 00000000 7e3459d9 d1c94b98
0 02 1d 0 00 00000000 0000ffff 80000000
0 03 1c 0 00 00000000 116fa811 deadbeef
0 04 1b 0 00 00000000 c40dd2b6 c58efc83
0 05 1a 0 00 00000000 3cd447d2 1636bec2
0 06 19 0 00 00000000 1ea5d8cc fba1c25f
0 07 18 0 00 00000000 80000000 9a85b944
0 08 17 0 00 00000000 6c86aac0 0b090c32
0 09 16 0 00 00000000 89ee7d9c 25168f66
0 0a 15 0 00 00000000 af5e8921 aaaaaaaa
0 0b 14 0 00 00000000 546c3d1d 08953936
0 0c 13 0 00 00000000 cafebabe 7fffffff
0 0d 12 0 00 00000000 a83b20b5 bf28b1eb
0 0e 11 0 00 00000000 18567cfe 31786795
0 0f 10 0 00 00000000 62a385a9 6d5b0901
0 10 0f 0 00 00000000 6d5b0901 62a385a9
0 11 0e 0 00 00000000 31786795 18567cfe
0 12 0d 0 00 00000000 bf28b1eb a83b20b5
0 13 0c 0 00 00000000 7fffffff cafebabe
0 14 0b 0 00 00000000 08953936 546c3d1d
0 15 0a 0 00 00000000 aaaaaaaa af5e8921
0 16 09 0 00 00000000 25168f66 89ee7d9c
0 17 08 0 00 00000000 0b090c32 6c86aac0
0 18 07 0 00 00000000 9a85b944 80000000
0 19 06 0 00 00000000 fba1c25f 1ea5d8cc
0 1a 05 0 00 00000000 1636bec2 3cd447d2
0 1b 04 0 00 00000000 c58efc83 c40dd2b6
0 1c 03 0 00 00000000 deadbeef 116fa811
0 1d 02 0 00 00000000 80000000 0000ffff
0 1e 01 0 00 00000000 d1c94b98 7e3459d9
0 1f 00 0 00 00000000 a62f010a 00000000
0 03 18 1 04 00000000 116fa811 9a85b944
0 1e 05 1 19 cafebabe d1c94b98 3cd447d2
0 04 00 0 14 f195a400 00000000 00000000
0 00 04 1 03 20e22354 00000000 00000000
0 19 14 0 00 7fffffff cafebabe 08953936
0 05 1f 0 08 ba20d177 3cd447d2 a62f010a
0 1f 1a 1 01 959bf76e a62f010a 1636bec2
0 0e 0e 1 0e aaaaaaaa 18567cfe 18567cfe
0 06 06 0 06 bb8e40ba 1ea5d8cc 1ea5d8cc
0 06 06 0 00 00000000 1ea5d8cc 1ea5d8cc
0 0d 0a 1 00 fdf1e57b a83b20b5 af5e8921
0 04 04 1 04 ba5ef81d 00000000 00000000
0 10 10 1 01 49b2356b 6d5b0901 6d5b0901
0 00 1d 1 06 c2e9f274 00000000 80000000
0 19 19 1 1a 4c0e210f cafebabe cafebabe
0 00 1a 0 0c 55555555 00000000 4c0e210f
0 14 13 1 1d f2833094 08953936 7fffffff
0 0d 1c 0 01 cbb456ef a83b20b5 deadbeef
0 1e 09 0 0d b0c717e7 d1c94b98 89ee7d9c
0 19 00 1 1d 6b0fb2ee cafebabe 00000000
0 0c 1b 1 0c fc1086e6 cafebabe c58efc83
0 05 03 1 1b bdedd31e 3cd447d2 20e22354
0 13 1b 1 1a aaaaaaaa 7fffffff bdedd31e
0 13 0b 1 02 c781fd7d 7fffffff 546c3d1d
0 1b 00 1 07 c16d993a bdedd31e 00000000
0 11 02 0 0c a55c93cb 31786795 c781fd7d
0 09 09 1 09 67036a3c 89ee7d9c 89ee7d9c
0 00 04 1 1f 00000000 00000000 ba5ef81d
0 19 1a 0 03 7fffffff cafebabe aaaaaaaa
0 15 00 1 18 20035360 aaaaaaaa 00000000
0 17 16 1 0c ffffffff 0b090c32 25168f66
0 0a 0d 1 01 c646ad5f af5e8921 a83b20b5
0 00 06 1 12 00000001 00000000 c2e9f274
0 0e 01 1 1d 3836844a aaaaaaaa c646ad5f
0 1d 1d 0 00 00000000 3836844a 3836844a
0 13 13 1 13 935d4472 7fffffff 7fffffff
0 1b 0e 1 1b deadbeef bdedd31e aaaaaaaa
0 0f 0e 0 09 246bd5d3 62a385a9 aaaaaaaa
0 1e 1a 0 0c ffffffff d1c94b98 aaaaaaaa
0 14 14 1 14 15248291 08953936 08953936
0 12 12 0 12 6e81d038 00000001 00000001
0 12 12 0 00 00000000 00000001 00000001
0 18 14 1 00 91f07f23 20035360 15248291
0 00 00 1 00 fcea5d6e 00000000 00000000
0 0c 0c 0 0c 1e02ab63 ffffffff ffffffff
0 0c 0c 0 00 00000000 ffffffff ffffffff
0 1c 09 1 03 c0928143 deadbeef 67036a3c
0 16 11 1 16 00000000 25168f66 31786795
0 1a 1a 1 1a 2edac5b8 aaaaaaaa aaaaaaaa
0 0f 01 0 0f a0b3ee8b 62a385a9 c646ad5f
0 08 00 1 00 8c66cc14 6c86aac0 00000000
0 1c 01 0 13 649c7ea0 deadbeef c646ad5f
0 07 09 1 16 a742eea0 c16d993a 67036a3c
0 11 1f 0 0c bb651fbc 31786795 00000000
0 0f 1e 1 1c 9e793d10 62a385a9 d1c94b98
0 02 10 1 00 85ca4596 c781fd7d 6d5b0901
0 18 01 1 1d 3691a587 20035360 c646ad5f
0 0a 17 1 00 cafebabe af5e8921 0b090c32
0 09 10 1 09 aa9f631d 67036a3c 6d5b0901
0 00 06 1 1c 98185949 00000000 c2e9f274
0 13 07 1 13 55555555 935d4472 c16d993a
0 1c 02 1 03 55555555 98185949 c781fd7d
0 15 03 1 00 00000001 aaaaaaaa 55555555
0 05 13 1 15 cafebabe 3cd447d2 55555555
0 00 00 1 00 390e6d86 00000000 00000000
0 16 17 1 16 20707cb4 a742eea0 0b090c32
0 08 01 1 04 1ac68fc3 6c86aac0 c646ad5f
0 19 1f 1 13 7fffffff cafebabe 00000000
0 0a 13 0 1c 245d0093 af5e8921 7fffffff
0 0a 13 1 16 54b6f2f4 af5e8921 7fffffff
0 0e 19 1 1b 79eb260e aaaaaaaa cafebabe
0 0b 1d 1 10 bad7f900 546c3d1d 3691a587
0 1d 11 1 09 eb1fa4ee 3691a587 31786795
0 09 09 0 00 00000000 eb1fa4ee eb1fa4ee
0 13 19 1 0a 2d4938f5 7fffffff cafebabe
0 00 03 1 12 c5971ef1 00000000 55555555
0 1f 08 1 1f 7fffffff 00000000 6c86aac0
0 0b 1c 1 04 55555555 546c3d1d 98185949
0 0d 06 1 0d aaaaaaaa a83b20b5 c2e9f274
0 03 1d 1 16 cca87680 55555555 3691a587
0 07 0a 0 02 03ccd289 c16d993a 2d4938f5
0 15 06 0 02 7fffffff cafebabe c2e9f274
0 00 1f 1 1f 29c34e40 00000000 7fffffff
0 16 0c 1 1b 78e63b85 cca87680 ffffffff
0 01 02 1 12 22c50161 c646ad5f c781fd7d
0 10 00 1 10 deadbeef bad7f900 00000000
0 16 00 1 12 55555555 cca87680 00000000
0 09 15 0 00 f2e994d9 eb1fa4ee cafebabe
0 16 1d 0 14 aaaaaaaa cca87680 3691a587
0 12 12 0 12 0b8c2629 55555555 55555555
0 12 12 0 00 00000000 55555555 55555555
0 1c 07 1 0a 2019907c 98185949 c16d993a
0 1d 11 1 09 5ee9ddeb 3691a587 31786795
0 0f 1b 0 12 e115594b 62a385a9 78e63b85
0 0b 03 0 05 250052b7 546c3d1d 55555555
0 18 00 1 18 66db5d42 20035360 00000000
0 08 17 0 1e 7e447efa 6c86aac0 0b090c32
0 0f 15 0 0e 1f482a95 62a385a9 cafebabe
0 1e 17 1 07 7fffffff d1c94b98 0b090c32
0 14 0b 1 1e 87159d1a 15248291 546c3d1d
0 1e 1e 0 00 00000000 87159d1a 87159d1a
# --- read-back sweep ---
# i_rst i_rs1_raddr i_rs2_raddr i_rd_wen i_rd_waddr i_rd_wdata | o_rs1_rdata
#     o_rs2_rdata
0 00 1f 0 00 00000000 00000000 29c34e40
0 01 1e 0 00 00000000 c646ad5f 87159d1a
0 02 1d 0 00 00000000 c781fd7d 3691a587
0 03 1c 0 00 00000000 55555555 98185949
0 04 1b 0 00 00000000 55555555 78e63b85
0 05 1a 0 00 00000000 3cd447d2 2edac5b8
0 06 19 0 00 00000000 c2e9f274 cafebabe
0 07 18 0 00 00000000 7fffffff 66db5d42
0 08 17 0 00 00000000 6c86aac0 0b090c32
0 09 16 0 00 00000000 5ee9ddeb cca87680
0 0a 15 0 00 00000000 2019907c cafebabe
0 0b 14 0 00 00000000 546c3d1d 15248291
0 0c 13 0 00 00000000 ffffffff 7fffffff
0 0d 12 0 00 00000000 aaaaaaaa 55555555
0 0e 11 0 00 00000000 aaaaaaaa 31786795
0 0f 10 0 00 00000000 62a385a9 deadbeef
0 10 0f 0 00 00000000 deadbeef 62a385a9
0 11 0e 0 00 00000000 31786795 aaaaaaaa
0 12 0d 0 00 00000000 55555555 aaaaaaaa
0 13 0c 0 00 00000000 7fffffff ffffffff
0 14 0b 0 00 00000000 15248291 546c3d1d
0 15 0a 0 00 00000000 cafebabe 2019907c
0 16 09 0 00 00000000 cca87680 5ee9ddeb
0 17 08 0 00 00000000 0b090c32 6c86aac0
0 18 07 0 00 00000000 66db5d42 7fffffff
0 19 06 0 00 00000000 cafebabe c2e9f274
0 1a 05 0 00 00000000 2edac5b8 3cd447d2
0 1b 04 0 00 00000000 78e63b85 55555555
0 1c 03 0 00 00000000 98185949 55555555
0 1d 02 0 00 00000000 3691a587 c781fd7d
0 1e 01 0 00 00000000 87159d1a c646ad5f
0 1f 00 0 00 00000000 29c34e40 00000000
0 18 18 0 18 008d8f94 66db5d42 66db5d42
0 18 18 0 00 00000000 66db5d42 66db5d42
0 01 18 1 15 c2f52de9 c646ad5f 66db5d42
0 14 14 0 14 f510593d 15248291 15248291
0 14 14 0 00 00000000 15248291 15248291
0 0c 08 1 0c ba74a484 ffffffff 6c86aac0
0 12 04 1 04 46864528 55555555 55555555
0 11 13 0 01 5af308e0 31786795 7fffffff
0 1f 00 0 02 e89d11e3 29c34e40 00000000
0 02 0e 1 1b 1c83d26d c781fd7d aaaaaaaa
0 09 1e 1 15 597f2557 5ee9ddeb 87159d1a
0 00 00 1 1a 80000000 00000000 00000000
# --- read-back sweep ---
# i_rst i_rs1_raddr i_rs2_raddr i_rd_wen i_rd_waddr i_rd_wdata | o_rs1_rdata
#     o_rs2_rdata
0 00 1f 0 00 00000000 00000000 29c34e40
0 01 1e 0 00 00000000 c646ad5f 87159d1a
0 02 1d 0 00 00000000 c781fd7d 3691a587
0 03 1c 0 00 00000000 55555555 98185949
0 04 1b 0 00 00000000 46864528 1c83d26d
0 05 1a 0 00 00000000 3cd447d2 80000000
0 06 19 0 00 00000000 c2e9f274 cafebabe
0 07 18 0 00 00000000 7fffffff 66db5d42
0 08 17 0 00 00000000 6c86aac0 0b090c32
0 09 16 0 00 00000000 5ee9ddeb cca87680
0 0a 15 0 00 00000000 2019907c 597f2557
0 0b 14 0 00 00000000 546c3d1d 15248291
0 0c 13 0 00 00000000 ba74a484 7fffffff
0 0d 12 0 00 00000000 aaaaaaaa 55555555
0 0e 11 0 00 00000000 aaaaaaaa 31786795
0 0f 10 0 00 00000000 62a385a9 deadbeef
0 10 0f 0 00 00000000 deadbeef 62a385a9
0 11 0e 0 00 00000000 31786795 aaaaaaaa
0 12 0d 0 00 00000000 55555555 aaaaaaaa
0 13 0c 0 00 00000000 7fffffff ba74a484
0 14 0b 0 00 00000000 15248291 546c3d1d
0 15 0a 0 00 00000000 597f2557 2019907c
0 16 09 0 00 00000000 cca87680 5ee9ddeb
0 17 08 0 00 00000000 0b090c32 6c86aac0
0 18 07 0 00 00000000 66db5d42 7fffffff
0 19 06 0 00 00000000 cafebabe c2e9f274
0 1a 05 0 00 00000000 80000000 3cd447d2
0 1b 04 0 00 00000000 1c83d26d 46864528
0 1c 03 0 00 00000000 98185949 55555555
0 1d 02 0 00 00000000 3691a587 c781fd7d
0 1e 01 0 00 00000000 87159d1a c646ad5f
0 1f 00 0 00 00000000 29c34e40 00000000
0 1b 04 0 00 00000001 1c83d26d 46864528
0 14 12 0 12 f951d12f 15248291 55555555
0 0c 0e 1 0d 9c3ddfc6 ba74a484 aaaaaaaa
0 00 00 1 00 55555555 00000000 00000000
0 07 07 1 07 4e271152 7fffffff 7fffffff
0 00 0b 1 1d 25dd0caf 00000000 546c3d1d
0 06 09 1 15 d9b7ccfe c2e9f274 5ee9ddeb
0 12 0b 0 15 7fffffff 55555555 546c3d1d
0 1b 1e 1 05 1ecce035 1c83d26d 87159d1a
0 00 1d 0 12 828cd89a 00000000 25dd0caf
0 1d 0c 1 06 658a2745 25dd0caf ba74a484
0 09 03 1 1c cafebabe 5ee9ddeb 55555555
0 1a 00 1 0d 0cb5585a 80000000 00000000
0 1e 1e 1 04 7d54ec15 87159d1a 87159d1a
0 0b 01 1 10 1ca0982d 546c3d1d c646ad5f
0 10 10 0 00 00000000 1ca0982d 1ca0982d
0 07 00 1 00 78ee21e8 4e271152 00000000
0 00 00 1 05 cafebabe 00000000 00000000
0 00 17 0 00 cafebabe 00000000 0b090c32
0 1f 1b 0 00 0000ffff 29c34e40 1c83d26d
0 00 19 1 18 df4d3cd6 00000000 cafebabe
0 1c 10 1 1a 48825f9c cafebabe 1ca0982d
0 05 05 1 05 e2da2587 cafebabe cafebabe
0 12 12 0 12 bf7ca024 55555555 55555555
0 12 12 0 00 00000000 55555555 55555555
0 0b 0b 0 0b d34db24c 546c3d1d 546c3d1d
0 0b 0b 0 00 00000000 546c3d1d 546c3d1d
0 16 01 1 00 00000000 cca87680 c646ad5f
0 04 04 1 04 0000ffff 7d54ec15 7d54ec15
0 07 06 1 0c cafebabe 4e271152 658a2745
0 00 0a 1 1f 1629b1bc 00000000 2019907c
0 1f 1f 0 00 00000000 1629b1bc 1629b1bc
0 1f 19 1 1e 16b093aa 1629b1bc cafebabe
0 16 19 1 1b cafebabe cca87680 cafebabe
0 16 16 0 17 00000000 cca87680 cca87680
0 00 0c 1 04 fc8ce117 00000000 cafebabe
0 00 0d 0 0a 00000001 00000000 0cb5585a
0 1f 1f 1 1f 713e6431 1629b1bc 1629b1bc
0 05 1a 0 00 aa4143af e2da2587 48825f9c
0 1e 00 1 1e deadbeef 16b093aa 00000000
0 13 11 1 13 ffffffff 7fffffff 31786795
0 1d 1f 0 12 55555555 25dd0caf 713e6431
0 17 17 1 17 75fc57e0 0b090c32 0b090c32
# --- read-back sweep ---
# i_rst i_rs1_raddr i_rs2_raddr i_rd_wen i_rd_waddr i_rd_wdata | o_rs1_rdata
#     o_rs2_rdata
0 00 1f 0 00 00000000 00000000 713e6431
0 01 1e 0 00 00000000 c646ad5f deadbeef
0 02 1d 0 00 00000000 c781fd7d 25dd0caf
0 03 1c 0 00 00000000 55555555 cafebabe
0 04 1b 0 00 00000000 fc8ce117 cafebabe
0 05 1a 0 00 00000000 e2da2587 48825f9c
0 06 19 0 00 00000000 658a2745 cafebabe
0 07 18 0 00 00000000 4e271152 df4d3cd6
0 08 17 0 00 00000000 6c86aac0 75fc57e0
0 09 16 0 00 00000000 5ee9ddeb cca87680
0 0a 15 0 00 00000000 2019907c d9b7ccfe
0 0b 14 0 00 00000000 546c3d1d 15248291
0 0c 13 0 00 00000000 cafebabe ffffffff
0 0d 12 0 00 00000000 0cb5585a 55555555
0 0e 11 0 00 00000000 aaaaaaaa 31786795
0 0f 10 0 00 00000000 62a385a9 1ca0982d
0 10 0f 0 00 00000000 1ca0982d 62a385a9
0 11 0e 0 00 00000000 31786795 aaaaaaaa
0 12 0d 0 00 00000000 55555555 0cb5585a
0 13 0c 0 00 00000000 ffffffff cafebabe
0 14 0b 0 00 00000000 15248291 546c3d1d
0 15 0a 0 00 00000000 d9b7ccfe 2019907c
0 16 09 0 00 00000000 cca87680 5ee9ddeb
0 17 08 0 00 00000000 75fc57e0 6c86aac0
0 18 07 0 00 00000000 df4d3cd6 4e271152
0 19 06 0 00 00000000 cafebabe 658a2745
0 1a 05 0 00 00000000 48825f9c e2da2587
0 1b 04 0 00 00000000 cafebabe fc8ce117
0 1c 03 0 00 00000000 cafebabe 55555555
0 1d 02 0 00 00000000 25dd0caf c781fd7d
0 1e 01 0 00 00000000 deadbeef c646ad5f
0 1f 00 0 00 00000000 713e6431 00000000
0 0e 0e 1 0e 00000000 aaaaaaaa aaaaaaaa
0 0c 00 1 1f 00000001 cafebabe 00000000
0 1c 1c 1 1c 1f31ee3e cafebabe cafebabe
0 02 00 1 18 55555555 c781fd7d 00000000
0 07 00 0 03 ecb60b05 4e271152 00000000
0 0d 18 0 18 3ef395de 0cb5585a 55555555
0 18 08 0 05 0f6f7de6 55555555 6c86aac0
0 0f 0b 1 09 8311e05d 62a385a9 546c3d1d
0 0d 0c 1 00 2dc30e00 0cb5585a cafebabe
0 13 18 0 0e deadbeef ffffffff 55555555
0 0f 10 1 0c 378f5d54 62a385a9 1ca0982d
0 05 1a 1 05 c9976c97 e2da2587 48825f9c
0 00 00 0 00 3acd33ff 00000000 00000000
0 0a 0a 1 0a da064850 2019907c 2019907c
# --- read-back sweep ---
# i_rst i_rs1_raddr i_rs2_raddr i_rd_wen i_rd_waddr i_rd_wdata | o_rs1_rdata
#     o_rs2_rdata
0 00 1f 0 00 00000000 00000000 00000001
0 01 1e 0 00 00000000 c646ad5f deadbeef
0 02 1d 0 00 00000000 c781fd7d 25dd0caf
0 03 1c 0 00 00000000 55555555 1f31ee3e
0 04 1b 0 00 00000000 fc8ce117 cafebabe
0 05 1a 0 00 00000000 c9976c97 48825f9c
0 06 19 0 00 00000000 658a2745 cafebabe
0 07 18 0 00 00000000 4e271152 55555555
0 08 17 0 00 00000000 6c86aac0 75fc57e0
0 09 16 0 00 00000000 8311e05d cca87680
0 0a 15 0 00 00000000 da064850 d9b7ccfe
0 0b 14 0 00 00000000 546c3d1d 15248291
0 0c 13 0 00 00000000 378f5d54 ffffffff
0 0d 12 0 00 00000000 0cb5585a 55555555
0 0e 11 0 00 00000000 00000000 31786795
0 0f 10 0 00 00000000 62a385a9 1ca0982d
0 10 0f 0 00 00000000 1ca0982d 62a385a9
0 11 0e 0 00 00000000 31786795 00000000
0 12 0d 0 00 00000000 55555555 0cb5585a
0 13 0c 0 00 00000000 ffffffff 378f5d54
0 14 0b 0 00 00000000 15248291 546c3d1d
0 15 0a 0 00 00000000 d9b7ccfe da064850
0 16 09 0 00 00000000 cca87680 8311e05d
0 17 08 0 00 00000000 75fc57e0 6c86aac0
0 18 07 0 00 00000000 55555555 4e271152
0 19 06 0 00 00000000 cafebabe 658a2745
0 1a 05 0 00 00000000 48825f9c c9976c97
0 1b 04 0 00 00000000 cafebabe fc8ce117
0 1c 03 0 00 00000000 1f31ee3e 55555555
0 1d 02 0 00 00000000 25dd0caf c781fd7d
0 1e 01 0 00 00000000 deadbeef c646ad5f
0 1f 00 0 00 00000000 00000001 00000000
0 09 1a 1 09 26ac66f8 8311e05d 48825f9c
0 17 1c 1 02 0000ffff 75fc57e0 1f31ee3e
0 07 01 1 04 deadbeef 4e271152 c646ad5f
0 14 00 1 1b f741d1d5 15248291 00000000
0 1b 1b 0 00 00000000 f741d1d5 f741d1d5
0 14 10 1 1d 39a46964 15248291 1ca0982d
0 00 08 0 06 be98aa19 00000000 6c86aac0
0 00 00 0 1f 5c12ad3e 00000000 00000000
0 13 00 1 02 c0d1dd0b ffffffff 00000000
0 09 07 1 09 9f286171 26ac66f8 4e271152
0 06 07 1 10 0f712e46 658a2745 4e271152
0 18 09 0 00 7f3aa4ac 55555555 9f286171
0 06 15 0 1d 7fffffff 658a2745 d9b7ccfe
0 1e 0a 0 13 70d52169 deadbeef da064850
0 0e 10 1 0e 00000001 00000000 0f712e46
0 14 14 0 14 620381c8 15248291 15248291
0 14 14 0 00 00000000 15248291 15248291
0 17 1c 0 0e 4c846870 75fc57e0 1f31ee3e
0 07 0d 1 05 00000000 4e271152 0cb5585a
0 0b 08 0 17 54e70812 546c3d1d 6c86aac0
0 07 17 1 0e 09286046 4e271152 75fc57e0
0 07 05 1 1f aaaaaaaa 4e271152 00000000
0 0c 1e 1 03 d0108d42 378f5d54 deadbeef
0 1d 0d 0 0c ee21f598 39a46964 0cb5585a
0 03 0a 1 09 4f34bed9 d0108d42 da064850
0 02 0b 0 19 ffffffff c0d1dd0b 546c3d1d
0 0e 12 0 0d 44625f6a 09286046 55555555
0 01 0a 1 16 ffffffff c646ad5f da064850
0 00 1f 1 18 80000000 00000000 aaaaaaaa
0 0e 0a 1 1b 45bfdcc0 09286046 da064850
0 18 00 1 0e 55555555 80000000 00000000
0 19 00 1 12 7f7ba2d3 cafebabe 00000000
0 05 05 0 05 1352c1e9 00000000 00000000
0 05 05 0 00 00000000 00000000 00000000
# --- read-back sweep ---
# i_rst i_rs1_raddr i_rs2_raddr i_rd_wen i_rd_waddr i_rd_wdata | o_rs1_rdata
#     o_rs2_rdata
0 00 1f 0 00 00000000 00000000 aaaaaaaa
0 01 1e 0 00 00000000 c646ad5f deadbeef
0 02 1d 0 00 00000000 c0d1dd0b 39a46964
0 03 1c 0 00 00000000 d0108d42 1f31ee3e
0 04 1b 0 00 00000000 deadbeef 45bfdcc0
0 05 1a 0 00 00000000 00000000 48825f9c
0 06 19 0 00 00000000 658a2745 cafebabe
0 07 18 0 00 00000000 4e271152 80000000
0 08 17 0 00 00000000 6c86aac0 75fc57e0
0 09 16 0 00 00000000 4f34bed9 ffffffff
0 0a 15 0 00 00000000 da064850 d9b7ccfe
0 0b 14 0 00 00000000 546c3d1d 15248291
0 0c 13 0 00 00000000 378f5d54 ffffffff
0 0d 12 0 00 00000000 0cb5585a 7f7ba2d3
0 0e 11 0 00 00000000 55555555 31786795
0 0f 10 0 00 00000000 62a385a9 0f712e46
0 10 0f 0 00 00000000 0f712e46 62a385a9
0 11 0e 0 00 00000000 31786795 55555555
0 12 0d 0 00 00000000 7f7ba2d3 0cb5585a
0 13 0c 0 00 00000000 ffffffff 378f5d54
0 14 0b 0 00 00000000 15248291 546c3d1d
0 15 0a 0 00 00000000 d9b7ccfe da064850
0 16 09 0 00 00000000 ffffffff 4f34bed9
0 17 08 0 00 00000000 75fc57e0 6c86aac0
0 18 07 0 00 00000000 80000000 4e271152
0 19 06 0 00 00000000 cafebabe 658a2745
0 1a 05 0 00 00000000 48825f9c 00000000
0 1b 04 0 00 00000000 45bfdcc0 deadbeef
0 1c 03 0 00 00000000 1f31ee3e d0108d42
0 1d 02 0 00 00000000 39a46964 c0d1dd0b
0 1e 01 0 00 00000000 deadbeef c646ad5f
0 1f 00 0 00 00000000 aaaaaaaa 00000000
0 1e 0b 1 01 c1474315 deadbeef 546c3d1d
0 04 00 0 18 9cc599c7 deadbeef 00000000
0 0f 0c 0 07 0f22de5e 62a385a9 378f5d54
0 12 11 1 04 cafebabe 7f7ba2d3 31786795
0 04 18 1 16 a603c188 cafebabe 80000000
0 14 08 1 0f 06feac0b 15248291 6c86aac0
0 0f 0f 0 00 00000000 06feac0b 06feac0b
0 10 00 1 03 80000000 0f712e46 00000000
0 03 15 1 03 880cad92 80000000 d9b7ccfe
0 16 0c 1 16 7fffffff a603c188 378f5d54
0 07 0f 1 0b 343206e7 4e271152 06feac0b
0 08 07 1 0f 0000ffff 6c86aac0 4e271152
0 01 19 0 00 3077c01f c1474315 cafebabe
0 1a 1f 1 0a a1c4b2e4 48825f9c aaaaaaaa
0 0e 01 1 0f 4350e97b 55555555 c1474315
0 15 03 1 06 268bc7d6 d9b7ccfe 880cad92
# --- read-back sweep ---
# i_rst i_rs1_raddr i_rs2_raddr i_rd_wen i_rd_waddr i_rd_wdata | o_rs1_rdata
#     o_rs2_rdata
0 00 1f 0 00 00000000 00000000 aaaaaaaa
0 01 1e 0 00 00000000 c1474315 deadbeef
0 02 1d 0 00 00000000 c0d1dd0b 39a46964
0 03 1c 0 00 00000000 880cad92 1f31ee3e
0 04 1b 0 00 00000000 cafebabe 45bfdcc0
0 05 1a 0 00 00000000 00000000 48825f9c
0 06 19 0 00 00000000 268bc7d6 cafebabe
0 07 18 0 00 00000000 4e271152 80000000
0 08 17 0 00 00000000 6c86aac0 75fc57e0
0 09 16 0 00 00000000 4f34bed9 7fffffff
0 0a 15 0 00 00000000 a1c4b2e4 d9b7ccfe
0 0b 14 0 00 00000000 343206e7 15248291
0 0c 13 0 00 00000000 378f5d54 ffffffff
0 0d 12 0 00 00000000 0cb5585a 7f7ba2d3
0 0e 11 0 00 00000000 55555555 31786795
0 0f 10 0 00 00000000 4350e97b 0f712e46
0 10 0f 0 00 00000000 0f712e46 4350e97b
0 11 0e 0 00 00000000 31786795 55555555
0 12 0d 0 00 00000000 7f7ba2d3 0cb5585a
0 13 0c 0 00 00000000 ffffffff 378f5d54
0 14 0b 0 00 00000000 15248291 343206e7
0 15 0a 0 00 00000000 d9b7ccfe a1c4b2e4
0 16 09 0 00 00000000 7fffffff 4f34bed9
0 17 08 0 00 00000000 75fc57e0 6c86aac0
0 18 07 0 00 00000000 80000000 4e271152
0 19 06 0 00 00000000 cafebabe 268bc7d6
0 1a 05 0 00 00000000 48825f9c 00000000
0 1b 04 0 00 00000000 45bfdcc0 cafebabe
0 1c 03 0 00 00000000 1f31ee3e 880cad92
0 1d 02 0 00 00000000 39a46964 c0d1dd0b
0 1e 01 0 00 00000000 deadbeef c1474315
0 1f 00 0 00 00000000 aaaaaaaa 00000000
0 05 05 1 05 c2e1f0ab 00000000 00000000
0 02 00 1 00 c3262d42 c0d1dd0b 00000000
0 00 00 1 0b 00448d5b 00000000 00000000
0 10 13 1 09 00000000 0f712e46 ffffffff
# --- final read-back: every register, both ports ---
# i_rst i_rs1_raddr i_rs2_raddr i_rd_wen i_rd_waddr i_rd_wdata | o_rs1_rdata
#     o_rs2_rdata
0 00 1f 0 00 00000000 00000000 aaaaaaaa
0 01 1e 0 00 00000000 c1474315 deadbeef
0 02 1d 0 00 00000000 c0d1dd0b 39a46964
0 03 1c 0 00 00000000 880cad92 1f31ee3e
0 04 1b 0 00 00000000 cafebabe 45bfdcc0
0 05 1a 0 00 00000000 c2e1f0ab 48825f9c
0 06 19 0 00 00000000 268bc7d6 cafebabe
0 07 18 0 00 00000000 4e271152 80000000
0 08 17 0 00 00000000 6c86aac0 75fc57e0
0 09 16 0 00 00000000 00000000 7fffffff
0 0a 15 0 00 00000000 a1c4b2e4 d9b7ccfe
0 0b 14 0 00 00000000 00448d5b 15248291
0 0c 13 0 00 00000000 378f5d54 ffffffff
0 0d 12 0 00 00000000 0cb5585a 7f7ba2d3
0 0e 11 0 00 00000000 55555555 31786795
0 0f 10 0 00 00000000 4350e97b 0f712e46
0 10 0f 0 00 00000000 0f712e46 4350e97b
0 11 0e 0 00 00000000 31786795 55555555
0 12 0d 0 00 00000000 7f7ba2d3 0cb5585a
0 13 0c 0 00 00000000 ffffffff 378f5d54
0 14 0b 0 00 00000000 15248291 00448d5b
0 15 0a 0 00 00000000 d9b7ccfe a1c4b2e4
0 16 09 0 00 00000000 7fffffff 00000000
0 17 08 0 00 00000000 75fc57e0 6c86aac0
0 18 07 0 00 00000000 80000000 4e271152
0 19 06 0 00 00000000 cafebabe 268bc7d6
0 1a 05 0 00 00000000 48825f9c c2e1f0ab
0 1b 04 0 00 00000000 45bfdcc0 cafebabe
0 1c 03 0 00 00000000 1f31ee3e 880cad92
0 1d 02 0 00 00000000 39a46964 c0d1dd0b
0 1e 01 0 00 00000000 deadbeef c1474315
0 1f 00 0 00 00000000 aaaaaaaa 00000000
